Kalendertag,KST,MESSRAUM,Kostenstelle,IST Sonstiges STD,IST Krank STD,IST Urlaub STD,IST Anwesend STD,IST-Stunden Gesamtergebnis  STD
2024-01-01,5236,MR3,MR 3 Messuhren,0.0000,7.7000,0.0000,,7.7000
2024-01-02,5240,AV,Arbeitsvorbereitung BS,0.0000,7.7000,25.4000,63.6400,96.7400
2024-01-02,5231,MR1,MR 1 Endmaße,0.0000,0.0000,21.4000,16.4000,37.8000
2024-01-02,5211,MR11,MR 11 KMG,0.0000,0.0000,7.7000,8.1300,15.8300
2024-01-02,5234,MR2,MR 2 Drehmomente,0.0000,0.0000,7.7000,38.1900,45.8900
2024-01-02,5236,MR3,MR 3 Messuhren,0.0000,7.7000,15.4000,19.3800,42.4800
2024-01-02,5233,MR4,MR 4 Lohnmessung,0.0000,0.0000,7.7000,8.0000,15.7000
2024-01-02,5239,MR5,MR 5 Bügelmessschrauben,0.0000,0.0000,15.4000,26.3900,41.7900
2024-01-02,5235,MR6,MR 6 Messschieber,0.0000,0.0000,15.4000,24.1300,39.5300
2024-01-02,5232,MR7,MR 7 Lehren,0.0000,0.0000,38.5000,36.3800,74.8800
2024-01-02,5238,MR8,MR 8 Temperatur,0.0000,0.0000,0.0000,8.0200,8.0200
2024-01-02,5237,MR9,MR 9 Elektro BS,0.0000,0.0000,15.4000,7.6800,23.0800
2024-01-02,5225,Packplatz,Packplatz,0.0000,0.0000,7.7000,29.8000,37.5000
2024-01-02,5230,Springer,PRÜFER BS,0.0000,0.0000,7.7000,,7.7000
2024-01-02,5900,Qualifizierung,Qualifizierung,0.0000,0.0000,0.0000,4.6800,4.6800
2024-01-02,5223,WA,WA BS,0.0000,7.7000,0.0000,15.8500,23.5500
2024-01-02,5222,WE,WE BS,0.0000,7.7000,15.4000,47.9900,71.0900
2024-01-02,5220,WE/WA,WE/WA BS,0.0000,0.0000,0.0000,8.2500,8.2500
2024-01-03,5240,AV,Arbeitsvorbereitung BS,0.0000,7.7000,7.7000,77.8900,93.2900
2024-01-03,5231,MR1,MR 1 Endmaße,0.0000,0.0000,21.4000,16.3400,37.7400
2024-01-03,5211,MR11,MR 11 KMG,0.0000,0.0000,0.0000,16.5200,16.5200
2024-01-03,5234,MR2,MR 2 Drehmomente,0.0000,0.0000,7.7000,38.7300,46.4300
2024-01-03,5236,MR3,MR 3 Messuhren,0.0000,7.7000,7.7000,25.1000,40.5000
2024-01-03,5233,MR4,MR 4 Lohnmessung,0.0000,0.0000,7.7000,7.9300,15.6300
2024-01-03,5239,MR5,MR 5 Bügelmessschrauben,0.0000,0.0000,7.7000,38.7100,46.4100
2024-01-03,5235,MR6,MR 6 Messschieber,0.0000,0.0000,7.7000,35.1800,42.8800
2024-01-03,5232,MR7,MR 7 Lehren,0.0000,0.0000,30.8000,44.9300,75.7300
2024-01-03,5238,MR8,MR 8 Temperatur,0.0000,0.0000,0.0000,14.1300,14.1300
2024-01-03,5237,MR9,MR 9 Elektro BS,0.0000,0.0000,7.7000,15.7500,23.4500
2024-01-03,5225,Packplatz,Packplatz,0.0000,0.0000,7.7000,28.0100,35.7100
2024-01-03,5230,Springer,PRÜFER BS,0.0000,0.0000,7.7000,,7.7000
2024-01-03,5900,Qualifizierung,Qualifizierung,0.0000,0.0000,0.0000,7.6500,7.6500
2024-01-03,5223,WA,WA BS,0.0000,7.7000,0.0000,15.9000,23.6000
2024-01-03,5222,WE,WE BS,0.0000,7.7000,7.7000,57.2300,72.6300
2024-01-03,5220,WE/WA,WE/WA BS,0.0000,0.0000,0.0000,8.5300,8.5300
2024-01-04,5240,AV,Arbeitsvorbereitung BS,0.0000,7.7000,0.0000,77.5900,85.2900
2024-01-04,5231,MR1,MR 1 Endmaße,0.0000,0.0000,13.7000,23.9700,37.6700
2024-01-04,5211,MR11,MR 11 KMG,0.0000,0.0000,0.0000,15.7200,15.7200
2024-01-04,5234,MR2,MR 2 Drehmomente,0.0000,0.0000,7.7000,35.4800,43.1800
2024-01-04,5236,MR3,MR 3 Messuhren,0.0000,7.7000,15.4000,20.8600,43.9600
2024-01-04,5233,MR4,MR 4 Lohnmessung,0.0000,0.0000,7.7000,10.9200,18.6200
2024-01-04,5239,MR5,MR 5 Bügelmessschrauben,0.0000,0.0000,7.7000,37.8300,45.5300
2024-01-04,5235,MR6,MR 6 Messschieber,0.0000,0.0000,0.0000,44.4800,44.4800
2024-01-04,5232,MR7,MR 7 Lehren,0.0000,0.0000,15.4000,55.5400,70.9400
2024-01-04,5238,MR8,MR 8 Temperatur,0.0000,0.0000,0.0000,14.5200,14.5200
2024-01-04,5237,MR9,MR 9 Elektro BS,0.0000,0.0000,7.7000,8.4000,16.1000
2024-01-04,5225,Packplatz,Packplatz,0.0000,0.0000,7.7000,23.8000,31.5000
2024-01-04,5230,Springer,PRÜFER BS,0.0000,0.0000,7.7000,,7.7000
2024-01-04,5900,Qualifizierung,Qualifizierung,0.0000,0.0000,0.0000,7.5600,7.5600
2024-01-04,5223,WA,WA BS,0.0000,7.7000,0.0000,16.2300,23.9300
2024-01-04,5222,WE,WE BS,0.0000,7.7000,0.0000,63.3900,71.0900
2024-01-04,5220,WE/WA,WE/WA BS,0.0000,0.0000,0.0000,8.0000,8.0000
2024-01-05,5240,AV,Arbeitsvorbereitung BS,0.0000,15.4000,15.4000,55.9600,86.7600
2024-01-05,5231,MR1,MR 1 Endmaße,0.0000,0.0000,13.7000,23.3100,37.0100
2024-01-05,5211,MR11,MR 11 KMG,0.0000,0.0000,0.0000,8.0500,8.0500
2024-01-05,5234,MR2,MR 2 Drehmomente,0.0000,0.0000,15.4000,23.0700,38.4700
2024-01-05,5236,MR3,MR 3 Messuhren,0.0000,7.7000,7.7000,23.5200,38.9200
2024-01-05,5233,MR4,MR 4 Lohnmessung,0.0000,0.0000,7.7000,7.4800,15.1800
2024-01-05,5239,MR5,MR 5 Bügelmessschrauben,0.0000,0.0000,7.7000,42.5300,50.2300
2024-01-05,5235,MR6,MR 6 Messschieber,0.0000,0.0000,0.0000,37.1500,37.1500
2024-01-05,5232,MR7,MR 7 Lehren,0.0000,0.0000,15.4000,53.0500,68.4500
2024-01-05,5238,MR8,MR 8 Temperatur,0.0000,0.0000,0.0000,5.9500,5.9500
2024-01-05,5237,MR9,MR 9 Elektro BS,0.0000,0.0000,7.7000,16.4500,24.1500
2024-01-05,5225,Packplatz,Packplatz,0.0000,0.0000,7.7000,18.9600,26.6600
2024-01-05,5230,Springer,PRÜFER BS,7.7000,0.0000,0.0000,,7.7000
2024-01-05,5900,Qualifizierung,Qualifizierung,0.0000,0.0000,0.0000,7.5700,7.5700
2024-01-05,5223,WA,WA BS,0.0000,7.7000,0.0000,8.8700,16.5700
2024-01-05,5222,WE,WE BS,0.0000,15.4000,0.0000,54.7600,70.1600
2024-01-05,5220,WE/WA,WE/WA BS,0.0000,0.0000,0.0000,7.3300,7.3300
2024-01-08,5240,AV,Arbeitsvorbereitung BS,0.0000,15.4000,7.7000,74.5800,97.6800
2024-01-08,5231,MR1,MR 1 Endmaße,0.0000,0.0000,0.0000,29.2900,29.2900
2024-01-08,5211,MR11,MR 11 KMG,0.0000,0.0000,0.0000,15.6000,15.6000
2024-01-08,5234,MR2,MR 2 Drehmomente,9.7500,0.0000,0.0000,32.9000,42.6500
2024-01-08,5236,MR3,MR 3 Messuhren,0.0000,23.1000,0.0000,25.7700,48.8700
2024-01-08,5233,MR4,MR 4 Lohnmessung,0.0000,0.0000,0.0000,19.3700,19.3700
2024-01-08,5239,MR5,MR 5 Bügelmessschrauben,0.0000,0.0000,0.0000,38.8700,38.8700
2024-01-08,5235,MR6,MR 6 Messschieber,0.0000,7.7000,0.0000,35.5500,43.2500
2024-01-08,5232,MR7,MR 7 Lehren,0.0000,0.0000,12.7000,63.3100,76.0100
2024-01-08,5238,MR8,MR 8 Temperatur,0.0000,0.0000,0.0000,12.5700,12.5700
2024-01-08,5237,MR9,MR 9 Elektro BS,0.0000,0.0000,0.0000,23.5400,23.5400
2024-01-08,5225,Packplatz,Packplatz,0.0000,0.0000,0.0000,37.3000,37.3000
2024-01-08,5223,WA,WA BS,0.0000,7.7000,0.0000,16.6600,24.3600
2024-01-08,5222,WE,WE BS,0.0000,0.0000,0.0000,69.7900,69.7900
2024-01-08,5220,WE/WA,WE/WA BS,0.0000,0.0000,0.0000,8.4000,8.4000
2024-01-09,5240,AV,Arbeitsvorbereitung BS,0.0000,7.7000,0.0000,93.9100,101.6100
2024-01-09,5231,MR1,MR 1 Endmaße,0.0000,0.0000,0.0000,35.3200,35.3200
2024-01-09,5211,MR11,MR 11 KMG,0.0000,0.0000,0.0000,15.5000,15.5000
2024-01-09,5234,MR2,MR 2 Drehmomente,9.5000,7.7000,0.0000,38.0800,55.2800
2024-01-09,5236,MR3,MR 3 Messuhren,0.0000,15.4000,0.0000,19.4400,34.8400
2024-01-09,5233,MR4,MR 4 Lohnmessung,0.0000,0.0000,0.0000,16.3200,16.3200
2024-01-09,5239,MR5,MR 5 Bügelmessschrauben,0.0000,0.0000,0.0000,42.3400,42.3400
2024-01-09,5235,MR6,MR 6 Messschieber,0.0000,0.0000,0.0000,37.4900,37.4900
2024-01-09,5232,MR7,MR 7 Lehren,0.0000,7.7000,3.8500,60.2500,71.8000
2024-01-09,5238,MR8,MR 8 Temperatur,0.0000,0.0000,0.0000,9.8500,9.8500
2024-01-09,5237,MR9,MR 9 Elektro BS,0.0000,0.0000,0.0000,20.4600,20.4600
2024-01-09,5225,Packplatz,Packplatz,0.0000,0.0000,0.0000,28.7100,28.7100
2024-01-09,5230,Springer,PRÜFER BS,0.0000,7.7000,0.0000,,7.7000
2024-01-09,5900,Qualifizierung,Qualifizierung,0.0000,0.0000,0.0000,3.6200,3.6200
2024-01-09,5223,WA,WA BS,0.0000,7.7000,0.0000,16.3900,24.0900
2024-01-09,5222,WE,WE BS,0.0000,0.0000,0.0000,68.6500,68.6500
2024-01-09,5220,WE/WA,WE/WA BS,0.0000,0.0000,0.0000,8.2300,8.2300
2024-01-10,5240,AV,Arbeitsvorbereitung BS,0.0000,15.4000,0.0000,78.6200,94.0200
2024-01-10,5231,MR1,MR 1 Endmaße,0.0000,0.0000,0.0000,36.4400,36.4400
2024-01-10,5211,MR11,MR 11 KMG,0.0000,0.0000,0.0000,15.5000,15.5000
2024-01-10,5234,MR2,MR 2 Drehmomente,7.7500,7.7000,0.0000,21.4900,36.9400
2024-01-10,5236,MR3,MR 3 Messuhren,0.0000,23.1000,0.0000,24.4200,47.5200
2024-01-10,5233,MR4,MR 4 Lohnmessung,0.0000,0.0000,0.0000,16.3400,16.3400
2024-01-10,5239,MR5,MR 5 Bügelmessschrauben,0.0000,0.0000,0.0000,46.9800,46.9800
2024-01-10,5235,MR6,MR 6 Messschieber,0.0000,0.0000,0.0000,36.4100,36.4100
2024-01-10,5232,MR7,MR 7 Lehren,0.0000,15.4000,0.0000,59.8200,75.2200
2024-01-10,5238,MR8,MR 8 Temperatur,0.0000,0.0000,0.0000,6.8200,6.8200
2024-01-10,5237,MR9,MR 9 Elektro BS,0.0000,0.0000,0.0000,23.2800,23.2800
2024-01-10,5225,Packplatz,Packplatz,0.0000,0.0000,0.0000,34.5400,34.5400
2024-01-10,5230,Springer,PRÜFER BS,0.0000,7.7000,0.0000,,7.7000
2024-01-10,5223,WA,WA BS,0.0000,7.7000,0.0000,16.7700,24.4700
2024-01-10,5222,WE,WE BS,0.0000,7.7000,0.0000,63.7400,71.4400
2024-01-10,5220,WE/WA,WE/WA BS,0.0000,0.0000,0.0000,9.1300,9.1300
2024-01-11,5240,AV,Arbeitsvorbereitung BS,0.0000,0.0000,0.0000,97.6700,97.6700
2024-01-11,5231,MR1,MR 1 Endmaße,0.0000,0.0000,0.0000,37.2600,37.2600
2024-01-11,5211,MR11,MR 11 KMG,0.0000,0.0000,0.0000,15.7200,15.7200
2024-01-11,5234,MR2,MR 2 Drehmomente,0.0000,7.7000,0.0000,33.3700,41.0700
2024-01-11,5236,MR3,MR 3 Messuhren,0.0000,7.7000,0.0000,38.1200,45.8200
2024-01-11,5233,MR4,MR 4 Lohnmessung,0.0000,0.0000,0.0000,20.7300,20.7300
2024-01-11,5239,MR5,MR 5 Bügelmessschrauben,0.0000,0.0000,0.0000,47.6200,47.6200
2024-01-11,5235,MR6,MR 6 Messschieber,0.0000,0.0000,0.0000,26.3300,26.3300
2024-01-11,5232,MR7,MR 7 Lehren,0.0000,30.8000,0.0000,43.6500,74.4500
2024-01-11,5238,MR8,MR 8 Temperatur,0.0000,0.0000,0.0000,11.0500,11.0500
2024-01-11,5237,MR9,MR 9 Elektro BS,0.0000,0.0000,0.0000,19.4200,19.4200
2024-01-11,5225,Packplatz,Packplatz,0.0000,0.0000,0.0000,31.0600,31.0600
2024-01-11,5230,Springer,PRÜFER BS,0.0000,7.7000,0.0000,,7.7000
2024-01-11,5900,Qualifizierung,Qualifizierung,0.0000,0.0000,0.0000,7.5500,7.5500
2024-01-11,5223,WA,WA BS,0.0000,7.7000,0.0000,17.4700,25.1700
2024-01-11,5222,WE,WE BS,7.7000,7.7000,0.0000,55.3300,70.7300
2024-01-11,5220,WE/WA,WE/WA BS,0.0000,0.0000,0.0000,8.5300,8.5300
2024-01-12,5240,AV,Arbeitsvorbereitung BS,0.0000,0.0000,7.7000,76.3300,84.0300
2024-01-12,5231,MR1,MR 1 Endmaße,0.0000,0.0000,0.0000,29.6200,29.6200
2024-01-12,5211,MR11,MR 11 KMG,0.0000,0.0000,0.0000,13.3400,13.3400
2024-01-12,5234,MR2,MR 2 Drehmomente,0.0000,7.7000,0.0000,19.9400,27.6400
2024-01-12,5236,MR3,MR 3 Messuhren,0.0000,7.7000,0.0000,32.4600,40.1600
2024-01-12,5233,MR4,MR 4 Lohnmessung,0.0000,0.0000,0.0000,21.8200,21.8200
2024-01-12,5239,MR5,MR 5 Bügelmessschrauben,0.0000,0.0000,0.0000,39.4100,39.4100
2024-01-12,5235,MR6,MR 6 Messschieber,0.0000,0.0000,0.0000,32.5100,32.5100
2024-01-12,5232,MR7,MR 7 Lehren,0.0000,30.8000,0.0000,35.8500,66.6500
2024-01-12,5238,MR8,MR 8 Temperatur,0.0000,0.0000,0.0000,15.2200,15.2200
2024-01-12,5237,MR9,MR 9 Elektro BS,0.0000,0.0000,0.0000,19.5100,19.5100
2024-01-12,5225,Packplatz,Packplatz,0.0000,0.0000,7.7000,23.5400,31.2400
2024-01-12,5230,Springer,PRÜFER BS,0.0000,7.7000,0.0000,,7.7000
2024-01-12,5223,WA,WA BS,0.0000,7.7000,0.0000,8.0500,15.7500
2024-01-12,5222,WE,WE BS,7.7000,7.7000,0.0000,50.6300,66.0300
2024-01-12,5220,WE/WA,WE/WA BS,0.0000,0.0000,0.0000,14.3200,14.3200
2024-01-15,5240,AV,Arbeitsvorbereitung BS,0.0000,15.4000,7.7000,74.3400,97.4400
2024-01-15,5231,MR1,MR 1 Endmaße,0.0000,0.0000,0.0000,30.9700,30.9700
2024-01-15,5211,MR11,MR 11 KMG,0.0000,0.0000,7.7000,10.6000,18.3000
2024-01-15,5234,MR2,MR 2 Drehmomente,0.0000,7.7000,0.0000,36.6700,44.3700
2024-01-15,5236,MR3,MR 3 Messuhren,0.0000,0.0000,0.0000,45.5100,45.5100
2024-01-15,5233,MR4,MR 4 Lohnmessung,0.0000,0.0000,0.0000,17.6700,17.6700
2024-01-15,5239,MR5,MR 5 Bügelmessschrauben,0.0000,0.0000,0.0000,45.5900,45.5900
2024-01-15,5235,MR6,MR 6 Messschieber,0.0000,0.0000,0.0000,41.6100,41.6100
2024-01-15,5232,MR7,MR 7 Lehren,0.0000,15.4000,7.7000,52.4600,75.5600
2024-01-15,5238,MR8,MR 8 Temperatur,0.0000,0.0000,0.0000,7.8200,7.8200
2024-01-15,5237,MR9,MR 9 Elektro BS,0.0000,0.0000,0.0000,23.5400,23.5400
2024-01-15,5225,Packplatz,Packplatz,0.0000,0.0000,0.0000,38.2700,38.2700
2024-01-15,5230,Springer,PRÜFER BS,0.0000,7.7000,0.0000,,7.7000
2024-01-15,5223,WA,WA BS,0.0000,0.0000,0.0000,15.6800,15.6800
2024-01-15,5222,WE,WE BS,0.0000,0.0000,7.7000,63.8400,71.5400
2024-01-15,5220,WE/WA,WE/WA BS,0.0000,0.0000,0.0000,8.3700,8.3700
2024-01-16,5240,AV,Arbeitsvorbereitung BS,0.0000,7.7000,7.7000,81.7300,97.1300
2024-01-16,5231,MR1,MR 1 Endmaße,0.0000,6.0000,0.0000,32.4900,38.4900
2024-01-16,5211,MR11,MR 11 KMG,0.0000,0.0000,7.7000,15.2200,22.9200
2024-01-16,5234,MR2,MR 2 Drehmomente,0.0000,7.7000,0.0000,38.7800,46.4800
2024-01-16,5236,MR3,MR 3 Messuhren,0.0000,7.7000,0.0000,29.3500,37.0500
2024-01-16,5233,MR4,MR 4 Lohnmessung,0.0000,0.0000,0.0000,9.1500,9.1500
2024-01-16,5239,MR5,MR 5 Bügelmessschrauben,0.0000,8.0800,0.0000,39.6300,47.7100
2024-01-16,5235,MR6,MR 6 Messschieber,0.0000,0.0000,7.7000,35.4500,43.1500
2024-01-16,5232,MR7,MR 7 Lehren,0.0000,15.4000,7.7000,49.4900,72.5900
2024-01-16,5238,MR8,MR 8 Temperatur,0.0000,0.0000,0.0000,4.9300,4.9300
2024-01-16,5237,MR9,MR 9 Elektro BS,0.0000,0.0000,0.0000,23.6700,23.6700
2024-01-16,5225,Packplatz,Packplatz,0.0000,0.0000,0.0000,37.6100,37.6100
2024-01-16,5230,Springer,PRÜFER BS,0.0000,7.7000,0.0000,,7.7000
2024-01-16,5900,Qualifizierung,Qualifizierung,0.0000,0.0000,0.0000,9.2400,9.2400
2024-01-16,5223,WA,WA BS,0.0000,7.7000,0.0000,15.6400,23.3400
2024-01-16,5222,WE,WE BS,0.0000,0.0000,7.7000,63.4700,71.1700
2024-01-16,5220,WE/WA,WE/WA BS,0.0000,0.0000,0.0000,8.3500,8.3500
2024-01-17,5240,AV,Arbeitsvorbereitung BS,0.0000,15.4000,7.7000,68.7500,91.8500
2024-01-17,5231,MR1,MR 1 Endmaße,0.0000,0.0000,0.0000,29.8500,29.8500
2024-01-17,5211,MR11,MR 11 KMG,0.0000,0.0000,7.7000,17.0300,24.7300
2024-01-17,5234,MR2,MR 2 Drehmomente,0.0000,7.7000,0.0000,31.0100,38.7100
2024-01-17,5236,MR3,MR 3 Messuhren,0.0000,7.7000,0.0000,31.3500,39.0500
2024-01-17,5233,MR4,MR 4 Lohnmessung,0.0000,0.0000,0.0000,7.8100,7.8100
2024-01-17,5239,MR5,MR 5 Bügelmessschrauben,0.0000,7.7000,0.0000,45.2700,52.9700
2024-01-17,5235,MR6,MR 6 Messschieber,0.0000,0.0000,7.7000,29.0200,36.7200
2024-01-17,5232,MR7,MR 7 Lehren,0.0000,20.4000,7.7000,54.8300,82.9300
2024-01-17,5238,MR8,MR 8 Temperatur,0.0000,0.0000,0.0000,6.8000,6.8000
2024-01-17,5237,MR9,MR 9 Elektro BS,0.0000,0.0000,0.0000,23.3100,23.3100
2024-01-17,5225,Packplatz,Packplatz,0.0000,0.0000,0.0000,35.4400,35.4400
2024-01-17,5230,Springer,PRÜFER BS,0.0000,7.7000,0.0000,,7.7000
2024-01-17,5900,Qualifizierung,Qualifizierung,0.0000,0.0000,0.0000,5.9200,5.9200
2024-01-17,5223,WA,WA BS,0.0000,7.7000,0.0000,15.6900,23.3900
2024-01-17,5222,WE,WE BS,0.0000,0.0000,7.7000,64.4000,72.1000
2024-01-17,5220,WE/WA,WE/WA BS,0.0000,0.0000,0.0000,9.3700,9.3700
2024-01-18,5240,AV,Arbeitsvorbereitung BS,0.0000,0.0000,0.0000,96.0500,96.0500
2024-01-18,5231,MR1,MR 1 Endmaße,0.0000,0.0000,0.0000,30.8100,30.8100
2024-01-18,5211,MR11,MR 11 KMG,0.0000,0.0000,7.7000,16.5000,24.2000
2024-01-18,5234,MR2,MR 2 Drehmomente,0.0000,7.7000,0.0000,9.6400,17.3400
2024-01-18,5236,MR3,MR 3 Messuhren,0.0000,7.7000,0.0000,37.1500,44.8500
2024-01-18,5233,MR4,MR 4 Lohnmessung,0.0000,0.0000,0.0000,8.0500,8.0500
2024-01-18,5239,MR5,MR 5 Bügelmessschrauben,0.0000,7.7000,7.7000,34.3300,49.7300
2024-01-18,5235,MR6,MR 6 Messschieber,0.0000,0.0000,7.7000,25.9900,33.6900
2024-01-18,5232,MR7,MR 7 Lehren,0.0000,20.4000,0.0000,60.3300,80.7300
2024-01-18,5238,MR8,MR 8 Temperatur,0.0000,0.0000,0.0000,23.5500,23.5500
2024-01-18,5237,MR9,MR 9 Elektro BS,0.0000,0.0000,0.0000,15.7800,15.7800
2024-01-18,5225,Packplatz,Packplatz,0.0000,0.0000,0.0000,31.4400,31.4400
2024-01-18,5230,Springer,PRÜFER BS,0.0000,7.7000,0.0000,,7.7000
2024-01-18,5900,Qualifizierung,Qualifizierung,0.0000,0.0000,0.0000,10.2000,10.2000
2024-01-18,5223,WA,WA BS,0.0000,7.7000,0.0000,15.8000,23.5000
2024-01-18,5222,WE,WE BS,0.0000,0.0000,7.7000,63.6800,71.3800
2024-01-18,5220,WE/WA,WE/WA BS,0.0000,0.0000,0.0000,8.3500,8.3500
2024-01-19,5240,AV,Arbeitsvorbereitung BS,0.0000,0.0000,15.4000,80.9500,96.3500
2024-01-19,5231,MR1,MR 1 Endmaße,0.0000,0.0000,0.0000,31.1900,31.1900
2024-01-19,5211,MR11,MR 11 KMG,0.0000,0.0000,7.7000,13.8200,21.5200
2024-01-19,5234,MR2,MR 2 Drehmomente,0.0000,7.7000,0.0000,16.5400,24.2400
2024-01-19,5236,MR3,MR 3 Messuhren,0.0000,7.7000,0.0000,28.8600,36.5600
2024-01-19,5233,MR4,MR 4 Lohnmessung,0.0000,0.0000,0.0000,8.4800,8.4800
2024-01-19,5239,MR5,MR 5 Bügelmessschrauben,0.0000,7.7000,7.7000,24.5200,39.9200
2024-01-19,5235,MR6,MR 6 Messschieber,0.0000,0.0000,0.0000,33.6400,33.6400
2024-01-19,5232,MR7,MR 7 Lehren,0.0000,15.4000,0.0000,60.9800,76.3800
2024-01-19,5238,MR8,MR 8 Temperatur,0.0000,0.0000,0.0000,10.7200,10.7200
2024-01-19,5237,MR9,MR 9 Elektro BS,0.0000,0.0000,0.0000,24.0000,24.0000
2024-01-19,5225,Packplatz,Packplatz,0.0000,0.0000,0.0000,27.3700,27.3700
2024-01-19,5230,Springer,PRÜFER BS,0.0000,7.7000,0.0000,,7.7000
2024-01-19,5900,Qualifizierung,Qualifizierung,0.0000,0.0000,0.0000,8.0200,8.0200
2024-01-19,5223,WA,WA BS,0.0000,7.7000,0.0000,8.0800,15.7800
2024-01-19,5222,WE,WE BS,0.0000,7.7000,7.7000,55.2200,70.6200
2024-01-19,5220,WE/WA,WE/WA BS,0.0000,0.0000,0.0000,7.2800,7.2800
2024-01-22,5240,AV,Arbeitsvorbereitung BS,0.0000,7.7000,0.0000,89.8900,97.5900
2024-01-22,5231,MR1,MR 1 Endmaße,0.0000,0.0000,0.0000,29.2800,29.2800
2024-01-22,5211,MR11,MR 11 KMG,0.0000,0.0000,0.0000,15.7200,15.7200
2024-01-22,5234,MR2,MR 2 Drehmomente,0.0000,7.7000,0.0000,33.7400,41.4400
2024-01-22,5236,MR3,MR 3 Messuhren,0.0000,0.0000,0.0000,44.8700,44.8700
2024-01-22,5233,MR4,MR 4 Lohnmessung,0.0000,0.0000,0.0000,12.2100,12.2100
2024-01-22,5239,MR5,MR 5 Bügelmessschrauben,0.0000,0.0000,7.7000,37.1800,44.8800
2024-01-22,5235,MR6,MR 6 Messschieber,0.0000,0.0000,0.0000,36.1600,36.1600
2024-01-22,5232,MR7,MR 7 Lehren,0.0000,20.4000,7.7000,51.7500,79.8500
2024-01-22,5238,MR8,MR 8 Temperatur,0.0000,0.0000,0.0000,7.7500,7.7500
2024-01-22,5237,MR9,MR 9 Elektro BS,0.0000,0.0000,0.0000,23.2800,23.2800
2024-01-22,5225,Packplatz,Packplatz,0.0000,0.0000,0.0000,37.6500,37.6500
2024-01-22,5230,Springer,PRÜFER BS,0.0000,7.7000,0.0000,,7.7000
2024-01-22,5900,Qualifizierung,Qualifizierung,0.0000,0.0000,0.0000,12.6000,12.6000
2024-01-22,5223,WA,WA BS,0.0000,7.7000,0.0000,15.7800,23.4800
2024-01-22,5222,WE,WE BS,0.0000,7.7000,0.0000,54.3700,62.0700
2024-01-22,5220,WE/WA,WE/WA BS,0.0000,0.0000,0.0000,8.2200,8.2200
2024-01-23,5240,AV,Arbeitsvorbereitung BS,0.0000,15.4000,0.0000,82.9600,98.3600
2024-01-23,5231,MR1,MR 1 Endmaße,0.0000,7.7000,0.0000,21.6800,29.3800
2024-01-23,5211,MR11,MR 11 KMG,0.0000,0.0000,0.0000,15.8100,15.8100
2024-01-23,5234,MR2,MR 2 Drehmomente,0.0000,7.7000,0.0000,46.4100,54.1100
2024-01-23,5236,MR3,MR 3 Messuhren,0.0000,0.0000,0.0000,45.3300,45.3300
2024-01-23,5233,MR4,MR 4 Lohnmessung,0.0000,0.0000,0.0000,10.9500,10.9500
2024-01-23,5239,MR5,MR 5 Bügelmessschrauben,0.0000,0.0000,7.7000,37.5100,45.2100
2024-01-23,5235,MR6,MR 6 Messschieber,0.0000,0.0000,0.0000,32.8500,32.8500
2024-01-23,5232,MR7,MR 7 Lehren,0.0000,20.4000,0.0000,71.4900,91.8900
2024-01-23,5238,MR8,MR 8 Temperatur,0.0000,0.0000,0.0000,11.7700,11.7700
2024-01-23,5237,MR9,MR 9 Elektro BS,0.0000,0.0000,0.0000,20.3200,20.3200
2024-01-23,5225,Packplatz,Packplatz,0.0000,0.0000,0.0000,37.4100,37.4100
2024-01-23,5230,Springer,PRÜFER BS,0.0000,7.7000,0.0000,,7.7000
2024-01-23,5900,Qualifizierung,Qualifizierung,0.0000,0.0000,0.0000,7.8500,7.8500
2024-01-23,5223,WA,WA BS,0.0000,7.7000,0.0000,15.7300,23.4300
2024-01-23,5222,WE,WE BS,0.0000,7.7000,0.0000,55.1600,62.8600
2024-01-23,5220,WE/WA,WE/WA BS,0.0000,0.0000,0.0000,8.0200,8.0200
2024-01-24,5240,AV,Arbeitsvorbereitung BS,0.0000,7.7000,7.7000,79.5100,94.9100
2024-01-24,5231,MR1,MR 1 Endmaße,0.0000,7.7000,0.0000,20.4200,28.1200
2024-01-24,5211,MR11,MR 11 KMG,0.0000,0.0000,0.0000,8.4800,8.4800
2024-01-24,5234,MR2,MR 2 Drehmomente,0.0000,7.7000,0.0000,32.2600,39.9600
2024-01-24,5236,MR3,MR 3 Messuhren,0.0000,7.7000,0.0000,37.9300,45.6300
2024-01-24,5233,MR4,MR 4 Lohnmessung,0.0000,0.0000,0.0000,11.2200,11.2200
2024-01-24,5239,MR5,MR 5 Bügelmessschrauben,0.0000,0.0000,7.7000,31.0300,38.7300
2024-01-24,5235,MR6,MR 6 Messschieber,0.0000,0.0000,0.0000,33.8600,33.8600
2024-01-24,5232,MR7,MR 7 Lehren,0.0000,20.4000,0.0000,74.4700,94.8700
2024-01-24,5238,MR8,MR 8 Temperatur,0.0000,0.0000,0.0000,6.7700,6.7700
2024-01-24,5237,MR9,MR 9 Elektro BS,0.0000,0.0000,0.0000,22.9500,22.9500
2024-01-24,5225,Packplatz,Packplatz,0.0000,0.0000,0.0000,37.5700,37.5700
2024-01-24,5230,Springer,PRÜFER BS,0.0000,7.7000,0.0000,,7.7000
2024-01-24,5900,Qualifizierung,Qualifizierung,0.0000,0.0000,0.0000,10.6800,10.6800
2024-01-24,5223,WA,WA BS,0.0000,7.7000,0.0000,15.6600,23.3600
2024-01-24,5222,WE,WE BS,0.0000,0.0000,0.0000,71.2000,71.2000
2024-01-24,5220,WE/WA,WE/WA BS,0.0000,0.0000,0.0000,8.8500,8.8500
2024-01-25,5240,AV,Arbeitsvorbereitung BS,0.0000,7.7000,0.0000,90.8300,98.5300
2024-01-25,5231,MR1,MR 1 Endmaße,0.0000,7.7000,0.0000,17.1300,24.8300
2024-01-25,5211,MR11,MR 11 KMG,0.0000,0.0000,0.0000,10.3700,10.3700
2024-01-25,5234,MR2,MR 2 Drehmomente,0.0000,7.7000,0.0000,32.4500,40.1500
2024-01-25,5236,MR3,MR 3 Messuhren,0.0000,7.7000,0.0000,35.1800,42.8800
2024-01-25,5233,MR4,MR 4 Lohnmessung,0.0000,0.0000,0.0000,13.3500,13.3500
2024-01-25,5239,MR5,MR 5 Bügelmessschrauben,0.0000,0.0000,7.7000,31.0500,38.7500
2024-01-25,5235,MR6,MR 6 Messschieber,0.0000,7.7000,0.0000,25.5300,33.2300
2024-01-25,5232,MR7,MR 7 Lehren,0.0000,28.1000,0.0000,68.4000,96.5000
2024-01-25,5238,MR8,MR 8 Temperatur,0.0000,0.0000,0.0000,9.0000,9.0000
2024-01-25,5237,MR9,MR 9 Elektro BS,0.0000,0.0000,0.0000,23.3800,23.3800
2024-01-25,5225,Packplatz,Packplatz,0.0000,0.0000,0.0000,31.8000,31.8000
2024-01-25,5230,Springer,PRÜFER BS,0.0000,7.7000,0.0000,,7.7000
2024-01-25,5900,Qualifizierung,Qualifizierung,0.0000,0.0000,0.0000,8.0200,8.0200
2024-01-25,5223,WA,WA BS,0.0000,7.7000,0.0000,16.4200,24.1200
2024-01-25,5222,WE,WE BS,7.7000,0.0000,0.0000,62.1300,69.8300
2024-01-25,5220,WE/WA,WE/WA BS,0.0000,0.0000,0.0000,12.8700,12.8700
2024-01-26,5240,AV,Arbeitsvorbereitung BS,0.0000,7.7000,0.0000,73.7100,81.4100
2024-01-26,5231,MR1,MR 1 Endmaße,0.0000,0.0000,7.7000,21.2900,28.9900
2024-01-26,5211,MR11,MR 11 KMG,0.0000,0.0000,0.0000,22.4100,22.4100
2024-01-26,5234,MR2,MR 2 Drehmomente,0.0000,7.7000,0.0000,31.6900,39.3900
2024-01-26,5236,MR3,MR 3 Messuhren,0.0000,0.0000,0.0000,31.6200,31.6200
2024-01-26,5233,MR4,MR 4 Lohnmessung,0.0000,0.0000,0.0000,11.5300,11.5300
2024-01-26,5239,MR5,MR 5 Bügelmessschrauben,0.0000,0.0000,7.7000,30.2700,37.9700
2024-01-26,5235,MR6,MR 6 Messschieber,0.0000,7.7000,0.0000,18.6200,26.3200
2024-01-26,5232,MR7,MR 7 Lehren,7.7000,23.1000,0.0000,52.4900,83.2900
2024-01-26,5238,MR8,MR 8 Temperatur,0.0000,0.0000,0.0000,7.7800,7.7800
2024-01-26,5237,MR9,MR 9 Elektro BS,0.0000,0.0000,0.0000,24.1900,24.1900
2024-01-26,5225,Packplatz,Packplatz,0.0000,0.0000,0.0000,29.7300,29.7300
2024-01-26,5230,Springer,PRÜFER BS,0.0000,7.7000,0.0000,,7.7000
2024-01-26,5900,Qualifizierung,Qualifizierung,0.0000,0.0000,0.0000,5.3000,5.3000
2024-01-26,5223,WA,WA BS,0.0000,7.7000,0.0000,8.4700,16.1700
2024-01-26,5222,WE,WE BS,7.7000,0.0000,0.0000,61.6300,69.3300
2024-01-26,5220,WE/WA,WE/WA BS,0.0000,0.0000,0.0000,6.7800,6.7800
2024-01-27,5236,MR3,MR 3 Messuhren,0.0000,0.0000,0.0000,11.9700,11.9700
2024-01-27,5232,MR7,MR 7 Lehren,0.0000,0.0000,0.0000,5.0300,5.0300
2024-01-27,5225,Packplatz,Packplatz,0.0000,0.0000,0.0000,4.5300,4.5300
2024-01-29,5240,AV,Arbeitsvorbereitung BS,0.0000,7.7000,0.0000,88.7100,96.4100
2024-01-29,5231,MR1,MR 1 Endmaße,0.0000,0.0000,7.7000,14.7300,22.4300
2024-01-29,5211,MR11,MR 11 KMG,7.7000,0.0000,0.0000,16.4300,24.1300
2024-01-29,5234,MR2,MR 2 Drehmomente,0.0000,15.4000,0.0000,24.3500,39.7500
2024-01-29,5236,MR3,MR 3 Messuhren,0.0000,7.7000,0.0000,37.9900,45.6900
2024-01-29,5233,MR4,MR 4 Lohnmessung,0.0000,0.0000,0.0000,17.7800,17.7800
2024-01-29,5239,MR5,MR 5 Bügelmessschrauben,0.0000,0.0000,7.7000,38.9500,46.6500
2024-01-29,5235,MR6,MR 6 Messschieber,0.0000,0.0000,0.0000,32.2000,32.2000
2024-01-29,5232,MR7,MR 7 Lehren,0.0000,20.4000,0.0000,53.2100,73.6100
2024-01-29,5238,MR8,MR 8 Temperatur,0.0000,0.0000,0.0000,13.9000,13.9000
2024-01-29,5237,MR9,MR 9 Elektro BS,0.0000,0.0000,0.0000,15.7400,15.7400
2024-01-29,5225,Packplatz,Packplatz,0.0000,0.0000,0.0000,36.1200,36.1200
2024-01-29,5900,Qualifizierung,Qualifizierung,0.0000,0.0000,0.0000,10.3200,10.3200
2024-01-29,5223,WA,WA BS,0.0000,0.0000,0.0000,15.7400,15.7400
2024-01-29,5222,WE,WE BS,0.0000,0.0000,15.4000,57.0700,72.4700
2024-01-29,5220,WE/WA,WE/WA BS,0.0000,0.0000,0.0000,8.3000,8.3000
2024-01-30,5240,AV,Arbeitsvorbereitung BS,0.0000,7.7000,0.0000,88.4200,96.1200
2024-01-30,5231,MR1,MR 1 Endmaße,0.0000,7.7000,0.0000,22.5300,30.2300
2024-01-30,5211,MR11,MR 11 KMG,0.0000,0.0000,0.0000,16.4100,16.4100
2024-01-30,5234,MR2,MR 2 Drehmomente,0.0000,15.4000,0.0000,30.9200,46.3200
2024-01-30,5236,MR3,MR 3 Messuhren,0.0000,7.7000,0.0000,30.0100,37.7100
2024-01-30,5233,MR4,MR 4 Lohnmessung,0.0000,0.0000,0.0000,15.7500,15.7500
2024-01-30,5239,MR5,MR 5 Bügelmessschrauben,0.0000,0.0000,7.7000,31.7400,39.4400
2024-01-30,5235,MR6,MR 6 Messschieber,0.0000,0.0000,0.0000,36.5600,36.5600
2024-01-30,5232,MR7,MR 7 Lehren,0.0000,20.4000,0.0000,62.8800,83.2800
2024-01-30,5238,MR8,MR 8 Temperatur,0.0000,0.0000,0.0000,14.0700,14.0700
2024-01-30,5237,MR9,MR 9 Elektro BS,0.0000,0.0000,0.0000,23.4900,23.4900
2024-01-30,5225,Packplatz,Packplatz,0.0000,0.0000,0.0000,35.6200,35.6200
2024-01-30,5900,Qualifizierung,Qualifizierung,0.0000,0.0000,0.0000,8.4700,8.4700
2024-01-30,5223,WA,WA BS,0.0000,7.7000,0.0000,15.7500,23.4500
2024-01-30,5222,WE,WE BS,0.0000,0.0000,7.7000,65.1600,72.8600
2024-01-30,5220,WE/WA,WE/WA BS,0.0000,0.0000,0.0000,7.7000,7.7000
2024-01-31,5240,AV,Arbeitsvorbereitung BS,0.0000,7.7000,0.0000,76.2500,83.9500
2024-01-31,5231,MR1,MR 1 Endmaße,0.0000,7.7000,0.0000,22.4000,30.1000
2024-01-31,5211,MR11,MR 11 KMG,0.0000,7.7000,0.0000,8.5800,16.2800
2024-01-31,5234,MR2,MR 2 Drehmomente,0.0000,7.7000,0.0000,25.5300,33.2300
2024-01-31,5236,MR3,MR 3 Messuhren,0.0000,7.7000,0.0000,45.4700,53.1700
2024-01-31,5233,MR4,MR 4 Lohnmessung,0.0000,0.0000,0.0000,14.7500,14.7500
2024-01-31,5239,MR5,MR 5 Bügelmessschrauben,0.0000,0.0000,7.7000,31.4200,39.1200
2024-01-31,5235,MR6,MR 6 Messschieber,0.0000,0.0000,0.0000,27.7100,27.7100
2024-01-31,5232,MR7,MR 7 Lehren,0.0000,28.1000,0.0000,51.9200,80.0200
2024-01-31,5238,MR8,MR 8 Temperatur,0.0000,0.0000,0.0000,6.2800,6.2800
2024-01-31,5237,MR9,MR 9 Elektro BS,0.0000,0.0000,0.0000,23.0500,23.0500
2024-01-31,5225,Packplatz,Packplatz,0.0000,0.0000,0.0000,30.5300,30.5300
2024-01-31,5900,Qualifizierung,Qualifizierung,0.0000,0.0000,0.0000,8.1000,8.1000
2024-01-31,5223,WA,WA BS,0.0000,7.7000,0.0000,15.7400,23.4400
2024-01-31,5222,WE,WE BS,7.7000,0.0000,7.7000,57.6700,73.0700
2024-01-31,5220,WE/WA,WE/WA BS,0.0000,0.0000,0.0000,9.9200,9.9200
2024-02-01,5240,AV,Arbeitsvorbereitung BS,0.0000,7.7000,0.0000,85.9000,93.6000
2024-02-01,5231,MR1,MR 1 Endmaße,0.0000,7.7000,0.0000,22.4900,30.1900
2024-02-01,5211,MR11,MR 11 KMG,0.0000,7.7000,0.0000,12.4600,20.1600
2024-02-01,5234,MR2,MR 2 Drehmomente,0.0000,0.0000,0.0000,36.0200,36.0200
2024-02-01,5236,MR3,MR 3 Messuhren,0.0000,7.7000,9.3300,36.8100,53.8400
2024-02-01,5233,MR4,MR 4 Lohnmessung,0.0000,0.0000,0.0000,15.9000,15.9000
2024-02-01,5239,MR5,MR 5 Bügelmessschrauben,0.0000,0.0000,0.0000,39.7400,39.7400
2024-02-01,5235,MR6,MR 6 Messschieber,0.0000,0.0000,0.0000,24.8500,24.8500
2024-02-01,5232,MR7,MR 7 Lehren,0.0000,20.4000,0.0000,61.9400,82.3400
2024-02-01,5238,MR8,MR 8 Temperatur,0.0000,0.0000,0.0000,7.6300,7.6300
2024-02-01,5237,MR9,MR 9 Elektro BS,0.0000,0.0000,0.0000,23.6100,23.6100
2024-02-01,5225,Packplatz,Packplatz,0.0000,0.0000,0.0000,32.7600,32.7600
2024-02-01,5900,Qualifizierung,Qualifizierung,0.0000,0.0000,0.0000,5.8100,5.8100
2024-02-01,5223,WA,WA BS,0.0000,7.7000,0.0000,15.5200,23.2200
2024-02-01,5222,WE,WE BS,15.4000,0.0000,0.0000,56.7600,72.1600
2024-02-01,5220,WE/WA,WE/WA BS,0.0000,0.0000,0.0000,7.5500,7.5500
2024-02-02,5240,AV,Arbeitsvorbereitung BS,0.0000,15.4000,0.0000,67.1500,82.5500
2024-02-02,5231,MR1,MR 1 Endmaße,0.0000,7.7000,0.0000,22.2100,29.9100
2024-02-02,5211,MR11,MR 11 KMG,0.0000,7.7000,0.0000,4.9800,12.6800
2024-02-02,5234,MR2,MR 2 Drehmomente,0.0000,0.0000,0.0000,35.8500,35.8500
2024-02-02,5236,MR3,MR 3 Messuhren,0.0000,0.0000,7.7000,23.2400,30.9400
2024-02-02,5233,MR4,MR 4 Lohnmessung,0.0000,0.0000,0.0000,8.6900,8.6900
2024-02-02,5239,MR5,MR 5 Bügelmessschrauben,0.0000,0.0000,0.0000,31.3300,31.3300
2024-02-02,5235,MR6,MR 6 Messschieber,0.0000,0.0000,0.0000,20.5200,20.5200
2024-02-02,5232,MR7,MR 7 Lehren,0.0000,15.4000,0.0000,61.9000,77.3000
2024-02-02,5237,MR9,MR 9 Elektro BS,0.0000,0.0000,0.0000,22.7000,22.7000
2024-02-02,5225,Packplatz,Packplatz,0.0000,0.0000,0.0000,31.6500,31.6500
2024-02-02,5900,Qualifizierung,Qualifizierung,0.0000,0.0000,0.0000,25.4300,25.4300
2024-02-02,5223,WA,WA BS,0.0000,7.7000,0.0000,8.3000,16.0000
2024-02-02,5222,WE,WE BS,0.0000,0.0000,7.7000,62.4900,70.1900
2024-02-02,5220,WE/WA,WE/WA BS,0.0000,0.0000,0.0000,7.1200,7.1200
2024-02-05,5240,AV,Arbeitsvorbereitung BS,0.0000,11.7000,0.0000,86.9500,98.6500
2024-02-05,5231,MR1,MR 1 Endmaße,0.0000,7.7000,0.0000,19.5400,27.2400
2024-02-05,5211,MR11,MR 11 KMG,0.0000,7.7000,0.0000,7.9300,15.6300
2024-02-05,5234,MR2,MR 2 Drehmomente,0.0000,0.0000,0.0000,27.4800,27.4800
2024-02-05,5236,MR3,MR 3 Messuhren,0.0000,7.7000,7.8500,28.8900,44.4400
2024-02-05,5233,MR4,MR 4 Lohnmessung,0.0000,0.0000,0.0000,17.0800,17.0800
2024-02-05,5239,MR5,MR 5 Bügelmessschrauben,0.0000,0.0000,0.0000,31.5200,31.5200
2024-02-05,5235,MR6,MR 6 Messschieber,0.0000,0.0000,0.0000,40.5700,40.5700
2024-02-05,5232,MR7,MR 7 Lehren,0.0000,15.4000,0.0000,59.7800,75.1800
2024-02-05,5238,MR8,MR 8 Temperatur,7.7000,0.0000,0.0000,6.8000,14.5000
2024-02-05,5237,MR9,MR 9 Elektro BS,0.0000,0.0000,0.0000,16.7200,16.7200
2024-02-05,5225,Packplatz,Packplatz,0.0000,0.0000,0.0000,36.3000,36.3000
2024-02-05,5900,Qualifizierung,Qualifizierung,0.0000,0.0000,0.0000,2.7800,2.7800
2024-02-05,5223,WA,WA BS,0.0000,0.0000,0.0000,23.9800,23.9800
2024-02-05,5222,WE,WE BS,0.0000,0.0000,7.7000,61.9500,69.6500
2024-02-05,5220,WE/WA,WE/WA BS,0.0000,0.0000,0.0000,10.3000,10.3000
2024-02-06,5240,AV,Arbeitsvorbereitung BS,0.0000,11.7000,0.0000,86.9100,98.6100
2024-02-06,5231,MR1,MR 1 Endmaße,0.0000,0.0000,0.0000,37.1200,37.1200
2024-02-06,5211,MR11,MR 11 KMG,0.0000,7.7000,0.0000,7.8200,15.5200
2024-02-06,5234,MR2,MR 2 Drehmomente,0.0000,0.0000,0.0000,39.0200,39.0200
2024-02-06,5236,MR3,MR 3 Messuhren,0.0000,7.7000,0.0000,43.5000,51.2000
2024-02-06,5233,MR4,MR 4 Lohnmessung,0.0000,0.0000,0.0000,16.3600,16.3600
2024-02-06,5239,MR5,MR 5 Bügelmessschrauben,0.0000,0.0000,0.0000,39.1200,39.1200
2024-02-06,5235,MR6,MR 6 Messschieber,0.0000,7.7000,0.0000,25.5300,33.2300
2024-02-06,5232,MR7,MR 7 Lehren,0.0000,15.4000,0.0000,60.3700,75.7700
2024-02-06,5238,MR8,MR 8 Temperatur,7.7000,0.0000,0.0000,,7.7000
2024-02-06,5237,MR9,MR 9 Elektro BS,0.0000,0.0000,0.0000,23.8200,23.8200
2024-02-06,5225,Packplatz,Packplatz,0.0000,0.0000,0.0000,37.9000,37.9000
2024-02-06,5900,Qualifizierung,Qualifizierung,0.0000,0.0000,0.0000,3.1500,3.1500
2024-02-06,5223,WA,WA BS,0.0000,0.0000,0.0000,23.8300,23.8300
2024-02-06,5222,WE,WE BS,0.0000,7.7000,7.7000,54.6900,70.0900
2024-02-06,5220,WE/WA,WE/WA BS,0.0000,0.0000,0.0000,7.7000,7.7000
2024-02-07,5240,AV,Arbeitsvorbereitung BS,0.0000,7.7000,7.7000,81.2800,96.6800
2024-02-07,5231,MR1,MR 1 Endmaße,0.0000,0.0000,0.0000,35.1800,35.1800
2024-02-07,5211,MR11,MR 11 KMG,0.0000,7.7000,0.0000,6.3200,14.0200
2024-02-07,5234,MR2,MR 2 Drehmomente,0.0000,0.0000,0.0000,30.9400,30.9400
2024-02-07,5236,MR3,MR 3 Messuhren,0.0000,7.7000,0.0000,27.8800,35.5800
2024-02-07,5233,MR4,MR 4 Lohnmessung,0.0000,0.0000,0.0000,7.4000,7.4000
2024-02-07,5239,MR5,MR 5 Bügelmessschrauben,0.0000,0.0000,0.0000,28.3200,28.3200
2024-02-07,5235,MR6,MR 6 Messschieber,0.0000,7.7000,0.0000,26.9000,34.6000
2024-02-07,5232,MR7,MR 7 Lehren,0.0000,23.1000,0.0000,46.9500,70.0500
2024-02-07,5238,MR8,MR 8 Temperatur,0.0000,0.0000,0.0000,6.5200,6.5200
2024-02-07,5237,MR9,MR 9 Elektro BS,0.0000,0.0000,0.0000,17.9700,17.9700
2024-02-07,5225,Packplatz,Packplatz,0.0000,0.0000,0.0000,41.6200,41.6200
2024-02-07,5900,Qualifizierung,Qualifizierung,0.0000,0.0000,0.0000,85.9000,85.9000
2024-02-07,5223,WA,WA BS,0.0000,15.4000,0.0000,9.3000,24.7000
2024-02-07,5222,WE,WE BS,0.0000,23.1000,7.7000,42.8000,73.6000
2024-02-07,5220,WE/WA,WE/WA BS,0.0000,0.0000,0.0000,8.5000,8.5000
2024-02-08,5240,AV,Arbeitsvorbereitung BS,0.0000,11.7000,0.0000,85.3000,97.0000
2024-02-08,5231,MR1,MR 1 Endmaße,0.0000,0.0000,7.7000,23.7700,31.4700
2024-02-08,5211,MR11,MR 11 KMG,0.0000,0.0000,0.0000,18.9000,18.9000
2024-02-08,5234,MR2,MR 2 Drehmomente,0.0000,0.0000,0.0000,34.5400,34.5400
2024-02-08,5236,MR3,MR 3 Messuhren,0.0000,7.7000,0.0000,20.4400,28.1400
2024-02-08,5233,MR4,MR 4 Lohnmessung,0.0000,0.0000,0.0000,10.0700,10.0700
2024-02-08,5239,MR5,MR 5 Bügelmessschrauben,0.0000,0.0000,0.0000,44.7600,44.7600
2024-02-08,5235,MR6,MR 6 Messschieber,0.0000,7.7000,0.0000,30.1600,37.8600
2024-02-08,5232,MR7,MR 7 Lehren,0.0000,15.4000,0.0000,64.0000,79.4000
2024-02-08,5238,MR8,MR 8 Temperatur,0.0000,0.0000,0.0000,6.9000,6.9000
2024-02-08,5237,MR9,MR 9 Elektro BS,0.0000,0.0000,0.0000,23.5100,23.5100
2024-02-08,5225,Packplatz,Packplatz,0.0000,0.0000,0.0000,30.9600,30.9600
2024-02-08,5900,Qualifizierung,Qualifizierung,0.0000,0.0000,0.0000,12.8700,12.8700
2024-02-08,5223,WA,WA BS,0.0000,7.7000,0.0000,16.1200,23.8200
2024-02-08,5222,WE,WE BS,0.0000,23.1000,7.7000,39.1600,69.9600
2024-02-08,5220,WE/WA,WE/WA BS,0.0000,0.0000,0.0000,9.3200,9.3200
2024-02-09,5240,AV,Arbeitsvorbereitung BS,0.0000,11.7000,0.0000,72.9000,84.6000
2024-02-09,5231,MR1,MR 1 Endmaße,0.0000,0.0000,7.7000,22.8500,30.5500
2024-02-09,5211,MR11,MR 11 KMG,0.0000,0.0000,0.0000,19.6700,19.6700
2024-02-09,5234,MR2,MR 2 Drehmomente,0.0000,0.0000,0.0000,25.8300,25.8300
2024-02-09,5236,MR3,MR 3 Messuhren,0.0000,0.0000,0.0000,31.0200,31.0200
2024-02-09,5233,MR4,MR 4 Lohnmessung,0.0000,0.0000,0.0000,0.2500,0.2500
2024-02-09,5239,MR5,MR 5 Bügelmessschrauben,0.0000,0.0000,0.0000,38.8400,38.8400
2024-02-09,5235,MR6,MR 6 Messschieber,0.0000,7.7000,0.0000,29.5300,37.2300
2024-02-09,5232,MR7,MR 7 Lehren,0.0000,15.4000,0.0000,60.3800,75.7800
2024-02-09,5238,MR8,MR 8 Temperatur,0.0000,0.0000,0.0000,20.7500,20.7500
2024-02-09,5237,MR9,MR 9 Elektro BS,0.0000,0.0000,0.0000,10.2200,10.2200
2024-02-09,5225,Packplatz,Packplatz,0.0000,0.0000,0.0000,30.5400,30.5400
2024-02-09,5223,WA,WA BS,0.0000,7.7000,0.0000,8.1300,15.8300
2024-02-09,5222,WE,WE BS,0.0000,15.4000,7.7000,47.5100,70.6100
2024-02-09,5220,WE/WA,WE/WA BS,0.0000,0.0000,0.0000,13.4500,13.4500
2024-02-12,5240,AV,Arbeitsvorbereitung BS,0.0000,4.0000,0.0000,90.4800,94.4800
2024-02-12,5231,MR1,MR 1 Endmaße,0.0000,0.0000,7.7000,22.7300,30.4300
2024-02-12,5211,MR11,MR 11 KMG,0.0000,0.0000,7.7000,10.4900,18.1900
2024-02-12,5234,MR2,MR 2 Drehmomente,0.0000,0.0000,0.0000,31.9200,31.9200
2024-02-12,5236,MR3,MR 3 Messuhren,0.0000,7.7000,7.7000,30.1800,45.5800
2024-02-12,5233,MR4,MR 4 Lohnmessung,0.0000,0.0000,0.0000,15.8200,15.8200
2024-02-12,5239,MR5,MR 5 Bügelmessschrauben,0.0000,0.0000,7.7000,31.8100,39.5100
2024-02-12,5235,MR6,MR 6 Messschieber,0.0000,15.4000,7.7000,19.4400,42.5400
2024-02-12,5232,MR7,MR 7 Lehren,0.0000,7.7000,7.7000,60.3900,75.7900
2024-02-12,5238,MR8,MR 8 Temperatur,0.0000,0.0000,0.0000,15.7000,15.7000
2024-02-12,5237,MR9,MR 9 Elektro BS,0.0000,0.0000,0.0000,15.7500,15.7500
2024-02-12,5225,Packplatz,Packplatz,0.0000,7.7000,0.0000,29.6800,37.3800
2024-02-12,5223,WA,WA BS,0.0000,0.0000,0.0000,15.3800,15.3800
2024-02-12,5222,WE,WE BS,0.0000,15.4000,0.0000,56.2400,71.6400
2024-02-12,5220,WE/WA,WE/WA BS,0.0000,0.0000,0.0000,8.1700,8.1700
2024-02-13,5240,AV,Arbeitsvorbereitung BS,0.0000,4.0000,0.0000,94.0000,98.0000
2024-02-13,5231,MR1,MR 1 Endmaße,0.0000,0.0000,0.0000,38.8700,38.8700
2024-02-13,5211,MR11,MR 11 KMG,0.0000,0.0000,0.0000,16.8700,16.8700
2024-02-13,5234,MR2,MR 2 Drehmomente,0.0000,0.0000,0.0000,44.7200,44.7200
2024-02-13,5236,MR3,MR 3 Messuhren,0.0000,7.7000,0.0000,44.3500,52.0500
2024-02-13,5233,MR4,MR 4 Lohnmessung,0.0000,0.0000,0.0000,15.8000,15.8000
2024-02-13,5239,MR5,MR 5 Bügelmessschrauben,0.0000,7.7000,0.0000,28.6100,36.3100
2024-02-13,5235,MR6,MR 6 Messschieber,0.0000,15.4000,0.0000,23.1300,38.5300
2024-02-13,5232,MR7,MR 7 Lehren,0.0000,7.7000,0.0000,66.4000,74.1000
2024-02-13,5238,MR8,MR 8 Temperatur,0.0000,0.0000,0.0000,11.3400,11.3400
2024-02-13,5237,MR9,MR 9 Elektro BS,0.0000,0.0000,0.0000,19.7600,19.7600
2024-02-13,5225,Packplatz,Packplatz,0.0000,0.0000,0.0000,37.0700,37.0700
2024-02-13,5900,Qualifizierung,Qualifizierung,0.0000,0.0000,0.0000,1.8500,1.8500
2024-02-13,5223,WA,WA BS,0.0000,0.0000,0.0000,23.4000,23.4000
2024-02-13,5222,WE,WE BS,0.0000,15.4000,0.0000,55.8000,71.2000
2024-02-13,5220,WE/WA,WE/WA BS,0.0000,0.0000,0.0000,7.2000,7.2000
2024-02-14,5240,AV,Arbeitsvorbereitung BS,0.0000,7.7000,0.0000,79.5600,87.2600
2024-02-14,5231,MR1,MR 1 Endmaße,0.0000,7.7000,0.0000,30.7600,38.4600
2024-02-14,5211,MR11,MR 11 KMG,0.0000,0.0000,0.0000,18.0800,18.0800
2024-02-14,5234,MR2,MR 2 Drehmomente,0.0000,0.0000,0.0000,38.5200,38.5200
2024-02-14,5236,MR3,MR 3 Messuhren,0.0000,7.7000,7.7000,31.5400,46.9400
2024-02-14,5233,MR4,MR 4 Lohnmessung,0.0000,0.0000,0.0000,10.3500,10.3500
2024-02-14,5239,MR5,MR 5 Bügelmessschrauben,0.0000,0.0000,7.7000,26.4300,34.1300
2024-02-14,5235,MR6,MR 6 Messschieber,0.0000,15.4000,0.0000,13.1400,28.5400
2024-02-14,5232,MR7,MR 7 Lehren,0.0000,7.7000,0.0000,67.6700,75.3700
2024-02-14,5238,MR8,MR 8 Temperatur,0.0000,0.0000,0.0000,6.7500,6.7500
2024-02-14,5237,MR9,MR 9 Elektro BS,0.0000,0.0000,0.0000,23.2300,23.2300
2024-02-14,5225,Packplatz,Packplatz,0.0000,0.0000,7.7000,28.1900,35.8900
2024-02-14,5900,Qualifizierung,Qualifizierung,0.0000,0.0000,0.0000,10.6000,10.6000
2024-02-14,5223,WA,WA BS,0.0000,0.0000,0.0000,23.5900,23.5900
2024-02-14,5222,WE,WE BS,0.0000,15.4000,0.0000,57.4100,72.8100
2024-02-14,5220,WE/WA,WE/WA BS,0.0000,0.0000,0.0000,8.4200,8.4200
2024-02-15,5240,AV,Arbeitsvorbereitung BS,0.0000,7.7000,0.0000,76.7700,84.4700
2024-02-15,5231,MR1,MR 1 Endmaße,0.0000,7.7000,0.0000,31.1000,38.8000
2024-02-15,5211,MR11,MR 11 KMG,0.0000,0.0000,0.0000,24.1700,24.1700
2024-02-15,5234,MR2,MR 2 Drehmomente,0.0000,0.0000,0.0000,43.5800,43.5800
2024-02-15,5236,MR3,MR 3 Messuhren,0.0000,7.7000,7.7000,20.1600,35.5600
2024-02-15,5233,MR4,MR 4 Lohnmessung,0.0000,0.0000,0.0000,8.4000,8.4000
2024-02-15,5239,MR5,MR 5 Bügelmessschrauben,0.0000,0.0000,0.0000,36.9600,36.9600
2024-02-15,5235,MR6,MR 6 Messschieber,0.0000,15.4000,0.0000,21.4500,36.8500
2024-02-15,5232,MR7,MR 7 Lehren,0.0000,7.7000,0.0000,65.7300,73.4300
2024-02-15,5238,MR8,MR 8 Temperatur,0.0000,0.0000,0.0000,19.0700,19.0700
2024-02-15,5237,MR9,MR 9 Elektro BS,0.0000,0.0000,0.0000,15.5600,15.5600
2024-02-15,5225,Packplatz,Packplatz,0.0000,0.0000,0.0000,32.0400,32.0400
2024-02-15,5900,Qualifizierung,Qualifizierung,0.0000,0.0000,0.0000,5.7200,5.7200
2024-02-15,5223,WA,WA BS,0.0000,0.0000,0.0000,23.3800,23.3800
2024-02-15,5222,WE,WE BS,0.0000,15.4000,0.0000,56.3600,71.7600
2024-02-15,5220,WE/WA,WE/WA BS,0.0000,0.0000,0.0000,8.2800,8.2800
2024-02-16,5240,AV,Arbeitsvorbereitung BS,0.0000,7.7000,0.0000,63.3300,71.0300
2024-02-16,5231,MR1,MR 1 Endmaße,0.0000,7.7000,0.0000,15.8800,23.5800
2024-02-16,5211,MR11,MR 11 KMG,0.0000,0.0000,0.0000,20.2000,20.2000
2024-02-16,5234,MR2,MR 2 Drehmomente,0.0000,0.0000,0.0000,43.7900,43.7900
2024-02-16,5236,MR3,MR 3 Messuhren,0.0000,0.0000,17.2700,14.8700,32.1400
2024-02-16,5233,MR4,MR 4 Lohnmessung,0.0000,0.0000,0.0000,2.3800,2.3800
2024-02-16,5239,MR5,MR 5 Bügelmessschrauben,0.0000,0.0000,0.0000,37.3100,37.3100
2024-02-16,5235,MR6,MR 6 Messschieber,0.0000,15.4000,0.0000,21.9600,37.3600
2024-02-16,5232,MR7,MR 7 Lehren,0.0000,7.7000,7.7000,50.8500,66.2500
2024-02-16,5238,MR8,MR 8 Temperatur,0.0000,0.0000,0.0000,11.8300,11.8300
2024-02-16,5237,MR9,MR 9 Elektro BS,0.0000,0.0000,0.0000,17.0400,17.0400
2024-02-16,5225,Packplatz,Packplatz,0.0000,0.0000,0.0000,20.5100,20.5100
2024-02-16,5900,Qualifizierung,Qualifizierung,0.0000,0.0000,0.0000,4.2700,4.2700
2024-02-16,5223,WA,WA BS,0.0000,0.0000,0.0000,13.6500,13.6500
2024-02-16,5222,WE,WE BS,0.0000,15.4000,0.0000,52.7500,68.1500
2024-02-16,5220,WE/WA,WE/WA BS,0.0000,0.0000,0.0000,6.6800,6.6800
2024-02-19,5240,AV,Arbeitsvorbereitung BS,0.0000,7.7000,0.0000,88.9900,96.6900
2024-02-19,5231,MR1,MR 1 Endmaße,0.0000,0.0000,7.7000,21.6800,29.3800
2024-02-19,5211,MR11,MR 11 KMG,15.4000,0.0000,0.0000,,15.4000
2024-02-19,5234,MR2,MR 2 Drehmomente,0.0000,0.0000,0.0000,39.7300,39.7300
2024-02-19,5236,MR3,MR 3 Messuhren,0.0000,7.7000,0.0000,44.7900,52.4900
2024-02-19,5233,MR4,MR 4 Lohnmessung,15.4000,0.0000,0.0000,,15.4000
2024-02-19,5239,MR5,MR 5 Bügelmessschrauben,0.0000,0.0000,0.0000,38.7600,38.7600
2024-02-19,5235,MR6,MR 6 Messschieber,0.0000,0.0000,0.0000,44.6700,44.6700
2024-02-19,5232,MR7,MR 7 Lehren,0.0000,12.7000,0.0000,53.1300,65.8300
2024-02-19,5238,MR8,MR 8 Temperatur,0.0000,0.0000,0.0000,11.7400,11.7400
2024-02-19,5237,MR9,MR 9 Elektro BS,0.0000,0.0000,0.0000,19.9300,19.9300
2024-02-19,5225,Packplatz,Packplatz,0.0000,0.0000,7.7000,30.2400,37.9400
2024-02-19,5230,Springer,PRÜFER BS,0.0000,0.0000,0.0000,8.5000,8.5000
2024-02-19,5900,Qualifizierung,Qualifizierung,0.0000,0.0000,0.0000,2.2000,2.2000
2024-02-19,5223,WA,WA BS,0.0000,0.0000,0.0000,23.8000,23.8000
2024-02-19,5222,WE,WE BS,0.0000,7.7000,7.7000,54.7100,70.1100
2024-02-19,5220,WE/WA,WE/WA BS,0.0000,0.0000,0.0000,8.0700,8.0700
2024-02-20,5240,AV,Arbeitsvorbereitung BS,0.0000,7.7000,8.1000,73.1500,88.9500
2024-02-20,5231,MR1,MR 1 Endmaße,0.0000,0.0000,7.7000,29.7000,37.4000
2024-02-20,5211,MR11,MR 11 KMG,0.0000,0.0000,0.0000,17.0200,17.0200
2024-02-20,5234,MR2,MR 2 Drehmomente,0.0000,0.0000,0.0000,34.0600,34.0600
2024-02-20,5236,MR3,MR 3 Messuhren,0.0000,7.7000,0.0000,37.8800,45.5800
2024-02-20,5233,MR4,MR 4 Lohnmessung,0.0000,0.0000,0.0000,8.2800,8.2800
2024-02-20,5239,MR5,MR 5 Bügelmessschrauben,0.0000,0.0000,0.0000,31.2700,31.2700
2024-02-20,5235,MR6,MR 6 Messschieber,0.0000,0.0000,0.0000,41.7000,41.7000
2024-02-20,5232,MR7,MR 7 Lehren,0.0000,12.7000,0.0000,70.0800,82.7800
2024-02-20,5238,MR8,MR 8 Temperatur,0.0000,7.7000,0.0000,4.3300,12.0300
2024-02-20,5237,MR9,MR 9 Elektro BS,0.0000,0.0000,0.0000,23.5900,23.5900
2024-02-20,5225,Packplatz,Packplatz,0.0000,0.0000,7.7000,30.4300,38.1300
2024-02-20,5230,Springer,PRÜFER BS,0.0000,0.0000,0.0000,8.2700,8.2700
2024-02-20,5900,Qualifizierung,Qualifizierung,0.0000,0.0000,0.0000,11.4300,11.4300
2024-02-20,5223,WA,WA BS,0.0000,0.0000,0.0000,24.0000,24.0000
2024-02-20,5222,WE,WE BS,0.0000,15.4000,0.0000,54.3100,69.7100
2024-02-20,5220,WE/WA,WE/WA BS,0.0000,0.0000,0.0000,8.0500,8.0500
2024-02-21,5240,AV,Arbeitsvorbereitung BS,0.0000,7.7000,0.0000,76.7700,84.4700
2024-02-21,5231,MR1,MR 1 Endmaße,0.0000,0.0000,7.7000,29.7800,37.4800
2024-02-21,5211,MR11,MR 11 KMG,0.0000,0.0000,0.0000,12.9300,12.9300
2024-02-21,5234,MR2,MR 2 Drehmomente,0.0000,0.0000,0.0000,32.3500,32.3500
2024-02-21,5236,MR3,MR 3 Messuhren,0.0000,7.7000,0.0000,39.4500,47.1500
2024-02-21,5233,MR4,MR 4 Lohnmessung,0.0000,0.0000,0.0000,9.3700,9.3700
2024-02-21,5239,MR5,MR 5 Bügelmessschrauben,0.0000,0.0000,0.0000,38.9800,38.9800
2024-02-21,5235,MR6,MR 6 Messschieber,0.0000,0.0000,0.0000,37.6600,37.6600
2024-02-21,5232,MR7,MR 7 Lehren,0.0000,12.7000,0.0000,76.5900,89.2900
2024-02-21,5238,MR8,MR 8 Temperatur,0.0000,7.7000,0.0000,7.0500,14.7500
2024-02-21,5237,MR9,MR 9 Elektro BS,0.0000,0.0000,0.0000,20.0000,20.0000
2024-02-21,5225,Packplatz,Packplatz,0.0000,0.0000,7.7000,31.5500,39.2500
2024-02-21,5230,Springer,PRÜFER BS,0.0000,0.0000,0.0000,7.7500,7.7500
2024-02-21,5900,Qualifizierung,Qualifizierung,0.0000,0.0000,0.0000,1.1300,1.1300
2024-02-21,5223,WA,WA BS,0.0000,0.0000,0.0000,25.0300,25.0300
2024-02-21,5222,WE,WE BS,0.0000,15.4000,0.0000,54.4700,69.8700
2024-02-21,5220,WE/WA,WE/WA BS,0.0000,0.0000,0.0000,8.1200,8.1200
2024-02-22,5240,AV,Arbeitsvorbereitung BS,0.0000,0.0000,0.0000,93.3800,93.3800
2024-02-22,5231,MR1,MR 1 Endmaße,0.0000,0.0000,7.7000,29.2500,36.9500
2024-02-22,5211,MR11,MR 11 KMG,0.0000,0.0000,0.0000,9.7400,9.7400
2024-02-22,5234,MR2,MR 2 Drehmomente,0.0000,0.0000,0.0000,36.0500,36.0500
2024-02-22,5236,MR3,MR 3 Messuhren,0.0000,7.7000,0.0000,32.8500,40.5500
2024-02-22,5233,MR4,MR 4 Lohnmessung,0.0000,0.0000,0.0000,8.2300,8.2300
2024-02-22,5239,MR5,MR 5 Bügelmessschrauben,0.0000,0.0000,0.0000,34.1700,34.1700
2024-02-22,5235,MR6,MR 6 Messschieber,0.0000,0.0000,0.0000,39.9900,39.9900
2024-02-22,5232,MR7,MR 7 Lehren,0.0000,20.4000,7.7000,55.6500,83.7500
2024-02-22,5238,MR8,MR 8 Temperatur,0.0000,7.7000,0.0000,4.9700,12.6700
2024-02-22,5237,MR9,MR 9 Elektro BS,0.0000,0.0000,0.0000,23.2200,23.2200
2024-02-22,5225,Packplatz,Packplatz,0.0000,0.0000,7.7000,24.3900,32.0900
2024-02-22,5230,Springer,PRÜFER BS,0.0000,0.0000,0.0000,8.1500,8.1500
2024-02-22,5900,Qualifizierung,Qualifizierung,0.0000,0.0000,0.0000,10.3500,10.3500
2024-02-22,5223,WA,WA BS,0.0000,7.7000,0.0000,15.6400,23.3400
2024-02-22,5222,WE,WE BS,0.0000,15.4000,0.0000,54.4800,69.8800
2024-02-22,5220,WE/WA,WE/WA BS,0.0000,0.0000,0.0000,7.7000,7.7000
2024-02-23,5240,AV,Arbeitsvorbereitung BS,0.0000,0.0000,0.0000,81.8500,81.8500
2024-02-23,5231,MR1,MR 1 Endmaße,0.0000,0.0000,7.7000,28.4100,36.1100
2024-02-23,5211,MR11,MR 11 KMG,0.0000,0.0000,0.0000,8.4000,8.4000
2024-02-23,5234,MR2,MR 2 Drehmomente,0.0000,0.0000,0.0000,26.5100,26.5100
2024-02-23,5236,MR3,MR 3 Messuhren,0.0000,0.0000,0.0000,27.8700,27.8700
2024-02-23,5233,MR4,MR 4 Lohnmessung,0.0000,0.0000,0.0000,8.9800,8.9800
2024-02-23,5239,MR5,MR 5 Bügelmessschrauben,0.0000,0.0000,0.0000,35.7100,35.7100
2024-02-23,5235,MR6,MR 6 Messschieber,0.0000,0.0000,0.0000,39.8700,39.8700
2024-02-23,5232,MR7,MR 7 Lehren,0.0000,15.4000,7.7000,46.2100,69.3100
2024-02-23,5238,MR8,MR 8 Temperatur,0.0000,7.7000,0.0000,12.9000,20.6000
2024-02-23,5237,MR9,MR 9 Elektro BS,0.0000,0.0000,7.7000,10.0700,17.7700
2024-02-23,5225,Packplatz,Packplatz,0.0000,0.0000,15.4000,15.7500,31.1500
2024-02-23,5230,Springer,PRÜFER BS,0.0000,0.0000,0.0000,8.0000,8.0000
2024-02-23,5900,Qualifizierung,Qualifizierung,0.0000,0.0000,0.0000,10.4400,10.4400
2024-02-23,5223,WA,WA BS,0.0000,0.0000,0.0000,16.0800,16.0800
2024-02-23,5222,WE,WE BS,0.0000,15.4000,0.0000,54.7100,70.1100
2024-02-23,5220,WE/WA,WE/WA BS,0.0000,0.0000,0.0000,7.2000,7.2000
2024-02-26,5240,AV,Arbeitsvorbereitung BS,0.0000,0.0000,15.4000,77.8300,93.2300
2024-02-26,5231,MR1,MR 1 Endmaße,0.0000,0.0000,0.0000,30.5900,30.5900
2024-02-26,5211,MR11,MR 11 KMG,7.7000,0.0000,0.0000,7.6800,15.3800
2024-02-26,5234,MR2,MR 2 Drehmomente,10.0000,0.0000,0.0000,34.0500,44.0500
2024-02-26,5236,MR3,MR 3 Messuhren,0.0000,7.7000,0.0000,31.2800,38.9800
2024-02-26,5233,MR4,MR 4 Lohnmessung,0.0000,0.0000,0.0000,8.0500,8.0500
2024-02-26,5239,MR5,MR 5 Bügelmessschrauben,0.0000,0.0000,0.0000,33.2300,33.2300
2024-02-26,5235,MR6,MR 6 Messschieber,0.0000,0.0000,0.0000,33.8500,33.8500
2024-02-26,5232,MR7,MR 7 Lehren,0.0000,0.0000,0.0000,72.4300,72.4300
2024-02-26,5238,MR8,MR 8 Temperatur,0.0000,0.0000,0.0000,7.7500,7.7500
2024-02-26,5237,MR9,MR 9 Elektro BS,0.0000,0.0000,0.0000,23.2800,23.2800
2024-02-26,5225,Packplatz,Packplatz,0.0000,0.0000,0.0000,37.0200,37.0200
2024-02-26,5230,Springer,PRÜFER BS,0.0000,7.7000,0.0000,,7.7000
2024-02-26,5900,Qualifizierung,Qualifizierung,0.0000,0.0000,0.0000,23.1400,23.1400
2024-02-26,5223,WA,WA BS,0.0000,0.0000,0.0000,15.2600,15.2600
2024-02-26,5222,WE,WE BS,0.0000,7.7000,0.0000,63.8700,71.5700
2024-02-26,5220,WE/WA,WE/WA BS,0.0000,0.0000,0.0000,8.0200,8.0200
2024-02-27,5240,AV,Arbeitsvorbereitung BS,0.0000,0.0000,15.4000,79.4800,94.8800
2024-02-27,5231,MR1,MR 1 Endmaße,0.0000,0.0000,0.0000,38.4500,38.4500
2024-02-27,5211,MR11,MR 11 KMG,7.7000,0.0000,0.0000,14.5000,22.2000
2024-02-27,5234,MR2,MR 2 Drehmomente,9.2500,0.0000,0.0000,44.3100,53.5600
2024-02-27,5236,MR3,MR 3 Messuhren,0.0000,7.7000,0.0000,38.4800,46.1800
2024-02-27,5233,MR4,MR 4 Lohnmessung,0.0000,0.0000,0.0000,7.9500,7.9500
2024-02-27,5239,MR5,MR 5 Bügelmessschrauben,0.0000,0.0000,0.0000,38.2000,38.2000
2024-02-27,5235,MR6,MR 6 Messschieber,0.0000,0.0000,0.0000,29.2500,29.2500
2024-02-27,5232,MR7,MR 7 Lehren,0.0000,0.0000,0.0000,67.0000,67.0000
2024-02-27,5238,MR8,MR 8 Temperatur,0.0000,0.0000,0.0000,11.2300,11.2300
2024-02-27,5237,MR9,MR 9 Elektro BS,0.0000,7.7000,0.0000,12.6300,20.3300
2024-02-27,5225,Packplatz,Packplatz,0.0000,0.0000,0.0000,36.7600,36.7600
2024-02-27,5230,Springer,PRÜFER BS,0.0000,7.7000,0.0000,,7.7000
2024-02-27,5900,Qualifizierung,Qualifizierung,0.0000,0.0000,0.0000,18.8000,18.8000
2024-02-27,5223,WA,WA BS,0.0000,0.0000,0.0000,23.1800,23.1800
2024-02-27,5222,WE,WE BS,0.0000,7.7000,0.0000,64.2600,71.9600
2024-02-27,5220,WE/WA,WE/WA BS,0.0000,0.0000,0.0000,7.9700,7.9700
2024-02-28,5240,AV,Arbeitsvorbereitung BS,0.0000,0.0000,15.4000,65.6000,81.0000
2024-02-28,5231,MR1,MR 1 Endmaße,0.0000,0.0000,0.0000,38.7300,38.7300
2024-02-28,5211,MR11,MR 11 KMG,7.7000,0.0000,0.0000,24.8500,32.5500
2024-02-28,5234,MR2,MR 2 Drehmomente,7.7500,7.7000,0.0000,24.3700,39.8200
2024-02-28,5236,MR3,MR 3 Messuhren,0.0000,7.7000,0.0000,39.2100,46.9100
2024-02-28,5233,MR4,MR 4 Lohnmessung,0.0000,0.0000,0.0000,8.1200,8.1200
2024-02-28,5239,MR5,MR 5 Bügelmessschrauben,0.0000,0.0000,0.0000,39.8200,39.8200
2024-02-28,5235,MR6,MR 6 Messschieber,0.0000,0.0000,0.0000,31.2100,31.2100
2024-02-28,5232,MR7,MR 7 Lehren,0.0000,0.0000,0.0000,70.7100,70.7100
2024-02-28,5238,MR8,MR 8 Temperatur,0.0000,0.0000,0.0000,15.3800,15.3800
2024-02-28,5237,MR9,MR 9 Elektro BS,0.0000,7.7000,0.0000,7.8200,15.5200
2024-02-28,5225,Packplatz,Packplatz,0.0000,0.0000,0.0000,34.6500,34.6500
2024-02-28,5230,Springer,PRÜFER BS,0.0000,7.7000,0.0000,,7.7000
2024-02-28,5900,Qualifizierung,Qualifizierung,0.0000,0.0000,0.0000,7.8800,7.8800
2024-02-28,5223,WA,WA BS,0.0000,0.0000,0.0000,23.4400,23.4400
2024-02-28,5222,WE,WE BS,0.0000,7.7000,0.0000,63.9700,71.6700
2024-02-28,5220,WE/WA,WE/WA BS,0.0000,0.0000,0.0000,8.2700,8.2700
2024-02-29,5240,AV,Arbeitsvorbereitung BS,0.0000,0.0000,23.1000,62.8000,85.9000
2024-02-29,5231,MR1,MR 1 Endmaße,0.0000,0.0000,0.0000,38.2800,38.2800
2024-02-29,5211,MR11,MR 11 KMG,7.7000,0.0000,0.0000,13.7200,21.4200
2024-02-29,5234,MR2,MR 2 Drehmomente,0.0000,0.0000,0.0000,31.3500,31.3500
2024-02-29,5236,MR3,MR 3 Messuhren,0.0000,0.0000,7.7000,37.1100,44.8100
2024-02-29,5233,MR4,MR 4 Lohnmessung,0.0000,0.0000,0.0000,15.8000,15.8000
2024-02-29,5239,MR5,MR 5 Bügelmessschrauben,0.0000,0.0000,0.0000,37.2800,37.2800
2024-02-29,5235,MR6,MR 6 Messschieber,0.0000,0.0000,0.0000,38.8000,38.8000
2024-02-29,5232,MR7,MR 7 Lehren,0.0000,15.4000,0.0000,65.3900,80.7900
2024-02-29,5238,MR8,MR 8 Temperatur,0.0000,0.0000,0.0000,13.4500,13.4500
2024-02-29,5237,MR9,MR 9 Elektro BS,0.0000,7.7000,0.0000,7.6000,15.3000
2024-02-29,5225,Packplatz,Packplatz,0.0000,0.0000,0.0000,29.4700,29.4700
2024-02-29,5230,Springer,PRÜFER BS,0.0000,7.7000,0.0000,,7.7000
2024-02-29,5223,WA,WA BS,0.0000,0.0000,0.0000,23.1600,23.1600
2024-02-29,5222,WE,WE BS,0.0000,7.7000,0.0000,60.1500,67.8500
2024-02-29,5220,WE/WA,WE/WA BS,0.0000,0.0000,0.0000,8.1700,8.1700
2024-03-01,5240,AV,Arbeitsvorbereitung BS,0.0000,0.0000,31.5500,55.2100,86.7600
2024-03-01,5231,MR1,MR 1 Endmaße,0.0000,0.0000,0.0000,37.4000,37.4000
2024-03-01,5211,MR11,MR 11 KMG,0.0000,0.0000,0.0000,23.2100,23.2100
2024-03-01,5234,MR2,MR 2 Drehmomente,0.0000,0.0000,0.0000,31.2800,31.2800
2024-03-01,5236,MR3,MR 3 Messuhren,0.0000,0.0000,0.0000,44.8000,44.8000
2024-03-01,5233,MR4,MR 4 Lohnmessung,0.0000,0.0000,0.0000,15.6100,15.6100
2024-03-01,5239,MR5,MR 5 Bügelmessschrauben,0.0000,0.0000,0.0000,28.1100,28.1100
2024-03-01,5235,MR6,MR 6 Messschieber,0.0000,0.0000,0.0000,33.3600,33.3600
2024-03-01,5232,MR7,MR 7 Lehren,0.0000,7.7000,0.0000,46.0700,53.7700
2024-03-01,5238,MR8,MR 8 Temperatur,0.0000,0.0000,0.0000,2.7500,2.7500
2024-03-01,5237,MR9,MR 9 Elektro BS,0.0000,7.7000,0.0000,7.6000,15.3000
2024-03-01,5225,Packplatz,Packplatz,0.0000,0.0000,0.0000,25.3100,25.3100
2024-03-01,5230,Springer,PRÜFER BS,0.0000,7.7000,0.0000,,7.7000
2024-03-01,5900,Qualifizierung,Qualifizierung,0.0000,0.0000,0.0000,2.8300,2.8300
2024-03-01,5223,WA,WA BS,0.0000,0.0000,0.0000,13.8700,13.8700
2024-03-01,5222,WE,WE BS,0.0000,15.4000,0.0000,51.0000,66.4000
2024-03-01,5220,WE/WA,WE/WA BS,0.0000,0.0000,0.0000,6.3800,6.3800
2024-03-02,5211,MR11,MR 11 KMG,0.0000,0.0000,0.0000,6.0000,6.0000
2024-03-02,5236,MR3,MR 3 Messuhren,0.0000,0.0000,0.0000,10.6700,10.6700
2024-03-02,5235,MR6,MR 6 Messschieber,0.0000,0.0000,0.0000,5.5500,5.5500
2024-03-02,5232,MR7,MR 7 Lehren,0.0000,0.0000,0.0000,1.0500,1.0500
2024-03-04,5240,AV,Arbeitsvorbereitung BS,0.0000,0.0000,23.1000,72.7100,95.8100
2024-03-04,5231,MR1,MR 1 Endmaße,0.0000,0.0000,0.0000,29.1200,29.1200
2024-03-04,5211,MR11,MR 11 KMG,7.7000,0.0000,0.0000,15.8600,23.5600
2024-03-04,5234,MR2,MR 2 Drehmomente,0.0000,0.0000,0.0000,47.3000,47.3000
2024-03-04,5236,MR3,MR 3 Messuhren,0.0000,0.0000,0.0000,60.5100,60.5100
2024-03-04,5233,MR4,MR 4 Lohnmessung,0.0000,0.0000,0.0000,8.0800,8.0800
2024-03-04,5239,MR5,MR 5 Bügelmessschrauben,0.0000,0.0000,7.7000,22.1500,29.8500
2024-03-04,5235,MR6,MR 6 Messschieber,0.0000,0.0000,0.0000,36.5700,36.5700
2024-03-04,5232,MR7,MR 7 Lehren,0.0000,0.0000,0.0000,67.7000,67.7000
2024-03-04,5238,MR8,MR 8 Temperatur,0.0000,0.0000,0.0000,8.0300,8.0300
2024-03-04,5237,MR9,MR 9 Elektro BS,0.0000,0.0000,0.0000,18.9400,18.9400
2024-03-04,5225,Packplatz,Packplatz,0.0000,0.0000,0.0000,37.1500,37.1500
2024-03-04,5230,Springer,PRÜFER BS,0.0000,0.0000,0.0000,8.0300,8.0300
2024-03-04,5900,Qualifizierung,Qualifizierung,0.0000,0.0000,0.0000,7.6000,7.6000
2024-03-04,5223,WA,WA BS,0.0000,0.0000,0.0000,23.7000,23.7000
2024-03-04,5222,WE,WE BS,0.0000,7.7000,0.0000,54.4700,62.1700
2024-03-04,5220,WE/WA,WE/WA BS,0.0000,0.0000,0.0000,8.0000,8.0000
2024-03-05,5240,AV,Arbeitsvorbereitung BS,0.0000,0.0000,15.4000,80.9700,96.3700
2024-03-05,5231,MR1,MR 1 Endmaße,0.0000,0.0000,0.0000,37.1700,37.1700
2024-03-05,5211,MR11,MR 11 KMG,7.7000,0.0000,0.0000,15.8400,23.5400
2024-03-05,5234,MR2,MR 2 Drehmomente,0.0000,0.0000,0.0000,48.6100,48.6100
2024-03-05,5236,MR3,MR 3 Messuhren,0.0000,0.0000,0.0000,60.8300,60.8300
2024-03-05,5233,MR4,MR 4 Lohnmessung,0.0000,0.0000,0.0000,17.2500,17.2500
2024-03-05,5239,MR5,MR 5 Bügelmessschrauben,0.0000,0.0000,7.7000,30.1500,37.8500
2024-03-05,5235,MR6,MR 6 Messschieber,0.0000,0.0000,0.0000,36.6100,36.6100
2024-03-05,5232,MR7,MR 7 Lehren,0.0000,5.0000,0.0000,55.1200,60.1200
2024-03-05,5238,MR8,MR 8 Temperatur,0.0000,0.0000,0.0000,11.4500,11.4500
2024-03-05,5237,MR9,MR 9 Elektro BS,0.0000,0.0000,0.0000,19.7700,19.7700
2024-03-05,5225,Packplatz,Packplatz,0.0000,0.0000,0.0000,37.7400,37.7400
2024-03-05,5230,Springer,PRÜFER BS,0.0000,0.0000,0.0000,7.8000,7.8000
2024-03-05,5900,Qualifizierung,Qualifizierung,0.0000,0.0000,0.0000,7.6300,7.6300
2024-03-05,5223,WA,WA BS,0.0000,0.0000,0.0000,23.7000,23.7000
2024-03-05,5222,WE,WE BS,0.0000,15.4000,0.0000,54.3200,69.7200
2024-03-05,5220,WE/WA,WE/WA BS,0.0000,0.0000,0.0000,8.0700,8.0700
2024-03-06,5240,AV,Arbeitsvorbereitung BS,0.0000,0.0000,15.4000,76.6200,92.0200
2024-03-06,5231,MR1,MR 1 Endmaße,0.0000,0.0000,0.0000,35.4800,35.4800
2024-03-06,5211,MR11,MR 11 KMG,0.0000,0.0000,0.0000,20.6800,20.6800
2024-03-06,5234,MR2,MR 2 Drehmomente,0.0000,0.0000,0.0000,33.0100,33.0100
2024-03-06,5236,MR3,MR 3 Messuhren,0.0000,0.0000,0.0000,36.4500,36.4500
2024-03-06,5233,MR4,MR 4 Lohnmessung,0.0000,0.0000,0.0000,16.7600,16.7600
2024-03-06,5239,MR5,MR 5 Bügelmessschrauben,0.0000,0.0000,0.0000,37.5400,37.5400
2024-03-06,5235,MR6,MR 6 Messschieber,0.0000,0.0000,0.0000,37.5100,37.5100
2024-03-06,5232,MR7,MR 7 Lehren,0.0000,12.7000,0.0000,55.1600,67.8600
2024-03-06,5238,MR8,MR 8 Temperatur,0.0000,0.0000,0.0000,12.4200,12.4200
2024-03-06,5237,MR9,MR 9 Elektro BS,0.0000,0.0000,0.0000,23.5300,23.5300
2024-03-06,5225,Packplatz,Packplatz,0.0000,0.0000,0.0000,35.7500,35.7500
2024-03-06,5230,Springer,PRÜFER BS,0.0000,0.0000,0.0000,8.0800,8.0800
2024-03-06,5900,Qualifizierung,Qualifizierung,0.0000,0.0000,0.0000,19.4800,19.4800
2024-03-06,5223,WA,WA BS,0.0000,0.0000,0.0000,23.6500,23.6500
2024-03-06,5222,WE,WE BS,0.0000,7.7000,0.0000,62.5300,70.2300
2024-03-06,5220,WE/WA,WE/WA BS,0.0000,0.0000,0.0000,6.3000,6.3000
2024-03-07,5240,AV,Arbeitsvorbereitung BS,0.0000,0.0000,15.4000,80.6700,96.0700
2024-03-07,5231,MR1,MR 1 Endmaße,0.0000,0.0000,0.0000,34.0400,34.0400
2024-03-07,5211,MR11,MR 11 KMG,0.0000,0.0000,0.0000,17.3400,17.3400
2024-03-07,5234,MR2,MR 2 Drehmomente,0.0000,0.0000,0.0000,44.2400,44.2400
2024-03-07,5236,MR3,MR 3 Messuhren,0.0000,0.0000,0.0000,27.4500,27.4500
2024-03-07,5233,MR4,MR 4 Lohnmessung,0.0000,0.0000,0.0000,10.9500,10.9500
2024-03-07,5239,MR5,MR 5 Bügelmessschrauben,0.0000,0.0000,0.0000,36.0400,36.0400
2024-03-07,5235,MR6,MR 6 Messschieber,0.0000,0.0000,0.0000,36.3300,36.3300
2024-03-07,5232,MR7,MR 7 Lehren,0.0000,5.0000,0.0000,54.9600,59.9600
2024-03-07,5238,MR8,MR 8 Temperatur,0.0000,0.0000,0.0000,6.9200,6.9200
2024-03-07,5237,MR9,MR 9 Elektro BS,0.0000,0.0000,0.0000,23.2800,23.2800
2024-03-07,5225,Packplatz,Packplatz,0.0000,7.7000,0.0000,23.4800,31.1800
2024-03-07,5230,Springer,PRÜFER BS,0.0000,0.0000,0.0000,8.0800,8.0800
2024-03-07,5900,Qualifizierung,Qualifizierung,0.0000,0.0000,0.0000,33.3400,33.3400
2024-03-07,5223,WA,WA BS,0.0000,0.0000,0.0000,24.1800,24.1800
2024-03-07,5222,WE,WE BS,0.0000,7.7000,0.0000,62.0000,69.7000
2024-03-07,5220,WE/WA,WE/WA BS,0.0000,0.0000,0.0000,8.5500,8.5500
2024-03-08,5240,AV,Arbeitsvorbereitung BS,0.0000,0.0000,23.3800,65.2900,88.6700
2024-03-08,5231,MR1,MR 1 Endmaße,0.0000,0.0000,0.0000,27.5000,27.5000
2024-03-08,5211,MR11,MR 11 KMG,0.0000,0.0000,0.0000,15.5200,15.5200
2024-03-08,5234,MR2,MR 2 Drehmomente,0.0000,0.0000,0.0000,40.0000,40.0000
2024-03-08,5236,MR3,MR 3 Messuhren,0.0000,0.0000,0.0000,28.0400,28.0400
2024-03-08,5233,MR4,MR 4 Lohnmessung,0.0000,0.0000,0.0000,10.1200,10.1200
2024-03-08,5239,MR5,MR 5 Bügelmessschrauben,0.0000,0.0000,0.0000,38.0700,38.0700
2024-03-08,5235,MR6,MR 6 Messschieber,0.0000,0.0000,0.0000,41.2700,41.2700
2024-03-08,5232,MR7,MR 7 Lehren,0.0000,0.0000,0.0000,59.7900,59.7900
2024-03-08,5238,MR8,MR 8 Temperatur,0.0000,0.0000,0.0000,6.1200,6.1200
2024-03-08,5237,MR9,MR 9 Elektro BS,0.0000,0.0000,0.0000,22.9400,22.9400
2024-03-08,5225,Packplatz,Packplatz,0.0000,7.7000,8.0700,15.6100,31.3800
2024-03-08,5230,Springer,PRÜFER BS,0.0000,0.0000,0.0000,7.7300,7.7300
2024-03-08,5900,Qualifizierung,Qualifizierung,0.0000,0.0000,0.0000,15.4700,15.4700
2024-03-08,5223,WA,WA BS,0.0000,0.0000,0.0000,14.6400,14.6400
2024-03-08,5222,WE,WE BS,0.0000,7.7000,0.0000,52.4400,60.1400
2024-03-08,5220,WE/WA,WE/WA BS,0.0000,0.0000,0.0000,7.0300,7.0300
2024-03-11,5240,AV,Arbeitsvorbereitung BS,0.0000,23.1000,7.7000,56.6600,87.4600
2024-03-11,5231,MR1,MR 1 Endmaße,0.0000,0.0000,7.7000,16.5100,24.2100
2024-03-11,5211,MR11,MR 11 KMG,0.0000,0.0000,0.0000,12.8100,12.8100
2024-03-11,5234,MR2,MR 2 Drehmomente,0.0000,0.0000,0.0000,27.6300,27.6300
2024-03-11,5236,MR3,MR 3 Messuhren,0.0000,0.0000,7.7000,30.1500,37.8500
2024-03-11,5233,MR4,MR 4 Lohnmessung,0.0000,0.0000,0.0000,16.4400,16.4400
2024-03-11,5239,MR5,MR 5 Bügelmessschrauben,0.0000,0.0000,0.0000,35.7400,35.7400
2024-03-11,5235,MR6,MR 6 Messschieber,0.0000,0.0000,7.7000,26.4900,34.1900
2024-03-11,5232,MR7,MR 7 Lehren,0.0000,5.0000,0.0000,62.3100,67.3100
2024-03-11,5238,MR8,MR 8 Temperatur,0.0000,0.0000,0.0000,8.0300,8.0300
2024-03-11,5237,MR9,MR 9 Elektro BS,0.0000,0.0000,0.0000,23.2300,23.2300
2024-03-11,5225,Packplatz,Packplatz,0.0000,23.1000,0.0000,12.0300,35.1300
2024-03-11,5230,Springer,PRÜFER BS,0.0000,0.0000,0.0000,7.7000,7.7000
2024-03-11,5900,Qualifizierung,Qualifizierung,0.0000,0.0000,0.0000,55.2400,55.2400
2024-03-11,5223,WA,WA BS,0.0000,0.0000,0.0000,15.8300,15.8300
2024-03-11,5222,WE,WE BS,0.0000,0.0000,7.7000,63.5200,71.2200
2024-03-11,5220,WE/WA,WE/WA BS,0.0000,0.0000,0.0000,8.3300,8.3300
2024-03-12,5240,AV,Arbeitsvorbereitung BS,0.0000,23.1000,7.7000,64.2600,95.0600
2024-03-12,5231,MR1,MR 1 Endmaße,0.0000,0.0000,7.7000,29.5300,37.2300
2024-03-12,5211,MR11,MR 11 KMG,0.0000,0.0000,0.0000,15.0400,15.0400
2024-03-12,5234,MR2,MR 2 Drehmomente,0.0000,0.0000,0.0000,38.0400,38.0400
2024-03-12,5236,MR3,MR 3 Messuhren,0.0000,0.0000,7.7000,50.7200,58.4200
2024-03-12,5233,MR4,MR 4 Lohnmessung,0.0000,0.0000,0.0000,7.6100,7.6100
2024-03-12,5239,MR5,MR 5 Bügelmessschrauben,0.0000,0.0000,0.0000,37.5000,37.5000
2024-03-12,5235,MR6,MR 6 Messschieber,0.0000,0.0000,7.7000,26.2000,33.9000
2024-03-12,5232,MR7,MR 7 Lehren,0.0000,5.0000,0.0000,60.8400,65.8400
2024-03-12,5238,MR8,MR 8 Temperatur,0.0000,0.0000,0.0000,3.8800,3.8800
2024-03-12,5237,MR9,MR 9 Elektro BS,0.0000,7.7000,0.0000,15.5800,23.2800
2024-03-12,5225,Packplatz,Packplatz,0.0000,23.1000,0.0000,14.0200,37.1200
2024-03-12,5230,Springer,PRÜFER BS,0.0000,0.0000,0.0000,0.5000,0.5000
2024-03-12,5900,Qualifizierung,Qualifizierung,0.0000,0.0000,0.0000,31.7700,31.7700
2024-03-12,5223,WA,WA BS,0.0000,0.0000,0.0000,23.6100,23.6100
2024-03-12,5222,WE,WE BS,0.0000,0.0000,0.0000,70.6100,70.6100
2024-03-12,5220,WE/WA,WE/WA BS,0.0000,0.0000,0.0000,7.7000,7.7000
2024-03-13,5240,AV,Arbeitsvorbereitung BS,0.0000,23.1000,7.7000,60.2500,91.0500
2024-03-13,5231,MR1,MR 1 Endmaße,0.0000,0.0000,7.7000,29.4600,37.1600
2024-03-13,5211,MR11,MR 11 KMG,0.0000,0.0000,0.0000,18.6700,18.6700
2024-03-13,5234,MR2,MR 2 Drehmomente,0.0000,0.0000,0.0000,31.0100,31.0100
2024-03-13,5236,MR3,MR 3 Messuhren,0.0000,0.0000,7.7000,30.9900,38.6900
2024-03-13,5233,MR4,MR 4 Lohnmessung,0.0000,0.0000,0.0000,8.0900,8.0900
2024-03-13,5239,MR5,MR 5 Bügelmessschrauben,0.0000,7.7000,0.0000,31.3400,39.0400
2024-03-13,5235,MR6,MR 6 Messschieber,0.0000,0.0000,7.7000,26.5800,34.2800
2024-03-13,5232,MR7,MR 7 Lehren,0.0000,5.0000,0.0000,59.5300,64.5300
2024-03-13,5238,MR8,MR 8 Temperatur,0.0000,0.0000,0.0000,6.3200,6.3200
2024-03-13,5237,MR9,MR 9 Elektro BS,0.0000,7.7000,0.0000,15.5000,23.2000
2024-03-13,5225,Packplatz,Packplatz,0.0000,23.1000,0.0000,12.2500,35.3500
2024-03-13,5230,Springer,PRÜFER BS,0.0000,0.0000,0.0000,7.5000,7.5000
2024-03-13,5900,Qualifizierung,Qualifizierung,0.0000,0.0000,0.0000,28.5000,28.5000
2024-03-13,5223,WA,WA BS,0.0000,7.7000,0.0000,15.6000,23.3000
2024-03-13,5222,WE,WE BS,0.0000,0.0000,0.0000,71.8600,71.8600
2024-03-13,5220,WE/WA,WE/WA BS,0.0000,0.0000,0.0000,9.6000,9.6000
2024-03-14,5240,AV,Arbeitsvorbereitung BS,0.0000,7.7000,7.7000,79.7000,95.1000
2024-03-14,5231,MR1,MR 1 Endmaße,0.0000,0.0000,7.7000,29.3000,37.0000
2024-03-14,5211,MR11,MR 11 KMG,0.0000,0.0000,0.0000,15.9500,15.9500
2024-03-14,5234,MR2,MR 2 Drehmomente,0.0000,0.0000,0.0000,30.7400,30.7400
2024-03-14,5236,MR3,MR 3 Messuhren,0.0000,0.0000,7.7000,41.1200,48.8200
2024-03-14,5233,MR4,MR 4 Lohnmessung,0.0000,0.0000,0.0000,10.8200,10.8200
2024-03-14,5239,MR5,MR 5 Bügelmessschrauben,0.0000,7.7000,0.0000,24.8900,32.5900
2024-03-14,5235,MR6,MR 6 Messschieber,0.0000,7.7000,7.7000,5.3700,20.7700
2024-03-14,5232,MR7,MR 7 Lehren,0.0000,5.0000,0.0000,45.0200,50.0200
2024-03-14,5238,MR8,MR 8 Temperatur,0.0000,0.0000,0.0000,16.6000,16.6000
2024-03-14,5237,MR9,MR 9 Elektro BS,0.0000,7.7000,0.0000,10.4700,18.1700
2024-03-14,5225,Packplatz,Packplatz,0.0000,15.4000,0.0000,15.4800,30.8800
2024-03-14,5230,Springer,PRÜFER BS,0.0000,0.0000,0.0000,3.4700,3.4700
2024-03-14,5900,Qualifizierung,Qualifizierung,0.0000,0.0000,0.0000,53.5100,53.5100
2024-03-14,5223,WA,WA BS,0.0000,0.0000,0.0000,18.2900,18.2900
2024-03-14,5222,WE,WE BS,0.0000,0.0000,0.0000,70.4800,70.4800
2024-03-14,5220,WE/WA,WE/WA BS,0.0000,0.0000,0.0000,19.4700,19.4700
2024-03-15,5240,AV,Arbeitsvorbereitung BS,0.0000,7.7000,7.7000,79.7300,95.1300
2024-03-15,5231,MR1,MR 1 Endmaße,0.0000,0.0000,7.7000,29.1200,36.8200
2024-03-15,5211,MR11,MR 11 KMG,0.0000,0.0000,0.0000,12.5000,12.5000
2024-03-15,5234,MR2,MR 2 Drehmomente,0.0000,7.7000,0.0000,28.0300,35.7300
2024-03-15,5236,MR3,MR 3 Messuhren,0.0000,0.0000,7.7000,25.2000,32.9000
2024-03-15,5233,MR4,MR 4 Lohnmessung,0.0000,0.0000,0.0000,15.3400,15.3400
2024-03-15,5239,MR5,MR 5 Bügelmessschrauben,0.0000,7.7000,0.0000,17.7100,25.4100
2024-03-15,5235,MR6,MR 6 Messschieber,0.0000,0.0000,7.7000,29.2200,36.9200
2024-03-15,5232,MR7,MR 7 Lehren,0.0000,0.0000,0.0000,38.6600,38.6600
2024-03-15,5238,MR8,MR 8 Temperatur,0.0000,0.0000,0.0000,6.7000,6.7000
2024-03-15,5237,MR9,MR 9 Elektro BS,0.0000,7.7000,0.0000,7.6000,15.3000
2024-03-15,5225,Packplatz,Packplatz,0.0000,15.4000,0.0000,11.2700,26.6700
2024-03-15,5230,Springer,PRÜFER BS,0.0000,0.0000,0.0000,7.2300,7.2300
2024-03-15,5900,Qualifizierung,Qualifizierung,0.0000,0.0000,0.0000,43.7600,43.7600
2024-03-15,5223,WA,WA BS,0.0000,0.0000,0.0000,14.8700,14.8700
2024-03-15,5222,WE,WE BS,0.0000,0.0000,0.0000,61.5700,61.5700
2024-03-15,5220,WE/WA,WE/WA BS,0.0000,0.0000,0.0000,6.2200,6.2200
2024-03-18,5240,AV,Arbeitsvorbereitung BS,0.0000,0.0000,0.0000,97.3100,97.3100
2024-03-18,5231,MR1,MR 1 Endmaße,0.0000,0.0000,0.0000,29.2300,29.2300
2024-03-18,5211,MR11,MR 11 KMG,7.7000,0.0000,0.0000,15.6400,23.3400
2024-03-18,5234,MR2,MR 2 Drehmomente,0.0000,0.0000,7.7000,27.4900,35.1900
2024-03-18,5236,MR3,MR 3 Messuhren,0.0000,0.0000,7.7000,30.7100,38.4100
2024-03-18,5233,MR4,MR 4 Lohnmessung,0.0000,0.0000,0.0000,15.9000,15.9000
2024-03-18,5239,MR5,MR 5 Bügelmessschrauben,0.0000,0.0000,0.0000,45.0500,45.0500
2024-03-18,5235,MR6,MR 6 Messschieber,0.0000,0.0000,0.0000,44.1100,44.1100
2024-03-18,5232,MR7,MR 7 Lehren,0.0000,5.0000,0.0000,59.6000,64.6000
2024-03-18,5237,MR9,MR 9 Elektro BS,0.0000,0.0000,0.0000,23.3300,23.3300
2024-03-18,5225,Packplatz,Packplatz,0.0000,0.0000,0.0000,37.7700,37.7700
2024-03-18,5230,Springer,PRÜFER BS,0.0000,0.0000,0.0000,1.0300,1.0300
2024-03-18,5900,Qualifizierung,Qualifizierung,0.0000,0.0000,0.0000,38.8800,38.8800
2024-03-18,5223,WA,WA BS,0.0000,0.0000,7.7000,16.0800,23.7800
2024-03-18,5222,WE,WE BS,0.0000,0.0000,7.7000,62.1800,69.8800
2024-03-18,5220,WE/WA,WE/WA BS,0.0000,0.0000,7.7000,,7.7000
2024-03-19,5240,AV,Arbeitsvorbereitung BS,0.0000,7.7000,0.0000,89.2200,96.9200
2024-03-19,5231,MR1,MR 1 Endmaße,0.0000,0.0000,0.0000,35.1800,35.1800
2024-03-19,5211,MR11,MR 11 KMG,7.7000,0.0000,0.0000,15.5400,23.2400
2024-03-19,5234,MR2,MR 2 Drehmomente,0.0000,0.0000,7.7000,31.6500,39.3500
2024-03-19,5236,MR3,MR 3 Messuhren,0.0000,0.0000,0.0000,40.3100,40.3100
2024-03-19,5233,MR4,MR 4 Lohnmessung,0.0000,0.0000,0.0000,15.7200,15.7200
2024-03-19,5239,MR5,MR 5 Bügelmessschrauben,0.0000,0.0000,0.0000,48.2400,48.2400
2024-03-19,5235,MR6,MR 6 Messschieber,0.0000,0.0000,0.0000,43.8800,43.8800
2024-03-19,5232,MR7,MR 7 Lehren,0.0000,5.0000,0.0000,53.3300,58.3300
2024-03-19,5238,MR8,MR 8 Temperatur,0.0000,0.0000,0.0000,15.2500,15.2500
2024-03-19,5237,MR9,MR 9 Elektro BS,0.0000,0.0000,0.0000,16.2900,16.2900
2024-03-19,5225,Packplatz,Packplatz,0.0000,0.0000,0.0000,38.2900,38.2900
2024-03-19,5230,Springer,PRÜFER BS,0.0000,0.0000,0.0000,0.1800,0.1800
2024-03-19,5900,Qualifizierung,Qualifizierung,0.0000,0.0000,0.0000,32.0300,32.0300
2024-03-19,5223,WA,WA BS,0.0000,0.0000,0.0000,16.0700,16.0700
2024-03-19,5222,WE,WE BS,0.0000,7.7000,7.7000,54.4000,69.8000
2024-03-19,5220,WE/WA,WE/WA BS,0.0000,0.0000,7.7000,2.3700,10.0700
2024-03-20,5240,AV,Arbeitsvorbereitung BS,0.0000,7.7000,0.0000,80.9500,88.6500
2024-03-20,5231,MR1,MR 1 Endmaße,0.0000,0.0000,0.0000,34.2000,34.2000
2024-03-20,5211,MR11,MR 11 KMG,7.7000,0.0000,0.0000,17.4300,25.1300
2024-03-20,5234,MR2,MR 2 Drehmomente,0.0000,0.0000,7.7000,24.7300,32.4300
2024-03-20,5236,MR3,MR 3 Messuhren,0.0000,0.0000,0.0000,33.5700,33.5700
2024-03-20,5233,MR4,MR 4 Lohnmessung,0.0000,0.0000,0.0000,15.7800,15.7800
2024-03-20,5239,MR5,MR 5 Bügelmessschrauben,0.0000,0.0000,0.0000,31.9000,31.9000
2024-03-20,5235,MR6,MR 6 Messschieber,0.0000,0.0000,0.0000,35.5500,35.5500
2024-03-20,5232,MR7,MR 7 Lehren,0.0000,5.0000,0.0000,57.7400,62.7400
2024-03-20,5238,MR8,MR 8 Temperatur,0.0000,0.0000,0.0000,12.7300,12.7300
2024-03-20,5237,MR9,MR 9 Elektro BS,0.0000,0.0000,0.0000,23.3000,23.3000
2024-03-20,5225,Packplatz,Packplatz,0.0000,0.0000,0.0000,35.3300,35.3300
2024-03-20,5230,Springer,PRÜFER BS,0.0000,0.0000,0.0000,3.4800,3.4800
2024-03-20,5900,Qualifizierung,Qualifizierung,0.0000,0.0000,0.0000,44.5100,44.5100
2024-03-20,5223,WA,WA BS,0.0000,0.0000,7.7000,15.7300,23.4300
2024-03-20,5222,WE,WE BS,0.0000,7.7000,7.7000,54.2500,69.6500
2024-03-20,5220,WE/WA,WE/WA BS,0.0000,0.0000,7.7000,,7.7000
2024-03-21,5240,AV,Arbeitsvorbereitung BS,0.0000,7.7000,0.0000,89.0700,96.7700
2024-03-21,5231,MR1,MR 1 Endmaße,0.0000,0.0000,0.0000,37.2000,37.2000
2024-03-21,5211,MR11,MR 11 KMG,7.7000,0.0000,0.0000,13.2100,20.9100
2024-03-21,5234,MR2,MR 2 Drehmomente,0.0000,0.0000,7.7000,31.7400,39.4400
2024-03-21,5236,MR3,MR 3 Messuhren,0.0000,0.0000,0.0000,29.3000,29.3000
2024-03-21,5233,MR4,MR 4 Lohnmessung,0.0000,0.0000,0.0000,15.8000,15.8000
2024-03-21,5239,MR5,MR 5 Bügelmessschrauben,0.0000,0.0000,0.0000,43.3900,43.3900
2024-03-21,5235,MR6,MR 6 Messschieber,0.0000,0.0000,0.0000,29.3700,29.3700
2024-03-21,5232,MR7,MR 7 Lehren,0.0000,5.0000,0.0000,52.2600,57.2600
2024-03-21,5238,MR8,MR 8 Temperatur,0.0000,0.0000,0.0000,8.5200,8.5200
2024-03-21,5237,MR9,MR 9 Elektro BS,0.0000,0.0000,0.0000,23.6700,23.6700
2024-03-21,5225,Packplatz,Packplatz,0.0000,0.0000,0.0000,30.9300,30.9300
2024-03-21,5230,Springer,PRÜFER BS,0.0000,0.0000,0.0000,5.4200,5.4200
2024-03-21,5900,Qualifizierung,Qualifizierung,0.0000,0.0000,0.0000,45.0700,45.0700
2024-03-21,5223,WA,WA BS,0.0000,0.0000,7.7000,15.7200,23.4200
2024-03-21,5222,WE,WE BS,0.0000,7.7000,7.7000,53.4900,68.8900
2024-03-21,5220,WE/WA,WE/WA BS,0.0000,0.0000,7.7000,,7.7000
2024-03-22,5240,AV,Arbeitsvorbereitung BS,0.0000,15.4000,0.0000,79.0000,94.4000
2024-03-22,5231,MR1,MR 1 Endmaße,0.0000,0.0000,0.0000,27.5800,27.5800
2024-03-22,5211,MR11,MR 11 KMG,0.0000,0.0000,0.0000,23.1900,23.1900
2024-03-22,5234,MR2,MR 2 Drehmomente,0.0000,0.0000,7.7000,18.2600,25.9600
2024-03-22,5236,MR3,MR 3 Messuhren,0.0000,0.0000,0.0000,21.6500,21.6500
2024-03-22,5233,MR4,MR 4 Lohnmessung,0.0000,0.0000,0.0000,20.7200,20.7200
2024-03-22,5239,MR5,MR 5 Bügelmessschrauben,0.0000,0.0000,0.0000,35.0600,35.0600
2024-03-22,5235,MR6,MR 6 Messschieber,0.0000,7.7000,0.0000,20.5500,28.2500
2024-03-22,5232,MR7,MR 7 Lehren,0.0000,7.7000,0.0000,32.0100,39.7100
2024-03-22,5238,MR8,MR 8 Temperatur,0.0000,0.0000,0.0000,13.2100,13.2100
2024-03-22,5237,MR9,MR 9 Elektro BS,0.0000,0.0000,0.0000,17.2500,17.2500
2024-03-22,5225,Packplatz,Packplatz,0.0000,0.0000,0.0000,28.8100,28.8100
2024-03-22,5230,Springer,PRÜFER BS,0.0000,0.0000,0.0000,7.7300,7.7300
2024-03-22,5900,Qualifizierung,Qualifizierung,0.0000,0.0000,0.0000,44.8100,44.8100
2024-03-22,5223,WA,WA BS,0.0000,0.0000,0.0000,16.8700,16.8700
2024-03-22,5222,WE,WE BS,0.0000,7.7000,23.1000,31.8900,62.6900
2024-03-22,5220,WE/WA,WE/WA BS,0.0000,0.0000,7.7000,,7.7000
2024-03-25,5240,AV,Arbeitsvorbereitung BS,0.0000,23.1000,4.0000,56.2700,83.3700
2024-03-25,5231,MR1,MR 1 Endmaße,0.0000,7.7000,6.0000,12.8300,26.5300
2024-03-25,5211,MR11,MR 11 KMG,7.7000,0.0000,0.0000,8.5000,16.2000
2024-03-25,5234,MR2,MR 2 Drehmomente,0.0000,0.0000,0.0000,40.1000,40.1000
2024-03-25,5236,MR3,MR 3 Messuhren,0.0000,0.0000,0.0000,39.0600,39.0600
2024-03-25,5233,MR4,MR 4 Lohnmessung,0.0000,0.0000,7.7000,3.5500,11.2500
2024-03-25,5239,MR5,MR 5 Bügelmessschrauben,0.0000,0.0000,15.4000,21.0400,36.4400
2024-03-25,5235,MR6,MR 6 Messschieber,0.0000,7.7000,5.0000,29.2300,41.9300
2024-03-25,5232,MR7,MR 7 Lehren,0.0000,5.0000,23.1000,39.7400,67.8400
2024-03-25,5238,MR8,MR 8 Temperatur,0.0000,0.0000,0.0000,6.6300,6.6300
2024-03-25,5237,MR9,MR 9 Elektro BS,0.0000,0.0000,0.0000,23.3600,23.3600
2024-03-25,5225,Packplatz,Packplatz,0.0000,0.0000,7.7000,23.3400,31.0400
2024-03-25,5230,Springer,PRÜFER BS,0.0000,0.0000,7.7000,,7.7000
2024-03-25,5900,Qualifizierung,Qualifizierung,0.0000,0.0000,0.0000,36.8000,36.8000
2024-03-25,5223,WA,WA BS,0.0000,0.0000,7.7000,8.0800,15.7800
2024-03-25,5222,WE,WE BS,0.0000,0.0000,23.1000,39.3300,62.4300
2024-03-25,5220,WE/WA,WE/WA BS,0.0000,0.0000,0.0000,9.5700,9.5700
2024-03-26,5240,AV,Arbeitsvorbereitung BS,0.0000,23.1000,4.0000,67.5300,94.6300
2024-03-26,5231,MR1,MR 1 Endmaße,0.0000,7.7000,6.0000,15.9800,29.6800
2024-03-26,5211,MR11,MR 11 KMG,7.7000,0.0000,0.0000,8.7800,16.4800
2024-03-26,5234,MR2,MR 2 Drehmomente,0.0000,0.0000,0.0000,45.7800,45.7800
2024-03-26,5236,MR3,MR 3 Messuhren,0.0000,0.0000,0.0000,39.0300,39.0300
2024-03-26,5233,MR4,MR 4 Lohnmessung,0.0000,0.0000,7.7000,7.8500,15.5500
2024-03-26,5239,MR5,MR 5 Bügelmessschrauben,0.0000,0.0000,15.4000,29.5500,44.9500
2024-03-26,5235,MR6,MR 6 Messschieber,0.0000,7.7000,5.0000,15.6800,28.3800
2024-03-26,5232,MR7,MR 7 Lehren,0.0000,5.0000,23.1000,46.0700,74.1700
2024-03-26,5237,MR9,MR 9 Elektro BS,0.0000,0.0000,0.0000,23.4200,23.4200
2024-03-26,5225,Packplatz,Packplatz,0.0000,0.0000,7.7000,28.9000,36.6000
2024-03-26,5230,Springer,PRÜFER BS,0.0000,0.0000,7.7000,,7.7000
2024-03-26,5900,Qualifizierung,Qualifizierung,0.0000,0.0000,0.0000,25.2500,25.2500
2024-03-26,5223,WA,WA BS,0.0000,0.0000,7.7000,15.7800,23.4800
2024-03-26,5222,WE,WE BS,0.0000,0.0000,23.1000,47.1800,70.2800
2024-03-26,5220,WE/WA,WE/WA BS,0.0000,0.0000,0.0000,8.4300,8.4300
2024-03-27,5240,AV,Arbeitsvorbereitung BS,0.0000,30.8000,0.0000,57.1900,87.9900
2024-03-27,5231,MR1,MR 1 Endmaße,0.0000,0.0000,6.0000,17.0500,23.0500
2024-03-27,5211,MR11,MR 11 KMG,7.7000,0.0000,0.0000,10.6500,18.3500
2024-03-27,5234,MR2,MR 2 Drehmomente,0.0000,0.0000,0.0000,29.8000,29.8000
2024-03-27,5236,MR3,MR 3 Messuhren,0.0000,0.0000,0.0000,25.2600,25.2600
2024-03-27,5233,MR4,MR 4 Lohnmessung,0.0000,0.0000,7.7000,,7.7000
2024-03-27,5239,MR5,MR 5 Bügelmessschrauben,0.0000,0.0000,15.4000,29.0200,44.4200
2024-03-27,5235,MR6,MR 6 Messschieber,0.0000,7.7000,5.0000,27.0600,39.7600
2024-03-27,5232,MR7,MR 7 Lehren,0.0000,5.0000,23.1000,44.6300,72.7300
2024-03-27,5238,MR8,MR 8 Temperatur,0.0000,0.0000,7.7000,4.2700,11.9700
2024-03-27,5237,MR9,MR 9 Elektro BS,0.0000,0.0000,0.0000,23.3000,23.3000
2024-03-27,5225,Packplatz,Packplatz,0.0000,0.0000,7.7000,26.2300,33.9300
2024-03-27,5230,Springer,PRÜFER BS,0.0000,0.0000,7.7000,,7.7000
2024-03-27,5900,Qualifizierung,Qualifizierung,0.0000,0.0000,0.0000,33.2200,33.2200
2024-03-27,5223,WA,WA BS,0.0000,0.0000,7.7000,15.7000,23.4000
2024-03-27,5222,WE,WE BS,0.0000,0.0000,23.1000,39.0500,62.1500
2024-03-27,5220,WE/WA,WE/WA BS,0.0000,0.0000,0.0000,14.6900,14.6900
2024-03-28,5240,AV,Arbeitsvorbereitung BS,0.0000,23.1000,4.0000,60.8600,87.9600
2024-03-28,5231,MR1,MR 1 Endmaße,0.0000,0.0000,6.0000,23.3300,29.3300
2024-03-28,5211,MR11,MR 11 KMG,7.7000,0.0000,7.7000,,15.4000
2024-03-28,5234,MR2,MR 2 Drehmomente,0.0000,0.0000,0.0000,32.8500,32.8500
2024-03-28,5236,MR3,MR 3 Messuhren,0.0000,7.7000,7.7000,23.4300,38.8300
2024-03-28,5233,MR4,MR 4 Lohnmessung,0.0000,0.0000,7.7000,1.9500,9.6500
2024-03-28,5239,MR5,MR 5 Bügelmessschrauben,0.0000,0.0000,15.4000,29.1000,44.5000
2024-03-28,5235,MR6,MR 6 Messschieber,0.0000,7.7000,12.7000,17.8000,38.2000
2024-03-28,5232,MR7,MR 7 Lehren,0.0000,5.0000,30.8000,50.6400,86.4400
2024-03-28,5238,MR8,MR 8 Temperatur,0.0000,0.0000,7.7000,0.9200,8.6200
2024-03-28,5237,MR9,MR 9 Elektro BS,0.0000,0.0000,0.0000,23.3100,23.3100
2024-03-28,5225,Packplatz,Packplatz,0.0000,0.0000,7.7000,14.1500,21.8500
2024-03-28,5230,Springer,PRÜFER BS,0.0000,0.0000,7.7000,,7.7000
2024-03-28,5900,Qualifizierung,Qualifizierung,0.0000,0.0000,0.0000,14.8000,14.8000
2024-03-28,5223,WA,WA BS,0.0000,0.0000,7.7000,11.9500,19.6500
2024-03-28,5222,WE,WE BS,7.7000,0.0000,15.4000,36.0400,59.1400
2024-03-28,5220,WE/WA,WE/WA BS,0.0000,0.0000,0.0000,6.9500,6.9500
2024-03-29,5240,AV,Arbeitsvorbereitung BS,0.0000,15.4000,0.0000,,15.4000
2024-04-01,5240,AV,Arbeitsvorbereitung BS,0.0000,7.7000,0.0000,,7.7000
2024-04-01,5232,MR7,MR 7 Lehren,0.0000,12.7000,0.0000,,12.7000
2024-04-02,5240,AV,Arbeitsvorbereitung BS,0.0000,7.7000,23.1000,65.1100,95.9100
2024-04-02,5231,MR1,MR 1 Endmaße,0.0000,0.0000,15.4000,21.8200,37.2200
2024-04-02,5211,MR11,MR 11 KMG,7.7000,0.0000,0.0000,2.8500,10.5500
2024-04-02,5234,MR2,MR 2 Drehmomente,0.0000,7.7000,7.7000,31.2000,46.6000
2024-04-02,5236,MR3,MR 3 Messuhren,0.0000,7.7000,15.4000,15.4700,38.5700
2024-04-02,5233,MR4,MR 4 Lohnmessung,0.0000,0.0000,7.7000,8.0300,15.7300
2024-04-02,5239,MR5,MR 5 Bügelmessschrauben,0.0000,0.0000,7.7000,32.5200,40.2200
2024-04-02,5235,MR6,MR 6 Messschieber,0.0000,0.0000,15.4000,27.0300,42.4300
2024-04-02,5232,MR7,MR 7 Lehren,0.0000,12.7000,15.4000,27.9300,56.0300
2024-04-02,5238,MR8,MR 8 Temperatur,0.0000,0.0000,0.0000,8.0300,8.0300
2024-04-02,5237,MR9,MR 9 Elektro BS,0.0000,0.0000,7.7000,15.8500,23.5500
2024-04-02,5225,Packplatz,Packplatz,0.0000,0.0000,7.7000,29.2800,36.9800
2024-04-02,5230,Springer,PRÜFER BS,0.0000,0.0000,0.0000,8.0800,8.0800
2024-04-02,5900,Qualifizierung,Qualifizierung,0.0000,0.0000,0.0000,23.3600,23.3600
2024-04-02,5223,WA,WA BS,0.0000,0.0000,7.7000,16.2000,23.9000
2024-04-02,5222,WE,WE BS,0.0000,0.0000,7.7000,58.8600,66.5600
2024-04-02,5220,WE/WA,WE/WA BS,0.0000,0.0000,0.0000,12.2700,12.2700
2024-04-03,5240,AV,Arbeitsvorbereitung BS,0.0000,7.7000,23.1000,58.9300,89.7300
2024-04-03,5231,MR1,MR 1 Endmaße,0.0000,0.0000,15.4000,19.8200,35.2200
2024-04-03,5211,MR11,MR 11 KMG,7.7000,0.0000,0.0000,15.7600,23.4600
2024-04-03,5234,MR2,MR 2 Drehmomente,0.0000,7.7000,7.7000,23.5800,38.9800
2024-04-03,5236,MR3,MR 3 Messuhren,0.0000,7.7000,7.7000,26.4800,41.8800
2024-04-03,5233,MR4,MR 4 Lohnmessung,0.0000,0.0000,7.7000,8.0800,15.7800
2024-04-03,5239,MR5,MR 5 Bügelmessschrauben,0.0000,0.0000,7.7000,34.0800,41.7800
2024-04-03,5235,MR6,MR 6 Messschieber,0.0000,0.0000,15.4000,28.2500,43.6500
2024-04-03,5232,MR7,MR 7 Lehren,0.0000,12.7000,7.7000,48.1000,68.5000
2024-04-03,5238,MR8,MR 8 Temperatur,0.0000,0.0000,0.0000,6.7700,6.7700
2024-04-03,5237,MR9,MR 9 Elektro BS,0.0000,0.0000,7.7000,15.8600,23.5600
2024-04-03,5225,Packplatz,Packplatz,0.0000,0.0000,7.7000,27.6500,35.3500
2024-04-03,5900,Qualifizierung,Qualifizierung,0.0000,0.0000,0.0000,20.9200,20.9200
2024-04-03,5223,WA,WA BS,0.0000,0.0000,7.7000,15.8300,23.5300
2024-04-03,5222,WE,WE BS,0.0000,0.0000,7.7000,63.6800,71.3800
2024-04-03,5220,WE/WA,WE/WA BS,0.0000,0.0000,0.0000,8.3300,8.3300
2024-04-04,5240,AV,Arbeitsvorbereitung BS,0.0000,7.7000,15.4000,71.7900,94.8900
2024-04-04,5231,MR1,MR 1 Endmaße,0.0000,0.0000,7.7000,23.9500,31.6500
2024-04-04,5211,MR11,MR 11 KMG,7.7000,0.0000,0.0000,15.8700,23.5700
2024-04-04,5234,MR2,MR 2 Drehmomente,0.0000,7.7000,7.7000,23.4300,38.8300
2024-04-04,5236,MR3,MR 3 Messuhren,0.0000,15.4000,7.7000,20.3100,43.4100
2024-04-04,5233,MR4,MR 4 Lohnmessung,0.0000,0.0000,7.7000,8.0000,15.7000
2024-04-04,5239,MR5,MR 5 Bügelmessschrauben,0.0000,0.0000,7.7000,31.0600,38.7600
2024-04-04,5235,MR6,MR 6 Messschieber,0.0000,0.0000,15.4000,28.4100,43.8100
2024-04-04,5232,MR7,MR 7 Lehren,0.0000,5.0000,15.4000,49.4800,69.8800
2024-04-04,5238,MR8,MR 8 Temperatur,0.0000,0.0000,0.0000,7.1500,7.1500
2024-04-04,5237,MR9,MR 9 Elektro BS,0.0000,0.0000,7.7000,15.7200,23.4200
2024-04-04,5225,Packplatz,Packplatz,0.0000,7.7000,7.7000,15.8500,31.2500
2024-04-04,5900,Qualifizierung,Qualifizierung,0.0000,0.0000,0.0000,16.7800,16.7800
2024-04-04,5223,WA,WA BS,0.0000,0.0000,7.7000,16.1800,23.8800
2024-04-04,5222,WE,WE BS,0.0000,0.0000,7.7000,61.8200,69.5200
2024-04-04,5220,WE/WA,WE/WA BS,0.0000,0.0000,0.0000,7.2700,7.2700
2024-04-05,5240,AV,Arbeitsvorbereitung BS,0.0000,15.4000,23.1000,56.1200,94.6200
2024-04-05,5231,MR1,MR 1 Endmaße,0.0000,0.0000,7.7000,20.2200,27.9200
2024-04-05,5211,MR11,MR 11 KMG,0.0000,0.0000,0.0000,13.9700,13.9700
2024-04-05,5234,MR2,MR 2 Drehmomente,0.0000,7.7000,7.7000,16.0700,31.4700
2024-04-05,5236,MR3,MR 3 Messuhren,0.0000,7.7000,0.0000,29.4000,37.1000
2024-04-05,5233,MR4,MR 4 Lohnmessung,0.0000,0.0000,7.7000,8.5300,16.2300
2024-04-05,5239,MR5,MR 5 Bügelmessschrauben,0.0000,0.0000,7.7000,20.1000,27.8000
2024-04-05,5235,MR6,MR 6 Messschieber,0.0000,0.0000,15.4000,24.4000,39.8000
2024-04-05,5232,MR7,MR 7 Lehren,0.0000,0.0000,15.4000,51.4400,66.8400
2024-04-05,5238,MR8,MR 8 Temperatur,0.0000,0.0000,0.0000,10.0100,10.0100
2024-04-05,5237,MR9,MR 9 Elektro BS,0.0000,0.0000,7.7000,12.8000,20.5000
2024-04-05,5225,Packplatz,Packplatz,0.0000,0.0000,7.7000,22.7700,30.4700
2024-04-05,5900,Qualifizierung,Qualifizierung,0.0000,0.0000,0.0000,18.5100,18.5100
2024-04-05,5223,WA,WA BS,0.0000,0.0000,7.7000,7.0300,14.7300
2024-04-05,5222,WE,WE BS,0.0000,0.0000,7.7000,53.5000,61.2000
2024-04-05,5220,WE/WA,WE/WA BS,0.0000,0.0000,0.0000,7.1300,7.1300
2024-04-08,5240,AV,Arbeitsvorbereitung BS,0.0000,0.0000,15.4000,68.0100,83.4100
2024-04-08,5231,MR1,MR 1 Endmaße,0.0000,0.0000,0.0000,19.0600,19.0600
2024-04-08,5211,MR11,MR 11 KMG,0.0000,0.0000,0.0000,10.0800,10.0800
2024-04-08,5234,MR2,MR 2 Drehmomente,0.0000,7.7000,0.0000,25.9100,33.6100
2024-04-08,5236,MR3,MR 3 Messuhren,0.0000,0.0000,0.0000,42.6200,42.6200
2024-04-08,5233,MR4,MR 4 Lohnmessung,0.0000,0.0000,0.0000,7.7800,7.7800
2024-04-08,5239,MR5,MR 5 Bügelmessschrauben,0.0000,0.0000,0.0000,35.5300,35.5300
2024-04-08,5235,MR6,MR 6 Messschieber,0.0000,0.0000,7.7000,28.9800,36.6800
2024-04-08,5232,MR7,MR 7 Lehren,0.0000,12.7000,0.0000,57.3900,70.0900
2024-04-08,5238,MR8,MR 8 Temperatur,0.0000,0.0000,0.0000,16.4700,16.4700
2024-04-08,5237,MR9,MR 9 Elektro BS,0.0000,0.0000,0.0000,19.6300,19.6300
2024-04-08,5225,Packplatz,Packplatz,0.0000,0.0000,0.0000,36.5100,36.5100
2024-04-08,5900,Qualifizierung,Qualifizierung,0.0000,0.0000,0.0000,50.1100,50.1100
2024-04-08,5223,WA,WA BS,0.0000,0.0000,7.7000,8.0300,15.7300
2024-04-08,5222,WE,WE BS,0.0000,0.0000,7.7000,70.8000,78.5000
2024-04-08,5220,WE/WA,WE/WA BS,0.0000,0.0000,0.0000,10.9500,10.9500
2024-04-09,5240,AV,Arbeitsvorbereitung BS,0.0000,0.0000,7.7000,87.3100,95.0100
2024-04-09,5231,MR1,MR 1 Endmaße,0.0000,0.0000,0.0000,28.9000,28.9000
2024-04-09,5211,MR11,MR 11 KMG,0.0000,0.0000,0.0000,8.0800,8.0800
2024-04-09,5234,MR2,MR 2 Drehmomente,0.0000,7.7000,0.0000,30.5100,38.2100
2024-04-09,5236,MR3,MR 3 Messuhren,0.0000,7.7000,0.0000,44.3800,52.0800
2024-04-09,5233,MR4,MR 4 Lohnmessung,0.0000,0.0000,0.0000,7.7700,7.7700
2024-04-09,5239,MR5,MR 5 Bügelmessschrauben,0.0000,0.0000,0.0000,48.3400,48.3400
2024-04-09,5235,MR6,MR 6 Messschieber,0.0000,7.7000,0.0000,29.8700,37.5700
2024-04-09,5232,MR7,MR 7 Lehren,0.0000,12.7000,0.0000,54.0000,66.7000
2024-04-09,5238,MR8,MR 8 Temperatur,0.0000,0.0000,0.0000,11.6800,11.6800
2024-04-09,5237,MR9,MR 9 Elektro BS,0.0000,0.0000,0.0000,14.9800,14.9800
2024-04-09,5225,Packplatz,Packplatz,0.0000,0.0000,0.0000,30.8300,30.8300
2024-04-09,5900,Qualifizierung,Qualifizierung,0.0000,0.0000,0.0000,27.4700,27.4700
2024-04-09,5223,WA,WA BS,0.0000,0.0000,7.7000,15.9800,23.6800
2024-04-09,5222,WE,WE BS,0.0000,0.0000,7.9300,70.8900,78.8200
2024-04-09,5220,WE/WA,WE/WA BS,0.0000,0.0000,0.0000,8.1300,8.1300
2024-04-10,5240,AV,Arbeitsvorbereitung BS,0.0000,0.0000,7.7000,83.0800,90.7800
2024-04-10,5231,MR1,MR 1 Endmaße,0.0000,0.0000,0.0000,33.1400,33.1400
2024-04-10,5211,MR11,MR 11 KMG,0.0000,0.0000,0.0000,3.1500,3.1500
2024-04-10,5234,MR2,MR 2 Drehmomente,0.0000,7.7000,0.0000,22.0200,29.7200
2024-04-10,5236,MR3,MR 3 Messuhren,0.0000,0.0000,0.0000,33.2300,33.2300
2024-04-10,5233,MR4,MR 4 Lohnmessung,0.0000,0.0000,0.0000,7.1700,7.1700
2024-04-10,5239,MR5,MR 5 Bügelmessschrauben,0.0000,0.0000,7.7000,49.9200,57.6200
2024-04-10,5235,MR6,MR 6 Messschieber,0.0000,0.0000,0.0000,23.0300,23.0300
2024-04-10,5232,MR7,MR 7 Lehren,0.0000,12.7000,0.0000,59.0300,71.7300
2024-04-10,5238,MR8,MR 8 Temperatur,0.0000,0.0000,0.0000,14.0300,14.0300
2024-04-10,5237,MR9,MR 9 Elektro BS,0.0000,0.0000,0.0000,15.5100,15.5100
2024-04-10,5225,Packplatz,Packplatz,0.0000,0.0000,0.0000,35.3600,35.3600
2024-04-10,5900,Qualifizierung,Qualifizierung,0.0000,0.0000,0.0000,44.6000,44.6000
2024-04-10,5223,WA,WA BS,0.0000,7.7000,7.7000,7.9500,23.3500
2024-04-10,5222,WE,WE BS,0.0000,0.0000,0.0000,79.6200,79.6200
2024-04-10,5220,WE/WA,WE/WA BS,0.0000,0.0000,0.0000,8.3800,8.3800
2024-04-11,5240,AV,Arbeitsvorbereitung BS,0.0000,0.0000,7.7000,87.2400,94.9400
2024-04-11,5231,MR1,MR 1 Endmaße,0.0000,0.0000,0.0000,27.5000,27.5000
2024-04-11,5211,MR11,MR 11 KMG,0.0000,0.0000,0.0000,12.2100,12.2100
2024-04-11,5234,MR2,MR 2 Drehmomente,0.0000,7.7000,0.0000,11.0300,18.7300
2024-04-11,5236,MR3,MR 3 Messuhren,0.0000,0.0000,0.0000,25.0600,25.0600
2024-04-11,5233,MR4,MR 4 Lohnmessung,0.0000,0.0000,0.0000,12.7500,12.7500
2024-04-11,5239,MR5,MR 5 Bügelmessschrauben,0.0000,0.0000,0.0000,37.3500,37.3500
2024-04-11,5235,MR6,MR 6 Messschieber,0.0000,0.0000,0.0000,35.5000,35.5000
2024-04-11,5232,MR7,MR 7 Lehren,0.0000,12.7000,0.0000,50.2800,62.9800
2024-04-11,5238,MR8,MR 8 Temperatur,0.0000,0.0000,0.0000,7.1300,7.1300
2024-04-11,5237,MR9,MR 9 Elektro BS,0.0000,0.0000,0.0000,21.3100,21.3100
2024-04-11,5225,Packplatz,Packplatz,0.0000,0.0000,0.0000,29.4800,29.4800
2024-04-11,5900,Qualifizierung,Qualifizierung,0.0000,0.0000,0.0000,49.4800,49.4800
2024-04-11,5223,WA,WA BS,0.0000,0.0000,7.7000,15.9500,23.6500
2024-04-11,5222,WE,WE BS,7.7000,0.0000,0.0000,63.2200,70.9200
2024-04-11,5220,WE/WA,WE/WA BS,0.0000,0.0000,0.0000,8.2200,8.2200
2024-04-12,5240,AV,Arbeitsvorbereitung BS,0.0000,7.7000,7.7000,78.0600,93.4600
2024-04-12,5231,MR1,MR 1 Endmaße,0.0000,6.0000,0.0000,23.9300,29.9300
2024-04-12,5211,MR11,MR 11 KMG,0.0000,0.0000,7.7000,10.1900,17.8900
2024-04-12,5234,MR2,MR 2 Drehmomente,0.0000,7.7000,0.0000,29.4400,37.1400
2024-04-12,5236,MR3,MR 3 Messuhren,0.0000,0.0000,7.7000,11.3800,19.0800
2024-04-12,5233,MR4,MR 4 Lohnmessung,0.0000,0.0000,0.0000,10.7000,10.7000
2024-04-12,5239,MR5,MR 5 Bügelmessschrauben,0.0000,0.0000,0.0000,41.6800,41.6800
2024-04-12,5235,MR6,MR 6 Messschieber,0.0000,0.0000,0.0000,32.2000,32.2000
2024-04-12,5232,MR7,MR 7 Lehren,0.0000,7.7000,0.0000,62.8500,70.5500
2024-04-12,5238,MR8,MR 8 Temperatur,0.0000,0.0000,0.0000,7.3500,7.3500
2024-04-12,5237,MR9,MR 9 Elektro BS,0.0000,0.0000,0.0000,15.5800,15.5800
2024-04-12,5225,Packplatz,Packplatz,0.0000,0.0000,7.5800,23.3600,30.9400
2024-04-12,5900,Qualifizierung,Qualifizierung,0.0000,0.0000,0.0000,13.1200,13.1200
2024-04-12,5223,WA,WA BS,0.0000,0.0000,0.0000,15.1800,15.1800
2024-04-12,5222,WE,WE BS,0.0000,0.0000,8.2500,55.1000,63.3500
2024-04-12,5220,WE/WA,WE/WA BS,0.0000,0.0000,0.0000,7.4200,7.4200
2024-04-15,5240,AV,Arbeitsvorbereitung BS,0.0000,7.7000,0.0000,83.0800,90.7800
2024-04-15,5231,MR1,MR 1 Endmaße,0.0000,0.0000,0.0000,29.3800,29.3800
2024-04-15,5211,MR11,MR 11 KMG,0.0000,0.0000,0.0000,12.4900,12.4900
2024-04-15,5234,MR2,MR 2 Drehmomente,0.0000,0.0000,0.0000,25.8400,25.8400
2024-04-15,5236,MR3,MR 3 Messuhren,0.0000,0.0000,0.0000,49.9800,49.9800
2024-04-15,5233,MR4,MR 4 Lohnmessung,0.0000,0.0000,0.0000,9.0500,9.0500
2024-04-15,5239,MR5,MR 5 Bügelmessschrauben,0.0000,0.0000,0.0000,46.0800,46.0800
2024-04-15,5235,MR6,MR 6 Messschieber,0.0000,0.0000,0.0000,30.5600,30.5600
2024-04-15,5232,MR7,MR 7 Lehren,0.0000,5.0000,0.0000,57.1300,62.1300
2024-04-15,5238,MR8,MR 8 Temperatur,0.0000,0.0000,0.0000,14.5800,14.5800
2024-04-15,5237,MR9,MR 9 Elektro BS,0.0000,0.0000,0.0000,23.3100,23.3100
2024-04-15,5225,Packplatz,Packplatz,0.0000,0.0000,0.0000,38.5400,38.5400
2024-04-15,5900,Qualifizierung,Qualifizierung,0.0000,0.0000,0.0000,43.1000,43.1000
2024-04-15,5223,WA,WA BS,0.0000,0.0000,0.0000,23.8600,23.8600
2024-04-15,5222,WE,WE BS,15.4000,0.0000,0.0000,62.3500,77.7500
2024-04-15,5220,WE/WA,WE/WA BS,0.0000,0.0000,0.0000,8.3200,8.3200
2024-04-16,5240,AV,Arbeitsvorbereitung BS,0.0000,7.7000,0.0000,86.7700,94.4700
2024-04-16,5231,MR1,MR 1 Endmaße,0.0000,0.0000,0.0000,36.4800,36.4800
2024-04-16,5211,MR11,MR 11 KMG,0.0000,0.0000,0.0000,19.8800,19.8800
2024-04-16,5234,MR2,MR 2 Drehmomente,0.0000,0.0000,0.0000,42.1400,42.1400
2024-04-16,5236,MR3,MR 3 Messuhren,0.0000,0.0000,0.0000,28.9200,28.9200
2024-04-16,5233,MR4,MR 4 Lohnmessung,0.0000,0.0000,0.0000,8.4800,8.4800
2024-04-16,5239,MR5,MR 5 Bügelmessschrauben,0.0000,0.0000,0.0000,46.4300,46.4300
2024-04-16,5235,MR6,MR 6 Messschieber,0.0000,0.0000,0.0000,25.9200,25.9200
2024-04-16,5232,MR7,MR 7 Lehren,0.0000,5.0000,0.0000,68.7000,73.7000
2024-04-16,5238,MR8,MR 8 Temperatur,0.0000,0.0000,0.0000,15.4300,15.4300
2024-04-16,5237,MR9,MR 9 Elektro BS,0.0000,0.0000,0.0000,16.9600,16.9600
2024-04-16,5225,Packplatz,Packplatz,0.0000,0.0000,0.0000,36.4600,36.4600
2024-04-16,5900,Qualifizierung,Qualifizierung,0.0000,0.0000,0.0000,29.1400,29.1400
2024-04-16,5223,WA,WA BS,0.0000,0.0000,0.0000,23.7900,23.7900
2024-04-16,5222,WE,WE BS,7.7000,0.0000,0.0000,68.6800,76.3800
2024-04-17,5240,AV,Arbeitsvorbereitung BS,0.0000,7.7000,7.7000,73.9700,89.3700
2024-04-17,5231,MR1,MR 1 Endmaße,0.0000,0.0000,0.0000,32.6000,32.6000
2024-04-17,5211,MR11,MR 11 KMG,0.0000,0.0000,0.0000,15.5900,15.5900
2024-04-17,5234,MR2,MR 2 Drehmomente,0.0000,0.0000,0.0000,30.0700,30.0700
2024-04-17,5236,MR3,MR 3 Messuhren,0.0000,15.4000,0.0000,26.9300,42.3300
2024-04-17,5233,MR4,MR 4 Lohnmessung,0.0000,0.0000,0.0000,8.2000,8.2000
2024-04-17,5239,MR5,MR 5 Bügelmessschrauben,0.0000,7.7000,0.0000,27.5800,35.2800
2024-04-17,5235,MR6,MR 6 Messschieber,0.0000,0.0000,0.0000,36.5700,36.5700
2024-04-17,5232,MR7,MR 7 Lehren,0.0000,5.0000,0.0000,61.2800,66.2800
2024-04-17,5237,MR9,MR 9 Elektro BS,0.0000,0.0000,0.0000,14.5500,14.5500
2024-04-17,5225,Packplatz,Packplatz,0.0000,0.0000,0.0000,35.1000,35.1000
2024-04-17,5900,Qualifizierung,Qualifizierung,0.0000,0.0000,0.0000,51.4100,51.4100
2024-04-17,5223,WA,WA BS,0.0000,0.0000,0.0000,23.6500,23.6500
2024-04-17,5222,WE,WE BS,7.7000,0.0000,0.0000,69.7100,77.4100
2024-04-18,5240,AV,Arbeitsvorbereitung BS,0.0000,7.7000,0.0000,88.2600,95.9600
2024-04-18,5231,MR1,MR 1 Endmaße,0.0000,0.0000,0.0000,30.1800,30.1800
2024-04-18,5211,MR11,MR 11 KMG,0.0000,0.0000,0.0000,18.4800,18.4800
2024-04-18,5234,MR2,MR 2 Drehmomente,0.0000,0.0000,0.0000,18.1100,18.1100
2024-04-18,5236,MR3,MR 3 Messuhren,0.0000,7.7000,0.0000,32.1500,39.8500
2024-04-18,5233,MR4,MR 4 Lohnmessung,0.0000,0.0000,0.0000,8.8800,8.8800
2024-04-18,5239,MR5,MR 5 Bügelmessschrauben,0.0000,0.0000,0.0000,28.9800,28.9800
2024-04-18,5235,MR6,MR 6 Messschieber,0.0000,0.0000,0.0000,30.5500,30.5500
2024-04-18,5232,MR7,MR 7 Lehren,0.0000,12.7000,0.0000,62.3200,75.0200
2024-04-18,5238,MR8,MR 8 Temperatur,0.0000,0.0000,0.0000,14.0700,14.0700
2024-04-18,5237,MR9,MR 9 Elektro BS,0.0000,0.0000,0.0000,23.4000,23.4000
2024-04-18,5225,Packplatz,Packplatz,0.0000,0.0000,0.0000,30.3600,30.3600
2024-04-18,5900,Qualifizierung,Qualifizierung,0.0000,0.0000,0.0000,37.3400,37.3400
2024-04-18,5223,WA,WA BS,0.0000,0.0000,0.0000,24.1200,24.1200
2024-04-18,5222,WE,WE BS,7.7000,0.0000,7.7000,61.9100,77.3100
2024-04-19,5240,AV,Arbeitsvorbereitung BS,0.0000,7.7000,7.7000,72.7100,88.1100
2024-04-19,5231,MR1,MR 1 Endmaße,7.7000,0.0000,0.0000,27.7700,35.4700
2024-04-19,5211,MR11,MR 11 KMG,0.0000,0.0000,0.0000,15.5900,15.5900
2024-04-19,5234,MR2,MR 2 Drehmomente,0.0000,0.0000,0.0000,31.9500,31.9500
2024-04-19,5236,MR3,MR 3 Messuhren,7.7000,0.0000,0.0000,23.5700,31.2700
2024-04-19,5233,MR4,MR 4 Lohnmessung,0.0000,0.0000,0.0000,9.8000,9.8000
2024-04-19,5239,MR5,MR 5 Bügelmessschrauben,0.0000,0.0000,0.0000,25.2300,25.2300
2024-04-19,5235,MR6,MR 6 Messschieber,0.0000,0.0000,7.7000,30.8800,38.5800
2024-04-19,5232,MR7,MR 7 Lehren,0.0000,7.7000,0.0000,59.3000,67.0000
2024-04-19,5238,MR8,MR 8 Temperatur,0.0000,0.0000,0.0000,18.8000,18.8000
2024-04-19,5237,MR9,MR 9 Elektro BS,0.0000,0.0000,0.0000,15.5300,15.5300
2024-04-19,5225,Packplatz,Packplatz,0.0000,0.0000,7.9500,22.6900,30.6400
2024-04-19,5900,Qualifizierung,Qualifizierung,0.0000,0.0000,0.0000,20.1500,20.1500
2024-04-19,5223,WA,WA BS,0.0000,0.0000,0.0000,17.0000,17.0000
2024-04-19,5222,WE,WE BS,7.7000,0.0000,7.7000,62.0900,77.4900
2024-04-22,5240,AV,Arbeitsvorbereitung BS,0.0000,0.0000,7.7000,88.2400,95.9400
2024-04-22,5231,MR1,MR 1 Endmaße,0.0000,0.0000,7.7000,21.9900,29.6900
2024-04-22,5211,MR11,MR 11 KMG,0.0000,0.0000,0.0000,15.8800,15.8800
2024-04-22,5234,MR2,MR 2 Drehmomente,0.0000,0.0000,0.0000,42.1600,42.1600
2024-04-22,5236,MR3,MR 3 Messuhren,0.0000,0.0000,7.7000,40.4800,48.1800
2024-04-22,5233,MR4,MR 4 Lohnmessung,0.0000,0.0000,0.0000,15.5300,15.5300
2024-04-22,5239,MR5,MR 5 Bügelmessschrauben,0.0000,7.7000,0.0000,28.6700,36.3700
2024-04-22,5235,MR6,MR 6 Messschieber,0.0000,0.0000,0.0000,35.3900,35.3900
2024-04-22,5232,MR7,MR 7 Lehren,0.0000,0.0000,0.0000,63.4900,63.4900
2024-04-22,5238,MR8,MR 8 Temperatur,0.0000,0.0000,0.0000,7.8300,7.8300
2024-04-22,5237,MR9,MR 9 Elektro BS,0.0000,0.0000,0.0000,23.4000,23.4000
2024-04-22,5225,Packplatz,Packplatz,0.0000,0.0000,7.7000,29.0800,36.7800
2024-04-22,5900,Qualifizierung,Qualifizierung,0.0000,0.0000,0.0000,27.2400,27.2400
2024-04-22,5223,WA,WA BS,0.0000,0.0000,0.0000,15.7800,15.7800
2024-04-22,5222,WE,WE BS,7.7000,7.7000,7.7000,46.9100,70.0100
2024-04-23,5240,AV,Arbeitsvorbereitung BS,0.0000,0.0000,7.7000,87.6000,95.3000
2024-04-23,5231,MR1,MR 1 Endmaße,0.0000,0.0000,0.0000,37.3800,37.3800
2024-04-23,5211,MR11,MR 11 KMG,0.0000,0.0000,0.0000,19.8000,19.8000
2024-04-23,5234,MR2,MR 2 Drehmomente,0.0000,0.0000,0.0000,52.8900,52.8900
2024-04-23,5236,MR3,MR 3 Messuhren,0.0000,0.0000,0.0000,52.6000,52.6000
2024-04-23,5233,MR4,MR 4 Lohnmessung,0.0000,0.0000,0.0000,13.8300,13.8300
2024-04-23,5239,MR5,MR 5 Bügelmessschrauben,0.0000,7.7000,0.0000,39.0100,46.7100
2024-04-23,5235,MR6,MR 6 Messschieber,0.0000,0.0000,0.0000,23.5800,23.5800
2024-04-23,5232,MR7,MR 7 Lehren,0.0000,0.0000,0.0000,62.9600,62.9600
2024-04-23,5238,MR8,MR 8 Temperatur,0.0000,0.0000,0.0000,11.6400,11.6400
2024-04-23,5237,MR9,MR 9 Elektro BS,0.0000,0.0000,0.0000,19.4700,19.4700
2024-04-23,5225,Packplatz,Packplatz,0.0000,0.0000,7.7000,29.8400,37.5400
2024-04-23,5900,Qualifizierung,Qualifizierung,0.0000,0.0000,0.0000,25.4600,25.4600
2024-04-23,5223,WA,WA BS,0.0000,7.7000,0.0000,15.4300,23.1300
2024-04-23,5222,WE,WE BS,7.7000,7.7000,0.0000,61.0600,76.4600
2024-04-24,5240,AV,Arbeitsvorbereitung BS,0.0000,0.0000,0.0000,90.7500,90.7500
2024-04-24,5231,MR1,MR 1 Endmaße,0.0000,0.0000,0.0000,37.8200,37.8200
2024-04-24,5211,MR11,MR 11 KMG,0.0000,0.0000,0.0000,20.9000,20.9000
2024-04-24,5234,MR2,MR 2 Drehmomente,0.0000,0.0000,0.0000,46.3300,46.3300
2024-04-24,5236,MR3,MR 3 Messuhren,0.0000,7.7000,0.0000,24.0200,31.7200
2024-04-24,5233,MR4,MR 4 Lohnmessung,0.0000,0.0000,0.0000,11.2000,11.2000
2024-04-24,5239,MR5,MR 5 Bügelmessschrauben,0.0000,7.7000,0.0000,36.7600,44.4600
2024-04-24,5235,MR6,MR 6 Messschieber,0.0000,0.0000,0.0000,31.3900,31.3900
2024-04-24,5232,MR7,MR 7 Lehren,0.0000,0.0000,0.0000,63.0900,63.0900
2024-04-24,5238,MR8,MR 8 Temperatur,0.0000,0.0000,0.0000,6.4700,6.4700
2024-04-24,5237,MR9,MR 9 Elektro BS,0.0000,0.0000,0.0000,15.5800,15.5800
2024-04-24,5225,Packplatz,Packplatz,0.0000,0.0000,7.7000,28.0300,35.7300
2024-04-24,5900,Qualifizierung,Qualifizierung,0.0000,0.0000,0.0000,27.0300,27.0300
2024-04-24,5223,WA,WA BS,0.0000,0.0000,0.0000,23.5000,23.5000
2024-04-24,5222,WE,WE BS,7.7000,7.7000,0.0000,63.7000,79.1000
2024-04-25,5240,AV,Arbeitsvorbereitung BS,0.0000,0.0000,0.0000,93.9500,93.9500
2024-04-25,5231,MR1,MR 1 Endmaße,0.0000,0.0000,0.0000,29.7200,29.7200
2024-04-25,5211,MR11,MR 11 KMG,0.0000,0.0000,0.0000,13.3900,13.3900
2024-04-25,5234,MR2,MR 2 Drehmomente,0.0000,0.0000,0.0000,31.7400,31.7400
2024-04-25,5236,MR3,MR 3 Messuhren,0.0000,0.0000,0.0000,37.5900,37.5900
2024-04-25,5233,MR4,MR 4 Lohnmessung,0.0000,0.0000,0.0000,7.7700,7.7700
2024-04-25,5239,MR5,MR 5 Bügelmessschrauben,0.0000,7.7000,0.0000,30.9100,38.6100
2024-04-25,5235,MR6,MR 6 Messschieber,0.0000,0.0000,0.0000,42.7600,42.7600
2024-04-25,5232,MR7,MR 7 Lehren,0.0000,0.0000,0.0000,78.8700,78.8700
2024-04-25,5238,MR8,MR 8 Temperatur,0.0000,0.0000,0.0000,16.0200,16.0200
2024-04-25,5237,MR9,MR 9 Elektro BS,0.0000,0.0000,0.0000,21.8300,21.8300
2024-04-25,5225,Packplatz,Packplatz,0.0000,0.0000,7.7000,23.1100,30.8100
2024-04-25,5900,Qualifizierung,Qualifizierung,0.0000,0.0000,0.0000,17.1700,17.1700
2024-04-25,5223,WA,WA BS,0.0000,0.0000,0.0000,23.6100,23.6100
2024-04-25,5222,WE,WE BS,7.7000,7.7000,0.0000,59.3900,74.7900
2024-04-26,5240,AV,Arbeitsvorbereitung BS,7.7000,0.0000,7.7000,70.8400,86.2400
2024-04-26,5231,MR1,MR 1 Endmaße,0.0000,0.0000,0.0000,28.7400,28.7400
2024-04-26,5211,MR11,MR 11 KMG,0.0000,0.0000,0.0000,20.4500,20.4500
2024-04-26,5234,MR2,MR 2 Drehmomente,0.0000,0.0000,0.0000,32.9100,32.9100
2024-04-26,5236,MR3,MR 3 Messuhren,7.7000,7.7000,0.0000,21.4000,36.8000
2024-04-26,5233,MR4,MR 4 Lohnmessung,0.0000,0.0000,0.0000,7.7000,7.7000
2024-04-26,5239,MR5,MR 5 Bügelmessschrauben,7.7000,7.7000,7.7000,21.8400,44.9400
2024-04-26,5235,MR6,MR 6 Messschieber,0.0000,0.0000,0.0000,34.9700,34.9700
2024-04-26,5232,MR7,MR 7 Lehren,0.0000,7.7000,0.0000,67.9300,75.6300
2024-04-26,5238,MR8,MR 8 Temperatur,0.0000,0.0000,0.0000,2.5200,2.5200
2024-04-26,5237,MR9,MR 9 Elektro BS,0.0000,0.0000,0.0000,20.9300,20.9300
2024-04-26,5225,Packplatz,Packplatz,0.0000,0.0000,16.0500,15.4600,31.5100
2024-04-26,5900,Qualifizierung,Qualifizierung,0.0000,0.0000,0.0000,16.7700,16.7700
2024-04-26,5223,WA,WA BS,0.0000,0.0000,0.0000,14.7000,14.7000
2024-04-26,5222,WE,WE BS,7.7000,7.7000,0.0000,57.2200,72.6200
2024-04-29,5240,AV,Arbeitsvorbereitung BS,0.0000,6.0000,7.7000,68.1900,81.8900
2024-04-29,5231,MR1,MR 1 Endmaße,0.0000,0.0000,0.0000,21.7200,21.7200
2024-04-29,5211,MR11,MR 11 KMG,0.0000,0.0000,7.7000,7.9000,15.6000
2024-04-29,5234,MR2,MR 2 Drehmomente,0.0000,0.0000,7.7000,27.6100,35.3100
2024-04-29,5236,MR3,MR 3 Messuhren,0.0000,0.0000,0.0000,39.6800,39.6800
2024-04-29,5233,MR4,MR 4 Lohnmessung,0.0000,0.0000,0.0000,11.1000,11.1000
2024-04-29,5239,MR5,MR 5 Bügelmessschrauben,0.0000,0.0000,0.0000,51.0800,51.0800
2024-04-29,5235,MR6,MR 6 Messschieber,0.0000,0.0000,0.0000,34.6400,34.6400
2024-04-29,5232,MR7,MR 7 Lehren,0.0000,23.1000,7.7000,32.7300,63.5300
2024-04-29,5238,MR8,MR 8 Temperatur,0.0000,0.0000,0.0000,7.9300,7.9300
2024-04-29,5237,MR9,MR 9 Elektro BS,0.0000,0.0000,0.0000,23.5700,23.5700
2024-04-29,5225,Packplatz,Packplatz,0.0000,7.7000,7.7000,21.3700,36.7700
2024-04-29,5900,Qualifizierung,Qualifizierung,0.0000,0.0000,0.0000,28.5700,28.5700
2024-04-29,5223,WA,WA BS,0.0000,0.0000,7.7000,16.0000,23.7000
2024-04-29,5222,WE,WE BS,0.0000,7.7000,7.7000,54.4000,69.8000
2024-04-30,5240,AV,Arbeitsvorbereitung BS,0.0000,6.0000,7.7000,73.0900,86.7900
2024-04-30,5231,MR1,MR 1 Endmaße,0.0000,0.0000,15.4000,13.8700,29.2700
2024-04-30,5211,MR11,MR 11 KMG,0.0000,0.0000,7.7000,7.8500,15.5500
2024-04-30,5234,MR2,MR 2 Drehmomente,0.0000,0.0000,7.7000,37.8000,45.5000
2024-04-30,5236,MR3,MR 3 Messuhren,0.0000,0.0000,0.0000,32.8300,32.8300
2024-04-30,5233,MR4,MR 4 Lohnmessung,0.0000,0.0000,0.0000,7.9700,7.9700
2024-04-30,5239,MR5,MR 5 Bügelmessschrauben,0.0000,0.0000,0.0000,39.1100,39.1100
2024-04-30,5235,MR6,MR 6 Messschieber,0.0000,0.0000,0.0000,33.6700,33.6700
2024-04-30,5232,MR7,MR 7 Lehren,0.0000,23.1000,7.7000,33.6100,64.4100
2024-04-30,5238,MR8,MR 8 Temperatur,0.0000,0.0000,0.0000,6.7200,6.7200
2024-04-30,5237,MR9,MR 9 Elektro BS,0.0000,0.0000,0.0000,24.3200,24.3200
2024-04-30,5225,Packplatz,Packplatz,0.0000,7.7000,7.7000,19.3800,34.7800
2024-04-30,5900,Qualifizierung,Qualifizierung,0.0000,0.0000,0.0000,35.7000,35.7000
2024-04-30,5223,WA,WA BS,0.0000,0.0000,7.7000,16.4500,24.1500
2024-04-30,5222,WE,WE BS,0.0000,7.7000,7.7000,54.7500,70.1500
2024-05-01,5240,AV,Arbeitsvorbereitung BS,0.0000,6.0000,0.0000,,6.0000
2024-05-01,5232,MR7,MR 7 Lehren,0.0000,15.4000,0.0000,,15.4000
2024-05-02,5240,AV,Arbeitsvorbereitung BS,0.0000,13.7000,38.5000,42.6600,94.8600
2024-05-02,5231,MR1,MR 1 Endmaße,0.0000,0.0000,7.7000,30.0300,37.7300
2024-05-02,5211,MR11,MR 11 KMG,0.0000,0.0000,0.0000,26.3400,26.3400
2024-05-02,5234,MR2,MR 2 Drehmomente,0.0000,0.0000,23.1000,17.5200,40.6200
2024-05-02,5236,MR3,MR 3 Messuhren,0.0000,0.0000,15.4000,12.5000,27.9000
2024-05-02,5233,MR4,MR 4 Lohnmessung,0.0000,0.0000,0.0000,8.0200,8.0200
2024-05-02,5239,MR5,MR 5 Bügelmessschrauben,0.0000,0.0000,15.4000,31.1800,46.5800
2024-05-02,5235,MR6,MR 6 Messschieber,0.0000,0.0000,0.0000,23.2600,23.2600
2024-05-02,5232,MR7,MR 7 Lehren,0.0000,7.7000,15.4000,46.1500,69.2500
2024-05-02,5238,MR8,MR 8 Temperatur,0.0000,0.0000,0.0000,1.4500,1.4500
2024-05-02,5237,MR9,MR 9 Elektro BS,0.0000,0.0000,15.4000,7.7800,23.1800
2024-05-02,5225,Packplatz,Packplatz,0.0000,0.0000,15.4000,15.6000,31.0000
2024-05-02,5900,Qualifizierung,Qualifizierung,0.0000,0.0000,0.0000,21.5200,21.5200
2024-05-02,5223,WA,WA BS,0.0000,0.0000,7.7000,7.9700,15.6700
2024-05-02,5222,WE,WE BS,0.0000,0.0000,15.4000,54.6400,70.0400
2024-05-03,5240,AV,Arbeitsvorbereitung BS,0.0000,6.0000,38.5000,51.4200,95.9200
2024-05-03,5231,MR1,MR 1 Endmaße,0.0000,0.0000,7.7000,27.2300,34.9300
2024-05-03,5211,MR11,MR 11 KMG,0.0000,0.0000,0.0000,20.3700,20.3700
2024-05-03,5234,MR2,MR 2 Drehmomente,0.0000,0.0000,23.1000,11.7800,34.8800
2024-05-03,5236,MR3,MR 3 Messuhren,0.0000,0.0000,15.4000,8.0200,23.4200
2024-05-03,5233,MR4,MR 4 Lohnmessung,0.0000,0.0000,0.0000,8.4800,8.4800
2024-05-03,5239,MR5,MR 5 Bügelmessschrauben,0.0000,0.0000,15.4000,27.9500,43.3500
2024-05-03,5235,MR6,MR 6 Messschieber,0.0000,0.0000,7.7000,24.1100,31.8100
2024-05-03,5232,MR7,MR 7 Lehren,0.0000,7.7000,15.4000,42.9000,66.0000
2024-05-03,5237,MR9,MR 9 Elektro BS,0.0000,0.0000,15.4000,7.7800,23.1800
2024-05-03,5225,Packplatz,Packplatz,0.0000,0.0000,15.4000,15.2600,30.6600
2024-05-03,5900,Qualifizierung,Qualifizierung,0.0000,0.0000,0.0000,25.3500,25.3500
2024-05-03,5223,WA,WA BS,0.0000,7.7000,7.7000,,15.4000
2024-05-03,5222,WE,WE BS,0.0000,0.0000,15.4000,55.3000,70.7000
2024-05-06,5240,AV,Arbeitsvorbereitung BS,0.0000,6.0000,30.8000,58.7100,95.5100
2024-05-06,5231,MR1,MR 1 Endmaße,0.0000,0.0000,0.0000,29.8100,29.8100
2024-05-06,5211,MR11,MR 11 KMG,0.0000,0.0000,7.7000,14.9700,22.6700
2024-05-06,5234,MR2,MR 2 Drehmomente,0.0000,0.0000,7.7000,18.5800,26.2800
2024-05-06,5236,MR3,MR 3 Messuhren,0.0000,0.0000,0.0000,36.8200,36.8200
2024-05-06,5233,MR4,MR 4 Lohnmessung,0.0000,0.0000,0.0000,7.9300,7.9300
2024-05-06,5239,MR5,MR 5 Bügelmessschrauben,0.0000,0.0000,0.0000,50.0600,50.0600
2024-05-06,5235,MR6,MR 6 Messschieber,0.0000,7.7000,7.7000,19.5100,34.9100
2024-05-06,5232,MR7,MR 7 Lehren,0.0000,0.0000,7.7000,60.4100,68.1100
2024-05-06,5238,MR8,MR 8 Temperatur,0.0000,0.0000,0.0000,9.5700,9.5700
2024-05-06,5237,MR9,MR 9 Elektro BS,0.0000,0.0000,0.0000,21.6500,21.6500
2024-05-06,5225,Packplatz,Packplatz,0.0000,0.0000,7.7000,29.9200,37.6200
2024-05-06,5900,Qualifizierung,Qualifizierung,0.0000,0.0000,0.0000,19.7700,19.7700
2024-05-06,5223,WA,WA BS,0.0000,0.0000,7.7000,7.8300,15.5300
2024-05-06,5222,WE,WE BS,0.0000,0.0000,7.7000,62.8400,70.5400
2024-05-07,5240,AV,Arbeitsvorbereitung BS,0.0000,6.0000,23.1000,66.7900,95.8900
2024-05-07,5231,MR1,MR 1 Endmaße,0.0000,0.0000,0.0000,37.6300,37.6300
2024-05-07,5211,MR11,MR 11 KMG,0.0000,0.0000,7.7000,20.8700,28.5700
2024-05-07,5234,MR2,MR 2 Drehmomente,0.0000,0.0000,7.7000,36.9000,44.6000
2024-05-07,5236,MR3,MR 3 Messuhren,0.0000,0.0000,0.0000,35.4300,35.4300
2024-05-07,5233,MR4,MR 4 Lohnmessung,0.0000,0.0000,0.0000,10.4600,10.4600
2024-05-07,5239,MR5,MR 5 Bügelmessschrauben,0.0000,0.0000,0.0000,58.4800,58.4800
2024-05-07,5235,MR6,MR 6 Messschieber,0.0000,0.0000,7.7000,19.2100,26.9100
2024-05-07,5232,MR7,MR 7 Lehren,0.0000,0.0000,7.7000,60.9400,68.6400
2024-05-07,5238,MR8,MR 8 Temperatur,0.0000,0.0000,0.0000,12.1500,12.1500
2024-05-07,5237,MR9,MR 9 Elektro BS,0.0000,0.0000,0.0000,19.2400,19.2400
2024-05-07,5225,Packplatz,Packplatz,0.0000,0.0000,7.7000,29.3400,37.0400
2024-05-07,5900,Qualifizierung,Qualifizierung,0.0000,0.0000,0.0000,15.1400,15.1400
2024-05-07,5223,WA,WA BS,0.0000,0.0000,7.7000,15.5500,23.2500
2024-05-07,5222,WE,WE BS,0.0000,0.0000,7.7000,63.4700,71.1700
2024-05-08,5240,AV,Arbeitsvorbereitung BS,0.0000,6.0000,23.1000,65.7100,94.8100
2024-05-08,5231,MR1,MR 1 Endmaße,0.0000,0.0000,0.0000,36.5300,36.5300
2024-05-08,5211,MR11,MR 11 KMG,0.0000,0.0000,15.6300,1.8700,17.5000
2024-05-08,5234,MR2,MR 2 Drehmomente,0.0000,0.0000,7.7000,29.5800,37.2800
2024-05-08,5236,MR3,MR 3 Messuhren,0.0000,0.0000,0.0000,21.3700,21.3700
2024-05-08,5239,MR5,MR 5 Bügelmessschrauben,0.0000,0.0000,0.0000,50.9500,50.9500
2024-05-08,5235,MR6,MR 6 Messschieber,0.0000,0.0000,7.7000,15.6300,23.3300
2024-05-08,5232,MR7,MR 7 Lehren,0.0000,0.0000,7.7000,52.7100,60.4100
2024-05-08,5238,MR8,MR 8 Temperatur,0.0000,0.0000,0.0000,14.2200,14.2200
2024-05-08,5237,MR9,MR 9 Elektro BS,0.0000,0.0000,0.0000,17.7100,17.7100
2024-05-08,5225,Packplatz,Packplatz,0.0000,0.0000,7.7000,26.4500,34.1500
2024-05-08,5900,Qualifizierung,Qualifizierung,0.0000,0.0000,0.0000,23.0500,23.0500
2024-05-08,5223,WA,WA BS,0.0000,0.0000,7.7000,15.5300,23.2300
2024-05-08,5222,WE,WE BS,0.0000,0.0000,7.7000,57.7800,65.4800
2024-05-09,5240,AV,Arbeitsvorbereitung BS,0.0000,6.0000,0.0000,,6.0000
2024-05-10,5240,AV,Arbeitsvorbereitung BS,0.0000,13.7000,38.5000,39.1500,91.3500
2024-05-10,5231,MR1,MR 1 Endmaße,0.0000,0.0000,23.1000,9.5500,32.6500
2024-05-10,5211,MR11,MR 11 KMG,0.0000,0.0000,15.4000,,15.4000
2024-05-10,5234,MR2,MR 2 Drehmomente,0.0000,0.0000,15.4000,5.5500,20.9500
2024-05-10,5236,MR3,MR 3 Messuhren,0.0000,0.0000,15.4000,15.5500,30.9500
2024-05-10,5233,MR4,MR 4 Lohnmessung,0.0000,0.0000,7.7000,,7.7000
2024-05-10,5239,MR5,MR 5 Bügelmessschrauben,0.0000,0.0000,23.1000,28.4900,51.5900
2024-05-10,5235,MR6,MR 6 Messschieber,0.0000,0.0000,20.4000,7.3900,27.7900
2024-05-10,5232,MR7,MR 7 Lehren,0.0000,0.0000,38.5000,30.5200,69.0200
2024-05-10,5238,MR8,MR 8 Temperatur,0.0000,0.0000,7.7000,,7.7000
2024-05-10,5237,MR9,MR 9 Elektro BS,0.0000,0.0000,7.7000,16.0000,23.7000
2024-05-10,5225,Packplatz,Packplatz,0.0000,0.0000,15.4000,7.7500,23.1500
2024-05-10,5900,Qualifizierung,Qualifizierung,0.0000,0.0000,7.7000,1.8000,9.5000
2024-05-10,5223,WA,WA BS,0.0000,0.0000,15.4000,,15.4000
2024-05-10,5222,WE,WE BS,0.0000,0.0000,23.1000,29.1000,52.2000
2024-05-10,5220,WE/WA,WE/WA BS,0.0000,0.0000,0.0000,4.2800,4.2800
2024-05-13,5240,AV,Arbeitsvorbereitung BS,0.0000,6.0000,23.1000,67.0100,96.1100
2024-05-13,5231,MR1,MR 1 Endmaße,0.0000,0.0000,7.7000,21.6700,29.3700
2024-05-13,5211,MR11,MR 11 KMG,0.0000,0.0000,0.0000,16.2000,16.2000
2024-05-13,5234,MR2,MR 2 Drehmomente,0.0000,0.0000,7.7000,26.3100,34.0100
2024-05-13,5236,MR3,MR 3 Messuhren,0.0000,0.0000,0.0000,38.6300,38.6300
2024-05-13,5233,MR4,MR 4 Lohnmessung,0.0000,0.0000,0.0000,8.0000,8.0000
2024-05-13,5239,MR5,MR 5 Bügelmessschrauben,0.0000,0.0000,0.0000,56.1600,56.1600
2024-05-13,5235,MR6,MR 6 Messschieber,0.0000,0.0000,7.7000,24.0400,31.7400
2024-05-13,5232,MR7,MR 7 Lehren,0.0000,7.7000,7.7000,55.3600,70.7600
2024-05-13,5238,MR8,MR 8 Temperatur,0.0000,0.0000,0.0000,4.1700,4.1700
2024-05-13,5237,MR9,MR 9 Elektro BS,0.0000,0.0000,0.0000,23.6800,23.6800
2024-05-13,5225,Packplatz,Packplatz,0.0000,0.0000,0.0000,33.9800,33.9800
2024-05-13,5900,Qualifizierung,Qualifizierung,0.0000,0.0000,0.0000,24.5300,24.5300
2024-05-13,5223,WA,WA BS,0.0000,0.0000,0.0000,23.7700,23.7700
2024-05-13,5222,WE,WE BS,0.0000,0.0000,7.7000,54.2200,61.9200
2024-05-14,5240,AV,Arbeitsvorbereitung BS,0.0000,6.0000,7.7000,87.5800,101.2800
2024-05-14,5231,MR1,MR 1 Endmaße,0.0000,0.0000,0.0000,29.5300,29.5300
2024-05-14,5211,MR11,MR 11 KMG,0.0000,0.0000,0.0000,18.3800,18.3800
2024-05-14,5234,MR2,MR 2 Drehmomente,0.0000,7.7000,0.0000,34.6100,42.3100
2024-05-14,5236,MR3,MR 3 Messuhren,0.0000,0.0000,0.0000,38.0900,38.0900
2024-05-14,5233,MR4,MR 4 Lohnmessung,0.0000,0.0000,0.0000,8.0200,8.0200
2024-05-14,5239,MR5,MR 5 Bügelmessschrauben,0.0000,0.0000,0.0000,57.8500,57.8500
2024-05-14,5235,MR6,MR 6 Messschieber,0.0000,0.0000,7.7000,22.7200,30.4200
2024-05-14,5232,MR7,MR 7 Lehren,0.0000,0.0000,7.7000,60.4000,68.1000
2024-05-14,5238,MR8,MR 8 Temperatur,0.0000,0.0000,0.0000,6.8200,6.8200
2024-05-14,5237,MR9,MR 9 Elektro BS,0.0000,0.0000,0.0000,23.5100,23.5100
2024-05-14,5225,Packplatz,Packplatz,0.0000,0.0000,0.0000,37.6200,37.6200
2024-05-14,5900,Qualifizierung,Qualifizierung,0.0000,0.0000,0.0000,19.1300,19.1300
2024-05-14,5223,WA,WA BS,0.0000,0.0000,0.0000,15.8400,15.8400
2024-05-14,5222,WE,WE BS,0.0000,0.0000,7.7000,54.4900,62.1900
2024-05-15,5240,AV,Arbeitsvorbereitung BS,0.0000,6.0000,7.7000,70.8300,84.5300
2024-05-15,5231,MR1,MR 1 Endmaße,0.0000,0.0000,0.0000,32.4700,32.4700
2024-05-15,5211,MR11,MR 11 KMG,0.0000,0.0000,0.0000,15.6700,15.6700
2024-05-15,5234,MR2,MR 2 Drehmomente,0.0000,7.7000,0.0000,22.7100,30.4100
2024-05-15,5236,MR3,MR 3 Messuhren,0.0000,0.0000,0.0000,36.6300,36.6300
2024-05-15,5233,MR4,MR 4 Lohnmessung,0.0000,0.0000,0.0000,8.0000,8.0000
2024-05-15,5239,MR5,MR 5 Bügelmessschrauben,0.0000,0.0000,0.0000,38.9100,38.9100
2024-05-15,5235,MR6,MR 6 Messschieber,0.0000,0.0000,7.7000,34.5800,42.2800
2024-05-15,5232,MR7,MR 7 Lehren,0.0000,0.0000,7.7000,60.8500,68.5500
2024-05-15,5238,MR8,MR 8 Temperatur,0.0000,0.0000,0.0000,13.2700,13.2700
2024-05-15,5237,MR9,MR 9 Elektro BS,0.0000,0.0000,0.0000,23.5200,23.5200
2024-05-15,5225,Packplatz,Packplatz,0.0000,0.0000,0.0000,35.2200,35.2200
2024-05-15,5900,Qualifizierung,Qualifizierung,0.0000,0.0000,0.0000,19.7600,19.7600
2024-05-15,5223,WA,WA BS,0.0000,0.0000,0.0000,23.7600,23.7600
2024-05-15,5222,WE,WE BS,0.0000,0.0000,7.7000,55.0500,62.7500
2024-05-16,5240,AV,Arbeitsvorbereitung BS,0.0000,6.0000,7.7000,83.4300,97.1300
2024-05-16,5231,MR1,MR 1 Endmaße,0.0000,0.0000,0.0000,36.9000,36.9000
2024-05-16,5211,MR11,MR 11 KMG,0.0000,0.0000,0.0000,14.9100,14.9100
2024-05-16,5234,MR2,MR 2 Drehmomente,0.0000,7.7000,0.0000,23.0900,30.7900
2024-05-16,5236,MR3,MR 3 Messuhren,0.0000,0.0000,7.7000,25.3200,33.0200
2024-05-16,5233,MR4,MR 4 Lohnmessung,0.0000,0.0000,0.0000,8.0000,8.0000
2024-05-16,5239,MR5,MR 5 Bügelmessschrauben,0.0000,0.0000,0.0000,38.7600,38.7600
2024-05-16,5235,MR6,MR 6 Messschieber,0.0000,0.0000,7.7000,36.4300,44.1300
2024-05-16,5232,MR7,MR 7 Lehren,0.0000,2.9500,7.7000,47.8000,58.4500
2024-05-16,5238,MR8,MR 8 Temperatur,0.0000,0.0000,0.0000,7.2000,7.2000
2024-05-16,5237,MR9,MR 9 Elektro BS,0.0000,0.0000,0.0000,23.2300,23.2300
2024-05-16,5225,Packplatz,Packplatz,0.0000,0.0000,0.0000,33.4900,33.4900
2024-05-16,5900,Qualifizierung,Qualifizierung,0.0000,4.7500,0.0000,23.5900,28.3400
2024-05-16,5223,WA,WA BS,0.0000,0.0000,0.0000,24.2700,24.2700
2024-05-16,5222,WE,WE BS,0.0000,0.0000,15.4000,53.5500,68.9500
2024-05-16,5220,WE/WA,WE/WA BS,0.0000,0.0000,0.0000,9.4700,9.4700
2024-05-17,5240,AV,Arbeitsvorbereitung BS,0.0000,6.0000,15.4000,75.3800,96.7800
2024-05-17,5231,MR1,MR 1 Endmaße,0.0000,0.0000,7.7000,21.0800,28.7800
2024-05-17,5211,MR11,MR 11 KMG,0.0000,0.0000,7.7000,8.6700,16.3700
2024-05-17,5234,MR2,MR 2 Drehmomente,0.0000,7.7000,7.7000,21.6900,37.0900
2024-05-17,5236,MR3,MR 3 Messuhren,0.0000,0.0000,7.7000,16.3700,24.0700
2024-05-17,5233,MR4,MR 4 Lohnmessung,0.0000,0.0000,0.0000,8.5200,8.5200
2024-05-17,5239,MR5,MR 5 Bügelmessschrauben,0.0000,0.0000,0.0000,32.5200,32.5200
2024-05-17,5235,MR6,MR 6 Messschieber,0.0000,0.0000,15.4000,23.4000,38.8000
2024-05-17,5232,MR7,MR 7 Lehren,0.0000,7.7000,7.7000,46.9300,62.3300
2024-05-17,5238,MR8,MR 8 Temperatur,0.0000,0.0000,0.0000,6.4300,6.4300
2024-05-17,5237,MR9,MR 9 Elektro BS,0.0000,0.0000,0.0000,21.8700,21.8700
2024-05-17,5225,Packplatz,Packplatz,0.0000,0.0000,7.7000,22.4300,30.1300
2024-05-17,5900,Qualifizierung,Qualifizierung,0.0000,0.0000,0.0000,13.0800,13.0800
2024-05-17,5223,WA,WA BS,0.0000,0.0000,0.0000,13.9600,13.9600
2024-05-17,5222,WE,WE BS,0.0000,0.0000,15.4000,43.7800,59.1800
2024-05-17,5220,WE/WA,WE/WA BS,0.0000,0.0000,0.0000,13.2800,13.2800
2024-05-20,5240,AV,Arbeitsvorbereitung BS,0.0000,6.0000,0.0000,,6.0000
2024-05-21,5240,AV,Arbeitsvorbereitung BS,0.0000,13.7000,15.4000,65.5300,94.6300
2024-05-21,5231,MR1,MR 1 Endmaße,0.0000,0.0000,7.7000,29.6400,37.3400
2024-05-21,5211,MR11,MR 11 KMG,0.0000,0.0000,7.7000,12.5400,20.2400
2024-05-21,5234,MR2,MR 2 Drehmomente,0.0000,0.0000,15.4000,28.0900,43.4900
2024-05-21,5236,MR3,MR 3 Messuhren,0.0000,0.0000,23.1000,19.4100,42.5100
2024-05-21,5233,MR4,MR 4 Lohnmessung,0.0000,0.0000,0.0000,7.9700,7.9700
2024-05-21,5239,MR5,MR 5 Bügelmessschrauben,0.0000,0.0000,15.4000,27.9000,43.3000
2024-05-21,5235,MR6,MR 6 Messschieber,0.0000,0.0000,23.1000,19.8200,42.9200
2024-05-21,5232,MR7,MR 7 Lehren,0.0000,0.0000,15.4000,54.7300,70.1300
2024-05-21,5238,MR8,MR 8 Temperatur,0.0000,0.0000,0.0000,7.8200,7.8200
2024-05-21,5237,MR9,MR 9 Elektro BS,0.0000,0.0000,7.7000,15.7000,23.4000
2024-05-21,5225,Packplatz,Packplatz,0.0000,0.0000,7.7000,29.4400,37.1400
2024-05-21,5900,Qualifizierung,Qualifizierung,0.0000,0.0000,0.0000,10.5000,10.5000
2024-05-21,5223,WA,WA BS,0.0000,0.0000,7.7000,15.7300,23.4300
2024-05-21,5222,WE,WE BS,0.0000,0.0000,15.4000,54.6100,70.0100
2024-05-21,5220,WE/WA,WE/WA BS,0.0000,0.0000,0.0000,4.5500,4.5500
2024-05-22,5240,AV,Arbeitsvorbereitung BS,0.0000,21.4000,7.7000,61.3500,90.4500
2024-05-22,5231,MR1,MR 1 Endmaße,0.0000,6.0000,0.0000,31.3800,37.3800
2024-05-22,5211,MR11,MR 11 KMG,0.0000,0.0000,0.0000,20.1200,20.1200
2024-05-22,5234,MR2,MR 2 Drehmomente,0.0000,0.0000,15.4000,14.1100,29.5100
2024-05-22,5236,MR3,MR 3 Messuhren,0.0000,0.0000,15.4000,23.0900,38.4900
2024-05-22,5233,MR4,MR 4 Lohnmessung,0.0000,0.0000,7.7000,7.3700,15.0700
2024-05-22,5239,MR5,MR 5 Bügelmessschrauben,0.0000,0.0000,7.7000,35.1300,42.8300
2024-05-22,5235,MR6,MR 6 Messschieber,0.0000,0.0000,15.4000,23.8200,39.2200
2024-05-22,5232,MR7,MR 7 Lehren,0.0000,0.0000,7.7000,52.9800,60.6800
2024-05-22,5238,MR8,MR 8 Temperatur,0.0000,0.0000,0.0000,6.2500,6.2500
2024-05-22,5237,MR9,MR 9 Elektro BS,0.0000,0.0000,7.7000,15.4200,23.1200
2024-05-22,5225,Packplatz,Packplatz,0.0000,0.0000,7.7000,23.9600,31.6600
2024-05-22,5900,Qualifizierung,Qualifizierung,0.0000,0.0000,0.0000,10.9300,10.9300
2024-05-22,5223,WA,WA BS,0.0000,0.0000,7.7000,12.1900,19.8900
2024-05-22,5222,WE,WE BS,0.0000,7.7000,15.4000,46.8600,69.9600
2024-05-23,5240,AV,Arbeitsvorbereitung BS,0.0000,29.1000,7.7000,65.6300,102.4300
2024-05-23,5231,MR1,MR 1 Endmaße,0.0000,0.0000,0.0000,28.4700,28.4700
2024-05-23,5211,MR11,MR 11 KMG,0.0000,0.0000,7.7000,12.8800,20.5800
2024-05-23,5234,MR2,MR 2 Drehmomente,0.0000,0.0000,15.4000,23.5500,38.9500
2024-05-23,5236,MR3,MR 3 Messuhren,0.0000,0.0000,15.4000,21.2500,36.6500
2024-05-23,5233,MR4,MR 4 Lohnmessung,0.0000,0.0000,7.7000,9.8000,17.5000
2024-05-23,5239,MR5,MR 5 Bügelmessschrauben,0.0000,0.0000,7.7000,37.4800,45.1800
2024-05-23,5235,MR6,MR 6 Messschieber,0.0000,0.0000,15.4000,29.2300,44.6300
2024-05-23,5232,MR7,MR 7 Lehren,0.0000,7.7000,7.7000,57.5000,72.9000
2024-05-23,5238,MR8,MR 8 Temperatur,0.0000,0.0000,0.0000,0.8200,0.8200
2024-05-23,5237,MR9,MR 9 Elektro BS,0.0000,0.0000,7.7000,15.3600,23.0600
2024-05-23,5225,Packplatz,Packplatz,0.0000,0.0000,7.7000,23.6600,31.3600
2024-05-23,5900,Qualifizierung,Qualifizierung,0.0000,0.0000,0.0000,19.0600,19.0600
2024-05-23,5223,WA,WA BS,0.0000,0.0000,7.7000,16.2000,23.9000
2024-05-23,5222,WE,WE BS,0.0000,7.7000,15.4000,47.1100,70.2100
2024-05-24,5240,AV,Arbeitsvorbereitung BS,0.0000,29.1000,7.7000,66.3400,103.1400
2024-05-24,5231,MR1,MR 1 Endmaße,0.0000,0.0000,0.0000,21.5300,21.5300
2024-05-24,5211,MR11,MR 11 KMG,0.0000,0.0000,7.7000,8.9800,16.6800
2024-05-24,5234,MR2,MR 2 Drehmomente,0.0000,0.0000,15.4000,15.9500,31.3500
2024-05-24,5236,MR3,MR 3 Messuhren,0.0000,0.0000,7.7000,24.2300,31.9300
2024-05-24,5233,MR4,MR 4 Lohnmessung,0.0000,0.0000,7.7000,7.2200,14.9200
2024-05-24,5239,MR5,MR 5 Bügelmessschrauben,0.0000,0.0000,7.7000,33.8000,41.5000
2024-05-24,5235,MR6,MR 6 Messschieber,0.0000,0.0000,15.4000,20.6500,36.0500
2024-05-24,5232,MR7,MR 7 Lehren,0.0000,7.7000,15.4000,51.9900,75.0900
2024-05-24,5237,MR9,MR 9 Elektro BS,0.0000,0.0000,7.7000,15.3700,23.0700
2024-05-24,5225,Packplatz,Packplatz,0.0000,0.0000,7.7000,20.7600,28.4600
2024-05-24,5900,Qualifizierung,Qualifizierung,0.0000,0.0000,0.0000,12.3600,12.3600
2024-05-24,5223,WA,WA BS,0.0000,0.0000,7.7000,8.6700,16.3700
2024-05-24,5222,WE,WE BS,0.0000,7.7000,15.4000,46.8700,69.9700
2024-05-24,5220,WE/WA,WE/WA BS,0.0000,0.0000,0.0000,8.0000,8.0000
2024-05-27,5240,AV,Arbeitsvorbereitung BS,0.0000,13.7000,0.0000,74.9800,88.6800
2024-05-27,5231,MR1,MR 1 Endmaße,0.0000,0.0000,0.0000,26.1800,26.1800
2024-05-27,5211,MR11,MR 11 KMG,0.0000,0.0000,0.0000,14.5000,14.5000
2024-05-27,5234,MR2,MR 2 Drehmomente,0.0000,0.0000,7.7000,31.3800,39.0800
2024-05-27,5236,MR3,MR 3 Messuhren,0.0000,7.7000,0.0000,13.1800,20.8800
2024-05-27,5233,MR4,MR 4 Lohnmessung,0.0000,0.0000,7.7000,8.0000,15.7000
2024-05-27,5239,MR5,MR 5 Bügelmessschrauben,0.0000,0.0000,0.0000,37.9800,37.9800
2024-05-27,5235,MR6,MR 6 Messschieber,0.0000,0.0000,7.7000,34.8800,42.5800
2024-05-27,5232,MR7,MR 7 Lehren,0.0000,7.7000,0.0000,72.4200,80.1200
2024-05-27,5238,MR8,MR 8 Temperatur,0.0000,7.7000,0.0000,,7.7000
2024-05-27,5237,MR9,MR 9 Elektro BS,0.0000,0.0000,0.0000,23.5200,23.5200
2024-05-27,5225,Packplatz,Packplatz,0.0000,0.0000,0.0000,31.2200,31.2200
2024-05-27,5900,Qualifizierung,Qualifizierung,0.0000,0.0000,0.0000,19.3100,19.3100
2024-05-27,5223,WA,WA BS,0.0000,0.0000,7.7000,17.0300,24.7300
2024-05-27,5222,WE,WE BS,0.0000,7.7000,0.0000,61.6500,69.3500
2024-05-27,5220,WE/WA,WE/WA BS,0.0000,0.0000,0.0000,3.2500,3.2500
2024-05-28,5240,AV,Arbeitsvorbereitung BS,0.0000,13.7000,0.0000,82.7700,96.4700
2024-05-28,5231,MR1,MR 1 Endmaße,0.0000,0.0000,0.0000,37.1700,37.1700
2024-05-28,5211,MR11,MR 11 KMG,0.0000,0.0000,0.0000,25.4300,25.4300
2024-05-28,5234,MR2,MR 2 Drehmomente,0.0000,0.0000,0.0000,47.1100,47.1100
2024-05-28,5236,MR3,MR 3 Messuhren,0.0000,7.7000,0.0000,23.6800,31.3800
2024-05-28,5233,MR4,MR 4 Lohnmessung,0.0000,0.0000,7.7000,8.0000,15.7000
2024-05-28,5239,MR5,MR 5 Bügelmessschrauben,0.0000,0.0000,0.0000,38.1300,38.1300
2024-05-28,5235,MR6,MR 6 Messschieber,0.0000,0.0000,7.7000,28.9200,36.6200
2024-05-28,5232,MR7,MR 7 Lehren,0.0000,7.7000,0.0000,71.6100,79.3100
2024-05-28,5238,MR8,MR 8 Temperatur,0.0000,7.7000,0.0000,,7.7000
2024-05-28,5237,MR9,MR 9 Elektro BS,0.0000,0.0000,0.0000,23.5700,23.5700
2024-05-28,5225,Packplatz,Packplatz,0.0000,6.0000,0.0000,25.1600,31.1600
2024-05-28,5900,Qualifizierung,Qualifizierung,0.0000,0.0000,0.0000,14.7500,14.7500
2024-05-28,5223,WA,WA BS,0.0000,0.0000,7.7000,16.2200,23.9200
2024-05-28,5222,WE,WE BS,0.0000,7.7000,0.0000,64.8700,72.5700
2024-05-29,5240,AV,Arbeitsvorbereitung BS,0.0000,21.4000,0.0000,71.8300,93.2300
2024-05-29,5231,MR1,MR 1 Endmaße,0.0000,15.4000,0.0000,14.7300,30.1300
2024-05-29,5211,MR11,MR 11 KMG,0.0000,0.0000,0.0000,11.1900,11.1900
2024-05-29,5234,MR2,MR 2 Drehmomente,0.0000,0.0000,0.0000,34.7200,34.7200
2024-05-29,5236,MR3,MR 3 Messuhren,0.0000,0.0000,0.0000,31.9700,31.9700
2024-05-29,5233,MR4,MR 4 Lohnmessung,0.0000,0.0000,7.7000,8.0000,15.7000
2024-05-29,5239,MR5,MR 5 Bügelmessschrauben,0.0000,7.7000,0.0000,31.1400,38.8400
2024-05-29,5235,MR6,MR 6 Messschieber,0.0000,0.0000,7.7000,21.4800,29.1800
2024-05-29,5232,MR7,MR 7 Lehren,0.0000,7.7000,0.0000,66.0800,73.7800
2024-05-29,5238,MR8,MR 8 Temperatur,0.0000,7.7000,0.0000,,7.7000
2024-05-29,5237,MR9,MR 9 Elektro BS,0.0000,0.0000,0.0000,20.2200,20.2200
2024-05-29,5225,Packplatz,Packplatz,0.0000,6.0000,0.0000,31.3200,37.3200
2024-05-29,5900,Qualifizierung,Qualifizierung,0.0000,0.0000,0.0000,64.6600,64.6600
2024-05-29,5223,WA,WA BS,0.0000,0.0000,7.7000,17.5800,25.2800
2024-05-29,5222,WE,WE BS,0.0000,7.7000,0.0000,67.4100,75.1100
2024-05-29,5220,WE/WA,WE/WA BS,0.0000,0.0000,0.0000,7.0700,7.0700
2024-05-30,5240,AV,Arbeitsvorbereitung BS,0.0000,29.1000,0.0000,67.1400,96.2400
2024-05-30,5231,MR1,MR 1 Endmaße,0.0000,7.7000,0.0000,21.0000,28.7000
2024-05-30,5211,MR11,MR 11 KMG,0.0000,7.7000,0.0000,13.1800,20.8800
2024-05-30,5234,MR2,MR 2 Drehmomente,0.0000,0.0000,0.0000,32.1000,32.1000
2024-05-30,5236,MR3,MR 3 Messuhren,0.0000,0.0000,0.0000,33.6300,33.6300
2024-05-30,5233,MR4,MR 4 Lohnmessung,0.0000,0.0000,7.7000,8.0000,15.7000
2024-05-30,5239,MR5,MR 5 Bügelmessschrauben,0.0000,7.7000,0.0000,32.2300,39.9300
2024-05-30,5235,MR6,MR 6 Messschieber,0.0000,0.0000,7.7000,30.6800,38.3800
2024-05-30,5232,MR7,MR 7 Lehren,0.0000,7.7000,7.7000,59.3500,74.7500
2024-05-30,5238,MR8,MR 8 Temperatur,0.0000,7.7000,0.0000,1.8500,9.5500
2024-05-30,5237,MR9,MR 9 Elektro BS,0.0000,0.0000,0.0000,23.4400,23.4400
2024-05-30,5225,Packplatz,Packplatz,0.0000,0.0000,0.0000,29.0000,29.0000
2024-05-30,5900,Qualifizierung,Qualifizierung,0.0000,0.0000,0.0000,14.5100,14.5100
2024-05-30,5223,WA,WA BS,0.0000,0.0000,7.7000,17.0800,24.7800
2024-05-30,5222,WE,WE BS,0.0000,15.4000,0.0000,54.6200,70.0200
2024-05-31,5240,AV,Arbeitsvorbereitung BS,0.0000,21.4000,8.6000,62.8800,92.8800
2024-05-31,5231,MR1,MR 1 Endmaße,0.0000,7.7000,7.7000,14.5000,29.9000
2024-05-31,5211,MR11,MR 11 KMG,0.0000,0.0000,0.0000,14.7400,14.7400
2024-05-31,5234,MR2,MR 2 Drehmomente,0.0000,0.0000,0.0000,29.7300,29.7300
2024-05-31,5236,MR3,MR 3 Messuhren,0.0000,0.0000,0.0000,18.1000,18.1000
2024-05-31,5233,MR4,MR 4 Lohnmessung,0.0000,0.0000,7.7000,9.5000,17.2000
2024-05-31,5239,MR5,MR 5 Bügelmessschrauben,0.0000,7.7000,0.0000,37.0000,44.7000
2024-05-31,5235,MR6,MR 6 Messschieber,0.0000,0.0000,7.7000,30.8200,38.5200
2024-05-31,5232,MR7,MR 7 Lehren,0.0000,7.7000,0.0000,54.7100,62.4100
2024-05-31,5238,MR8,MR 8 Temperatur,0.0000,7.7000,0.0000,,7.7000
2024-05-31,5237,MR9,MR 9 Elektro BS,0.0000,0.0000,0.0000,23.5800,23.5800
2024-05-31,5225,Packplatz,Packplatz,0.0000,0.0000,7.9700,18.9000,26.8700
2024-05-31,5900,Qualifizierung,Qualifizierung,0.0000,0.0000,0.0000,9.7900,9.7900
2024-05-31,5223,WA,WA BS,0.0000,0.0000,7.7000,7.9800,15.6800
2024-05-31,5222,WE,WE BS,0.0000,7.7000,0.0000,55.0400,62.7400
2024-06-01,5240,AV,Arbeitsvorbereitung BS,0.0000,0.0000,0.0000,25.0300,25.0300
2024-06-01,5222,WE,WE BS,0.0000,0.0000,0.0000,17.9600,17.9600
2024-06-03,5240,AV,Arbeitsvorbereitung BS,0.0000,29.1000,0.0000,66.2500,95.3500
2024-06-03,5231,MR1,MR 1 Endmaße,0.0000,0.0000,6.0000,23.8700,29.8700
2024-06-03,5211,MR11,MR 11 KMG,0.0000,7.7000,0.0000,8.0800,15.7800
2024-06-03,5234,MR2,MR 2 Drehmomente,0.0000,7.7000,15.4000,15.5800,38.6800
2024-06-03,5236,MR3,MR 3 Messuhren,0.0000,0.0000,0.0000,43.8100,43.8100
2024-06-03,5233,MR4,MR 4 Lohnmessung,0.0000,0.0000,7.7000,8.0500,15.7500
2024-06-03,5239,MR5,MR 5 Bügelmessschrauben,0.0000,7.7000,0.0000,30.8400,38.5400
2024-06-03,5235,MR6,MR 6 Messschieber,0.0000,7.7000,7.7000,24.1000,39.5000
2024-06-03,5232,MR7,MR 7 Lehren,0.0000,0.0000,0.0000,71.3600,71.3600
2024-06-03,5238,MR8,MR 8 Temperatur,0.0000,0.0000,0.0000,8.0700,8.0700
2024-06-03,5237,MR9,MR 9 Elektro BS,0.0000,7.7000,0.0000,15.9800,23.6800
2024-06-03,5225,Packplatz,Packplatz,0.0000,6.0000,7.7000,22.9000,36.6000
2024-06-03,5900,Qualifizierung,Qualifizierung,0.0000,0.0000,0.0000,17.4100,17.4100
2024-06-03,5223,WA,WA BS,0.0000,0.0000,0.0000,15.6300,15.6300
2024-06-03,5222,WE,WE BS,0.0000,7.7000,7.7000,57.1700,72.5700
2024-06-04,5240,AV,Arbeitsvorbereitung BS,0.0000,29.1000,0.0000,67.6600,96.7600
2024-06-04,5231,MR1,MR 1 Endmaße,0.0000,0.0000,6.0000,31.3900,37.3900
2024-06-04,5211,MR11,MR 11 KMG,0.0000,7.7000,0.0000,9.4800,17.1800
2024-06-04,5234,MR2,MR 2 Drehmomente,0.0000,7.7000,7.7000,18.4000,33.8000
2024-06-04,5236,MR3,MR 3 Messuhren,0.0000,0.0000,0.0000,45.5700,45.5700
2024-06-04,5233,MR4,MR 4 Lohnmessung,0.0000,0.0000,7.7000,7.9200,15.6200
2024-06-04,5239,MR5,MR 5 Bügelmessschrauben,0.0000,7.7000,0.0000,33.9100,41.6100
2024-06-04,5235,MR6,MR 6 Messschieber,0.0000,7.7000,7.7000,27.3900,42.7900
2024-06-04,5232,MR7,MR 7 Lehren,0.0000,0.0000,0.0000,70.9300,70.9300
2024-06-04,5238,MR8,MR 8 Temperatur,0.0000,0.0000,0.0000,16.0000,16.0000
2024-06-04,5237,MR9,MR 9 Elektro BS,0.0000,7.7000,0.0000,7.7800,15.4800
2024-06-04,5225,Packplatz,Packplatz,0.0000,6.0000,7.7000,23.5100,37.2100
2024-06-04,5900,Qualifizierung,Qualifizierung,0.0000,0.0000,0.0000,9.6100,9.6100
2024-06-04,5223,WA,WA BS,0.0000,0.0000,0.0000,23.7000,23.7000
2024-06-04,5222,WE,WE BS,0.0000,7.7000,7.7000,54.9000,70.3000
2024-06-05,5240,AV,Arbeitsvorbereitung BS,0.0000,36.8000,7.7000,45.9500,90.4500
2024-06-05,5231,MR1,MR 1 Endmaße,0.0000,0.0000,6.0000,27.2000,33.2000
2024-06-05,5211,MR11,MR 11 KMG,0.0000,15.4000,0.0000,1.7000,17.1000
2024-06-05,5234,MR2,MR 2 Drehmomente,0.0000,7.7000,7.7000,15.0500,30.4500
2024-06-05,5236,MR3,MR 3 Messuhren,0.0000,7.7000,0.0000,23.6200,31.3200
2024-06-05,5233,MR4,MR 4 Lohnmessung,0.0000,0.0000,7.7000,7.9000,15.6000
2024-06-05,5239,MR5,MR 5 Bügelmessschrauben,0.0000,7.7000,7.7000,35.2500,50.6500
2024-06-05,5235,MR6,MR 6 Messschieber,0.0000,0.0000,7.7000,22.4000,30.1000
2024-06-05,5232,MR7,MR 7 Lehren,0.0000,0.0000,0.0000,77.6100,77.6100
2024-06-05,5238,MR8,MR 8 Temperatur,0.0000,0.0000,0.0000,7.0300,7.0300
2024-06-05,5237,MR9,MR 9 Elektro BS,0.0000,7.7000,0.0000,15.2900,22.9900
2024-06-05,5225,Packplatz,Packplatz,0.0000,6.0000,0.0000,30.5300,36.5300
2024-06-05,5900,Qualifizierung,Qualifizierung,0.0000,0.0000,0.0000,10.2000,10.2000
2024-06-05,5223,WA,WA BS,0.0000,0.0000,0.0000,15.4700,15.4700
2024-06-05,5222,WE,WE BS,0.0000,7.7000,7.7000,56.7400,72.1400
2024-06-05,5220,WE/WA,WE/WA BS,0.0000,0.0000,0.0000,4.2700,4.2700
2024-06-06,5240,AV,Arbeitsvorbereitung BS,0.0000,30.8000,7.7000,53.4000,91.9000
2024-06-06,5231,MR1,MR 1 Endmaße,0.0000,0.0000,6.0000,26.9500,32.9500
2024-06-06,5211,MR11,MR 11 KMG,0.0000,7.7000,0.0000,8.7800,16.4800
2024-06-06,5234,MR2,MR 2 Drehmomente,0.0000,7.7000,7.7000,15.3700,30.7700
2024-06-06,5236,MR3,MR 3 Messuhren,0.0000,0.0000,0.0000,34.7800,34.7800
2024-06-06,5233,MR4,MR 4 Lohnmessung,0.0000,0.0000,7.7000,7.9800,15.6800
2024-06-06,5239,MR5,MR 5 Bügelmessschrauben,0.0000,7.7000,7.7000,35.2700,50.6700
2024-06-06,5235,MR6,MR 6 Messschieber,0.0000,0.0000,7.7000,27.8000,35.5000
2024-06-06,5232,MR7,MR 7 Lehren,0.0000,0.0000,0.0000,66.9200,66.9200
2024-06-06,5238,MR8,MR 8 Temperatur,0.0000,0.0000,0.0000,2.3000,2.3000
2024-06-06,5237,MR9,MR 9 Elektro BS,0.0000,7.7000,0.0000,16.0700,23.7700
2024-06-06,5225,Packplatz,Packplatz,0.0000,0.0000,0.0000,30.2600,30.2600
2024-06-06,5900,Qualifizierung,Qualifizierung,0.0000,0.0000,0.0000,19.5400,19.5400
2024-06-06,5223,WA,WA BS,0.0000,0.0000,0.0000,23.6000,23.6000
2024-06-06,5222,WE,WE BS,0.0000,7.7000,7.7000,54.6100,70.0100
2024-06-06,5220,WE/WA,WE/WA BS,0.0000,0.0000,0.0000,4.4200,4.4200
2024-06-07,5240,AV,Arbeitsvorbereitung BS,0.0000,38.5000,7.7000,52.3500,98.5500
2024-06-07,5231,MR1,MR 1 Endmaße,0.0000,0.0000,6.0000,29.3100,35.3100
2024-06-07,5211,MR11,MR 11 KMG,0.0000,7.7000,0.0000,12.2200,19.9200
2024-06-07,5234,MR2,MR 2 Drehmomente,0.0000,7.7000,7.7000,20.7200,36.1200
2024-06-07,5236,MR3,MR 3 Messuhren,0.0000,0.0000,0.0000,19.2400,19.2400
2024-06-07,5233,MR4,MR 4 Lohnmessung,0.0000,0.0000,7.7000,7.8500,15.5500
2024-06-07,5239,MR5,MR 5 Bügelmessschrauben,0.0000,7.7000,7.7000,26.4200,41.8200
2024-06-07,5235,MR6,MR 6 Messschieber,0.0000,0.0000,7.7000,17.8000,25.5000
2024-06-07,5232,MR7,MR 7 Lehren,0.0000,0.0000,0.0000,57.1500,57.1500
2024-06-07,5238,MR8,MR 8 Temperatur,0.0000,0.0000,7.7000,3.4700,11.1700
2024-06-07,5237,MR9,MR 9 Elektro BS,0.0000,7.7000,0.0000,7.5500,15.2500
2024-06-07,5225,Packplatz,Packplatz,0.0000,0.0000,15.2700,15.7100,30.9800
2024-06-07,5900,Qualifizierung,Qualifizierung,0.0000,0.0000,0.0000,14.9600,14.9600
2024-06-07,5223,WA,WA BS,0.0000,0.0000,0.0000,14.1700,14.1700
2024-06-07,5222,WE,WE BS,0.0000,7.7000,7.7000,53.6800,69.0800
2024-06-10,5240,AV,Arbeitsvorbereitung BS,0.0000,23.1000,7.7000,65.8600,96.6600
2024-06-10,5231,MR1,MR 1 Endmaße,0.0000,0.0000,13.7000,15.3900,29.0900
2024-06-10,5211,MR11,MR 11 KMG,0.0000,0.0000,0.0000,17.1300,17.1300
2024-06-10,5234,MR2,MR 2 Drehmomente,0.0000,7.7000,0.0000,31.1600,38.8600
2024-06-10,5236,MR3,MR 3 Messuhren,0.0000,0.0000,7.7000,37.4300,45.1300
2024-06-10,5233,MR4,MR 4 Lohnmessung,0.0000,0.0000,7.7000,7.7700,15.4700
2024-06-10,5239,MR5,MR 5 Bügelmessschrauben,0.0000,7.7000,7.7000,32.2400,47.6400
2024-06-10,5235,MR6,MR 6 Messschieber,0.0000,0.0000,0.0000,35.6500,35.6500
2024-06-10,5232,MR7,MR 7 Lehren,0.0000,0.0000,7.7000,52.8600,60.5600
2024-06-10,5238,MR8,MR 8 Temperatur,0.0000,0.0000,7.7000,10.6600,18.3600
2024-06-10,5237,MR9,MR 9 Elektro BS,0.0000,0.0000,0.0000,15.7500,15.7500
2024-06-10,5225,Packplatz,Packplatz,0.0000,6.0000,0.0000,31.8300,37.8300
2024-06-10,5900,Qualifizierung,Qualifizierung,0.0000,0.0000,0.0000,11.8900,11.8900
2024-06-10,5223,WA,WA BS,0.0000,0.0000,7.7000,16.0000,23.7000
2024-06-10,5222,WE,WE BS,0.0000,0.0000,23.1000,47.4200,70.5200
2024-06-11,5240,AV,Arbeitsvorbereitung BS,0.0000,23.1000,7.7000,69.8200,100.6200
2024-06-11,5231,MR1,MR 1 Endmaße,0.0000,0.0000,13.7000,20.4100,34.1100
2024-06-11,5211,MR11,MR 11 KMG,0.0000,0.0000,0.0000,21.5500,21.5500
2024-06-11,5234,MR2,MR 2 Drehmomente,0.0000,7.7000,0.0000,25.4000,33.1000
2024-06-11,5236,MR3,MR 3 Messuhren,0.0000,7.7000,7.7000,31.6600,47.0600
2024-06-11,5233,MR4,MR 4 Lohnmessung,0.0000,0.0000,7.7000,0.0800,7.7800
2024-06-11,5239,MR5,MR 5 Bügelmessschrauben,0.0000,7.7000,7.7000,22.8900,38.2900
2024-06-11,5235,MR6,MR 6 Messschieber,0.0000,7.7000,0.0000,29.0900,36.7900
2024-06-11,5232,MR7,MR 7 Lehren,0.0000,0.0000,7.7000,55.2600,62.9600
2024-06-11,5238,MR8,MR 8 Temperatur,0.0000,0.0000,7.7000,12.1700,19.8700
2024-06-11,5237,MR9,MR 9 Elektro BS,0.0000,0.0000,0.0000,12.5000,12.5000
2024-06-11,5225,Packplatz,Packplatz,0.0000,6.0000,0.0000,29.7000,35.7000
2024-06-11,5900,Qualifizierung,Qualifizierung,0.0000,0.0000,0.0000,20.4200,20.4200
2024-06-11,5223,WA,WA BS,0.0000,0.0000,7.7000,16.0200,23.7200
2024-06-11,5222,WE,WE BS,0.0000,0.0000,15.4000,54.0200,69.4200
2024-06-12,5240,AV,Arbeitsvorbereitung BS,0.0000,23.1000,7.7000,61.1400,91.9400
2024-06-12,5231,MR1,MR 1 Endmaße,0.0000,7.7000,13.7000,15.7400,37.1400
2024-06-12,5211,MR11,MR 11 KMG,0.0000,0.0000,0.0000,24.4500,24.4500
2024-06-12,5234,MR2,MR 2 Drehmomente,0.0000,7.7000,0.0000,23.9100,31.6100
2024-06-12,5236,MR3,MR 3 Messuhren,0.0000,7.7000,7.7000,30.5900,45.9900
2024-06-12,5233,MR4,MR 4 Lohnmessung,0.0000,0.0000,7.7000,6.6500,14.3500
2024-06-12,5239,MR5,MR 5 Bügelmessschrauben,0.0000,15.4000,7.7000,30.2300,53.3300
2024-06-12,5235,MR6,MR 6 Messschieber,0.0000,7.7000,0.0000,23.7200,31.4200
2024-06-12,5232,MR7,MR 7 Lehren,0.0000,0.0000,7.7000,62.1700,69.8700
2024-06-12,5238,MR8,MR 8 Temperatur,0.0000,0.0000,7.7000,9.9000,17.6000
2024-06-12,5237,MR9,MR 9 Elektro BS,0.0000,0.0000,0.0000,15.8300,15.8300
2024-06-12,5225,Packplatz,Packplatz,0.0000,6.0000,0.0000,31.1900,37.1900
2024-06-12,5900,Qualifizierung,Qualifizierung,0.0000,0.0000,0.0000,1.0800,1.0800
2024-06-12,5223,WA,WA BS,0.0000,0.0000,7.7000,16.0600,23.7600
2024-06-12,5222,WE,WE BS,0.0000,0.0000,15.4000,54.3400,69.7400
2024-06-13,5240,AV,Arbeitsvorbereitung BS,0.0000,15.4000,7.7000,70.8700,93.9700
2024-06-13,5231,MR1,MR 1 Endmaße,0.0000,7.7000,13.7000,15.7000,37.1000
2024-06-13,5211,MR11,MR 11 KMG,0.0000,0.0000,7.7000,7.8500,15.5500
2024-06-13,5234,MR2,MR 2 Drehmomente,0.0000,7.7000,0.0000,24.7900,32.4900
2024-06-13,5236,MR3,MR 3 Messuhren,0.0000,7.7000,23.1000,10.0900,40.8900
2024-06-13,5233,MR4,MR 4 Lohnmessung,0.0000,0.0000,7.7000,0.2700,7.9700
2024-06-13,5239,MR5,MR 5 Bügelmessschrauben,0.0000,15.4000,7.7000,27.5600,50.6600
2024-06-13,5235,MR6,MR 6 Messschieber,0.0000,0.0000,0.0000,34.1800,34.1800
2024-06-13,5232,MR7,MR 7 Lehren,0.0000,6.5000,7.7000,58.1000,72.3000
2024-06-13,5238,MR8,MR 8 Temperatur,0.0000,0.0000,7.7000,14.7500,22.4500
2024-06-13,5237,MR9,MR 9 Elektro BS,0.0000,0.0000,0.0000,15.7200,15.7200
2024-06-13,5225,Packplatz,Packplatz,0.0000,0.0000,0.0000,30.0800,30.0800
2024-06-13,5900,Qualifizierung,Qualifizierung,0.0000,1.2000,0.0000,15.9700,17.1700
2024-06-13,5223,WA,WA BS,0.0000,0.0000,7.7000,12.8300,20.5300
2024-06-13,5222,WE,WE BS,0.0000,0.0000,23.1000,46.0300,69.1300
2024-06-14,5240,AV,Arbeitsvorbereitung BS,0.0000,15.4000,23.1000,51.7500,90.2500
2024-06-14,5231,MR1,MR 1 Endmaße,0.0000,7.7000,13.7000,13.1000,34.5000
2024-06-14,5211,MR11,MR 11 KMG,0.0000,0.0000,7.7000,13.4400,21.1400
2024-06-14,5234,MR2,MR 2 Drehmomente,0.0000,7.7000,0.0000,21.0600,28.7600
2024-06-14,5236,MR3,MR 3 Messuhren,0.0000,0.0000,15.4000,21.9100,37.3100
2024-06-14,5233,MR4,MR 4 Lohnmessung,0.0000,0.0000,7.7000,3.0200,10.7200
2024-06-14,5239,MR5,MR 5 Bügelmessschrauben,0.0000,7.7000,7.7000,16.3500,31.7500
2024-06-14,5235,MR6,MR 6 Messschieber,0.0000,7.7000,6.9300,23.2300,37.8600
2024-06-14,5232,MR7,MR 7 Lehren,0.0000,7.7000,7.7000,50.5100,65.9100
2024-06-14,5238,MR8,MR 8 Temperatur,0.0000,0.0000,7.7000,11.0500,18.7500
2024-06-14,5237,MR9,MR 9 Elektro BS,0.0000,0.0000,0.0000,15.8200,15.8200
2024-06-14,5225,Packplatz,Packplatz,0.0000,0.0000,7.7000,21.9900,29.6900
2024-06-14,5900,Qualifizierung,Qualifizierung,0.0000,0.0000,0.0000,8.8100,8.8100
2024-06-14,5223,WA,WA BS,0.0000,0.0000,7.7000,8.1200,15.8200
2024-06-14,5222,WE,WE BS,0.0000,0.0000,23.1000,45.6900,68.7900
2024-06-17,5240,AV,Arbeitsvorbereitung BS,0.0000,15.4000,0.0000,78.7300,94.1300
2024-06-17,5231,MR1,MR 1 Endmaße,0.0000,0.0000,13.7000,15.7500,29.4500
2024-06-17,5211,MR11,MR 11 KMG,0.0000,0.0000,0.0000,8.0800,8.0800
2024-06-17,5234,MR2,MR 2 Drehmomente,0.0000,7.7000,7.7000,24.4200,39.8200
2024-06-17,5236,MR3,MR 3 Messuhren,0.0000,0.0000,7.7000,37.1000,44.8000
2024-06-17,5233,MR4,MR 4 Lohnmessung,0.0000,0.0000,15.4000,7.2200,22.6200
2024-06-17,5239,MR5,MR 5 Bügelmessschrauben,0.0000,7.7000,7.7000,28.4800,43.8800
2024-06-17,5235,MR6,MR 6 Messschieber,0.0000,0.0000,0.0000,33.2800,33.2800
2024-06-17,5232,MR7,MR 7 Lehren,0.0000,0.0000,0.0000,62.4400,62.4400
2024-06-17,5238,MR8,MR 8 Temperatur,0.0000,0.0000,0.0000,15.6300,15.6300
2024-06-17,5237,MR9,MR 9 Elektro BS,0.0000,0.0000,0.0000,15.7300,15.7300
2024-06-17,5225,Packplatz,Packplatz,0.0000,13.7000,0.0000,22.8000,36.5000
2024-06-17,5900,Qualifizierung,Qualifizierung,0.0000,0.0000,0.0000,10.9700,10.9700
2024-06-17,5223,WA,WA BS,0.0000,0.0000,15.4000,,15.4000
2024-06-17,5222,WE,WE BS,0.0000,7.7000,23.1000,39.0600,69.8600
2024-06-18,5240,AV,Arbeitsvorbereitung BS,0.0000,7.7000,0.0000,78.6400,86.3400
2024-06-18,5231,MR1,MR 1 Endmaße,0.0000,0.0000,13.7000,23.3900,37.0900
2024-06-18,5211,MR11,MR 11 KMG,0.0000,0.0000,0.0000,19.6000,19.6000
2024-06-18,5234,MR2,MR 2 Drehmomente,0.0000,0.0000,0.0000,47.2000,47.2000
2024-06-18,5236,MR3,MR 3 Messuhren,0.0000,0.0000,7.7000,38.8400,46.5400
2024-06-18,5233,MR4,MR 4 Lohnmessung,0.0000,0.0000,15.4000,0.0700,15.4700
2024-06-18,5239,MR5,MR 5 Bügelmessschrauben,0.0000,7.7000,7.7000,27.8500,43.2500
2024-06-18,5235,MR6,MR 6 Messschieber,0.0000,0.0000,0.0000,26.0700,26.0700
2024-06-18,5232,MR7,MR 7 Lehren,0.0000,0.0000,0.0000,59.3900,59.3900
2024-06-18,5238,MR8,MR 8 Temperatur,0.0000,0.0000,0.0000,9.3500,9.3500
2024-06-18,5237,MR9,MR 9 Elektro BS,0.0000,0.0000,0.0000,23.2100,23.2100
2024-06-18,5225,Packplatz,Packplatz,0.0000,6.0000,0.0000,31.7000,37.7000
2024-06-18,5900,Qualifizierung,Qualifizierung,0.0000,0.0000,0.0000,24.1900,24.1900
2024-06-18,5223,WA,WA BS,0.0000,0.0000,15.4000,7.6000,23.0000
2024-06-18,5222,WE,WE BS,0.0000,7.7000,15.4000,48.7700,71.8700
2024-06-19,5240,AV,Arbeitsvorbereitung BS,0.0000,7.7000,0.0000,72.0800,79.7800
2024-06-19,5231,MR1,MR 1 Endmaße,0.0000,0.0000,13.7000,23.5200,37.2200
2024-06-19,5211,MR11,MR 11 KMG,0.0000,0.0000,0.0000,16.1600,16.1600
2024-06-19,5234,MR2,MR 2 Drehmomente,0.0000,0.0000,0.0000,31.6300,31.6300
2024-06-19,5236,MR3,MR 3 Messuhren,0.0000,0.0000,7.7000,19.2000,26.9000
2024-06-19,5233,MR4,MR 4 Lohnmessung,0.0000,0.0000,15.4000,,15.4000
2024-06-19,5239,MR5,MR 5 Bügelmessschrauben,0.0000,15.4000,7.7000,29.9500,53.0500
2024-06-19,5235,MR6,MR 6 Messschieber,0.0000,0.0000,0.0000,23.3400,23.3400
2024-06-19,5232,MR7,MR 7 Lehren,0.0000,7.7000,0.0000,62.1500,69.8500
2024-06-19,5238,MR8,MR 8 Temperatur,0.0000,0.0000,0.0000,4.6300,4.6300
2024-06-19,5237,MR9,MR 9 Elektro BS,0.0000,0.0000,0.0000,23.9200,23.9200
2024-06-19,5225,Packplatz,Packplatz,0.0000,6.0000,0.0000,31.8400,37.8400
2024-06-19,5900,Qualifizierung,Qualifizierung,0.0000,0.0000,0.0000,7.3500,7.3500
2024-06-19,5223,WA,WA BS,0.0000,0.0000,15.4000,7.4300,22.8300
2024-06-19,5222,WE,WE BS,0.0000,7.7000,15.4000,55.4900,78.5900
2024-06-20,5240,AV,Arbeitsvorbereitung BS,0.0000,7.7000,15.4000,47.6300,70.7300
2024-06-20,5231,MR1,MR 1 Endmaße,0.0000,0.0000,13.7000,23.2700,36.9700
2024-06-20,5211,MR11,MR 11 KMG,0.0000,0.0000,0.0000,15.6800,15.6800
2024-06-20,5234,MR2,MR 2 Drehmomente,0.0000,0.0000,0.0000,28.3000,28.3000
2024-06-20,5236,MR3,MR 3 Messuhren,0.0000,0.0000,15.4000,28.1700,43.5700
2024-06-20,5233,MR4,MR 4 Lohnmessung,0.0000,0.0000,15.4000,,15.4000
2024-06-20,5239,MR5,MR 5 Bügelmessschrauben,0.0000,15.4000,7.7000,30.7000,53.8000
2024-06-20,5235,MR6,MR 6 Messschieber,0.0000,0.0000,0.0000,23.0100,23.0100
2024-06-20,5232,MR7,MR 7 Lehren,0.0000,7.7000,0.0000,60.8200,68.5200
2024-06-20,5238,MR8,MR 8 Temperatur,0.0000,0.0000,0.0000,7.9500,7.9500
2024-06-20,5237,MR9,MR 9 Elektro BS,0.0000,0.0000,0.0000,15.3100,15.3100
2024-06-20,5225,Packplatz,Packplatz,0.0000,0.0000,0.0000,30.9800,30.9800
2024-06-20,5900,Qualifizierung,Qualifizierung,0.0000,0.0000,0.0000,15.0800,15.0800
2024-06-20,5223,WA,WA BS,0.0000,0.0000,15.4000,8.1800,23.5800
2024-06-20,5222,WE,WE BS,0.0000,7.7000,15.4000,57.6000,80.7000
2024-06-21,5240,AV,Arbeitsvorbereitung BS,0.0000,7.7000,30.8000,41.2000,79.7000
2024-06-21,5231,MR1,MR 1 Endmaße,0.0000,0.0000,13.7000,23.8000,37.5000
2024-06-21,5211,MR11,MR 11 KMG,0.0000,0.0000,0.0000,17.8800,17.8800
2024-06-21,5234,MR2,MR 2 Drehmomente,0.0000,0.0000,0.0000,31.9200,31.9200
2024-06-21,5236,MR3,MR 3 Messuhren,0.0000,0.0000,15.4000,20.0800,35.4800
2024-06-21,5233,MR4,MR 4 Lohnmessung,0.0000,0.0000,15.4000,,15.4000
2024-06-21,5239,MR5,MR 5 Bügelmessschrauben,0.0000,15.4000,7.7000,28.3200,51.4200
2024-06-21,5235,MR6,MR 6 Messschieber,0.0000,0.0000,0.0000,22.3600,22.3600
2024-06-21,5232,MR7,MR 7 Lehren,0.0000,7.7000,7.7000,44.1200,59.5200
2024-06-21,5238,MR8,MR 8 Temperatur,0.0000,0.0000,0.0000,9.2800,9.2800
2024-06-21,5237,MR9,MR 9 Elektro BS,0.0000,0.0000,0.0000,15.4500,15.4500
2024-06-21,5225,Packplatz,Packplatz,0.0000,0.0000,7.7000,22.6500,30.3500
2024-06-21,5900,Qualifizierung,Qualifizierung,0.0000,0.0000,0.0000,8.8100,8.8100
2024-06-21,5223,WA,WA BS,0.0000,0.0000,7.7000,8.4700,16.1700
2024-06-21,5222,WE,WE BS,0.0000,7.7000,23.1000,49.1200,79.9200
2024-06-22,5225,Packplatz,Packplatz,0.0000,0.0000,0.0000,5.3700,5.3700
2024-06-22,5222,WE,WE BS,0.0000,0.0000,0.0000,13.2500,13.2500
2024-06-24,5240,AV,Arbeitsvorbereitung BS,0.0000,15.4000,7.7000,65.1900,88.2900
2024-06-24,5231,MR1,MR 1 Endmaße,0.0000,0.0000,0.0000,29.1800,29.1800
2024-06-24,5211,MR11,MR 11 KMG,0.0000,0.0000,7.7000,17.5500,25.2500
2024-06-24,5234,MR2,MR 2 Drehmomente,7.7000,7.7000,7.7000,23.5000,46.6000
2024-06-24,5236,MR3,MR 3 Messuhren,0.0000,7.7000,7.7000,22.1700,37.5700
2024-06-24,5233,MR4,MR 4 Lohnmessung,0.0000,0.0000,0.0000,8.0000,8.0000
2024-06-24,5239,MR5,MR 5 Bügelmessschrauben,0.0000,7.7000,7.7000,22.7800,38.1800
2024-06-24,5235,MR6,MR 6 Messschieber,0.0000,0.0000,7.7000,18.1900,25.8900
2024-06-24,5232,MR7,MR 7 Lehren,0.0000,0.0000,23.1000,43.6300,66.7300
2024-06-24,5238,MR8,MR 8 Temperatur,0.0000,0.0000,0.0000,9.5800,9.5800
2024-06-24,5237,MR9,MR 9 Elektro BS,0.0000,0.0000,7.7000,14.4800,22.1800
2024-06-24,5225,Packplatz,Packplatz,0.0000,6.0000,0.0000,25.7800,31.7800
2024-06-24,5900,Qualifizierung,Qualifizierung,0.0000,0.0000,0.0000,9.7500,9.7500
2024-06-24,5223,WA,WA BS,0.0000,0.0000,7.7000,15.8700,23.5700
2024-06-24,5222,WE,WE BS,0.0000,0.0000,23.1000,51.7400,74.8400
2024-06-25,5240,AV,Arbeitsvorbereitung BS,0.0000,15.4000,0.0000,81.2600,96.6600
2024-06-25,5231,MR1,MR 1 Endmaße,0.0000,0.0000,0.0000,29.6600,29.6600
2024-06-25,5211,MR11,MR 11 KMG,0.0000,0.0000,7.7000,14.6000,22.3000
2024-06-25,5234,MR2,MR 2 Drehmomente,7.7000,7.7000,7.7000,23.6000,46.7000
2024-06-25,5236,MR3,MR 3 Messuhren,0.0000,0.0000,7.7000,37.9100,45.6100
2024-06-25,5233,MR4,MR 4 Lohnmessung,0.0000,0.0000,0.0000,8.0800,8.0800
2024-06-25,5239,MR5,MR 5 Bügelmessschrauben,0.0000,7.7000,7.7000,30.6800,46.0800
2024-06-25,5235,MR6,MR 6 Messschieber,0.0000,0.0000,7.7000,21.1100,28.8100
2024-06-25,5232,MR7,MR 7 Lehren,0.0000,0.0000,15.4000,55.2000,70.6000
2024-06-25,5238,MR8,MR 8 Temperatur,0.0000,0.0000,0.0000,8.0500,8.0500
2024-06-25,5237,MR9,MR 9 Elektro BS,0.0000,0.0000,7.7000,14.9500,22.6500
2024-06-25,5225,Packplatz,Packplatz,0.0000,6.0000,8.5200,15.9000,30.4200
2024-06-25,5223,WA,WA BS,0.0000,0.0000,7.7000,17.1200,24.8200
2024-06-25,5222,WE,WE BS,0.0000,0.0000,23.1000,53.6700,76.7700
2024-06-25,5220,WE/WA,WE/WA BS,0.0000,0.0000,0.0000,7.3500,7.3500
2024-06-26,5240,AV,Arbeitsvorbereitung BS,0.0000,15.4000,7.6300,68.8300,91.8600
2024-06-26,5231,MR1,MR 1 Endmaße,0.0000,0.0000,0.0000,26.6300,26.6300
2024-06-26,5211,MR11,MR 11 KMG,0.0000,0.0000,7.7000,7.9700,15.6700
2024-06-26,5234,MR2,MR 2 Drehmomente,7.7000,7.7000,7.7000,23.2400,46.3400
2024-06-26,5236,MR3,MR 3 Messuhren,0.0000,7.7000,7.7000,21.9200,37.3200
2024-06-26,5233,MR4,MR 4 Lohnmessung,0.0000,0.0000,0.0000,8.0300,8.0300
2024-06-26,5239,MR5,MR 5 Bügelmessschrauben,0.0000,7.7000,7.7000,20.5500,35.9500
2024-06-26,5235,MR6,MR 6 Messschieber,0.0000,0.0000,7.7000,20.5600,28.2600
2024-06-26,5232,MR7,MR 7 Lehren,0.0000,0.0000,15.4000,51.9000,67.3000
2024-06-26,5238,MR8,MR 8 Temperatur,0.0000,0.0000,0.0000,4.3500,4.3500
2024-06-26,5237,MR9,MR 9 Elektro BS,0.0000,0.0000,7.7000,10.5800,18.2800
2024-06-26,5225,Packplatz,Packplatz,0.0000,6.0000,0.0000,24.2600,30.2600
2024-06-26,5900,Qualifizierung,Qualifizierung,0.0000,0.0000,0.0000,20.4600,20.4600
2024-06-26,5223,WA,WA BS,0.0000,0.0000,7.7000,17.0000,24.7000
2024-06-26,5222,WE,WE BS,0.0000,0.0000,23.1000,55.6000,78.7000
2024-06-26,5220,WE/WA,WE/WA BS,0.0000,0.0000,0.0000,10.4500,10.4500
2024-06-27,5240,AV,Arbeitsvorbereitung BS,0.0000,7.7000,7.7000,81.0200,96.4200
2024-06-27,5231,MR1,MR 1 Endmaße,0.0000,7.7000,0.0000,26.2400,33.9400
2024-06-27,5211,MR11,MR 11 KMG,0.0000,0.0000,7.7000,2.3500,10.0500
2024-06-27,5234,MR2,MR 2 Drehmomente,0.0000,7.7000,7.7000,11.6200,27.0200
2024-06-27,5236,MR3,MR 3 Messuhren,0.0000,7.7000,15.4000,16.0700,39.1700
2024-06-27,5233,MR4,MR 4 Lohnmessung,0.0000,0.0000,0.0000,15.9000,15.9000
2024-06-27,5239,MR5,MR 5 Bügelmessschrauben,0.0000,7.7000,7.7000,15.6700,31.0700
2024-06-27,5235,MR6,MR 6 Messschieber,0.0000,0.0000,7.7000,24.7300,32.4300
2024-06-27,5232,MR7,MR 7 Lehren,0.0000,0.0000,15.4000,50.6100,66.0100
2024-06-27,5238,MR8,MR 8 Temperatur,0.0000,0.0000,0.0000,0.9400,0.9400
2024-06-27,5237,MR9,MR 9 Elektro BS,0.0000,0.0000,7.7000,10.1500,17.8500
2024-06-27,5225,Packplatz,Packplatz,0.0000,0.0000,0.0000,23.3500,23.3500
2024-06-27,5900,Qualifizierung,Qualifizierung,0.0000,0.0000,0.0000,28.5800,28.5800
2024-06-27,5223,WA,WA BS,0.0000,0.0000,7.7000,16.3500,24.0500
2024-06-27,5222,WE,WE BS,0.0000,0.0000,23.1000,54.8600,77.9600
2024-06-27,5220,WE/WA,WE/WA BS,0.0000,0.0000,0.0000,3.2500,3.2500
2024-06-28,5240,AV,Arbeitsvorbereitung BS,0.0000,7.7000,23.1000,61.3900,92.1900
2024-06-28,5231,MR1,MR 1 Endmaße,0.0000,7.7000,0.0000,21.4400,29.1400
2024-06-28,5211,MR11,MR 11 KMG,0.0000,0.0000,7.7000,16.0500,23.7500
2024-06-28,5234,MR2,MR 2 Drehmomente,0.0000,7.7000,7.7000,16.5800,31.9800
2024-06-28,5236,MR3,MR 3 Messuhren,0.0000,0.0000,15.4000,11.7800,27.1800
2024-06-28,5233,MR4,MR 4 Lohnmessung,0.0000,0.0000,0.0000,8.5000,8.5000
2024-06-28,5239,MR5,MR 5 Bügelmessschrauben,0.0000,7.7000,7.7000,19.7700,35.1700
2024-06-28,5235,MR6,MR 6 Messschieber,0.0000,0.0000,15.4000,20.3300,35.7300
2024-06-28,5232,MR7,MR 7 Lehren,0.0000,0.0000,23.1000,43.4400,66.5400
2024-06-28,5238,MR8,MR 8 Temperatur,0.0000,0.0000,0.0000,19.7300,19.7300
2024-06-28,5237,MR9,MR 9 Elektro BS,0.0000,0.0000,7.7000,4.9800,12.6800
2024-06-28,5225,Packplatz,Packplatz,0.0000,0.0000,0.0000,18.4700,18.4700
2024-06-28,5900,Qualifizierung,Qualifizierung,0.0000,0.0000,0.0000,5.9200,5.9200
2024-06-28,5223,WA,WA BS,0.0000,0.0000,0.0000,15.4500,15.4500
2024-06-28,5222,WE,WE BS,0.0000,0.0000,23.1000,46.4500,69.5500
2024-07-01,5240,AV,Arbeitsvorbereitung BS,0.0000,15.4000,15.4000,50.0800,80.8800
2024-07-01,5231,MR1,MR 1 Endmaße,0.0000,7.7000,0.0000,21.9200,29.6200
2024-07-01,5211,MR11,MR 11 KMG,0.0000,0.0000,0.0000,23.9400,23.9400
2024-07-01,5234,MR2,MR 2 Drehmomente,0.0000,7.7000,7.7000,23.9600,39.3600
2024-07-01,5236,MR3,MR 3 Messuhren,0.0000,0.0000,7.7000,28.1300,35.8300
2024-07-01,5233,MR4,MR 4 Lohnmessung,0.0000,0.0000,0.0000,8.0800,8.0800
2024-07-01,5239,MR5,MR 5 Bügelmessschrauben,0.0000,7.7000,7.7000,30.8500,46.2500
2024-07-01,5235,MR6,MR 6 Messschieber,0.0000,0.0000,5.0000,23.8900,28.8900
2024-07-01,5232,MR7,MR 7 Lehren,0.0000,0.0000,23.1000,47.5500,70.6500
2024-07-01,5238,MR8,MR 8 Temperatur,0.0000,0.0000,0.0000,15.1100,15.1100
2024-07-01,5237,MR9,MR 9 Elektro BS,0.0000,0.0000,7.7000,16.1500,23.8500
2024-07-01,5225,Packplatz,Packplatz,0.0000,6.0000,0.0000,24.6700,30.6700
2024-07-01,5900,Qualifizierung,Qualifizierung,0.0000,0.0000,0.0000,5.1500,5.1500
2024-07-01,5223,WA,WA BS,0.0000,0.0000,0.0000,15.7300,15.7300
2024-07-01,5222,WE,WE BS,0.0000,0.0000,15.4000,60.2400,75.6400
2024-07-02,5240,AV,Arbeitsvorbereitung BS,0.0000,15.4000,15.4000,58.5000,89.3000
2024-07-02,5231,MR1,MR 1 Endmaße,0.0000,7.7000,7.7000,21.9800,37.3800
2024-07-02,5211,MR11,MR 11 KMG,0.0000,0.0000,0.0000,9.9700,9.9700
2024-07-02,5234,MR2,MR 2 Drehmomente,0.0000,7.7000,7.7000,31.7200,47.1200
2024-07-02,5236,MR3,MR 3 Messuhren,0.0000,0.0000,7.7000,25.5500,33.2500
2024-07-02,5233,MR4,MR 4 Lohnmessung,0.0000,0.0000,0.0000,7.6200,7.6200
2024-07-02,5239,MR5,MR 5 Bügelmessschrauben,0.0000,7.7000,7.7000,27.2600,42.6600
2024-07-02,5235,MR6,MR 6 Messschieber,0.0000,7.7000,5.0000,21.3700,34.0700
2024-07-02,5232,MR7,MR 7 Lehren,0.0000,0.0000,23.1000,39.5200,62.6200
2024-07-02,5238,MR8,MR 8 Temperatur,0.0000,0.0000,0.0000,10.5700,10.5700
2024-07-02,5237,MR9,MR 9 Elektro BS,0.0000,0.0000,7.7000,8.0500,15.7500
2024-07-02,5225,Packplatz,Packplatz,0.0000,6.0000,0.0000,23.8500,29.8500
2024-07-02,5900,Qualifizierung,Qualifizierung,0.0000,0.0000,0.0000,23.7100,23.7100
2024-07-02,5223,WA,WA BS,0.0000,0.0000,0.0000,23.6100,23.6100
2024-07-02,5222,WE,WE BS,0.0000,0.0000,15.4000,54.5900,69.9900
2024-07-03,5240,AV,Arbeitsvorbereitung BS,0.0000,15.4000,15.4000,52.4500,83.2500
2024-07-03,5231,MR1,MR 1 Endmaße,0.0000,7.7000,0.0000,24.0000,31.7000
2024-07-03,5211,MR11,MR 11 KMG,0.0000,0.0000,0.0000,17.6700,17.6700
2024-07-03,5234,MR2,MR 2 Drehmomente,0.0000,7.7000,7.7000,30.5200,45.9200
2024-07-03,5236,MR3,MR 3 Messuhren,0.0000,0.0000,0.0000,29.3900,29.3900
2024-07-03,5233,MR4,MR 4 Lohnmessung,0.0000,0.0000,0.0000,8.0300,8.0300
2024-07-03,5239,MR5,MR 5 Bügelmessschrauben,0.0000,7.7000,7.7000,29.6300,45.0300
2024-07-03,5235,MR6,MR 6 Messschieber,0.0000,7.7000,5.0000,23.5000,36.2000
2024-07-03,5232,MR7,MR 7 Lehren,0.0000,0.0000,23.1000,45.3500,68.4500
2024-07-03,5237,MR9,MR 9 Elektro BS,0.0000,0.0000,7.7000,15.9200,23.6200
2024-07-03,5225,Packplatz,Packplatz,0.0000,6.0000,0.0000,24.1600,30.1600
2024-07-03,5900,Qualifizierung,Qualifizierung,0.0000,0.0000,0.0000,9.4700,9.4700
2024-07-03,5223,WA,WA BS,0.0000,0.0000,0.0000,23.5200,23.5200
2024-07-03,5222,WE,WE BS,0.0000,0.0000,15.4000,55.5900,70.9900
2024-07-03,5220,WE/WA,WE/WA BS,0.0000,0.0000,0.0000,5.3300,5.3300
2024-07-04,5240,AV,Arbeitsvorbereitung BS,0.0000,15.4000,15.4000,58.6700,89.4700
2024-07-04,5231,MR1,MR 1 Endmaße,0.0000,15.4000,0.0000,17.3300,32.7300
2024-07-04,5211,MR11,MR 11 KMG,0.0000,0.0000,0.0000,21.1600,21.1600
2024-07-04,5234,MR2,MR 2 Drehmomente,0.0000,7.7000,7.7000,24.2900,39.6900
2024-07-04,5236,MR3,MR 3 Messuhren,0.0000,0.0000,0.0000,25.5000,25.5000
2024-07-04,5233,MR4,MR 4 Lohnmessung,0.0000,0.0000,0.0000,8.0800,8.0800
2024-07-04,5239,MR5,MR 5 Bügelmessschrauben,0.0000,7.7000,7.7000,29.1500,44.5500
2024-07-04,5235,MR6,MR 6 Messschieber,0.0000,15.4000,5.0000,16.6400,37.0400
2024-07-04,5232,MR7,MR 7 Lehren,0.0000,0.0000,23.1000,46.7400,69.8400
2024-07-04,5238,MR8,MR 8 Temperatur,0.0000,0.0000,0.0000,7.8700,7.8700
2024-07-04,5237,MR9,MR 9 Elektro BS,0.0000,0.0000,7.7000,16.4800,24.1800
2024-07-04,5225,Packplatz,Packplatz,0.0000,0.0000,0.0000,23.8200,23.8200
2024-07-04,5900,Qualifizierung,Qualifizierung,0.0000,0.0000,0.0000,14.9700,14.9700
2024-07-04,5223,WA,WA BS,0.0000,0.0000,0.0000,23.6300,23.6300
2024-07-04,5222,WE,WE BS,0.0000,0.0000,15.4000,55.0400,70.4400
2024-07-04,5220,WE/WA,WE/WA BS,0.0000,0.0000,0.0000,4.7300,4.7300
2024-07-05,5240,AV,Arbeitsvorbereitung BS,0.0000,15.4000,15.4000,56.3200,87.1200
2024-07-05,5231,MR1,MR 1 Endmaße,0.0000,15.4000,7.7000,13.2100,36.3100
2024-07-05,5211,MR11,MR 11 KMG,0.0000,0.0000,0.0000,22.8400,22.8400
2024-07-05,5234,MR2,MR 2 Drehmomente,0.0000,7.7000,7.7000,13.5900,28.9900
2024-07-05,5236,MR3,MR 3 Messuhren,0.0000,0.0000,7.7000,25.7300,33.4300
2024-07-05,5233,MR4,MR 4 Lohnmessung,0.0000,0.0000,0.0000,7.3800,7.3800
2024-07-05,5239,MR5,MR 5 Bügelmessschrauben,0.0000,7.7000,15.4000,21.8300,44.9300
2024-07-05,5235,MR6,MR 6 Messschieber,0.0000,7.7000,12.7000,12.9700,33.3700
2024-07-05,5232,MR7,MR 7 Lehren,0.0000,7.7000,23.1000,34.6500,65.4500
2024-07-05,5238,MR8,MR 8 Temperatur,0.0000,0.0000,0.0000,10.3500,10.3500
2024-07-05,5237,MR9,MR 9 Elektro BS,0.0000,0.0000,7.7000,15.0300,22.7300
2024-07-05,5225,Packplatz,Packplatz,0.0000,0.0000,7.2300,11.1500,18.3800
2024-07-05,5900,Qualifizierung,Qualifizierung,0.0000,0.0000,0.0000,14.6900,14.6900
2024-07-05,5223,WA,WA BS,0.0000,0.0000,0.0000,14.0300,14.0300
2024-07-05,5222,WE,WE BS,0.0000,0.0000,15.4000,51.0900,66.4900
2024-07-08,5240,AV,Arbeitsvorbereitung BS,0.0000,7.7000,23.1000,59.6200,90.4200
2024-07-08,5231,MR1,MR 1 Endmaße,0.0000,0.0000,0.0000,29.6300,29.6300
2024-07-08,5211,MR11,MR 11 KMG,0.0000,7.7000,0.0000,15.5500,23.2500
2024-07-08,5234,MR2,MR 2 Drehmomente,0.0000,7.7000,7.7000,30.3900,45.7900
2024-07-08,5236,MR3,MR 3 Messuhren,0.0000,0.0000,7.7000,30.5700,38.2700
2024-07-08,5239,MR5,MR 5 Bügelmessschrauben,0.0000,7.7000,7.7000,30.9400,46.3400
2024-07-08,5235,MR6,MR 6 Messschieber,0.0000,0.0000,5.0000,30.1800,35.1800
2024-07-08,5232,MR7,MR 7 Lehren,0.0000,7.7000,23.1000,39.1800,69.9800
2024-07-08,5238,MR8,MR 8 Temperatur,0.0000,0.0000,0.0000,9.5500,9.5500
2024-07-08,5237,MR9,MR 9 Elektro BS,0.0000,0.0000,15.4000,2.7800,18.1800
2024-07-08,5225,Packplatz,Packplatz,0.0000,6.0000,0.0000,23.1700,29.1700
2024-07-08,5900,Qualifizierung,Qualifizierung,0.0000,0.0000,0.0000,21.6500,21.6500
2024-07-08,5223,WA,WA BS,0.0000,0.0000,0.0000,23.6800,23.6800
2024-07-08,5222,WE,WE BS,0.0000,7.7000,15.4000,46.2900,69.3900
2024-07-09,5240,AV,Arbeitsvorbereitung BS,0.0000,7.7000,23.1000,61.6700,92.4700
2024-07-09,5231,MR1,MR 1 Endmaße,0.0000,0.0000,0.0000,36.7200,36.7200
2024-07-09,5211,MR11,MR 11 KMG,0.0000,7.7000,0.0000,15.3700,23.0700
2024-07-09,5234,MR2,MR 2 Drehmomente,0.0000,7.7000,7.7000,26.1500,41.5500
2024-07-09,5236,MR3,MR 3 Messuhren,0.0000,6.6500,7.7000,31.2100,45.5600
2024-07-09,5233,MR4,MR 4 Lohnmessung,0.0000,0.0000,0.0000,7.9800,7.9800
2024-07-09,5239,MR5,MR 5 Bügelmessschrauben,0.0000,7.7000,7.7000,29.1800,44.5800
2024-07-09,5235,MR6,MR 6 Messschieber,0.0000,0.0000,5.0000,30.6500,35.6500
2024-07-09,5232,MR7,MR 7 Lehren,0.0000,8.7500,23.1000,39.3000,71.1500
2024-07-09,5238,MR8,MR 8 Temperatur,0.0000,0.0000,0.0000,6.8300,6.8300
2024-07-09,5237,MR9,MR 9 Elektro BS,0.0000,0.0000,7.7000,16.3800,24.0800
2024-07-09,5225,Packplatz,Packplatz,0.0000,0.0000,0.0000,23.0700,23.0700
2024-07-09,5900,Qualifizierung,Qualifizierung,0.0000,0.0000,0.0000,3.9300,3.9300
2024-07-09,5223,WA,WA BS,0.0000,0.0000,0.0000,23.5600,23.5600
2024-07-09,5222,WE,WE BS,0.0000,7.7000,15.4000,38.0600,61.1600
2024-07-10,5240,AV,Arbeitsvorbereitung BS,0.0000,7.7000,15.4000,66.5000,89.6000
2024-07-10,5231,MR1,MR 1 Endmaße,0.0000,0.0000,0.0000,37.8700,37.8700
2024-07-10,5211,MR11,MR 11 KMG,0.0000,7.7000,0.0000,14.5000,22.2000
2024-07-10,5234,MR2,MR 2 Drehmomente,0.0000,7.7000,7.7000,34.4500,49.8500
2024-07-10,5236,MR3,MR 3 Messuhren,0.0000,7.7000,7.7000,30.1100,45.5100
2024-07-10,5233,MR4,MR 4 Lohnmessung,0.0000,0.0000,0.0000,8.0500,8.0500
2024-07-10,5239,MR5,MR 5 Bügelmessschrauben,0.0000,7.7000,7.7000,24.7000,40.1000
2024-07-10,5235,MR6,MR 6 Messschieber,0.0000,0.0000,5.0000,35.8300,40.8300
2024-07-10,5232,MR7,MR 7 Lehren,0.0000,7.7000,23.1000,28.1300,58.9300
2024-07-10,5238,MR8,MR 8 Temperatur,0.0000,0.0000,0.0000,6.9000,6.9000
2024-07-10,5237,MR9,MR 9 Elektro BS,0.0000,0.0000,7.7000,7.6200,15.3200
2024-07-10,5225,Packplatz,Packplatz,0.0000,0.0000,0.0000,23.4200,23.4200
2024-07-10,5900,Qualifizierung,Qualifizierung,0.0000,0.0000,0.0000,16.4300,16.4300
2024-07-10,5223,WA,WA BS,0.0000,0.0000,0.0000,23.6600,23.6600
2024-07-10,5222,WE,WE BS,0.0000,7.7000,15.4000,46.0300,69.1300
2024-07-11,5240,AV,Arbeitsvorbereitung BS,0.0000,7.7000,20.4000,61.8700,89.9700
2024-07-11,5231,MR1,MR 1 Endmaße,0.0000,0.0000,0.0000,37.2500,37.2500
2024-07-11,5211,MR11,MR 11 KMG,0.0000,7.7000,0.0000,13.6700,21.3700
2024-07-11,5234,MR2,MR 2 Drehmomente,0.0000,7.7000,7.7000,28.8100,44.2100
2024-07-11,5236,MR3,MR 3 Messuhren,0.0000,7.7000,15.4000,23.0900,46.1900
2024-07-11,5233,MR4,MR 4 Lohnmessung,0.0000,0.0000,0.0000,8.0500,8.0500
2024-07-11,5239,MR5,MR 5 Bügelmessschrauben,0.0000,7.7000,7.7000,30.5200,45.9200
2024-07-11,5235,MR6,MR 6 Messschieber,0.0000,0.0000,5.0000,26.3000,31.3000
2024-07-11,5232,MR7,MR 7 Lehren,0.0000,7.7000,23.1000,39.6300,70.4300
2024-07-11,5238,MR8,MR 8 Temperatur,0.0000,0.0000,0.0000,9.4000,9.4000
2024-07-11,5237,MR9,MR 9 Elektro BS,0.0000,0.0000,7.7000,15.7000,23.4000
2024-07-11,5225,Packplatz,Packplatz,0.0000,0.0000,0.0000,19.0000,19.0000
2024-07-11,5900,Qualifizierung,Qualifizierung,0.0000,0.0000,0.0000,5.9500,5.9500
2024-07-11,5223,WA,WA BS,0.0000,0.0000,0.0000,22.7300,22.7300
2024-07-11,5222,WE,WE BS,0.0000,0.0000,15.4000,53.2300,68.6300
2024-07-12,5240,AV,Arbeitsvorbereitung BS,0.0000,7.7000,28.3700,44.4000,80.4700
2024-07-12,5231,MR1,MR 1 Endmaße,0.0000,0.0000,0.0000,35.2500,35.2500
2024-07-12,5211,MR11,MR 11 KMG,0.0000,7.7000,7.7000,8.4300,23.8300
2024-07-12,5234,MR2,MR 2 Drehmomente,0.0000,7.7000,7.7000,29.8600,45.2600
2024-07-12,5236,MR3,MR 3 Messuhren,0.0000,7.7000,23.1000,6.0000,36.8000
2024-07-12,5233,MR4,MR 4 Lohnmessung,0.0000,0.0000,0.0000,8.7000,8.7000
2024-07-12,5239,MR5,MR 5 Bügelmessschrauben,0.0000,7.7000,7.7000,20.5100,35.9100
2024-07-12,5235,MR6,MR 6 Messschieber,0.0000,7.7000,12.7000,22.5200,42.9200
2024-07-12,5232,MR7,MR 7 Lehren,0.0000,7.7000,23.1000,29.3000,60.1000
2024-07-12,5238,MR8,MR 8 Temperatur,0.0000,0.0000,0.0000,16.6100,16.6100
2024-07-12,5237,MR9,MR 9 Elektro BS,0.0000,0.0000,7.7000,7.6300,15.3300
2024-07-12,5225,Packplatz,Packplatz,0.0000,0.0000,0.0000,19.3300,19.3300
2024-07-12,5900,Qualifizierung,Qualifizierung,0.0000,0.0000,0.0000,1.5200,1.5200
2024-07-12,5223,WA,WA BS,0.0000,0.0000,0.0000,14.6500,14.6500
2024-07-12,5222,WE,WE BS,0.0000,0.0000,15.4000,51.4700,66.8700
2024-07-15,5240,AV,Arbeitsvorbereitung BS,0.0000,0.0000,26.4000,59.4200,85.8200
2024-07-15,5231,MR1,MR 1 Endmaße,0.0000,0.0000,0.0000,21.9300,21.9300
2024-07-15,5211,MR11,MR 11 KMG,0.0000,0.0000,7.7000,20.7400,28.4400
2024-07-15,5234,MR2,MR 2 Drehmomente,0.0000,0.0000,15.4000,23.4700,38.8700
2024-07-15,5236,MR3,MR 3 Messuhren,0.0000,7.7000,15.4000,15.1700,38.2700
2024-07-15,5239,MR5,MR 5 Bügelmessschrauben,0.0000,7.7000,0.0000,37.1500,44.8500
2024-07-15,5235,MR6,MR 6 Messschieber,0.0000,0.0000,15.4000,22.9500,38.3500
2024-07-15,5232,MR7,MR 7 Lehren,0.0000,0.0000,15.4000,55.4800,70.8800
2024-07-15,5238,MR8,MR 8 Temperatur,0.0000,0.0000,0.0000,8.5800,8.5800
2024-07-15,5237,MR9,MR 9 Elektro BS,0.0000,0.0000,0.0000,23.3700,23.3700
2024-07-15,5225,Packplatz,Packplatz,0.0000,0.0000,7.7000,15.8000,23.5000
2024-07-15,5223,WA,WA BS,0.0000,7.7000,0.0000,8.0700,15.7700
2024-07-15,5222,WE,WE BS,0.0000,7.7000,7.7000,54.8300,70.2300
2024-07-15,5220,WE/WA,WE/WA BS,0.0000,0.0000,0.0000,7.9700,7.9700
2024-07-16,5240,AV,Arbeitsvorbereitung BS,0.0000,0.0000,20.4000,67.4200,87.8200
2024-07-16,5231,MR1,MR 1 Endmaße,0.0000,0.0000,7.7000,23.1300,30.8300
2024-07-16,5211,MR11,MR 11 KMG,0.0000,0.0000,7.7000,12.1800,19.8800
2024-07-16,5234,MR2,MR 2 Drehmomente,0.0000,0.0000,15.4000,36.0200,51.4200
2024-07-16,5236,MR3,MR 3 Messuhren,0.0000,7.7000,7.7000,14.3800,29.7800
2024-07-16,5233,MR4,MR 4 Lohnmessung,0.0000,0.0000,0.0000,8.0000,8.0000
2024-07-16,5239,MR5,MR 5 Bügelmessschrauben,0.0000,7.7000,0.0000,38.6300,46.3300
2024-07-16,5235,MR6,MR 6 Messschieber,0.0000,0.0000,15.4000,23.6500,39.0500
2024-07-16,5232,MR7,MR 7 Lehren,0.0000,0.0000,15.4000,55.2700,70.6700
2024-07-16,5238,MR8,MR 8 Temperatur,0.0000,0.0000,0.0000,9.7300,9.7300
2024-07-16,5237,MR9,MR 9 Elektro BS,0.0000,0.0000,0.0000,23.2000,23.2000
2024-07-16,5225,Packplatz,Packplatz,0.0000,0.0000,7.7000,15.7200,23.4200
2024-07-16,5900,Qualifizierung,Qualifizierung,0.0000,0.0000,0.0000,3.7500,3.7500
2024-07-16,5223,WA,WA BS,0.0000,7.7000,0.0000,16.5000,24.2000
2024-07-16,5222,WE,WE BS,0.0000,0.0000,7.7000,62.9400,70.6400
2024-07-16,5220,WE/WA,WE/WA BS,0.0000,0.0000,0.0000,4.7700,4.7700
2024-07-17,5240,AV,Arbeitsvorbereitung BS,0.0000,0.0000,15.4000,66.0700,81.4700
2024-07-17,5231,MR1,MR 1 Endmaße,0.0000,0.0000,15.4000,18.2300,33.6300
2024-07-17,5211,MR11,MR 11 KMG,0.0000,0.0000,7.7000,15.8800,23.5800
2024-07-17,5234,MR2,MR 2 Drehmomente,0.0000,0.0000,15.4000,23.4700,38.8700
2024-07-17,5236,MR3,MR 3 Messuhren,0.0000,7.7000,15.4000,7.5800,30.6800
2024-07-17,5233,MR4,MR 4 Lohnmessung,0.0000,0.0000,0.0000,8.0200,8.0200
2024-07-17,5239,MR5,MR 5 Bügelmessschrauben,0.0000,7.7000,0.0000,34.3800,42.0800
2024-07-17,5235,MR6,MR 6 Messschieber,0.0000,0.0000,15.4000,27.7300,43.1300
2024-07-17,5232,MR7,MR 7 Lehren,0.0000,0.0000,7.7000,62.0400,69.7400
2024-07-17,5238,MR8,MR 8 Temperatur,0.0000,0.0000,0.0000,8.8000,8.8000
2024-07-17,5237,MR9,MR 9 Elektro BS,0.0000,0.0000,0.0000,23.1400,23.1400
2024-07-17,5225,Packplatz,Packplatz,0.0000,0.0000,7.7000,14.9700,22.6700
2024-07-17,5223,WA,WA BS,0.0000,7.7000,0.0000,15.9000,23.6000
2024-07-17,5222,WE,WE BS,0.0000,0.0000,15.4000,55.5500,70.9500
2024-07-18,5240,AV,Arbeitsvorbereitung BS,0.0000,7.7000,20.4000,60.2900,88.3900
2024-07-18,5231,MR1,MR 1 Endmaße,7.7000,6.0000,7.7000,15.7900,37.1900
2024-07-18,5211,MR11,MR 11 KMG,0.0000,0.0000,7.7000,20.6200,28.3200
2024-07-18,5234,MR2,MR 2 Drehmomente,0.0000,0.0000,15.4000,23.8000,39.2000
2024-07-18,5236,MR3,MR 3 Messuhren,0.0000,0.0000,7.7000,27.8900,35.5900
2024-07-18,5233,MR4,MR 4 Lohnmessung,0.0000,0.0000,0.0000,8.0200,8.0200
2024-07-18,5239,MR5,MR 5 Bügelmessschrauben,0.0000,7.7000,0.0000,38.1500,45.8500
2024-07-18,5235,MR6,MR 6 Messschieber,0.0000,0.0000,15.4000,20.8600,36.2600
2024-07-18,5232,MR7,MR 7 Lehren,0.0000,0.0000,7.7000,60.2000,67.9000
2024-07-18,5238,MR8,MR 8 Temperatur,0.0000,0.0000,0.0000,9.3000,9.3000
2024-07-18,5237,MR9,MR 9 Elektro BS,0.0000,0.0000,0.0000,20.1500,20.1500
2024-07-18,5225,Packplatz,Packplatz,0.0000,0.0000,7.7000,14.7500,22.4500
2024-07-18,5900,Qualifizierung,Qualifizierung,0.0000,0.0000,0.0000,2.1300,2.1300
2024-07-18,5223,WA,WA BS,0.0000,15.4000,0.0000,7.8000,23.2000
2024-07-18,5222,WE,WE BS,0.0000,0.0000,15.4000,54.5000,69.9000
2024-07-19,5240,AV,Arbeitsvorbereitung BS,0.0000,7.7000,28.1000,52.7100,88.5100
2024-07-19,5231,MR1,MR 1 Endmaße,7.7000,0.0000,7.7000,21.5000,36.9000
2024-07-19,5211,MR11,MR 11 KMG,0.0000,0.0000,7.7000,15.3300,23.0300
2024-07-19,5234,MR2,MR 2 Drehmomente,0.0000,0.0000,23.1000,13.6300,36.7300
2024-07-19,5236,MR3,MR 3 Messuhren,0.0000,0.0000,7.7000,14.5000,22.2000
2024-07-19,5233,MR4,MR 4 Lohnmessung,0.0000,0.0000,0.0000,7.3200,7.3200
2024-07-19,5239,MR5,MR 5 Bügelmessschrauben,0.0000,7.7000,0.0000,19.6600,27.3600
2024-07-19,5235,MR6,MR 6 Messschieber,0.0000,0.0000,15.4000,26.6400,42.0400
2024-07-19,5232,MR7,MR 7 Lehren,0.0000,0.0000,15.4000,57.2400,72.6400
2024-07-19,5238,MR8,MR 8 Temperatur,0.0000,0.0000,0.0000,10.0400,10.0400
2024-07-19,5237,MR9,MR 9 Elektro BS,0.0000,0.0000,0.0000,23.8400,23.8400
2024-07-19,5225,Packplatz,Packplatz,0.0000,0.0000,7.7000,14.6500,22.3500
2024-07-19,5900,Qualifizierung,Qualifizierung,0.0000,0.0000,0.0000,3.0700,3.0700
2024-07-19,5223,WA,WA BS,0.0000,0.0000,0.0000,13.7800,13.7800
2024-07-19,5222,WE,WE BS,0.0000,0.0000,23.1000,45.5700,68.6700
2024-07-22,5240,AV,Arbeitsvorbereitung BS,0.0000,0.0000,5.0000,76.9700,81.9700
2024-07-22,5231,MR1,MR 1 Endmaße,0.0000,7.7000,7.7000,13.9700,29.3700
2024-07-22,5211,MR11,MR 11 KMG,7.7000,0.0000,7.7000,7.6500,23.0500
2024-07-22,5234,MR2,MR 2 Drehmomente,0.0000,0.0000,7.7000,24.4400,32.1400
2024-07-22,5236,MR3,MR 3 Messuhren,0.0000,0.0000,15.4000,23.3200,38.7200
2024-07-22,5233,MR4,MR 4 Lohnmessung,0.0000,0.0000,0.0000,8.0000,8.0000
2024-07-22,5239,MR5,MR 5 Bügelmessschrauben,0.0000,15.4000,15.4000,15.8500,46.6500
2024-07-22,5235,MR6,MR 6 Messschieber,0.0000,7.7000,3.8500,25.8600,37.4100
2024-07-22,5232,MR7,MR 7 Lehren,0.0000,0.0000,7.7000,70.5900,78.2900
2024-07-22,5238,MR8,MR 8 Temperatur,0.0000,0.0000,0.0000,2.3700,2.3700
2024-07-22,5237,MR9,MR 9 Elektro BS,0.0000,0.0000,7.7000,15.4500,23.1500
2024-07-22,5225,Packplatz,Packplatz,0.0000,0.0000,15.4000,7.7000,23.1000
2024-07-22,5223,WA,WA BS,0.0000,0.0000,0.0000,23.8000,23.8000
2024-07-22,5222,WE,WE BS,0.0000,0.0000,7.7000,63.9500,71.6500
2024-07-23,5240,AV,Arbeitsvorbereitung BS,0.0000,7.7000,5.0000,68.6900,81.3900
2024-07-23,5231,MR1,MR 1 Endmaße,0.0000,0.0000,15.4000,21.8000,37.2000
2024-07-23,5211,MR11,MR 11 KMG,7.7000,0.0000,7.7000,7.6200,23.0200
2024-07-23,5234,MR2,MR 2 Drehmomente,0.0000,0.0000,0.0000,39.5300,39.5300
2024-07-23,5236,MR3,MR 3 Messuhren,0.0000,0.0000,7.7000,31.7200,39.4200
2024-07-23,5233,MR4,MR 4 Lohnmessung,0.0000,0.0000,0.0000,8.0200,8.0200
2024-07-23,5239,MR5,MR 5 Bügelmessschrauben,0.0000,15.4000,15.4000,15.7500,46.5500
2024-07-23,5235,MR6,MR 6 Messschieber,0.0000,15.4000,0.0000,20.3500,35.7500
2024-07-23,5232,MR7,MR 7 Lehren,0.0000,7.7000,7.7000,61.0300,76.4300
2024-07-23,5238,MR8,MR 8 Temperatur,0.0000,0.0000,0.0000,8.3100,8.3100
2024-07-23,5237,MR9,MR 9 Elektro BS,0.0000,0.0000,7.7000,15.5800,23.2800
2024-07-23,5225,Packplatz,Packplatz,0.0000,0.0000,15.4000,7.9200,23.3200
2024-07-23,5223,WA,WA BS,0.0000,0.0000,0.0000,23.7300,23.7300
2024-07-23,5222,WE,WE BS,0.0000,0.0000,7.7000,63.8200,71.5200
2024-07-24,5240,AV,Arbeitsvorbereitung BS,0.0000,7.7000,0.0000,67.7900,75.4900
2024-07-24,5231,MR1,MR 1 Endmaße,0.0000,0.0000,15.4000,21.5300,36.9300
2024-07-24,5211,MR11,MR 11 KMG,7.7000,0.0000,7.7000,12.6500,28.0500
2024-07-24,5212,MR12,MR 12 Druck,0.0000,0.0000,0.0000,7.6700,7.6700
2024-07-24,5234,MR2,MR 2 Drehmomente,0.0000,0.0000,0.0000,38.1600,38.1600
2024-07-24,5236,MR3,MR 3 Messuhren,0.0000,0.0000,7.7000,30.3200,38.0200
2024-07-24,5233,MR4,MR 4 Lohnmessung,0.0000,0.0000,0.0000,8.0000,8.0000
2024-07-24,5239,MR5,MR 5 Bügelmessschrauben,0.0000,15.4000,15.4000,15.9300,46.7300
2024-07-24,5235,MR6,MR 6 Messschieber,0.0000,15.4000,7.7000,14.5200,37.6200
2024-07-24,5232,MR7,MR 7 Lehren,0.0000,7.7000,7.7000,60.1700,75.5700
2024-07-24,5238,MR8,MR 8 Temperatur,0.0000,0.0000,0.0000,6.7800,6.7800
2024-07-24,5237,MR9,MR 9 Elektro BS,0.0000,0.0000,7.7000,15.4500,23.1500
2024-07-24,5225,Packplatz,Packplatz,0.0000,0.0000,15.4000,8.0800,23.4800
2024-07-24,5223,WA,WA BS,0.0000,0.0000,0.0000,23.7800,23.7800
2024-07-24,5222,WE,WE BS,0.0000,0.0000,7.7000,63.9300,71.6300
2024-07-25,5240,AV,Arbeitsvorbereitung BS,7.7000,7.7000,5.0000,67.7500,88.1500
2024-07-25,5231,MR1,MR 1 Endmaße,0.0000,0.0000,15.4000,21.6300,37.0300
2024-07-25,5211,MR11,MR 11 KMG,7.7000,0.0000,7.7000,8.6300,24.0300
2024-07-25,5234,MR2,MR 2 Drehmomente,0.0000,0.0000,0.0000,39.4300,39.4300
2024-07-25,5236,MR3,MR 3 Messuhren,0.0000,0.0000,7.7000,29.8400,37.5400
2024-07-25,5233,MR4,MR 4 Lohnmessung,0.0000,0.0000,0.0000,8.0200,8.0200
2024-07-25,5239,MR5,MR 5 Bügelmessschrauben,0.0000,15.4000,15.4000,15.8600,46.6600
2024-07-25,5235,MR6,MR 6 Messschieber,0.0000,15.4000,7.7000,18.0500,41.1500
2024-07-25,5232,MR7,MR 7 Lehren,0.0000,7.7000,7.7000,63.2400,78.6400
2024-07-25,5238,MR8,MR 8 Temperatur,0.0000,0.0000,0.0000,8.5200,8.5200
2024-07-25,5237,MR9,MR 9 Elektro BS,0.0000,0.0000,7.7000,15.2900,22.9900
2024-07-25,5225,Packplatz,Packplatz,0.0000,0.0000,15.4000,8.1500,23.5500
2024-07-25,5223,WA,WA BS,0.0000,0.0000,0.0000,24.0700,24.0700
2024-07-25,5222,WE,WE BS,0.0000,0.0000,7.7000,63.4800,71.1800
2024-07-26,5240,AV,Arbeitsvorbereitung BS,7.7000,7.7000,5.0000,62.4700,82.8700
2024-07-26,5231,MR1,MR 1 Endmaße,0.0000,0.0000,15.4000,20.1100,35.5100
2024-07-26,5211,MR11,MR 11 KMG,7.7000,0.0000,7.7000,7.2200,22.6200
2024-07-26,5212,MR12,MR 12 Druck,0.0000,0.0000,0.0000,7.5300,7.5300
2024-07-26,5234,MR2,MR 2 Drehmomente,0.0000,0.0000,0.0000,31.1400,31.1400
2024-07-26,5236,MR3,MR 3 Messuhren,0.0000,0.0000,0.0000,31.7200,31.7200
2024-07-26,5233,MR4,MR 4 Lohnmessung,0.0000,0.0000,0.0000,8.5200,8.5200
2024-07-26,5239,MR5,MR 5 Bügelmessschrauben,0.0000,15.4000,15.4000,15.9600,46.7600
2024-07-26,5235,MR6,MR 6 Messschieber,0.0000,15.4000,7.7000,19.4200,42.5200
2024-07-26,5232,MR7,MR 7 Lehren,0.0000,7.7000,15.4000,52.2700,75.3700
2024-07-26,5238,MR8,MR 8 Temperatur,0.0000,0.0000,0.0000,8.5300,8.5300
2024-07-26,5237,MR9,MR 9 Elektro BS,0.0000,0.0000,7.7000,8.9500,16.6500
2024-07-26,5225,Packplatz,Packplatz,0.0000,0.0000,15.4000,7.5000,22.9000
2024-07-26,5223,WA,WA BS,0.0000,0.0000,0.0000,12.8200,12.8200
2024-07-26,5222,WE,WE BS,0.0000,0.0000,7.7000,61.8800,69.5800
2024-07-29,5240,AV,Arbeitsvorbereitung BS,0.0000,7.7000,12.7000,67.1600,87.5600
2024-07-29,5231,MR1,MR 1 Endmaße,0.0000,7.7000,0.0000,21.9600,29.6600
2024-07-29,5211,MR11,MR 11 KMG,0.0000,0.0000,0.0000,5.7600,5.7600
2024-07-29,5212,MR12,MR 12 Druck,0.0000,0.0000,0.0000,7.7700,7.7700
2024-07-29,5234,MR2,MR 2 Drehmomente,0.0000,0.0000,0.0000,30.7500,30.7500
2024-07-29,5236,MR3,MR 3 Messuhren,0.0000,0.0000,15.4000,31.9400,47.3400
2024-07-29,5233,MR4,MR 4 Lohnmessung,0.0000,0.0000,0.0000,7.9700,7.9700
2024-07-29,5239,MR5,MR 5 Bügelmessschrauben,0.0000,7.7000,15.4000,23.8700,46.9700
2024-07-29,5235,MR6,MR 6 Messschieber,0.0000,7.7000,7.7000,27.5000,42.9000
2024-07-29,5232,MR7,MR 7 Lehren,0.0000,0.0000,15.4000,55.3800,70.7800
2024-07-29,5238,MR8,MR 8 Temperatur,0.0000,0.0000,0.0000,9.1300,9.1300
2024-07-29,5237,MR9,MR 9 Elektro BS,0.0000,0.0000,7.7000,15.3000,23.0000
2024-07-29,5225,Packplatz,Packplatz,0.0000,0.0000,15.4000,7.8000,23.2000
2024-07-29,5900,Qualifizierung,Qualifizierung,0.0000,0.0000,0.0000,9.8300,9.8300
2024-07-29,5223,WA,WA BS,0.0000,0.0000,0.0000,15.7900,15.7900
2024-07-29,5222,WE,WE BS,0.0000,0.0000,7.7000,62.5500,70.2500
2024-07-30,5240,AV,Arbeitsvorbereitung BS,0.0000,0.0000,12.7000,75.0500,87.7500
2024-07-30,5231,MR1,MR 1 Endmaße,0.0000,0.0000,0.0000,26.8900,26.8900
2024-07-30,5211,MR11,MR 11 KMG,0.0000,0.0000,0.0000,20.7700,20.7700
2024-07-30,5234,MR2,MR 2 Drehmomente,0.0000,0.0000,0.0000,38.5500,38.5500
2024-07-30,5236,MR3,MR 3 Messuhren,0.0000,0.0000,15.4000,28.0600,43.4600
2024-07-30,5233,MR4,MR 4 Lohnmessung,0.0000,0.0000,0.0000,4.5800,4.5800
2024-07-30,5239,MR5,MR 5 Bügelmessschrauben,0.0000,7.7000,15.4000,19.1000,42.2000
2024-07-30,5235,MR6,MR 6 Messschieber,0.0000,7.7000,7.7000,25.5400,40.9400
2024-07-30,5232,MR7,MR 7 Lehren,0.0000,0.0000,15.4000,55.3700,70.7700
2024-07-30,5238,MR8,MR 8 Temperatur,0.0000,0.0000,0.0000,9.1300,9.1300
2024-07-30,5237,MR9,MR 9 Elektro BS,0.0000,0.0000,7.7000,15.1500,22.8500
2024-07-30,5225,Packplatz,Packplatz,0.0000,0.0000,15.4000,7.9000,23.3000
2024-07-30,5900,Qualifizierung,Qualifizierung,0.0000,0.0000,0.0000,4.2700,4.2700
2024-07-30,5223,WA,WA BS,0.0000,0.0000,0.0000,22.4500,22.4500
2024-07-30,5222,WE,WE BS,0.0000,0.0000,7.7000,61.8300,69.5300
2024-07-30,5220,WE/WA,WE/WA BS,0.0000,0.0000,0.0000,2.9300,2.9300
2024-07-31,5240,AV,Arbeitsvorbereitung BS,0.0000,0.0000,7.7000,71.2800,78.9800
2024-07-31,5231,MR1,MR 1 Endmaße,0.0000,0.0000,0.0000,25.1800,25.1800
2024-07-31,5211,MR11,MR 11 KMG,0.0000,0.0000,0.0000,16.2600,16.2600
2024-07-31,5234,MR2,MR 2 Drehmomente,0.0000,0.0000,0.0000,38.6700,38.6700
2024-07-31,5236,MR3,MR 3 Messuhren,0.0000,0.0000,15.4000,22.3000,37.7000
2024-07-31,5233,MR4,MR 4 Lohnmessung,0.0000,0.0000,0.0000,8.0700,8.0700
2024-07-31,5239,MR5,MR 5 Bügelmessschrauben,0.0000,0.0000,15.4000,15.8200,31.2200
2024-07-31,5235,MR6,MR 6 Messschieber,0.0000,7.7000,7.7000,26.2800,41.6800
2024-07-31,5232,MR7,MR 7 Lehren,0.0000,0.0000,7.7000,57.8500,65.5500
2024-07-31,5238,MR8,MR 8 Temperatur,0.0000,0.0000,0.0000,6.0700,6.0700
2024-07-31,5237,MR9,MR 9 Elektro BS,0.0000,0.0000,7.7000,15.1700,22.8700
2024-07-31,5225,Packplatz,Packplatz,0.0000,0.0000,15.4000,7.9800,23.3800
2024-07-31,5900,Qualifizierung,Qualifizierung,0.0000,0.0000,0.0000,4.6500,4.6500
2024-07-31,5223,WA,WA BS,0.0000,0.0000,0.0000,22.9900,22.9900
2024-07-31,5222,WE,WE BS,0.0000,0.0000,15.4000,53.2600,68.6600
2024-07-31,5220,WE/WA,WE/WA BS,0.0000,0.0000,0.0000,1.6000,1.6000
2024-08-01,5240,AV,Arbeitsvorbereitung BS,0.0000,0.0000,20.4000,60.8600,81.2600
2024-08-01,5231,MR1,MR 1 Endmaße,0.0000,0.0000,0.0000,29.6900,29.6900
2024-08-01,5211,MR11,MR 11 KMG,0.0000,0.0000,0.0000,20.3800,20.3800
2024-08-01,5234,MR2,MR 2 Drehmomente,0.0000,0.0000,0.0000,32.2900,32.2900
2024-08-01,5236,MR3,MR 3 Messuhren,0.0000,0.0000,7.7000,36.4100,44.1100
2024-08-01,5233,MR4,MR 4 Lohnmessung,0.0000,0.0000,0.0000,3.0800,3.0800
2024-08-01,5239,MR5,MR 5 Bügelmessschrauben,0.0000,0.0000,15.4000,20.0800,35.4800
2024-08-01,5235,MR6,MR 6 Messschieber,0.0000,7.7000,7.7000,27.1100,42.5100
2024-08-01,5232,MR7,MR 7 Lehren,0.0000,0.0000,7.7000,61.8500,69.5500
2024-08-01,5238,MR8,MR 8 Temperatur,0.0000,0.0000,0.0000,7.0300,7.0300
2024-08-01,5237,MR9,MR 9 Elektro BS,0.0000,0.0000,7.7000,15.3600,23.0600
2024-08-01,5225,Packplatz,Packplatz,0.0000,0.0000,15.4000,8.2300,23.6300
2024-08-01,5900,Qualifizierung,Qualifizierung,0.0000,0.0000,0.0000,6.0500,6.0500
2024-08-01,5223,WA,WA BS,0.0000,7.7000,0.0000,15.5400,23.2400
2024-08-01,5222,WE,WE BS,0.0000,0.0000,15.4000,54.2300,69.6300
2024-08-02,5240,AV,Arbeitsvorbereitung BS,0.0000,0.0000,28.1000,52.7400,80.8400
2024-08-02,5231,MR1,MR 1 Endmaße,0.0000,0.0000,0.0000,26.6700,26.6700
2024-08-02,5211,MR11,MR 11 KMG,0.0000,0.0000,0.0000,8.1000,8.1000
2024-08-02,5234,MR2,MR 2 Drehmomente,0.0000,0.0000,0.0000,37.4000,37.4000
2024-08-02,5236,MR3,MR 3 Messuhren,0.0000,0.0000,0.0000,31.6500,31.6500
2024-08-02,5233,MR4,MR 4 Lohnmessung,0.0000,0.0000,0.0000,7.1800,7.1800
2024-08-02,5239,MR5,MR 5 Bügelmessschrauben,0.0000,0.0000,15.4000,22.0200,37.4200
2024-08-02,5235,MR6,MR 6 Messschieber,0.0000,7.7000,7.7000,28.4000,43.8000
2024-08-02,5232,MR7,MR 7 Lehren,0.0000,0.0000,7.7000,59.8500,67.5500
2024-08-02,5238,MR8,MR 8 Temperatur,0.0000,0.0000,0.0000,7.0000,7.0000
2024-08-02,5237,MR9,MR 9 Elektro BS,0.0000,0.0000,7.7000,15.0900,22.7900
2024-08-02,5225,Packplatz,Packplatz,0.0000,0.0000,15.4000,7.8300,23.2300
2024-08-02,5900,Qualifizierung,Qualifizierung,0.0000,0.0000,0.0000,8.0000,8.0000
2024-08-02,5223,WA,WA BS,0.0000,7.7000,0.0000,6.7700,14.4700
2024-08-02,5222,WE,WE BS,0.0000,7.7000,15.4000,43.0800,66.1800
2024-08-02,5220,WE/WA,WE/WA BS,0.0000,0.0000,0.0000,2.1300,2.1300
2024-08-05,5240,AV,Arbeitsvorbereitung BS,0.0000,0.0000,7.7000,79.7300,87.4300
2024-08-05,5231,MR1,MR 1 Endmaße,0.0000,0.0000,7.7000,10.3200,18.0200
2024-08-05,5211,MR11,MR 11 KMG,0.0000,0.0000,0.0000,17.6800,17.6800
2024-08-05,5212,MR12,MR 12 Druck,0.0000,0.0000,0.0000,1.3200,1.3200
2024-08-05,5234,MR2,MR 2 Drehmomente,0.0000,0.0000,7.7000,27.8900,35.5900
2024-08-05,5236,MR3,MR 3 Messuhren,0.0000,0.0000,7.7000,27.1900,34.8900
2024-08-05,5233,MR4,MR 4 Lohnmessung,0.0000,0.0000,0.0000,6.6000,6.6000
2024-08-05,5239,MR5,MR 5 Bügelmessschrauben,0.0000,0.0000,7.7000,30.9800,38.6800
2024-08-05,5235,MR6,MR 6 Messschieber,0.0000,7.7000,0.0000,32.5700,40.2700
2024-08-05,5232,MR7,MR 7 Lehren,0.0000,0.0000,15.4000,55.6300,71.0300
2024-08-05,5238,MR8,MR 8 Temperatur,0.0000,0.0000,0.0000,11.3600,11.3600
2024-08-05,5237,MR9,MR 9 Elektro BS,0.0000,0.0000,15.4000,7.6300,23.0300
2024-08-05,5225,Packplatz,Packplatz,0.0000,0.0000,7.7000,15.5000,23.2000
2024-08-05,5900,Qualifizierung,Qualifizierung,0.0000,0.0000,0.0000,1.1700,1.1700
2024-08-05,5223,WA,WA BS,0.0000,7.7000,0.0000,16.1000,23.8000
2024-08-05,5222,WE,WE BS,0.0000,7.7000,7.7000,58.3300,73.7300
2024-08-06,5240,AV,Arbeitsvorbereitung BS,0.0000,0.0000,7.7000,78.2400,85.9400
2024-08-06,5231,MR1,MR 1 Endmaße,0.0000,0.0000,7.7000,21.7800,29.4800
2024-08-06,5211,MR11,MR 11 KMG,0.0000,0.0000,0.0000,29.6500,29.6500
2024-08-06,5234,MR2,MR 2 Drehmomente,0.0000,0.0000,15.4000,31.5900,46.9900
2024-08-06,5236,MR3,MR 3 Messuhren,0.0000,0.0000,0.0000,30.0400,30.0400
2024-08-06,5233,MR4,MR 4 Lohnmessung,0.0000,0.0000,0.0000,8.0000,8.0000
2024-08-06,5239,MR5,MR 5 Bügelmessschrauben,0.0000,0.0000,7.7000,27.2000,34.9000
2024-08-06,5235,MR6,MR 6 Messschieber,0.0000,7.7000,0.0000,30.7000,38.4000
2024-08-06,5232,MR7,MR 7 Lehren,0.0000,0.0000,15.4000,43.1400,58.5400
2024-08-06,5238,MR8,MR 8 Temperatur,0.0000,0.0000,0.0000,7.9500,7.9500
2024-08-06,5237,MR9,MR 9 Elektro BS,0.0000,0.0000,15.4000,7.6700,23.0700
2024-08-06,5225,Packplatz,Packplatz,0.0000,0.0000,7.7000,14.2800,21.9800
2024-08-06,5900,Qualifizierung,Qualifizierung,0.0000,0.0000,0.0000,1.8500,1.8500
2024-08-06,5223,WA,WA BS,0.0000,7.7000,0.0000,16.0000,23.7000
2024-08-06,5222,WE,WE BS,0.0000,7.7000,7.7000,62.4400,77.8400
2024-08-07,5240,AV,Arbeitsvorbereitung BS,0.0000,0.0000,0.0000,74.2400,74.2400
2024-08-07,5231,MR1,MR 1 Endmaße,0.0000,0.0000,7.7000,21.9500,29.6500
2024-08-07,5211,MR11,MR 11 KMG,0.0000,0.0000,0.0000,20.9300,20.9300
2024-08-07,5234,MR2,MR 2 Drehmomente,0.0000,0.0000,15.4000,22.2500,37.6500
2024-08-07,5236,MR3,MR 3 Messuhren,0.0000,0.0000,0.0000,20.1100,20.1100
2024-08-07,5233,MR4,MR 4 Lohnmessung,0.0000,0.0000,0.0000,8.0300,8.0300
2024-08-07,5239,MR5,MR 5 Bügelmessschrauben,0.0000,0.0000,7.7000,29.4000,37.1000
2024-08-07,5235,MR6,MR 6 Messschieber,0.0000,7.7000,0.0000,35.3300,43.0300
2024-08-07,5232,MR7,MR 7 Lehren,0.0000,0.0000,15.4000,51.9700,67.3700
2024-08-07,5238,MR8,MR 8 Temperatur,0.0000,0.0000,0.0000,7.3000,7.3000
2024-08-07,5237,MR9,MR 9 Elektro BS,0.0000,0.0000,15.4000,7.5300,22.9300
2024-08-07,5225,Packplatz,Packplatz,0.0000,0.0000,7.7000,16.5600,24.2600
2024-08-07,5900,Qualifizierung,Qualifizierung,0.0000,0.0000,0.0000,13.2400,13.2400
2024-08-07,5223,WA,WA BS,0.0000,7.7000,0.0000,15.8800,23.5800
2024-08-07,5222,WE,WE BS,0.0000,7.7000,7.7000,62.3500,77.7500
2024-08-08,5240,AV,Arbeitsvorbereitung BS,0.0000,0.0000,0.0000,67.2600,67.2600
2024-08-08,5231,MR1,MR 1 Endmaße,0.0000,0.0000,7.7000,21.8500,29.5500
2024-08-08,5211,MR11,MR 11 KMG,0.0000,0.0000,0.0000,18.8200,18.8200
2024-08-08,5234,MR2,MR 2 Drehmomente,0.0000,0.0000,15.4000,22.6000,38.0000
2024-08-08,5236,MR3,MR 3 Messuhren,0.0000,0.0000,0.0000,19.7900,19.7900
2024-08-08,5233,MR4,MR 4 Lohnmessung,0.0000,0.0000,0.0000,8.5200,8.5200
2024-08-08,5239,MR5,MR 5 Bügelmessschrauben,0.0000,0.0000,7.7000,25.0800,32.7800
2024-08-08,5235,MR6,MR 6 Messschieber,0.0000,7.7000,0.0000,28.7600,36.4600
2024-08-08,5232,MR7,MR 7 Lehren,0.0000,0.0000,15.4000,52.4600,67.8600
2024-08-08,5238,MR8,MR 8 Temperatur,0.0000,0.0000,0.0000,9.7500,9.7500
2024-08-08,5237,MR9,MR 9 Elektro BS,0.0000,0.0000,15.4000,7.7700,23.1700
2024-08-08,5225,Packplatz,Packplatz,0.0000,0.0000,7.7000,15.2300,22.9300
2024-08-08,5900,Qualifizierung,Qualifizierung,0.0000,0.0000,0.0000,16.8100,16.8100
2024-08-08,5223,WA,WA BS,0.0000,7.7000,0.0000,16.4500,24.1500
2024-08-08,5222,WE,WE BS,0.0000,7.7000,7.7000,62.1300,77.5300
2024-08-09,5240,AV,Arbeitsvorbereitung BS,0.0000,0.0000,23.2700,43.0700,66.3400
2024-08-09,5231,MR1,MR 1 Endmaße,0.0000,0.0000,7.7000,13.9100,21.6100
2024-08-09,5211,MR11,MR 11 KMG,0.0000,0.0000,0.0000,14.2300,14.2300
2024-08-09,5234,MR2,MR 2 Drehmomente,0.0000,0.0000,15.4000,22.0900,37.4900
2024-08-09,5236,MR3,MR 3 Messuhren,0.0000,0.0000,0.0000,13.8900,13.8900
2024-08-09,5239,MR5,MR 5 Bügelmessschrauben,0.0000,0.0000,7.7000,22.7800,30.4800
2024-08-09,5235,MR6,MR 6 Messschieber,0.0000,15.4000,0.0000,20.2300,35.6300
2024-08-09,5232,MR7,MR 7 Lehren,0.0000,0.0000,23.1000,35.4900,58.5900
2024-08-09,5238,MR8,MR 8 Temperatur,0.0000,0.0000,0.0000,6.8800,6.8800
2024-08-09,5237,MR9,MR 9 Elektro BS,0.0000,0.0000,15.4000,7.5000,22.9000
2024-08-09,5225,Packplatz,Packplatz,0.0000,0.0000,7.7000,15.2000,22.9000
2024-08-09,5223,WA,WA BS,0.0000,7.7000,0.0000,7.2800,14.9800
2024-08-09,5222,WE,WE BS,0.0000,7.7000,7.7000,62.7800,78.1800
2024-08-12,5240,AV,Arbeitsvorbereitung BS,0.0000,0.0000,15.4000,61.5100,76.9100
2024-08-12,5231,MR1,MR 1 Endmaße,0.0000,0.0000,7.7000,5.4700,13.1700
2024-08-12,5211,MR11,MR 11 KMG,0.0000,4.6700,0.0000,10.7300,15.4000
2024-08-12,5234,MR2,MR 2 Drehmomente,0.0000,0.0000,15.4000,23.1800,38.5800
2024-08-12,5236,MR3,MR 3 Messuhren,0.0000,7.7000,7.7000,16.5100,31.9100
2024-08-12,5233,MR4,MR 4 Lohnmessung,0.0000,0.0000,0.0000,8.0800,8.0800
2024-08-12,5239,MR5,MR 5 Bügelmessschrauben,0.0000,7.7000,0.0000,31.4100,39.1100
2024-08-12,5235,MR6,MR 6 Messschieber,0.0000,7.7000,7.7000,27.4400,42.8400
2024-08-12,5232,MR7,MR 7 Lehren,0.0000,0.0000,15.4000,52.6700,68.0700
2024-08-12,5237,MR9,MR 9 Elektro BS,0.0000,0.0000,0.0000,23.4900,23.4900
2024-08-12,5225,Packplatz,Packplatz,7.7000,0.0000,0.0000,15.3300,23.0300
2024-08-12,5900,Qualifizierung,Qualifizierung,0.0000,3.0300,0.0000,7.2500,10.2800
2024-08-12,5223,WA,WA BS,0.0000,7.7000,0.0000,7.7500,15.4500
2024-08-12,5222,WE,WE BS,7.7000,0.0000,7.7000,62.8800,78.2800
2024-08-13,5240,AV,Arbeitsvorbereitung BS,0.0000,0.0000,24.4000,55.4900,79.8900
2024-08-13,5231,MR1,MR 1 Endmaße,0.0000,0.0000,7.7000,13.7800,21.4800
2024-08-13,5211,MR11,MR 11 KMG,0.0000,0.0000,0.0000,15.8500,15.8500
2024-08-13,5234,MR2,MR 2 Drehmomente,0.0000,0.0000,15.4000,30.4500,45.8500
2024-08-13,5236,MR3,MR 3 Messuhren,0.0000,7.7000,0.0000,23.5600,31.2600
2024-08-13,5233,MR4,MR 4 Lohnmessung,0.0000,0.0000,0.0000,8.0700,8.0700
2024-08-13,5239,MR5,MR 5 Bügelmessschrauben,0.0000,7.7000,0.0000,37.8300,45.5300
2024-08-13,5235,MR6,MR 6 Messschieber,0.0000,7.7000,7.7000,19.5900,34.9900
2024-08-13,5232,MR7,MR 7 Lehren,0.0000,7.7000,15.4000,48.0100,71.1100
2024-08-13,5238,MR8,MR 8 Temperatur,0.0000,0.0000,0.0000,15.6300,15.6300
2024-08-13,5237,MR9,MR 9 Elektro BS,0.0000,0.0000,0.0000,15.5800,15.5800
2024-08-13,5225,Packplatz,Packplatz,7.7000,0.0000,0.0000,15.7300,23.4300
2024-08-13,5900,Qualifizierung,Qualifizierung,0.0000,0.0000,0.0000,1.8500,1.8500
2024-08-13,5223,WA,WA BS,0.0000,7.7000,0.0000,15.5500,23.2500
2024-08-13,5222,WE,WE BS,7.7000,0.0000,7.7000,61.1400,76.5400
2024-08-14,5240,AV,Arbeitsvorbereitung BS,0.0000,0.0000,15.4000,59.9000,75.3000
2024-08-14,5231,MR1,MR 1 Endmaße,0.0000,0.0000,7.7000,17.8800,25.5800
2024-08-14,5211,MR11,MR 11 KMG,0.0000,0.0000,0.0000,9.0800,9.0800
2024-08-14,5234,MR2,MR 2 Drehmomente,0.0000,0.0000,15.4000,21.9000,37.3000
2024-08-14,5236,MR3,MR 3 Messuhren,0.0000,7.7000,0.0000,17.7400,25.4400
2024-08-14,5233,MR4,MR 4 Lohnmessung,0.0000,0.0000,0.0000,8.5400,8.5400
2024-08-14,5239,MR5,MR 5 Bügelmessschrauben,0.0000,7.7000,0.0000,35.3000,43.0000
2024-08-14,5235,MR6,MR 6 Messschieber,0.0000,7.7000,7.7000,10.4700,25.8700
2024-08-14,5232,MR7,MR 7 Lehren,0.0000,7.7000,15.4000,46.7600,69.8600
2024-08-14,5238,MR8,MR 8 Temperatur,0.0000,0.0000,0.0000,5.7800,5.7800
2024-08-14,5237,MR9,MR 9 Elektro BS,0.0000,0.0000,0.0000,23.2500,23.2500
2024-08-14,5225,Packplatz,Packplatz,0.0000,0.0000,7.7000,14.7300,22.4300
2024-08-14,5900,Qualifizierung,Qualifizierung,0.0000,0.0000,0.0000,22.5200,22.5200
2024-08-14,5223,WA,WA BS,0.0000,7.7000,0.0000,15.3700,23.0700
2024-08-14,5222,WE,WE BS,0.0000,0.0000,7.7000,65.2300,72.9300
2024-08-14,5220,WE/WA,WE/WA BS,0.0000,0.0000,0.0000,3.9200,3.9200
2024-08-15,5240,AV,Arbeitsvorbereitung BS,0.0000,0.0000,15.4000,63.4400,78.8400
2024-08-15,5231,MR1,MR 1 Endmaße,0.0000,7.7000,7.7000,14.2500,29.6500
2024-08-15,5211,MR11,MR 11 KMG,0.0000,0.0000,0.0000,16.4700,16.4700
2024-08-15,5234,MR2,MR 2 Drehmomente,0.0000,0.0000,15.4000,22.5500,37.9500
2024-08-15,5236,MR3,MR 3 Messuhren,0.0000,7.7000,0.0000,24.7100,32.4100
2024-08-15,5233,MR4,MR 4 Lohnmessung,0.0000,0.0000,0.0000,8.0200,8.0200
2024-08-15,5239,MR5,MR 5 Bügelmessschrauben,0.0000,7.7000,0.0000,38.7700,46.4700
2024-08-15,5235,MR6,MR 6 Messschieber,0.0000,7.7000,7.7000,16.4900,31.8900
2024-08-15,5232,MR7,MR 7 Lehren,0.0000,7.7000,15.4000,46.7300,69.8300
2024-08-15,5238,MR8,MR 8 Temperatur,0.0000,0.0000,0.0000,8.0300,8.0300
2024-08-15,5237,MR9,MR 9 Elektro BS,0.0000,0.0000,0.0000,23.9500,23.9500
2024-08-15,5225,Packplatz,Packplatz,0.0000,0.0000,7.7000,15.2300,22.9300
2024-08-15,5900,Qualifizierung,Qualifizierung,0.0000,0.0000,0.0000,7.1700,7.1700
2024-08-15,5223,WA,WA BS,0.0000,7.7000,0.0000,15.5000,23.2000
2024-08-15,5222,WE,WE BS,0.0000,0.0000,0.0000,69.6000,69.6000
2024-08-16,5240,AV,Arbeitsvorbereitung BS,0.0000,0.0000,15.4000,51.5300,66.9300
2024-08-16,5231,MR1,MR 1 Endmaße,0.0000,7.7000,7.7000,14.0500,29.4500
2024-08-16,5211,MR11,MR 11 KMG,0.0000,0.0000,0.0000,18.1900,18.1900
2024-08-16,5234,MR2,MR 2 Drehmomente,0.0000,0.0000,15.4000,18.7900,34.1900
2024-08-16,5236,MR3,MR 3 Messuhren,0.0000,0.0000,0.0000,18.9600,18.9600
2024-08-16,5233,MR4,MR 4 Lohnmessung,0.0000,0.0000,0.0000,9.1000,9.1000
2024-08-16,5239,MR5,MR 5 Bügelmessschrauben,0.0000,7.7000,0.0000,24.3000,32.0000
2024-08-16,5235,MR6,MR 6 Messschieber,0.0000,7.7000,15.4000,19.6600,42.7600
2024-08-16,5232,MR7,MR 7 Lehren,0.0000,0.0000,15.4000,50.2700,65.6700
2024-08-16,5238,MR8,MR 8 Temperatur,0.0000,0.0000,0.0000,8.0200,8.0200
2024-08-16,5237,MR9,MR 9 Elektro BS,0.0000,0.0000,0.0000,7.5200,7.5200
2024-08-16,5225,Packplatz,Packplatz,0.0000,0.0000,7.7000,15.2500,22.9500
2024-08-16,5223,WA,WA BS,0.0000,7.7000,0.0000,7.8300,15.5300
2024-08-16,5222,WE,WE BS,0.0000,0.0000,0.0000,74.3900,74.3900
2024-08-19,5240,AV,Arbeitsvorbereitung BS,0.0000,0.0000,15.4000,68.3600,83.7600
2024-08-19,5231,MR1,MR 1 Endmaße,0.0000,0.0000,7.7000,14.4000,22.1000
2024-08-19,5211,MR11,MR 11 KMG,0.0000,0.0000,0.0000,20.1900,20.1900
2024-08-19,5234,MR2,MR 2 Drehmomente,0.0000,0.0000,7.7000,31.6300,39.3300
2024-08-19,5236,MR3,MR 3 Messuhren,0.0000,7.7000,7.7000,29.9300,45.3300
2024-08-19,5239,MR5,MR 5 Bügelmessschrauben,0.0000,7.7000,7.7000,22.4200,37.8200
2024-08-19,5235,MR6,MR 6 Messschieber,0.0000,7.7000,7.7000,20.5800,35.9800
2024-08-19,5232,MR7,MR 7 Lehren,0.0000,0.0000,7.7000,55.2000,62.9000
2024-08-19,5238,MR8,MR 8 Temperatur,0.0000,0.0000,0.0000,15.4700,15.4700
2024-08-19,5237,MR9,MR 9 Elektro BS,0.0000,0.0000,0.0000,15.7000,15.7000
2024-08-19,5225,Packplatz,Packplatz,0.0000,0.0000,13.7000,16.7300,30.4300
2024-08-19,5223,WA,WA BS,0.0000,7.7000,7.7000,7.8700,23.2700
2024-08-19,5222,WE,WE BS,0.0000,0.0000,0.0000,67.9000,67.9000
2024-08-20,5240,AV,Arbeitsvorbereitung BS,0.0000,0.0000,15.4000,73.0100,88.4100
2024-08-20,5231,MR1,MR 1 Endmaße,0.0000,6.0000,7.7000,15.5200,29.2200
2024-08-20,5211,MR11,MR 11 KMG,23.1000,0.0000,0.0000,,23.1000
2024-08-20,5234,MR2,MR 2 Drehmomente,0.0000,0.0000,7.7000,31.4600,39.1600
2024-08-20,5236,MR3,MR 3 Messuhren,0.0000,7.7000,7.7000,25.7500,41.1500
2024-08-20,5233,MR4,MR 4 Lohnmessung,7.7000,0.0000,0.0000,,7.7000
2024-08-20,5239,MR5,MR 5 Bügelmessschrauben,0.0000,7.7000,7.7000,23.4000,38.8000
2024-08-20,5235,MR6,MR 6 Messschieber,0.0000,7.7000,7.7000,20.4200,35.8200
2024-08-20,5232,MR7,MR 7 Lehren,0.0000,0.0000,7.7000,62.9900,70.6900
2024-08-20,5237,MR9,MR 9 Elektro BS,0.0000,0.0000,0.0000,23.6500,23.6500
2024-08-20,5225,Packplatz,Packplatz,0.0000,0.0000,13.7000,15.6800,29.3800
2024-08-20,5223,WA,WA BS,0.0000,7.7000,7.7000,8.0300,23.4300
2024-08-20,5222,WE,WE BS,0.0000,7.7000,0.0000,57.7400,65.4400
2024-08-21,5240,AV,Arbeitsvorbereitung BS,0.0000,0.0000,23.4200,58.0700,81.4900
2024-08-21,5231,MR1,MR 1 Endmaße,0.0000,6.0000,7.7000,15.4200,29.1200
2024-08-21,5211,MR11,MR 11 KMG,23.1000,0.0000,0.0000,,23.1000
2024-08-21,5234,MR2,MR 2 Drehmomente,0.0000,0.0000,7.7000,29.4300,37.1300
2024-08-21,5236,MR3,MR 3 Messuhren,0.0000,7.7000,7.7000,18.7000,34.1000
2024-08-21,5233,MR4,MR 4 Lohnmessung,7.7000,0.0000,0.0000,1.1700,8.8700
2024-08-21,5239,MR5,MR 5 Bügelmessschrauben,0.0000,15.4000,7.7000,15.5600,38.6600
2024-08-21,5235,MR6,MR 6 Messschieber,0.0000,7.7000,7.7000,24.5600,39.9600
2024-08-21,5232,MR7,MR 7 Lehren,0.0000,0.0000,15.4000,52.2700,67.6700
2024-08-21,5238,MR8,MR 8 Temperatur,0.0000,0.0000,0.0000,6.6500,6.6500
2024-08-21,5237,MR9,MR 9 Elektro BS,0.0000,0.0000,0.0000,23.5100,23.5100
2024-08-21,5225,Packplatz,Packplatz,0.0000,0.0000,6.0000,22.6200,28.6200
2024-08-21,5223,WA,WA BS,0.0000,7.7000,7.7000,7.9800,23.3800
2024-08-21,5222,WE,WE BS,0.0000,7.7000,0.0000,61.7200,69.4200
2024-08-22,5240,AV,Arbeitsvorbereitung BS,0.0000,7.7000,15.4000,58.4500,81.5500
2024-08-22,5231,MR1,MR 1 Endmaße,0.0000,6.0000,7.7000,15.4000,29.1000
2024-08-22,5211,MR11,MR 11 KMG,23.1000,0.0000,0.0000,,23.1000
2024-08-22,5234,MR2,MR 2 Drehmomente,0.0000,0.0000,15.4000,23.6900,39.0900
2024-08-22,5236,MR3,MR 3 Messuhren,0.0000,7.7000,7.7000,21.3700,36.7700
2024-08-22,5233,MR4,MR 4 Lohnmessung,7.7000,0.0000,0.0000,,7.7000
2024-08-22,5239,MR5,MR 5 Bügelmessschrauben,0.0000,15.4000,7.7000,15.3600,38.4600
2024-08-22,5235,MR6,MR 6 Messschieber,0.0000,7.7000,7.7000,27.5000,42.9000
2024-08-22,5232,MR7,MR 7 Lehren,0.0000,0.0000,15.4000,47.2900,62.6900
2024-08-22,5238,MR8,MR 8 Temperatur,0.0000,0.0000,0.0000,7.1800,7.1800
2024-08-22,5237,MR9,MR 9 Elektro BS,0.0000,0.0000,0.0000,23.9100,23.9100
2024-08-22,5225,Packplatz,Packplatz,0.0000,0.0000,0.0000,22.5500,22.5500
2024-08-22,5900,Qualifizierung,Qualifizierung,0.0000,0.0000,0.0000,1.2000,1.2000
2024-08-22,5223,WA,WA BS,0.0000,7.7000,7.7000,8.0300,23.4300
2024-08-22,5222,WE,WE BS,0.0000,7.7000,0.0000,61.2500,68.9500
2024-08-23,5240,AV,Arbeitsvorbereitung BS,0.0000,0.0000,15.4000,57.8800,73.2800
2024-08-23,5231,MR1,MR 1 Endmaße,0.0000,6.0000,7.7000,7.5200,21.2200
2024-08-23,5211,MR11,MR 11 KMG,23.1000,0.0000,0.0000,,23.1000
2024-08-23,5234,MR2,MR 2 Drehmomente,0.0000,7.7000,15.4000,19.1000,42.2000
2024-08-23,5236,MR3,MR 3 Messuhren,0.0000,0.0000,7.7000,16.7300,24.4300
2024-08-23,5233,MR4,MR 4 Lohnmessung,7.7000,0.0000,0.0000,,7.7000
2024-08-23,5239,MR5,MR 5 Bügelmessschrauben,0.0000,15.4000,7.7000,7.8300,30.9300
2024-08-23,5235,MR6,MR 6 Messschieber,0.0000,7.7000,7.7000,23.1200,38.5200
2024-08-23,5232,MR7,MR 7 Lehren,0.0000,0.0000,7.7000,33.2900,40.9900
2024-08-23,5237,MR9,MR 9 Elektro BS,0.0000,0.0000,0.0000,15.4500,15.4500
2024-08-23,5225,Packplatz,Packplatz,0.0000,0.0000,0.0000,18.9500,18.9500
2024-08-23,5223,WA,WA BS,0.0000,15.4000,0.0000,,15.4000
2024-08-23,5222,WE,WE BS,0.0000,7.7000,0.0000,52.3300,60.0300
2024-08-26,5240,AV,Arbeitsvorbereitung BS,0.0000,0.0000,7.7000,80.1600,87.8600
2024-08-26,5231,MR1,MR 1 Endmaße,0.0000,13.7000,0.0000,10.1100,23.8100
2024-08-26,5211,MR11,MR 11 KMG,0.0000,0.0000,0.0000,23.9400,23.9400
2024-08-26,5234,MR2,MR 2 Drehmomente,0.0000,7.7000,7.7000,15.8000,31.2000
2024-08-26,5236,MR3,MR 3 Messuhren,0.0000,0.0000,7.7000,33.5800,41.2800
2024-08-26,5233,MR4,MR 4 Lohnmessung,0.0000,0.0000,0.0000,5.7300,5.7300
2024-08-26,5239,MR5,MR 5 Bügelmessschrauben,0.0000,7.7000,0.0000,23.6300,31.3300
2024-08-26,5235,MR6,MR 6 Messschieber,0.0000,15.4000,0.0000,28.5000,43.9000
2024-08-26,5232,MR7,MR 7 Lehren,0.0000,15.4000,0.0000,46.7700,62.1700
2024-08-26,5237,MR9,MR 9 Elektro BS,0.0000,0.0000,0.0000,23.2400,23.2400
2024-08-26,5225,Packplatz,Packplatz,0.0000,0.0000,6.0000,22.3000,28.3000
2024-08-26,5900,Qualifizierung,Qualifizierung,0.0000,0.0000,0.0000,30.8000,30.8000
2024-08-26,5223,WA,WA BS,0.0000,0.0000,0.0000,15.8100,15.8100
2024-08-26,5222,WE,WE BS,0.0000,8.0500,7.7000,54.3200,70.0700
2024-08-27,5240,AV,Arbeitsvorbereitung BS,0.0000,13.7000,15.4000,59.2100,88.3100
2024-08-27,5231,MR1,MR 1 Endmaße,0.0000,13.7000,0.0000,23.5200,37.2200
2024-08-27,5211,MR11,MR 11 KMG,0.0000,0.0000,0.0000,11.2400,11.2400
2024-08-27,5234,MR2,MR 2 Drehmomente,0.0000,15.4000,7.7000,15.6700,38.7700
2024-08-27,5236,MR3,MR 3 Messuhren,0.0000,0.0000,0.0000,46.9700,46.9700
2024-08-27,5233,MR4,MR 4 Lohnmessung,0.0000,0.0000,0.0000,10.7500,10.7500
2024-08-27,5239,MR5,MR 5 Bügelmessschrauben,0.0000,7.7000,0.0000,23.6600,31.3600
2024-08-27,5235,MR6,MR 6 Messschieber,0.0000,7.7000,0.0000,23.2400,30.9400
2024-08-27,5232,MR7,MR 7 Lehren,0.0000,7.7000,0.0000,61.1900,68.8900
2024-08-27,5238,MR8,MR 8 Temperatur,0.0000,0.0000,0.0000,9.0700,9.0700
2024-08-27,5237,MR9,MR 9 Elektro BS,0.0000,0.0000,0.0000,23.5300,23.5300
2024-08-27,5225,Packplatz,Packplatz,0.0000,0.0000,13.6500,15.7500,29.4000
2024-08-27,5900,Qualifizierung,Qualifizierung,0.0000,0.0000,0.0000,15.7500,15.7500
2024-08-27,5223,WA,WA BS,0.0000,0.0000,0.0000,7.7300,7.7300
2024-08-27,5222,WE,WE BS,0.0000,0.0000,7.7000,62.4400,70.1400
2024-08-28,5240,AV,Arbeitsvorbereitung BS,0.0000,13.7000,15.6800,52.5400,81.9200
2024-08-28,5231,MR1,MR 1 Endmaße,0.0000,13.7000,0.0000,15.4000,29.1000
2024-08-28,5211,MR11,MR 11 KMG,0.0000,0.0000,0.0000,13.0200,13.0200
2024-08-28,5234,MR2,MR 2 Drehmomente,0.0000,15.4000,7.7000,16.8200,39.9200
2024-08-28,5236,MR3,MR 3 Messuhren,0.0000,0.0000,0.0000,40.3400,40.3400
2024-08-28,5233,MR4,MR 4 Lohnmessung,0.0000,0.0000,0.0000,8.0000,8.0000
2024-08-28,5239,MR5,MR 5 Bügelmessschrauben,0.0000,7.7000,0.0000,23.5500,31.2500
2024-08-28,5235,MR6,MR 6 Messschieber,0.0000,7.7000,0.0000,28.8000,36.5000
2024-08-28,5232,MR7,MR 7 Lehren,0.0000,7.7000,0.0000,46.6200,54.3200
2024-08-28,5238,MR8,MR 8 Temperatur,0.0000,0.0000,0.0000,6.7500,6.7500
2024-08-28,5237,MR9,MR 9 Elektro BS,0.0000,0.0000,0.0000,23.2700,23.2700
2024-08-28,5225,Packplatz,Packplatz,0.0000,0.0000,6.0000,22.6900,28.6900
2024-08-28,5900,Qualifizierung,Qualifizierung,0.0000,0.0000,0.0000,15.6000,15.6000
2024-08-28,5223,WA,WA BS,0.0000,0.0000,0.0000,23.1400,23.1400
2024-08-28,5222,WE,WE BS,0.0000,0.0000,7.7000,51.5900,59.2900
2024-08-29,5240,AV,Arbeitsvorbereitung BS,0.0000,13.7000,7.7000,59.2600,80.6600
2024-08-29,5231,MR1,MR 1 Endmaße,0.0000,13.7000,0.0000,12.7000,26.4000
2024-08-29,5211,MR11,MR 11 KMG,0.0000,0.0000,7.7000,15.7400,23.4400
2024-08-29,5234,MR2,MR 2 Drehmomente,0.0000,7.7000,7.7000,34.9800,50.3800
2024-08-29,5236,MR3,MR 3 Messuhren,0.0000,7.7000,0.0000,34.9300,42.6300
2024-08-29,5233,MR4,MR 4 Lohnmessung,0.0000,0.0000,0.0000,8.0000,8.0000
2024-08-29,5239,MR5,MR 5 Bügelmessschrauben,0.0000,7.7000,0.0000,27.1700,34.8700
2024-08-29,5235,MR6,MR 6 Messschieber,0.0000,12.7000,0.0000,23.5800,36.2800
2024-08-29,5232,MR7,MR 7 Lehren,0.0000,7.7000,0.0000,44.6700,52.3700
2024-08-29,5238,MR8,MR 8 Temperatur,0.0000,7.7000,0.0000,,7.7000
2024-08-29,5237,MR9,MR 9 Elektro BS,0.0000,0.0000,0.0000,15.6800,15.6800
2024-08-29,5225,Packplatz,Packplatz,0.0000,0.0000,0.0000,20.8700,20.8700
2024-08-29,5900,Qualifizierung,Qualifizierung,0.0000,0.0000,0.0000,20.4800,20.4800
2024-08-29,5223,WA,WA BS,0.0000,7.7000,0.0000,15.3500,23.0500
2024-08-29,5222,WE,WE BS,0.0000,7.7000,7.7000,47.1500,62.5500
2024-08-30,5240,AV,Arbeitsvorbereitung BS,0.0000,13.7000,23.2200,43.0300,79.9500
2024-08-30,5231,MR1,MR 1 Endmaße,0.0000,13.7000,0.0000,14.0200,27.7200
2024-08-30,5211,MR11,MR 11 KMG,0.0000,0.0000,7.7000,13.3000,21.0000
2024-08-30,5234,MR2,MR 2 Drehmomente,0.0000,7.7000,7.7000,22.5600,37.9600
2024-08-30,5236,MR3,MR 3 Messuhren,0.0000,0.0000,0.0000,27.1500,27.1500
2024-08-30,5233,MR4,MR 4 Lohnmessung,0.0000,0.0000,0.0000,6.7800,6.7800
2024-08-30,5239,MR5,MR 5 Bügelmessschrauben,0.0000,7.7000,0.0000,19.5000,27.2000
2024-08-30,5235,MR6,MR 6 Messschieber,0.0000,12.7000,0.0000,14.9500,27.6500
2024-08-30,5232,MR7,MR 7 Lehren,0.0000,7.7000,7.7000,42.5100,57.9100
2024-08-30,5238,MR8,MR 8 Temperatur,0.0000,7.7000,0.0000,,7.7000
2024-08-30,5237,MR9,MR 9 Elektro BS,0.0000,0.0000,0.0000,23.8600,23.8600
2024-08-30,5225,Packplatz,Packplatz,0.0000,0.0000,0.0000,17.0800,17.0800
2024-08-30,5900,Qualifizierung,Qualifizierung,0.0000,0.0000,0.0000,11.3500,11.3500
2024-08-30,5223,WA,WA BS,0.0000,0.0000,0.0000,12.5600,12.5600
2024-08-30,5222,WE,WE BS,0.0000,7.7000,7.7000,35.2200,50.6200
2024-09-02,5240,AV,Arbeitsvorbereitung BS,0.0000,13.7000,7.7000,60.5200,81.9200
2024-09-02,5231,MR1,MR 1 Endmaße,0.0000,13.7000,0.0000,11.8400,25.5400
2024-09-02,5211,MR11,MR 11 KMG,0.0000,7.7000,7.7000,7.7200,23.1200
2024-09-02,5212,MR12,MR 12 Druck,0.0000,0.0000,0.0000,7.8200,7.8200
2024-09-02,5234,MR2,MR 2 Drehmomente,0.0000,0.0000,7.7000,14.0500,21.7500
2024-09-02,5236,MR3,MR 3 Messuhren,0.0000,7.7000,0.0000,39.4800,47.1800
2024-09-02,5233,MR4,MR 4 Lohnmessung,0.0000,0.0000,0.0000,8.0000,8.0000
2024-09-02,5239,MR5,MR 5 Bügelmessschrauben,7.7000,15.4000,0.0000,15.7700,38.8700
2024-09-02,5235,MR6,MR 6 Messschieber,0.0000,5.0000,0.0000,30.6800,35.6800
2024-09-02,5232,MR7,MR 7 Lehren,7.7000,7.7000,0.0000,41.9500,57.3500
2024-09-02,5238,MR8,MR 8 Temperatur,0.0000,7.7000,0.0000,15.8300,23.5300
2024-09-02,5237,MR9,MR 9 Elektro BS,0.0000,0.0000,0.0000,9.4300,9.4300
2024-09-02,5225,Packplatz,Packplatz,0.0000,0.0000,13.7000,16.2000,29.9000
2024-09-02,5900,Qualifizierung,Qualifizierung,0.0000,0.0000,0.0000,16.8500,16.8500
2024-09-02,5223,WA,WA BS,0.0000,0.0000,0.0000,23.3400,23.3400
2024-09-02,5222,WE,WE BS,0.0000,7.7000,0.0000,46.0700,53.7700
2024-09-03,5240,AV,Arbeitsvorbereitung BS,0.0000,13.7000,7.7000,59.3200,80.7200
2024-09-03,5231,MR1,MR 1 Endmaße,0.0000,13.7000,0.0000,23.2300,36.9300
2024-09-03,5211,MR11,MR 11 KMG,0.0000,7.7000,7.7000,7.8300,23.2300
2024-09-03,5212,MR12,MR 12 Druck,0.0000,0.0000,0.0000,7.7300,7.7300
2024-09-03,5234,MR2,MR 2 Drehmomente,0.0000,0.0000,7.7000,23.4800,31.1800
2024-09-03,5236,MR3,MR 3 Messuhren,0.0000,7.7000,0.0000,31.4700,39.1700
2024-09-03,5233,MR4,MR 4 Lohnmessung,0.0000,0.0000,0.0000,8.0000,8.0000
2024-09-03,5239,MR5,MR 5 Bügelmessschrauben,7.7000,15.4000,0.0000,28.5200,51.6200
2024-09-03,5235,MR6,MR 6 Messschieber,0.0000,5.0000,0.0000,16.7300,21.7300
2024-09-03,5232,MR7,MR 7 Lehren,0.0000,7.7000,7.7000,45.6600,61.0600
2024-09-03,5238,MR8,MR 8 Temperatur,0.0000,7.7000,0.0000,7.6700,15.3700
2024-09-03,5237,MR9,MR 9 Elektro BS,0.0000,0.0000,0.0000,14.5300,14.5300
2024-09-03,5225,Packplatz,Packplatz,0.0000,0.0000,13.7000,16.0900,29.7900
2024-09-03,5900,Qualifizierung,Qualifizierung,0.0000,0.0000,0.0000,11.8300,11.8300
2024-09-03,5223,WA,WA BS,0.0000,0.0000,0.0000,23.5500,23.5500
2024-09-03,5222,WE,WE BS,0.0000,7.7000,0.0000,45.4400,53.1400
2024-09-04,5240,AV,Arbeitsvorbereitung BS,0.0000,13.7000,7.7000,62.3300,83.7300
2024-09-04,5231,MR1,MR 1 Endmaße,0.0000,13.7000,0.0000,23.0700,36.7700
2024-09-04,5211,MR11,MR 11 KMG,0.0000,7.7000,7.7000,7.9800,23.3800
2024-09-04,5212,MR12,MR 12 Druck,0.0000,0.0000,0.0000,7.7200,7.7200
2024-09-04,5234,MR2,MR 2 Drehmomente,0.0000,0.0000,7.7000,23.8300,31.5300
2024-09-04,5236,MR3,MR 3 Messuhren,0.0000,7.7000,7.7000,19.5200,34.9200
2024-09-04,5233,MR4,MR 4 Lohnmessung,0.0000,0.0000,0.0000,8.0000,8.0000
2024-09-04,5239,MR5,MR 5 Bügelmessschrauben,7.7000,15.4000,0.0000,37.6300,60.7300
2024-09-04,5235,MR6,MR 6 Messschieber,0.0000,5.0000,0.0000,22.1000,27.1000
2024-09-04,5232,MR7,MR 7 Lehren,0.0000,7.7000,7.7000,34.5300,49.9300
2024-09-04,5238,MR8,MR 8 Temperatur,0.0000,7.7000,0.0000,10.7300,18.4300
2024-09-04,5237,MR9,MR 9 Elektro BS,0.0000,0.0000,0.0000,16.0200,16.0200
2024-09-04,5225,Packplatz,Packplatz,0.0000,0.0000,9.8500,15.4300,25.2800
2024-09-04,5900,Qualifizierung,Qualifizierung,0.0000,0.0000,0.0000,20.0000,20.0000
2024-09-04,5223,WA,WA BS,0.0000,0.0000,0.0000,22.4000,22.4000
2024-09-04,5222,WE,WE BS,0.0000,15.4000,0.0000,31.0900,46.4900
2024-09-05,5240,AV,Arbeitsvorbereitung BS,0.0000,21.4000,7.7000,56.4200,85.5200
2024-09-05,5231,MR1,MR 1 Endmaße,0.0000,13.7000,0.0000,21.6200,35.3200
2024-09-05,5211,MR11,MR 11 KMG,0.0000,7.7000,7.7000,8.1500,23.5500
2024-09-05,5212,MR12,MR 12 Druck,0.0000,0.0000,0.0000,7.7200,7.7200
2024-09-05,5234,MR2,MR 2 Drehmomente,0.0000,0.0000,7.7000,29.1300,36.8300
2024-09-05,5236,MR3,MR 3 Messuhren,0.0000,7.7000,7.7000,28.8000,44.2000
2024-09-05,5233,MR4,MR 4 Lohnmessung,0.0000,0.0000,0.0000,8.0700,8.0700
2024-09-05,5239,MR5,MR 5 Bügelmessschrauben,7.7000,15.4000,0.0000,30.0800,53.1800
2024-09-05,5235,MR6,MR 6 Messschieber,0.0000,5.0000,0.0000,12.8800,17.8800
2024-09-05,5232,MR7,MR 7 Lehren,0.0000,7.7000,7.7000,37.8100,53.2100
2024-09-05,5238,MR8,MR 8 Temperatur,0.0000,7.7000,0.0000,10.0800,17.7800
2024-09-05,5237,MR9,MR 9 Elektro BS,0.0000,0.0000,0.0000,15.7500,15.7500
2024-09-05,5225,Packplatz,Packplatz,0.0000,0.0000,0.0000,15.3000,15.3000
2024-09-05,5900,Qualifizierung,Qualifizierung,0.0000,0.0000,0.0000,7.3000,7.3000
2024-09-05,5223,WA,WA BS,0.0000,0.0000,0.0000,16.3200,16.3200
2024-09-05,5222,WE,WE BS,0.0000,15.4000,0.0000,46.6400,62.0400
2024-09-06,5240,AV,Arbeitsvorbereitung BS,0.0000,21.4000,7.7000,48.6200,77.7200
2024-09-06,5231,MR1,MR 1 Endmaße,0.0000,13.7000,15.4000,8.1000,37.2000
2024-09-06,5211,MR11,MR 11 KMG,0.0000,7.7000,7.7000,0.0300,15.4300
2024-09-06,5212,MR12,MR 12 Druck,0.0000,0.0000,0.0000,7.6500,7.6500
2024-09-06,5234,MR2,MR 2 Drehmomente,0.0000,0.0000,7.7000,22.7000,30.4000
2024-09-06,5236,MR3,MR 3 Messuhren,0.0000,0.0000,15.4000,21.2400,36.6400
2024-09-06,5239,MR5,MR 5 Bügelmessschrauben,7.7000,15.4000,0.0000,37.7100,60.8100
2024-09-06,5235,MR6,MR 6 Messschieber,0.0000,5.0000,0.0000,9.4800,14.4800
2024-09-06,5232,MR7,MR 7 Lehren,0.0000,7.7000,7.7000,26.3100,41.7100
2024-09-06,5238,MR8,MR 8 Temperatur,0.0000,7.7000,0.0000,13.3500,21.0500
2024-09-06,5237,MR9,MR 9 Elektro BS,0.0000,0.0000,0.0000,15.8300,15.8300
2024-09-06,5225,Packplatz,Packplatz,0.0000,0.0000,0.0000,11.1700,11.1700
2024-09-06,5900,Qualifizierung,Qualifizierung,0.0000,0.0000,0.0000,19.3300,19.3300
2024-09-06,5223,WA,WA BS,0.0000,0.0000,0.0000,8.0700,8.0700
2024-09-06,5222,WE,WE BS,0.0000,15.4000,7.7000,31.6800,54.7800
2024-09-09,5240,AV,Arbeitsvorbereitung BS,0.0000,7.7000,7.7000,73.0700,88.4700
2024-09-09,5231,MR1,MR 1 Endmaße,0.0000,13.7000,7.7000,15.8300,37.2300
2024-09-09,5211,MR11,MR 11 KMG,0.0000,0.0000,7.7000,12.9000,20.6000
2024-09-09,5212,MR12,MR 12 Druck,0.0000,0.0000,0.0000,0.1000,0.1000
2024-09-09,5234,MR2,MR 2 Drehmomente,0.0000,0.0000,0.0000,32.3200,32.3200
2024-09-09,5236,MR3,MR 3 Messuhren,7.7000,15.4000,7.7000,16.0500,46.8500
2024-09-09,5239,MR5,MR 5 Bügelmessschrauben,7.7000,15.4000,0.0000,15.7100,38.8100
2024-09-09,5235,MR6,MR 6 Messschieber,0.0000,5.0000,7.7000,11.3300,24.0300
2024-09-09,5232,MR7,MR 7 Lehren,0.0000,7.7000,15.4000,31.6300,54.7300
2024-09-09,5238,MR8,MR 8 Temperatur,0.0000,0.0000,7.7000,14.7500,22.4500
2024-09-09,5237,MR9,MR 9 Elektro BS,0.0000,0.0000,7.7000,0.7200,8.4200
2024-09-09,5225,Packplatz,Packplatz,0.0000,0.0000,0.0000,21.3000,21.3000
2024-09-09,5900,Qualifizierung,Qualifizierung,0.0000,0.0000,0.0000,45.8500,45.8500
2024-09-09,5223,WA,WA BS,0.0000,0.0000,0.0000,7.7000,7.7000
2024-09-09,5222,WE,WE BS,7.7000,0.0000,0.0000,54.9000,62.6000
2024-09-10,5240,AV,Arbeitsvorbereitung BS,0.0000,7.7000,0.0000,80.5500,88.2500
2024-09-10,5231,MR1,MR 1 Endmaße,0.0000,13.7000,15.4000,15.2200,44.3200
2024-09-10,5211,MR11,MR 11 KMG,0.0000,0.0000,7.7000,10.9800,18.6800
2024-09-10,5212,MR12,MR 12 Druck,0.0000,0.0000,0.0000,0.0300,0.0300
2024-09-10,5234,MR2,MR 2 Drehmomente,0.0000,0.0000,0.0000,36.0400,36.0400
2024-09-10,5236,MR3,MR 3 Messuhren,7.7000,15.4000,7.7000,15.2400,46.0400
2024-09-10,5239,MR5,MR 5 Bügelmessschrauben,7.7000,15.4000,0.0000,28.4000,51.5000
2024-09-10,5235,MR6,MR 6 Messschieber,0.0000,5.0000,7.7000,15.6800,28.3800
2024-09-10,5232,MR7,MR 7 Lehren,0.0000,0.0000,7.7000,46.0900,53.7900
2024-09-10,5238,MR8,MR 8 Temperatur,0.0000,0.0000,7.7000,7.5500,15.2500
2024-09-10,5237,MR9,MR 9 Elektro BS,0.0000,0.0000,7.7000,7.9300,15.6300
2024-09-10,5225,Packplatz,Packplatz,0.0000,0.0000,0.0000,28.0400,28.0400
2024-09-10,5900,Qualifizierung,Qualifizierung,0.0000,0.0000,0.0000,35.1400,35.1400
2024-09-10,5223,WA,WA BS,0.0000,0.0000,0.0000,23.5300,23.5300
2024-09-10,5222,WE,WE BS,7.7000,0.0000,0.0000,54.4700,62.1700
2024-09-11,5240,AV,Arbeitsvorbereitung BS,0.0000,7.7000,6.0000,64.5200,78.2200
2024-09-11,5231,MR1,MR 1 Endmaße,0.0000,13.7000,7.7000,23.5600,44.9600
2024-09-11,5211,MR11,MR 11 KMG,0.0000,0.0000,7.7000,12.9800,20.6800
2024-09-11,5212,MR12,MR 12 Druck,0.0000,0.0000,0.0000,7.7800,7.7800
2024-09-11,5234,MR2,MR 2 Drehmomente,0.0000,0.0000,0.0000,36.8200,36.8200
2024-09-11,5236,MR3,MR 3 Messuhren,7.7000,15.4000,7.7000,15.9000,46.7000
2024-09-11,5239,MR5,MR 5 Bügelmessschrauben,7.7000,15.4000,0.0000,37.5300,60.6300
2024-09-11,5235,MR6,MR 6 Messschieber,0.0000,5.0000,7.7000,15.7500,28.4500
2024-09-11,5232,MR7,MR 7 Lehren,0.0000,0.0000,7.7000,33.4900,41.1900
2024-09-11,5238,MR8,MR 8 Temperatur,0.0000,0.0000,7.7000,7.4200,15.1200
2024-09-11,5237,MR9,MR 9 Elektro BS,0.0000,0.0000,0.0000,7.9500,7.9500
2024-09-11,5225,Packplatz,Packplatz,0.0000,7.7000,0.0000,16.6700,24.3700
2024-09-11,5900,Qualifizierung,Qualifizierung,0.0000,0.0000,0.0000,23.0800,23.0800
2024-09-11,5223,WA,WA BS,0.0000,0.0000,0.0000,21.0500,21.0500
2024-09-11,5222,WE,WE BS,7.7000,0.0000,0.0000,53.2900,60.9900
2024-09-12,5240,AV,Arbeitsvorbereitung BS,0.0000,7.7000,0.0000,68.1400,75.8400
2024-09-12,5231,MR1,MR 1 Endmaße,0.0000,13.7000,7.7000,23.1500,44.5500
2024-09-12,5211,MR11,MR 11 KMG,0.0000,0.0000,7.7000,15.6300,23.3300
2024-09-12,5212,MR12,MR 12 Druck,0.0000,0.0000,0.0000,0.0700,0.0700
2024-09-12,5234,MR2,MR 2 Drehmomente,0.0000,0.0000,0.0000,33.2100,33.2100
2024-09-12,5236,MR3,MR 3 Messuhren,7.7000,15.4000,7.7000,11.8900,42.6900
2024-09-12,5233,MR4,MR 4 Lohnmessung,0.0000,0.0000,0.0000,7.5200,7.5200
2024-09-12,5239,MR5,MR 5 Bügelmessschrauben,7.7000,15.4000,0.0000,38.8000,61.9000
2024-09-12,5235,MR6,MR 6 Messschieber,0.0000,5.0000,7.7000,15.7800,28.4800
2024-09-12,5232,MR7,MR 7 Lehren,0.0000,0.0000,7.7000,29.1000,36.8000
2024-09-12,5238,MR8,MR 8 Temperatur,0.0000,0.0000,7.7000,13.8700,21.5700
2024-09-12,5237,MR9,MR 9 Elektro BS,0.0000,0.0000,0.0000,1.5800,1.5800
2024-09-12,5225,Packplatz,Packplatz,0.0000,7.7000,0.0000,16.3200,24.0200
2024-09-12,5900,Qualifizierung,Qualifizierung,0.0000,0.0000,0.0000,29.1300,29.1300
2024-09-12,5223,WA,WA BS,0.0000,0.0000,0.0000,23.4800,23.4800
2024-09-12,5222,WE,WE BS,7.7000,0.0000,0.0000,58.7200,66.4200
2024-09-13,5240,AV,Arbeitsvorbereitung BS,0.0000,15.4000,0.0000,51.0000,66.4000
2024-09-13,5231,MR1,MR 1 Endmaße,0.0000,13.7000,7.7000,23.1900,44.5900
2024-09-13,5211,MR11,MR 11 KMG,0.0000,0.0000,7.7000,15.7400,23.4400
2024-09-13,5212,MR12,MR 12 Druck,0.0000,0.0000,0.0000,0.0700,0.0700
2024-09-13,5234,MR2,MR 2 Drehmomente,0.0000,0.0000,0.0000,37.6900,37.6900
2024-09-13,5236,MR3,MR 3 Messuhren,7.7000,15.4000,7.7000,7.8500,38.6500
2024-09-13,5233,MR4,MR 4 Lohnmessung,0.0000,0.0000,0.0000,7.0200,7.0200
2024-09-13,5239,MR5,MR 5 Bügelmessschrauben,7.7000,15.4000,0.0000,37.5000,60.6000
2024-09-13,5235,MR6,MR 6 Messschieber,0.0000,5.0000,7.7000,15.7500,28.4500
2024-09-13,5232,MR7,MR 7 Lehren,0.0000,7.7000,7.7000,8.1300,23.5300
2024-09-13,5238,MR8,MR 8 Temperatur,0.0000,0.0000,7.7000,7.5500,15.2500
2024-09-13,5237,MR9,MR 9 Elektro BS,0.0000,0.0000,0.0000,8.5000,8.5000
2024-09-13,5225,Packplatz,Packplatz,0.0000,7.7000,7.7000,7.9700,23.3700
2024-09-13,5900,Qualifizierung,Qualifizierung,0.0000,0.0000,0.0000,23.1900,23.1900
2024-09-13,5223,WA,WA BS,0.0000,0.0000,0.0000,8.6300,8.6300
2024-09-13,5222,WE,WE BS,7.7000,0.0000,0.0000,49.9100,57.6100
2024-09-16,5240,AV,Arbeitsvorbereitung BS,0.0000,15.4000,0.0000,74.4300,89.8300
2024-09-16,5231,MR1,MR 1 Endmaße,0.0000,13.7000,15.4000,7.7000,36.8000
2024-09-16,5211,MR11,MR 11 KMG,0.0000,0.0000,7.7000,12.8900,20.5900
2024-09-16,5234,MR2,MR 2 Drehmomente,0.0000,0.0000,0.0000,40.3700,40.3700
2024-09-16,5236,MR3,MR 3 Messuhren,0.0000,7.7000,7.7000,23.5500,38.9500
2024-09-16,5233,MR4,MR 4 Lohnmessung,0.0000,0.0000,0.0000,8.0000,8.0000
2024-09-16,5239,MR5,MR 5 Bügelmessschrauben,7.7000,7.7000,0.0000,20.6300,36.0300
2024-09-16,5235,MR6,MR 6 Messschieber,0.0000,5.0000,15.4000,15.8300,36.2300
2024-09-16,5232,MR7,MR 7 Lehren,0.0000,0.0000,15.4000,42.5900,57.9900
2024-09-16,5238,MR8,MR 8 Temperatur,0.0000,0.0000,7.7000,7.7200,15.4200
2024-09-16,5237,MR9,MR 9 Elektro BS,0.0000,7.7000,0.0000,,7.7000
2024-09-16,5225,Packplatz,Packplatz,0.0000,7.7000,0.0000,15.2100,22.9100
2024-09-16,5900,Qualifizierung,Qualifizierung,0.0000,0.0000,0.0000,22.7100,22.7100
2024-09-16,5223,WA,WA BS,0.0000,0.0000,7.7000,15.7200,23.4200
2024-09-16,5222,WE,WE BS,0.0000,0.0000,0.0000,61.7500,61.7500
2024-09-17,5240,AV,Arbeitsvorbereitung BS,0.0000,23.1000,6.0000,58.7900,87.8900
2024-09-17,5231,MR1,MR 1 Endmaße,0.0000,13.7000,15.4000,15.5300,44.6300
2024-09-17,5211,MR11,MR 11 KMG,0.0000,0.0000,7.7000,12.0300,19.7300
2024-09-17,5234,MR2,MR 2 Drehmomente,0.0000,0.0000,0.0000,37.5600,37.5600
2024-09-17,5236,MR3,MR 3 Messuhren,0.0000,7.7000,7.7000,23.5700,38.9700
2024-09-17,5233,MR4,MR 4 Lohnmessung,0.0000,0.0000,0.0000,8.0300,8.0300
2024-09-17,5239,MR5,MR 5 Bügelmessschrauben,7.7000,7.7000,0.0000,15.6200,31.0200
2024-09-17,5235,MR6,MR 6 Messschieber,0.0000,5.0000,15.4000,17.8100,38.2100
2024-09-17,5232,MR7,MR 7 Lehren,0.0000,0.0000,15.4000,51.6500,67.0500
2024-09-17,5238,MR8,MR 8 Temperatur,0.0000,0.0000,7.7000,14.9200,22.6200
2024-09-17,5237,MR9,MR 9 Elektro BS,0.0000,7.7000,0.0000,,7.7000
2024-09-17,5225,Packplatz,Packplatz,0.0000,7.7000,0.0000,20.4100,28.1100
2024-09-17,5900,Qualifizierung,Qualifizierung,0.0000,0.0000,0.0000,9.7300,9.7300
2024-09-17,5223,WA,WA BS,0.0000,0.0000,7.7000,16.1700,23.8700
2024-09-17,5222,WE,WE BS,0.0000,0.0000,0.0000,62.1300,62.1300
2024-09-18,5240,AV,Arbeitsvorbereitung BS,0.0000,23.1000,0.0000,61.4600,84.5600
2024-09-18,5231,MR1,MR 1 Endmaße,0.0000,13.7000,15.4000,10.9700,40.0700
2024-09-18,5211,MR11,MR 11 KMG,0.0000,0.0000,7.7000,15.5700,23.2700
2024-09-18,5234,MR2,MR 2 Drehmomente,0.0000,0.0000,0.0000,36.6900,36.6900
2024-09-18,5236,MR3,MR 3 Messuhren,0.0000,7.7000,7.7000,22.3500,37.7500
2024-09-18,5233,MR4,MR 4 Lohnmessung,0.0000,0.0000,0.0000,8.0000,8.0000
2024-09-18,5239,MR5,MR 5 Bügelmessschrauben,7.7000,7.7000,0.0000,15.4800,30.8800
2024-09-18,5235,MR6,MR 6 Messschieber,0.0000,5.0000,15.4000,20.0500,40.4500
2024-09-18,5232,MR7,MR 7 Lehren,0.0000,0.0000,15.4000,40.0200,55.4200
2024-09-18,5238,MR8,MR 8 Temperatur,0.0000,0.0000,7.7000,10.2700,17.9700
2024-09-18,5237,MR9,MR 9 Elektro BS,0.0000,7.7000,0.0000,,7.7000
2024-09-18,5225,Packplatz,Packplatz,0.0000,7.7000,0.0000,19.9300,27.6300
2024-09-18,5900,Qualifizierung,Qualifizierung,0.0000,0.0000,0.0000,14.7700,14.7700
2024-09-18,5223,WA,WA BS,0.0000,0.0000,7.7000,15.7800,23.4800
2024-09-18,5222,WE,WE BS,0.0000,0.0000,0.0000,59.5100,59.5100
2024-09-19,5240,AV,Arbeitsvorbereitung BS,0.0000,23.1000,6.0000,57.5600,86.6600
2024-09-19,5231,MR1,MR 1 Endmaße,0.0000,13.7000,15.4000,15.3600,44.4600
2024-09-19,5211,MR11,MR 11 KMG,0.0000,0.0000,0.0000,20.8800,20.8800
2024-09-19,5234,MR2,MR 2 Drehmomente,0.0000,0.0000,0.0000,35.2000,35.2000
2024-09-19,5236,MR3,MR 3 Messuhren,0.0000,7.7000,7.7000,23.2300,38.6300
2024-09-19,5233,MR4,MR 4 Lohnmessung,0.0000,0.0000,0.0000,9.4500,9.4500
2024-09-19,5239,MR5,MR 5 Bügelmessschrauben,7.7000,7.7000,0.0000,17.4500,32.8500
2024-09-19,5235,MR6,MR 6 Messschieber,0.0000,5.0000,15.4000,21.0200,41.4200
2024-09-19,5232,MR7,MR 7 Lehren,0.0000,0.0000,15.4000,41.5000,56.9000
2024-09-19,5238,MR8,MR 8 Temperatur,0.0000,0.0000,7.7000,1.6800,9.3800
2024-09-19,5237,MR9,MR 9 Elektro BS,0.0000,7.7000,0.0000,,7.7000
2024-09-19,5225,Packplatz,Packplatz,0.0000,7.7000,0.0000,14.2900,21.9900
2024-09-19,5900,Qualifizierung,Qualifizierung,0.0000,0.0000,0.0000,18.8800,18.8800
2024-09-19,5223,WA,WA BS,0.0000,0.0000,7.7000,16.2300,23.9300
2024-09-19,5222,WE,WE BS,0.0000,0.0000,0.0000,56.5700,56.5700
2024-09-20,5240,AV,Arbeitsvorbereitung BS,0.0000,23.1000,6.0000,54.2400,83.3400
2024-09-20,5231,MR1,MR 1 Endmaße,0.0000,13.7000,15.4000,15.4300,44.5300
2024-09-20,5211,MR11,MR 11 KMG,0.0000,0.0000,7.5700,10.9500,18.5200
2024-09-20,5234,MR2,MR 2 Drehmomente,0.0000,0.0000,7.7000,25.2000,32.9000
2024-09-20,5236,MR3,MR 3 Messuhren,0.0000,0.0000,16.3800,12.4000,28.7800
2024-09-20,5233,MR4,MR 4 Lohnmessung,0.0000,0.0000,0.0000,8.5000,8.5000
2024-09-20,5239,MR5,MR 5 Bügelmessschrauben,7.7000,7.7000,0.0000,15.9000,31.3000
2024-09-20,5235,MR6,MR 6 Messschieber,0.0000,12.7000,15.4000,19.0200,47.1200
2024-09-20,5232,MR7,MR 7 Lehren,0.0000,7.7000,15.4000,36.0500,59.1500
2024-09-20,5238,MR8,MR 8 Temperatur,0.0000,0.0000,7.7000,4.7000,12.4000
2024-09-20,5237,MR9,MR 9 Elektro BS,0.0000,7.7000,0.0000,,7.7000
2024-09-20,5225,Packplatz,Packplatz,0.0000,7.7000,0.0000,11.9100,19.6100
2024-09-20,5900,Qualifizierung,Qualifizierung,0.0000,0.0000,0.0000,15.4100,15.4100
2024-09-20,5223,WA,WA BS,0.0000,0.0000,7.7000,,7.7000
2024-09-20,5222,WE,WE BS,0.0000,0.0000,7.7000,52.2800,59.9800
2024-09-23,5240,AV,Arbeitsvorbereitung BS,0.0000,15.4000,0.0000,72.1100,87.5100
2024-09-23,5231,MR1,MR 1 Endmaße,0.0000,13.7000,0.0000,24.2000,37.9000
2024-09-23,5211,MR11,MR 11 KMG,0.0000,0.0000,0.0000,18.4300,18.4300
2024-09-23,5234,MR2,MR 2 Drehmomente,0.0000,0.0000,0.0000,32.9600,32.9600
2024-09-23,5236,MR3,MR 3 Messuhren,0.0000,0.0000,0.0000,34.6200,34.6200
2024-09-23,5233,MR4,MR 4 Lohnmessung,0.0000,0.0000,0.0000,8.0800,8.0800
2024-09-23,5239,MR5,MR 5 Bügelmessschrauben,7.7000,7.7000,0.0000,27.2700,42.6700
2024-09-23,5235,MR6,MR 6 Messschieber,0.0000,0.0000,7.7000,29.5100,37.2100
2024-09-23,5232,MR7,MR 7 Lehren,0.0000,0.0000,15.4000,41.9800,57.3800
2024-09-23,5238,MR8,MR 8 Temperatur,0.0000,0.0000,0.0000,15.5900,15.5900
2024-09-23,5237,MR9,MR 9 Elektro BS,0.0000,0.0000,0.0000,7.9700,7.9700
2024-09-23,5225,Packplatz,Packplatz,0.0000,0.0000,0.0000,23.1500,23.1500
2024-09-23,5900,Qualifizierung,Qualifizierung,0.0000,0.0000,0.0000,28.7300,28.7300
2024-09-23,5223,WA,WA BS,0.0000,0.0000,0.0000,15.8300,15.8300
2024-09-23,5222,WE,WE BS,0.0000,0.0000,0.0000,54.6000,54.6000
2024-09-24,5240,AV,Arbeitsvorbereitung BS,0.0000,15.4000,0.0000,72.6000,88.0000
2024-09-24,5231,MR1,MR 1 Endmaße,0.0000,13.7000,0.0000,24.0300,37.7300
2024-09-24,5211,MR11,MR 11 KMG,0.0000,0.0000,0.0000,17.6700,17.6700
2024-09-24,5234,MR2,MR 2 Drehmomente,0.0000,7.7000,0.0000,32.0600,39.7600
2024-09-24,5236,MR3,MR 3 Messuhren,0.0000,0.0000,0.0000,31.2700,31.2700
2024-09-24,5233,MR4,MR 4 Lohnmessung,0.0000,0.0000,0.0000,8.0800,8.0800
2024-09-24,5239,MR5,MR 5 Bügelmessschrauben,7.7000,7.7000,0.0000,30.9800,46.3800
2024-09-24,5235,MR6,MR 6 Messschieber,0.0000,0.0000,7.7000,25.9000,33.6000
2024-09-24,5232,MR7,MR 7 Lehren,0.0000,0.0000,15.4000,52.9100,68.3100
2024-09-24,5238,MR8,MR 8 Temperatur,0.0000,0.0000,0.0000,18.6100,18.6100
2024-09-24,5237,MR9,MR 9 Elektro BS,0.0000,0.0000,0.0000,8.0200,8.0200
2024-09-24,5225,Packplatz,Packplatz,0.0000,0.0000,0.0000,22.1200,22.1200
2024-09-24,5900,Qualifizierung,Qualifizierung,0.0000,0.0000,0.0000,15.8900,15.8900
2024-09-24,5223,WA,WA BS,0.0000,0.0000,0.0000,20.0000,20.0000
2024-09-24,5222,WE,WE BS,0.0000,0.0000,0.0000,54.8500,54.8500
2024-09-25,5240,AV,Arbeitsvorbereitung BS,0.0000,15.4000,0.0000,67.1800,82.5800
2024-09-25,5231,MR1,MR 1 Endmaße,0.0000,21.4000,0.0000,16.1700,37.5700
2024-09-25,5211,MR11,MR 11 KMG,0.0000,0.0000,0.0000,16.4500,16.4500
2024-09-25,5234,MR2,MR 2 Drehmomente,0.0000,0.0000,0.0000,25.0000,25.0000
2024-09-25,5236,MR3,MR 3 Messuhren,0.0000,0.0000,0.0000,26.4300,26.4300
2024-09-25,5233,MR4,MR 4 Lohnmessung,0.0000,0.0000,0.0000,8.0800,8.0800
2024-09-25,5239,MR5,MR 5 Bügelmessschrauben,7.7000,7.7000,0.0000,36.2200,51.6200
2024-09-25,5235,MR6,MR 6 Messschieber,0.0000,0.0000,7.7000,19.6200,27.3200
2024-09-25,5232,MR7,MR 7 Lehren,0.0000,0.0000,7.7000,54.2100,61.9100
2024-09-25,5238,MR8,MR 8 Temperatur,0.0000,7.7000,0.0000,8.5000,16.2000
2024-09-25,5237,MR9,MR 9 Elektro BS,0.0000,0.0000,0.0000,7.9500,7.9500
2024-09-25,5225,Packplatz,Packplatz,0.0000,0.0000,0.0000,23.7700,23.7700
2024-09-25,5900,Qualifizierung,Qualifizierung,0.0000,0.0000,0.0000,32.4800,32.4800
2024-09-25,5223,WA,WA BS,0.0000,0.0000,0.0000,23.6400,23.6400
2024-09-25,5222,WE,WE BS,0.0000,0.0000,0.0000,48.0700,48.0700
2024-09-26,5240,AV,Arbeitsvorbereitung BS,5.0000,23.1000,0.0000,55.3400,83.4400
2024-09-26,5231,MR1,MR 1 Endmaße,0.0000,21.4000,0.0000,15.3700,36.7700
2024-09-26,5211,MR11,MR 11 KMG,0.0000,0.0000,0.0000,15.9600,15.9600
2024-09-26,5234,MR2,MR 2 Drehmomente,0.0000,0.0000,0.0000,28.3900,28.3900
2024-09-26,5236,MR3,MR 3 Messuhren,0.0000,7.7000,0.0000,22.7500,30.4500
2024-09-26,5233,MR4,MR 4 Lohnmessung,0.0000,0.0000,0.0000,8.0800,8.0800
2024-09-26,5239,MR5,MR 5 Bügelmessschrauben,7.7000,7.7000,0.0000,33.1000,48.5000
2024-09-26,5235,MR6,MR 6 Messschieber,0.0000,0.0000,7.7000,19.5700,27.2700
2024-09-26,5232,MR7,MR 7 Lehren,0.0000,0.0000,7.7000,66.1100,73.8100
2024-09-26,5238,MR8,MR 8 Temperatur,0.0000,0.0000,0.0000,10.8100,10.8100
2024-09-26,5237,MR9,MR 9 Elektro BS,0.0000,0.0000,0.0000,7.9500,7.9500
2024-09-26,5225,Packplatz,Packplatz,0.0000,0.0000,0.0000,23.2000,23.2000
2024-09-26,5900,Qualifizierung,Qualifizierung,0.0000,0.0000,0.0000,17.9100,17.9100
2024-09-26,5223,WA,WA BS,0.0000,0.0000,0.0000,23.5000,23.5000
2024-09-26,5222,WE,WE BS,0.0000,0.0000,0.0000,54.4900,54.4900
2024-09-27,5240,AV,Arbeitsvorbereitung BS,5.0000,15.4000,15.4000,48.1600,83.9600
2024-09-27,5231,MR1,MR 1 Endmaße,0.0000,13.7000,7.7000,23.0500,44.4500
2024-09-27,5211,MR11,MR 11 KMG,0.0000,0.0000,0.0000,19.3800,19.3800
2024-09-27,5234,MR2,MR 2 Drehmomente,0.0000,0.0000,7.7000,24.3000,32.0000
2024-09-27,5236,MR3,MR 3 Messuhren,0.0000,0.0000,0.0000,22.4900,22.4900
2024-09-27,5233,MR4,MR 4 Lohnmessung,0.0000,0.0000,0.0000,10.1500,10.1500
2024-09-27,5239,MR5,MR 5 Bügelmessschrauben,7.7000,7.7000,0.0000,36.8300,52.2300
2024-09-27,5235,MR6,MR 6 Messschieber,0.0000,0.0000,7.7000,23.4200,31.1200
2024-09-27,5232,MR7,MR 7 Lehren,0.0000,0.0000,15.4000,34.8500,50.2500
2024-09-27,5238,MR8,MR 8 Temperatur,0.0000,0.0000,0.0000,7.3500,7.3500
2024-09-27,5237,MR9,MR 9 Elektro BS,0.0000,0.0000,0.0000,8.5200,8.5200
2024-09-27,5225,Packplatz,Packplatz,0.0000,0.0000,0.0000,18.4500,18.4500
2024-09-27,5900,Qualifizierung,Qualifizierung,0.0000,0.0000,0.0000,17.4500,17.4500
2024-09-27,5223,WA,WA BS,0.0000,0.0000,0.0000,13.9200,13.9200
2024-09-27,5222,WE,WE BS,0.0000,0.0000,7.7000,38.7200,46.4200
2024-09-30,5240,AV,Arbeitsvorbereitung BS,0.0000,7.7000,15.4000,66.0200,89.1200
2024-09-30,5231,MR1,MR 1 Endmaße,0.0000,7.7000,0.0000,21.7500,29.4500
2024-09-30,5211,MR11,MR 11 KMG,0.0000,0.0000,0.0000,18.1200,18.1200
2024-09-30,5234,MR2,MR 2 Drehmomente,0.0000,0.0000,0.0000,37.5800,37.5800
2024-09-30,5236,MR3,MR 3 Messuhren,0.0000,0.0000,15.4000,18.2500,33.6500
2024-09-30,5233,MR4,MR 4 Lohnmessung,0.0000,0.0000,0.0000,8.0000,8.0000
2024-09-30,5239,MR5,MR 5 Bügelmessschrauben,0.0000,7.7000,0.0000,46.8800,54.5800
2024-09-30,5235,MR6,MR 6 Messschieber,0.0000,0.0000,0.0000,24.9700,24.9700
2024-09-30,5232,MR7,MR 7 Lehren,0.0000,7.7000,23.1000,46.9000,77.7000
2024-09-30,5238,MR8,MR 8 Temperatur,0.0000,0.0000,7.7000,10.8700,18.5700
2024-09-30,5237,MR9,MR 9 Elektro BS,0.0000,0.0000,0.0000,15.9500,15.9500
2024-09-30,5225,Packplatz,Packplatz,0.0000,0.0000,0.0000,28.9000,28.9000
2024-09-30,5900,Qualifizierung,Qualifizierung,0.0000,0.0000,0.0000,2.1300,2.1300
2024-09-30,5223,WA,WA BS,0.0000,0.0000,7.7000,15.9300,23.6300
2024-09-30,5222,WE,WE BS,0.0000,0.0000,0.0000,46.7200,46.7200
2024-10-01,5240,AV,Arbeitsvorbereitung BS,0.0000,7.7000,7.7000,69.7000,85.1000
2024-10-01,5231,MR1,MR 1 Endmaße,0.0000,15.4000,0.0000,21.8500,37.2500
2024-10-01,5211,MR11,MR 11 KMG,0.0000,0.0000,0.0000,16.4500,16.4500
2024-10-01,5234,MR2,MR 2 Drehmomente,0.0000,7.7000,0.0000,28.9600,36.6600
2024-10-01,5236,MR3,MR 3 Messuhren,0.0000,0.0000,15.4000,15.6800,31.0800
2024-10-01,5233,MR4,MR 4 Lohnmessung,0.0000,0.0000,0.0000,8.0000,8.0000
2024-10-01,5239,MR5,MR 5 Bügelmessschrauben,0.0000,7.7000,0.0000,47.1400,54.8400
2024-10-01,5235,MR6,MR 6 Messschieber,0.0000,0.0000,0.0000,17.5700,17.5700
2024-10-01,5232,MR7,MR 7 Lehren,0.0000,7.7000,15.4000,59.5500,82.6500
2024-10-01,5238,MR8,MR 8 Temperatur,0.0000,0.0000,7.7000,14.0200,21.7200
2024-10-01,5237,MR9,MR 9 Elektro BS,0.0000,0.0000,0.0000,11.4500,11.4500
2024-10-01,5225,Packplatz,Packplatz,0.0000,0.0000,6.0000,23.5400,29.5400
2024-10-01,5900,Qualifizierung,Qualifizierung,0.0000,0.0000,0.0000,18.8000,18.8000
2024-10-01,5223,WA,WA BS,0.0000,0.0000,7.7000,16.0900,23.7900
2024-10-01,5222,WE,WE BS,0.0000,0.0000,0.0000,54.2900,54.2900
2024-10-02,5240,AV,Arbeitsvorbereitung BS,0.0000,15.4000,7.7000,56.9200,80.0200
2024-10-02,5231,MR1,MR 1 Endmaße,0.0000,15.4000,0.0000,21.4200,36.8200
2024-10-02,5211,MR11,MR 11 KMG,0.0000,7.7000,0.0000,20.3200,28.0200
2024-10-02,5234,MR2,MR 2 Drehmomente,0.0000,7.7000,0.0000,5.2100,12.9100
2024-10-02,5236,MR3,MR 3 Messuhren,0.0000,7.7000,15.4000,13.7100,36.8100
2024-10-02,5239,MR5,MR 5 Bügelmessschrauben,0.0000,7.7000,0.0000,30.5800,38.2800
2024-10-02,5235,MR6,MR 6 Messschieber,0.0000,0.0000,0.0000,30.3900,30.3900
2024-10-02,5232,MR7,MR 7 Lehren,0.0000,7.7000,15.4000,31.7500,54.8500
2024-10-02,5238,MR8,MR 8 Temperatur,0.0000,0.0000,7.7000,8.6300,16.3300
2024-10-02,5237,MR9,MR 9 Elektro BS,0.0000,0.0000,0.0000,8.0500,8.0500
2024-10-02,5225,Packplatz,Packplatz,0.0000,0.0000,6.0000,18.5600,24.5600
2024-10-02,5900,Qualifizierung,Qualifizierung,0.0000,0.0000,0.0000,49.2800,49.2800
2024-10-02,5223,WA,WA BS,0.0000,0.0000,7.7000,14.9800,22.6800
2024-10-02,5222,WE,WE BS,0.0000,0.0000,0.0000,50.8200,50.8200
2024-10-03,5240,AV,Arbeitsvorbereitung BS,0.0000,7.7000,0.0000,,7.7000
2024-10-03,5231,MR1,MR 1 Endmaße,0.0000,15.4000,0.0000,,15.4000
2024-10-03,5239,MR5,MR 5 Bügelmessschrauben,0.0000,7.7000,0.0000,,7.7000
2024-10-03,5232,MR7,MR 7 Lehren,0.0000,7.7000,0.0000,,7.7000
2024-10-04,5240,AV,Arbeitsvorbereitung BS,0.0000,7.7000,38.5000,,46.2000
2024-10-04,5231,MR1,MR 1 Endmaße,0.0000,15.4000,13.7000,,29.1000
2024-10-04,5211,MR11,MR 11 KMG,0.0000,0.0000,15.4000,,15.4000
2024-10-04,5234,MR2,MR 2 Drehmomente,0.0000,0.0000,38.5000,,38.5000
2024-10-04,5236,MR3,MR 3 Messuhren,0.0000,0.0000,23.1000,,23.1000
2024-10-04,5233,MR4,MR 4 Lohnmessung,0.0000,0.0000,7.7000,,7.7000
2024-10-04,5239,MR5,MR 5 Bügelmessschrauben,0.0000,7.7000,30.8000,,38.5000
2024-10-04,5235,MR6,MR 6 Messschieber,0.0000,0.0000,20.4000,,20.4000
2024-10-04,5232,MR7,MR 7 Lehren,0.0000,7.7000,38.5000,,46.2000
2024-10-04,5238,MR8,MR 8 Temperatur,0.0000,0.0000,7.7000,,7.7000
2024-10-04,5237,MR9,MR 9 Elektro BS,0.0000,0.0000,7.7000,,7.7000
2024-10-04,5225,Packplatz,Packplatz,0.0000,0.0000,15.4000,,15.4000
2024-10-04,5223,WA,WA BS,0.0000,0.0000,15.4000,,15.4000
2024-10-04,5222,WE,WE BS,0.0000,0.0000,30.8000,,30.8000
2024-10-07,5240,AV,Arbeitsvorbereitung BS,0.0000,7.7000,15.4000,59.7800,82.8800
2024-10-07,5231,MR1,MR 1 Endmaße,0.0000,7.7000,0.0000,21.8300,29.5300
2024-10-07,5211,MR11,MR 11 KMG,0.0000,0.0000,0.0000,16.2600,16.2600
2024-10-07,5234,MR2,MR 2 Drehmomente,0.0000,0.0000,15.4000,29.1400,44.5400
2024-10-07,5236,MR3,MR 3 Messuhren,0.0000,0.0000,0.0000,31.6500,31.6500
2024-10-07,5233,MR4,MR 4 Lohnmessung,0.0000,0.0000,0.0000,8.0800,8.0800
2024-10-07,5239,MR5,MR 5 Bügelmessschrauben,0.0000,15.4000,15.4000,25.4700,56.2700
2024-10-07,5235,MR6,MR 6 Messschieber,0.0000,0.0000,0.0000,19.9800,19.9800
2024-10-07,5232,MR7,MR 7 Lehren,0.0000,15.4000,0.0000,54.1400,69.5400
2024-10-07,5238,MR8,MR 8 Temperatur,0.0000,0.0000,0.0000,16.1400,16.1400
2024-10-07,5237,MR9,MR 9 Elektro BS,0.0000,0.0000,7.7000,7.9200,15.6200
2024-10-07,5225,Packplatz,Packplatz,0.0000,0.0000,0.0000,30.5800,30.5800
2024-10-07,5900,Qualifizierung,Qualifizierung,0.0000,0.0000,7.7000,9.7600,17.4600
2024-10-07,5223,WA,WA BS,0.0000,0.0000,0.0000,15.8100,15.8100
2024-10-07,5222,WE,WE BS,0.0000,0.0000,15.4000,46.9800,62.3800
2024-10-08,5240,AV,Arbeitsvorbereitung BS,0.0000,7.7000,7.7000,67.5000,82.9000
2024-10-08,5231,MR1,MR 1 Endmaße,0.0000,15.4000,0.0000,15.2300,30.6300
2024-10-08,5211,MR11,MR 11 KMG,0.0000,0.0000,0.0000,13.7200,13.7200
2024-10-08,5234,MR2,MR 2 Drehmomente,0.0000,0.0000,15.4000,20.2900,35.6900
2024-10-08,5236,MR3,MR 3 Messuhren,0.0000,0.0000,0.0000,31.4600,31.4600
2024-10-08,5239,MR5,MR 5 Bügelmessschrauben,0.0000,15.4000,15.4000,31.8200,62.6200
2024-10-08,5235,MR6,MR 6 Messschieber,0.0000,7.7000,0.0000,19.2600,26.9600
2024-10-08,5232,MR7,MR 7 Lehren,0.0000,15.4000,0.0000,61.7500,77.1500
2024-10-08,5238,MR8,MR 8 Temperatur,0.0000,0.0000,0.0000,7.7700,7.7700
2024-10-08,5237,MR9,MR 9 Elektro BS,0.0000,0.0000,7.7000,8.0300,15.7300
2024-10-08,5225,Packplatz,Packplatz,0.0000,0.0000,0.0000,25.0900,25.0900
2024-10-08,5900,Qualifizierung,Qualifizierung,0.0000,0.0000,7.7000,25.9600,33.6600
2024-10-08,5223,WA,WA BS,0.0000,0.0000,0.0000,28.3000,28.3000
2024-10-08,5222,WE,WE BS,0.0000,0.0000,15.4000,47.6600,63.0600
2024-10-09,5240,AV,Arbeitsvorbereitung BS,0.0000,7.7000,7.7000,70.1700,85.5700
2024-10-09,5231,MR1,MR 1 Endmaße,0.0000,15.4000,0.0000,21.9100,37.3100
2024-10-09,5211,MR11,MR 11 KMG,0.0000,0.0000,0.0000,20.8800,20.8800
2024-10-09,5234,MR2,MR 2 Drehmomente,0.0000,0.0000,15.4000,21.7900,37.1900
2024-10-09,5236,MR3,MR 3 Messuhren,0.0000,0.0000,0.0000,30.2400,30.2400
2024-10-09,5233,MR4,MR 4 Lohnmessung,0.0000,0.0000,0.0000,8.0800,8.0800
2024-10-09,5239,MR5,MR 5 Bügelmessschrauben,0.0000,15.4000,15.4000,21.7800,52.5800
2024-10-09,5235,MR6,MR 6 Messschieber,0.0000,0.0000,0.0000,22.0600,22.0600
2024-10-09,5232,MR7,MR 7 Lehren,0.0000,15.4000,0.0000,54.6500,70.0500
2024-10-09,5238,MR8,MR 8 Temperatur,0.0000,0.0000,0.0000,10.9000,10.9000
2024-10-09,5237,MR9,MR 9 Elektro BS,0.0000,0.0000,7.7000,7.9500,15.6500
2024-10-09,5225,Packplatz,Packplatz,0.0000,0.0000,0.0000,28.4000,28.4000
2024-10-09,5900,Qualifizierung,Qualifizierung,0.0000,0.0000,7.7000,12.9500,20.6500
2024-10-09,5223,WA,WA BS,0.0000,0.0000,0.0000,23.6000,23.6000
2024-10-09,5222,WE,WE BS,0.0000,0.0000,15.4000,51.8100,67.2100
2024-10-10,5240,AV,Arbeitsvorbereitung BS,0.0000,7.7000,12.7000,68.3200,88.7200
2024-10-10,5231,MR1,MR 1 Endmaße,0.0000,15.4000,0.0000,22.0800,37.4800
2024-10-10,5211,MR11,MR 11 KMG,0.0000,0.0000,0.0000,12.5700,12.5700
2024-10-10,5234,MR2,MR 2 Drehmomente,0.0000,0.0000,7.7000,31.2600,38.9600
2024-10-10,5236,MR3,MR 3 Messuhren,0.0000,0.0000,0.0000,31.0400,31.0400
2024-10-10,5233,MR4,MR 4 Lohnmessung,0.0000,0.0000,0.0000,9.3300,9.3300
2024-10-10,5239,MR5,MR 5 Bügelmessschrauben,0.0000,15.4000,15.4000,26.8500,57.6500
2024-10-10,5235,MR6,MR 6 Messschieber,0.0000,0.0000,0.0000,24.2400,24.2400
2024-10-10,5232,MR7,MR 7 Lehren,0.0000,15.4000,0.0000,51.2400,66.6400
2024-10-10,5238,MR8,MR 8 Temperatur,0.0000,0.0000,0.0000,15.3600,15.3600
2024-10-10,5237,MR9,MR 9 Elektro BS,0.0000,0.0000,7.7000,7.9500,15.6500
2024-10-10,5225,Packplatz,Packplatz,0.0000,0.0000,0.0000,16.2000,16.2000
2024-10-10,5900,Qualifizierung,Qualifizierung,0.0000,0.0000,7.7000,13.1200,20.8200
2024-10-10,5223,WA,WA BS,0.0000,0.0000,0.0000,23.6200,23.6200
2024-10-10,5222,WE,WE BS,0.0000,0.0000,15.4000,48.4100,63.8100
2024-10-11,5240,AV,Arbeitsvorbereitung BS,0.0000,7.7000,12.7000,67.3600,87.7600
2024-10-11,5231,MR1,MR 1 Endmaße,0.0000,15.4000,0.0000,19.8700,35.2700
2024-10-11,5211,MR11,MR 11 KMG,0.0000,0.0000,0.0000,22.0000,22.0000
2024-10-11,5234,MR2,MR 2 Drehmomente,0.0000,0.0000,7.7000,26.5400,34.2400
2024-10-11,5236,MR3,MR 3 Messuhren,0.0000,0.0000,0.0000,21.3700,21.3700
2024-10-11,5233,MR4,MR 4 Lohnmessung,0.0000,0.0000,0.0000,7.1700,7.1700
2024-10-11,5239,MR5,MR 5 Bügelmessschrauben,0.0000,15.4000,15.4000,27.1400,57.9400
2024-10-11,5235,MR6,MR 6 Messschieber,0.0000,0.0000,0.0000,19.0500,19.0500
2024-10-11,5232,MR7,MR 7 Lehren,0.0000,15.4000,0.0000,42.8700,58.2700
2024-10-11,5238,MR8,MR 8 Temperatur,0.0000,0.0000,0.0000,16.0800,16.0800
2024-10-11,5237,MR9,MR 9 Elektro BS,0.0000,0.0000,7.7000,8.5000,16.2000
2024-10-11,5225,Packplatz,Packplatz,0.0000,0.0000,0.0000,11.8300,11.8300
2024-10-11,5900,Qualifizierung,Qualifizierung,0.0000,0.0000,7.7000,10.4700,18.1700
2024-10-11,5223,WA,WA BS,0.0000,0.0000,0.0000,14.4700,14.4700
2024-10-11,5222,WE,WE BS,0.0000,0.0000,15.4000,48.4400,63.8400
2024-10-14,5240,AV,Arbeitsvorbereitung BS,0.0000,23.1000,6.0000,60.3300,89.4300
2024-10-14,5231,MR1,MR 1 Endmaße,0.0000,7.7000,0.0000,24.7600,32.4600
2024-10-14,5211,MR11,MR 11 KMG,0.0000,0.0000,7.7000,15.5500,23.2500
2024-10-14,5234,MR2,MR 2 Drehmomente,0.0000,7.7000,0.0000,39.5700,47.2700
2024-10-14,5236,MR3,MR 3 Messuhren,0.0000,7.7000,0.0000,23.5400,31.2400
2024-10-14,5239,MR5,MR 5 Bügelmessschrauben,0.0000,7.7000,0.0000,31.2600,38.9600
2024-10-14,5235,MR6,MR 6 Messschieber,0.0000,15.4000,0.0000,19.8000,35.2000
2024-10-14,5232,MR7,MR 7 Lehren,0.0000,23.1000,0.0000,43.7100,66.8100
2024-10-14,5238,MR8,MR 8 Temperatur,0.0000,0.0000,0.0000,8.9900,8.9900
2024-10-14,5237,MR9,MR 9 Elektro BS,0.0000,0.0000,0.0000,15.7300,15.7300
2024-10-14,5225,Packplatz,Packplatz,0.0000,6.0000,0.0000,23.6600,29.6600
2024-10-14,5900,Qualifizierung,Qualifizierung,0.0000,0.0000,7.7000,15.6000,23.3000
2024-10-14,5223,WA,WA BS,0.0000,0.0000,0.0000,23.8500,23.8500
2024-10-14,5222,WE,WE BS,0.0000,0.0000,23.1000,37.8400,60.9400
2024-10-15,5240,AV,Arbeitsvorbereitung BS,0.0000,15.4000,6.0000,66.5700,87.9700
2024-10-15,5231,MR1,MR 1 Endmaße,0.0000,7.7000,0.0000,32.1000,39.8000
2024-10-15,5211,MR11,MR 11 KMG,0.0000,0.0000,7.7000,15.6900,23.3900
2024-10-15,5234,MR2,MR 2 Drehmomente,0.0000,15.4000,0.0000,30.5700,45.9700
2024-10-15,5236,MR3,MR 3 Messuhren,0.0000,0.0000,0.0000,27.2700,27.2700
2024-10-15,5233,MR4,MR 4 Lohnmessung,0.0000,7.7000,0.0000,,7.7000
2024-10-15,5239,MR5,MR 5 Bügelmessschrauben,0.0000,7.7000,0.0000,31.1500,38.8500
2024-10-15,5235,MR6,MR 6 Messschieber,0.0000,15.4000,0.0000,20.6300,36.0300
2024-10-15,5232,MR7,MR 7 Lehren,0.0000,23.1000,0.0000,43.1900,66.2900
2024-10-15,5238,MR8,MR 8 Temperatur,0.0000,0.0000,0.0000,11.2700,11.2700
2024-10-15,5237,MR9,MR 9 Elektro BS,0.0000,0.0000,0.0000,15.9700,15.9700
2024-10-15,5225,Packplatz,Packplatz,0.0000,6.0000,0.0000,23.4300,29.4300
2024-10-15,5900,Qualifizierung,Qualifizierung,0.0000,0.0000,7.7000,11.0300,18.7300
2024-10-15,5223,WA,WA BS,0.0000,0.0000,0.0000,23.4500,23.4500
2024-10-15,5222,WE,WE BS,0.0000,0.0000,23.1000,43.0600,66.1600
2024-10-16,5240,AV,Arbeitsvorbereitung BS,0.0000,15.4000,6.0000,63.1100,84.5100
2024-10-16,5231,MR1,MR 1 Endmaße,0.0000,7.7000,0.0000,29.4900,37.1900
2024-10-16,5211,MR11,MR 11 KMG,0.0000,0.0000,7.7000,15.5200,23.2200
2024-10-16,5234,MR2,MR 2 Drehmomente,0.0000,15.4000,0.0000,30.9800,46.3800
2024-10-16,5236,MR3,MR 3 Messuhren,0.0000,0.0000,0.0000,24.6500,24.6500
2024-10-16,5233,MR4,MR 4 Lohnmessung,0.0000,0.0000,0.0000,5.7500,5.7500
2024-10-16,5239,MR5,MR 5 Bügelmessschrauben,0.0000,7.7000,0.0000,43.8500,51.5500
2024-10-16,5235,MR6,MR 6 Messschieber,0.0000,7.7000,0.0000,19.0600,26.7600
2024-10-16,5232,MR7,MR 7 Lehren,0.0000,23.1000,0.0000,37.2200,60.3200
2024-10-16,5238,MR8,MR 8 Temperatur,0.0000,0.0000,0.0000,9.7700,9.7700
2024-10-16,5237,MR9,MR 9 Elektro BS,0.0000,0.0000,0.0000,15.8500,15.8500
2024-10-16,5225,Packplatz,Packplatz,0.0000,6.0000,0.0000,22.8200,28.8200
2024-10-16,5900,Qualifizierung,Qualifizierung,0.0000,0.0000,7.7000,7.3200,15.0200
2024-10-16,5223,WA,WA BS,0.0000,0.0000,0.0000,23.8300,23.8300
2024-10-16,5222,WE,WE BS,0.0000,0.0000,15.4000,59.9300,75.3300
2024-10-17,5240,AV,Arbeitsvorbereitung BS,0.0000,15.4000,6.0000,67.7400,89.1400
2024-10-17,5231,MR1,MR 1 Endmaße,0.0000,7.7000,0.0000,25.1700,32.8700
2024-10-17,5211,MR11,MR 11 KMG,0.0000,0.0000,7.7000,11.8300,19.5300
2024-10-17,5214,MR14,MR 14 Waage,0.0000,0.0000,0.0000,7.7000,7.7000
2024-10-17,5234,MR2,MR 2 Drehmomente,0.0000,15.4000,0.0000,31.1000,46.5000
2024-10-17,5236,MR3,MR 3 Messuhren,0.0000,0.0000,0.0000,25.5200,25.5200
2024-10-17,5233,MR4,MR 4 Lohnmessung,0.0000,0.0000,0.0000,6.2500,6.2500
2024-10-17,5239,MR5,MR 5 Bügelmessschrauben,0.0000,7.7000,7.7000,31.3800,46.7800
2024-10-17,5235,MR6,MR 6 Messschieber,0.0000,7.7000,0.0000,22.6500,30.3500
2024-10-17,5232,MR7,MR 7 Lehren,0.0000,23.1000,7.7000,35.2600,66.0600
2024-10-17,5238,MR8,MR 8 Temperatur,0.0000,0.0000,0.0000,14.5500,14.5500
2024-10-17,5237,MR9,MR 9 Elektro BS,0.0000,0.0000,0.0000,8.0500,8.0500
2024-10-17,5225,Packplatz,Packplatz,0.0000,0.0000,0.0000,23.2800,23.2800
2024-10-17,5900,Qualifizierung,Qualifizierung,0.0000,0.0000,7.7000,4.9700,12.6700
2024-10-17,5223,WA,WA BS,0.0000,7.7000,0.0000,15.7000,23.4000
2024-10-17,5222,WE,WE BS,0.0000,0.0000,15.4000,63.1700,78.5700
2024-10-17,5220,WE/WA,WE/WA BS,0.0000,0.0000,0.0000,2.7300,2.7300
2024-10-18,5240,AV,Arbeitsvorbereitung BS,0.0000,15.4000,6.0000,61.7700,83.1700
2024-10-18,5231,MR1,MR 1 Endmaße,0.0000,7.7000,0.0000,28.0200,35.7200
2024-10-18,5211,MR11,MR 11 KMG,0.0000,0.0000,7.7000,8.9100,16.6100
2024-10-18,5214,MR14,MR 14 Waage,0.0000,0.0000,0.0000,8.2500,8.2500
2024-10-18,5234,MR2,MR 2 Drehmomente,0.0000,15.4000,0.0000,28.2800,43.6800
2024-10-18,5236,MR3,MR 3 Messuhren,0.0000,0.0000,0.0000,23.2600,23.2600
2024-10-18,5233,MR4,MR 4 Lohnmessung,0.0000,0.0000,0.0000,8.6300,8.6300
2024-10-18,5239,MR5,MR 5 Bügelmessschrauben,0.0000,7.7000,0.0000,34.8800,42.5800
2024-10-18,5235,MR6,MR 6 Messschieber,0.0000,7.7000,5.0000,8.6300,21.3300
2024-10-18,5232,MR7,MR 7 Lehren,0.0000,23.1000,0.0000,39.1700,62.2700
2024-10-18,5238,MR8,MR 8 Temperatur,0.0000,0.0000,0.0000,13.7900,13.7900
2024-10-18,5237,MR9,MR 9 Elektro BS,0.0000,0.0000,0.0000,8.2000,8.2000
2024-10-18,5225,Packplatz,Packplatz,0.0000,0.0000,0.0000,19.6700,19.6700
2024-10-18,5900,Qualifizierung,Qualifizierung,0.0000,0.0000,7.7000,11.2000,18.9000
2024-10-18,5223,WA,WA BS,0.0000,7.7000,0.0000,8.8300,16.5300
2024-10-18,5222,WE,WE BS,0.0000,0.0000,15.4000,61.5000,76.9000
2024-10-21,5240,AV,Arbeitsvorbereitung BS,0.0000,15.4000,13.7000,58.0900,87.1900
2024-10-21,5231,MR1,MR 1 Endmaße,0.0000,0.0000,6.0000,22.4000,28.4000
2024-10-21,5211,MR11,MR 11 KMG,0.0000,0.0000,0.0000,9.2200,9.2200
2024-10-21,5234,MR2,MR 2 Drehmomente,0.0000,0.0000,0.0000,43.6500,43.6500
2024-10-21,5236,MR3,MR 3 Messuhren,0.0000,0.0000,0.0000,38.4000,38.4000
2024-10-21,5233,MR4,MR 4 Lohnmessung,0.0000,0.0000,7.7000,,7.7000
2024-10-21,5239,MR5,MR 5 Bügelmessschrauben,0.0000,7.7000,0.0000,38.4600,46.1600
2024-10-21,5235,MR6,MR 6 Messschieber,0.0000,7.7000,5.0000,16.1500,28.8500
2024-10-21,5232,MR7,MR 7 Lehren,0.0000,15.4000,7.7000,52.6800,75.7800
2024-10-21,5238,MR8,MR 8 Temperatur,0.0000,0.0000,0.0000,8.0700,8.0700
2024-10-21,5237,MR9,MR 9 Elektro BS,0.0000,0.0000,7.7000,15.7800,23.4800
2024-10-21,5225,Packplatz,Packplatz,0.0000,6.0000,0.0000,23.6600,29.6600
2024-10-21,5223,WA,WA BS,0.0000,7.7000,0.0000,9.2200,16.9200
2024-10-21,5222,WE,WE BS,0.0000,15.4000,0.0000,54.8700,70.2700
2024-10-21,5220,WE/WA,WE/WA BS,0.0000,0.0000,0.0000,1.4500,1.4500
2024-10-22,5240,AV,Arbeitsvorbereitung BS,0.0000,15.4000,13.7000,59.0400,88.1400
2024-10-22,5231,MR1,MR 1 Endmaße,0.0000,7.7000,6.0000,15.8200,29.5200
2024-10-22,5211,MR11,MR 11 KMG,0.0000,0.0000,0.0000,15.9100,15.9100
2024-10-22,5234,MR2,MR 2 Drehmomente,0.0000,0.0000,0.0000,31.1600,31.1600
2024-10-22,5236,MR3,MR 3 Messuhren,0.0000,0.0000,0.0000,31.9400,31.9400
2024-10-22,5233,MR4,MR 4 Lohnmessung,0.0000,0.0000,7.7000,,7.7000
2024-10-22,5239,MR5,MR 5 Bügelmessschrauben,0.0000,7.7000,0.0000,41.3000,49.0000
2024-10-22,5235,MR6,MR 6 Messschieber,0.0000,7.7000,5.0000,15.6800,28.3800
2024-10-22,5232,MR7,MR 7 Lehren,0.0000,23.1000,7.7000,43.7500,74.5500
2024-10-22,5238,MR8,MR 8 Temperatur,0.0000,0.0000,0.0000,8.0500,8.0500
2024-10-22,5237,MR9,MR 9 Elektro BS,0.0000,0.0000,7.7000,16.4100,24.1100
2024-10-22,5225,Packplatz,Packplatz,0.0000,6.0000,0.0000,23.9300,29.9300
2024-10-22,5900,Qualifizierung,Qualifizierung,0.0000,0.0000,0.0000,10.6100,10.6100
2024-10-22,5223,WA,WA BS,0.0000,7.7000,0.0000,14.2200,21.9200
2024-10-22,5222,WE,WE BS,0.0000,7.7000,0.0000,62.9200,70.6200
2024-10-23,5240,AV,Arbeitsvorbereitung BS,0.0000,7.7000,13.7000,61.7500,83.1500
2024-10-23,5231,MR1,MR 1 Endmaße,0.0000,7.7000,6.0000,14.8700,28.5700
2024-10-23,5211,MR11,MR 11 KMG,0.0000,0.0000,0.0000,13.3300,13.3300
2024-10-23,5214,MR14,MR 14 Waage,0.0000,0.0000,0.0000,3.4800,3.4800
2024-10-23,5234,MR2,MR 2 Drehmomente,0.0000,0.0000,0.0000,36.7700,36.7700
2024-10-23,5236,MR3,MR 3 Messuhren,0.0000,0.0000,0.0000,22.0500,22.0500
2024-10-23,5233,MR4,MR 4 Lohnmessung,0.0000,0.0000,7.7000,,7.7000
2024-10-23,5239,MR5,MR 5 Bügelmessschrauben,0.0000,15.4000,0.0000,30.2500,45.6500
2024-10-23,5235,MR6,MR 6 Messschieber,0.0000,7.7000,5.0000,15.7900,28.4900
2024-10-23,5232,MR7,MR 7 Lehren,0.0000,30.8000,7.7000,44.4700,82.9700
2024-10-23,5238,MR8,MR 8 Temperatur,0.0000,0.0000,0.0000,6.8200,6.8200
2024-10-23,5237,MR9,MR 9 Elektro BS,0.0000,0.0000,7.7000,9.5800,17.2800
2024-10-23,5225,Packplatz,Packplatz,0.0000,6.0000,0.0000,22.8900,28.8900
2024-10-23,5900,Qualifizierung,Qualifizierung,0.0000,0.0000,0.0000,13.0800,13.0800
2024-10-23,5223,WA,WA BS,0.0000,15.4000,0.0000,7.9000,23.3000
2024-10-23,5222,WE,WE BS,0.0000,7.7000,0.0000,62.0200,69.7200
2024-10-24,5240,AV,Arbeitsvorbereitung BS,0.0000,15.4000,13.7000,58.9500,88.0500
2024-10-24,5231,MR1,MR 1 Endmaße,0.0000,7.7000,6.0000,23.6300,37.3300
2024-10-24,5211,MR11,MR 11 KMG,0.0000,0.0000,0.0000,7.2800,7.2800
2024-10-24,5214,MR14,MR 14 Waage,0.0000,0.0000,0.0000,3.2500,3.2500
2024-10-24,5234,MR2,MR 2 Drehmomente,0.0000,0.0000,0.0000,39.9500,39.9500
2024-10-24,5236,MR3,MR 3 Messuhren,0.0000,0.0000,0.0000,24.2900,24.2900
2024-10-24,5233,MR4,MR 4 Lohnmessung,0.0000,0.0000,7.7000,1.2500,8.9500
2024-10-24,5239,MR5,MR 5 Bügelmessschrauben,0.0000,15.4000,0.0000,30.5000,45.9000
2024-10-24,5235,MR6,MR 6 Messschieber,0.0000,7.7000,5.0000,14.4200,27.1200
2024-10-24,5232,MR7,MR 7 Lehren,0.0000,23.1000,7.7000,49.6400,80.4400
2024-10-24,5238,MR8,MR 8 Temperatur,0.0000,0.0000,0.0000,7.6500,7.6500
2024-10-24,5237,MR9,MR 9 Elektro BS,0.0000,0.0000,7.7000,12.6500,20.3500
2024-10-24,5225,Packplatz,Packplatz,0.0000,0.0000,0.0000,14.6200,14.6200
2024-10-24,5900,Qualifizierung,Qualifizierung,0.0000,0.0000,0.0000,8.7700,8.7700
2024-10-24,5223,WA,WA BS,0.0000,7.7000,0.0000,15.7000,23.4000
2024-10-24,5222,WE,WE BS,0.0000,7.7000,0.0000,62.3100,70.0100
2024-10-25,5240,AV,Arbeitsvorbereitung BS,0.0000,7.7000,13.7000,66.5800,87.9800
2024-10-25,5231,MR1,MR 1 Endmaße,0.0000,7.7000,6.0000,23.6000,37.3000
2024-10-25,5211,MR11,MR 11 KMG,0.0000,0.0000,0.0000,15.6900,15.6900
2024-10-25,5234,MR2,MR 2 Drehmomente,0.0000,0.0000,0.0000,22.8300,22.8300
2024-10-25,5236,MR3,MR 3 Messuhren,0.0000,0.0000,0.0000,26.0800,26.0800
2024-10-25,5233,MR4,MR 4 Lohnmessung,0.0000,0.0000,7.7000,,7.7000
2024-10-25,5239,MR5,MR 5 Bügelmessschrauben,0.0000,23.1000,0.0000,20.4000,43.5000
2024-10-25,5235,MR6,MR 6 Messschieber,0.0000,7.7000,5.0000,15.8500,28.5500
2024-10-25,5232,MR7,MR 7 Lehren,0.0000,23.1000,7.7000,54.8400,85.6400
2024-10-25,5238,MR8,MR 8 Temperatur,0.0000,0.0000,0.0000,6.4000,6.4000
2024-10-25,5237,MR9,MR 9 Elektro BS,0.0000,0.0000,7.7000,15.5200,23.2200
2024-10-25,5225,Packplatz,Packplatz,0.0000,0.0000,0.0000,19.7800,19.7800
2024-10-25,5900,Qualifizierung,Qualifizierung,0.0000,0.0000,0.0000,4.1500,4.1500
2024-10-25,5223,WA,WA BS,0.0000,0.0000,0.0000,15.8800,15.8800
2024-10-25,5222,WE,WE BS,0.0000,7.7000,0.0000,62.7100,70.4100
2024-10-28,5240,AV,Arbeitsvorbereitung BS,0.0000,0.0000,13.7000,73.0800,86.7800
2024-10-28,5231,MR1,MR 1 Endmaße,0.0000,7.7000,0.0000,17.9700,25.6700
2024-10-28,5211,MR11,MR 11 KMG,0.0000,0.0000,0.0000,11.5000,11.5000
2024-10-28,5234,MR2,MR 2 Drehmomente,0.0000,0.0000,0.0000,38.9700,38.9700
2024-10-28,5236,MR3,MR 3 Messuhren,0.0000,0.0000,7.7000,23.7500,31.4500
2024-10-28,5233,MR4,MR 4 Lohnmessung,0.0000,0.0000,0.0000,8.0000,8.0000
2024-10-28,5239,MR5,MR 5 Bügelmessschrauben,0.0000,7.7000,7.7000,31.2200,46.6200
2024-10-28,5235,MR6,MR 6 Messschieber,0.0000,0.0000,5.0000,29.2800,34.2800
2024-10-28,5232,MR7,MR 7 Lehren,0.0000,23.1000,7.7000,52.4100,83.2100
2024-10-28,5238,MR8,MR 8 Temperatur,0.0000,0.0000,0.0000,7.9300,7.9300
2024-10-28,5237,MR9,MR 9 Elektro BS,0.0000,0.0000,7.7000,15.8300,23.5300
2024-10-28,5225,Packplatz,Packplatz,0.0000,0.0000,13.7000,15.2300,28.9300
2024-10-28,5900,Qualifizierung,Qualifizierung,0.0000,0.0000,0.0000,7.7700,7.7700
2024-10-28,5223,WA,WA BS,0.0000,7.7000,0.0000,16.1400,23.8400
2024-10-28,5222,WE,WE BS,0.0000,0.0000,0.0000,62.2900,62.2900
2024-10-28,5220,WE/WA,WE/WA BS,0.0000,0.0000,0.0000,3.7800,3.7800
2024-10-29,5240,AV,Arbeitsvorbereitung BS,0.0000,0.0000,13.7000,69.1000,82.8000
2024-10-29,5231,MR1,MR 1 Endmaße,0.0000,7.7000,0.0000,28.1100,35.8100
2024-10-29,5211,MR11,MR 11 KMG,0.0000,0.9500,0.0000,7.9000,8.8500
2024-10-29,5234,MR2,MR 2 Drehmomente,0.0000,0.0000,0.0000,31.5400,31.5400
2024-10-29,5236,MR3,MR 3 Messuhren,0.0000,0.0000,7.7000,31.0500,38.7500
2024-10-29,5233,MR4,MR 4 Lohnmessung,0.0000,0.0000,0.0000,8.0000,8.0000
2024-10-29,5239,MR5,MR 5 Bügelmessschrauben,0.0000,7.7000,7.7000,40.5700,55.9700
2024-10-29,5235,MR6,MR 6 Messschieber,0.0000,0.0000,5.0000,25.9300,30.9300
2024-10-29,5232,MR7,MR 7 Lehren,0.0000,23.1000,7.7000,55.1600,85.9600
2024-10-29,5238,MR8,MR 8 Temperatur,0.0000,0.0000,0.0000,3.6500,3.6500
2024-10-29,5237,MR9,MR 9 Elektro BS,0.0000,0.0000,7.7000,15.8300,23.5300
2024-10-29,5225,Packplatz,Packplatz,0.0000,0.0000,6.0000,24.3800,30.3800
2024-10-29,5900,Qualifizierung,Qualifizierung,0.0000,6.7500,0.0000,8.5400,15.2900
2024-10-29,5223,WA,WA BS,0.0000,7.7000,0.0000,15.7600,23.4600
2024-10-29,5222,WE,WE BS,0.0000,0.0000,0.0000,62.3200,62.3200
2024-10-30,5240,AV,Arbeitsvorbereitung BS,0.0000,0.0000,29.1000,42.7800,71.8800
2024-10-30,5231,MR1,MR 1 Endmaße,0.0000,7.7000,0.0000,24.8700,32.5700
2024-10-30,5211,MR11,MR 11 KMG,0.0000,7.7000,0.0000,10.1200,17.8200
2024-10-30,5212,MR12,MR 12 Druck,0.0000,0.0000,0.0000,3.6300,3.6300
2024-10-30,5214,MR14,MR 14 Waage,0.0000,0.0000,0.0000,0.6500,0.6500
2024-10-30,5234,MR2,MR 2 Drehmomente,0.0000,0.0000,0.0000,30.1900,30.1900
2024-10-30,5236,MR3,MR 3 Messuhren,0.0000,0.0000,7.7000,26.1500,33.8500
2024-10-30,5233,MR4,MR 4 Lohnmessung,0.0000,0.0000,0.0000,8.0300,8.0300
2024-10-30,5239,MR5,MR 5 Bügelmessschrauben,0.0000,7.7000,7.7000,30.7400,46.1400
2024-10-30,5235,MR6,MR 6 Messschieber,0.0000,0.0000,5.0000,22.1900,27.1900
2024-10-30,5232,MR7,MR 7 Lehren,0.0000,15.4000,15.4000,52.7200,83.5200
2024-10-30,5238,MR8,MR 8 Temperatur,0.0000,0.0000,0.0000,6.7300,6.7300
2024-10-30,5237,MR9,MR 9 Elektro BS,0.0000,0.0000,7.7000,11.4700,19.1700
2024-10-30,5225,Packplatz,Packplatz,0.0000,0.0000,6.0000,20.3400,26.3400
2024-10-30,5900,Qualifizierung,Qualifizierung,0.0000,0.0000,0.0000,4.5500,4.5500
2024-10-30,5223,WA,WA BS,0.0000,7.7000,0.0000,15.0500,22.7500
2024-10-30,5222,WE,WE BS,0.0000,0.0000,0.0000,56.1600,56.1600
2024-10-30,5220,WE/WA,WE/WA BS,0.0000,0.0000,0.0000,2.7700,2.7700
2024-10-31,5231,MR1,MR 1 Endmaße,0.0000,7.7000,0.0000,,7.7000
2024-10-31,5211,MR11,MR 11 KMG,0.0000,7.7000,0.0000,,7.7000
2024-10-31,5239,MR5,MR 5 Bügelmessschrauben,0.0000,7.7000,0.0000,,7.7000
2024-10-31,5232,MR7,MR 7 Lehren,0.0000,15.4000,0.0000,,15.4000
2024-10-31,5223,WA,WA BS,0.0000,7.7000,0.0000,,7.7000
2024-11-01,5240,AV,Arbeitsvorbereitung BS,0.0000,0.0000,48.3500,34.9600,83.3100
2024-11-01,5231,MR1,MR 1 Endmaße,0.0000,7.7000,21.4000,3.2300,32.3300
2024-11-01,5211,MR11,MR 11 KMG,0.0000,7.7000,15.4000,,23.1000
2024-11-01,5234,MR2,MR 2 Drehmomente,0.0000,0.0000,23.1000,11.6500,34.7500
2024-11-01,5236,MR3,MR 3 Messuhren,0.0000,0.0000,7.7000,7.6500,15.3500
2024-11-01,5233,MR4,MR 4 Lohnmessung,0.0000,0.0000,7.7000,,7.7000
2024-11-01,5239,MR5,MR 5 Bügelmessschrauben,0.0000,7.7000,30.8000,12.3000,50.8000
2024-11-01,5235,MR6,MR 6 Messschieber,0.0000,0.0000,12.7000,18.5600,31.2600
2024-11-01,5232,MR7,MR 7 Lehren,0.0000,15.4000,30.8000,23.1900,69.3900
2024-11-01,5238,MR8,MR 8 Temperatur,0.0000,0.0000,7.7000,,7.7000
2024-11-01,5237,MR9,MR 9 Elektro BS,0.0000,0.0000,7.7000,15.6500,23.3500
2024-11-01,5225,Packplatz,Packplatz,0.0000,0.0000,0.0000,15.2200,15.2200
2024-11-01,5900,Qualifizierung,Qualifizierung,0.0000,0.0000,0.0000,2.4300,2.4300
2024-11-01,5223,WA,WA BS,0.0000,0.0000,7.7000,8.2700,15.9700
2024-11-01,5222,WE,WE BS,0.0000,0.0000,15.4000,37.4700,52.8700
2024-11-04,5240,AV,Arbeitsvorbereitung BS,0.0000,0.0000,46.2000,41.4500,87.6500
2024-11-04,5231,MR1,MR 1 Endmaße,0.0000,0.0000,0.0000,27.3500,27.3500
2024-11-04,5211,MR11,MR 11 KMG,0.0000,0.0000,0.0000,11.9000,11.9000
2024-11-04,5234,MR2,MR 2 Drehmomente,10.0000,0.0000,0.0000,38.5700,48.5700
2024-11-04,5236,MR3,MR 3 Messuhren,0.0000,0.0000,0.0000,22.7800,22.7800
2024-11-04,5233,MR4,MR 4 Lohnmessung,0.0000,0.0000,0.0000,7.7200,7.7200
2024-11-04,5239,MR5,MR 5 Bügelmessschrauben,0.0000,0.0000,7.7000,35.6300,43.3300
2024-11-04,5235,MR6,MR 6 Messschieber,0.0000,0.0000,0.0000,32.5900,32.5900
2024-11-04,5232,MR7,MR 7 Lehren,0.0000,7.7000,7.7000,45.4500,60.8500
2024-11-04,5238,MR8,MR 8 Temperatur,0.0000,0.0000,0.0000,7.7800,7.7800
2024-11-04,5237,MR9,MR 9 Elektro BS,0.0000,0.0000,0.0000,18.8700,18.8700
2024-11-04,5225,Packplatz,Packplatz,0.0000,0.0000,0.0000,29.1000,29.1000
2024-11-04,5900,Qualifizierung,Qualifizierung,0.0000,0.0000,0.0000,26.7600,26.7600
2024-11-04,5223,WA,WA BS,0.0000,0.0000,0.0000,15.4700,15.4700
2024-11-04,5222,WE,WE BS,0.0000,0.0000,7.7000,54.3000,62.0000
2024-11-04,5220,WE/WA,WE/WA BS,0.0000,0.0000,0.0000,1.7500,1.7500
2024-11-05,5240,AV,Arbeitsvorbereitung BS,0.0000,0.0000,23.1000,64.3000,87.4000
2024-11-05,5231,MR1,MR 1 Endmaße,0.0000,7.7000,0.0000,29.1000,36.8000
2024-11-05,5211,MR11,MR 11 KMG,0.0000,0.0000,0.0000,15.4000,15.4000
2024-11-05,5212,MR12,MR 12 Druck,0.0000,0.0000,0.0000,3.9300,3.9300
2024-11-05,5234,MR2,MR 2 Drehmomente,10.0000,0.0000,0.0000,34.5700,44.5700
2024-11-05,5236,MR3,MR 3 Messuhren,0.0000,0.0000,0.0000,31.2500,31.2500
2024-11-05,5233,MR4,MR 4 Lohnmessung,0.0000,0.0000,0.0000,7.7000,7.7000
2024-11-05,5239,MR5,MR 5 Bügelmessschrauben,0.0000,0.0000,7.7000,35.5000,43.2000
2024-11-05,5235,MR6,MR 6 Messschieber,0.0000,0.0000,0.0000,34.0400,34.0400
2024-11-05,5232,MR7,MR 7 Lehren,0.0000,7.7000,0.0000,54.4200,62.1200
2024-11-05,5238,MR8,MR 8 Temperatur,0.0000,0.0000,0.0000,7.7000,7.7000
2024-11-05,5237,MR9,MR 9 Elektro BS,0.0000,0.0000,0.0000,16.4500,16.4500
2024-11-05,5225,Packplatz,Packplatz,0.0000,0.0000,0.0000,26.2600,26.2600
2024-11-05,5900,Qualifizierung,Qualifizierung,0.0000,0.0000,0.0000,8.7100,8.7100
2024-11-05,5223,WA,WA BS,0.0000,0.0000,0.0000,23.1000,23.1000
2024-11-05,5222,WE,WE BS,0.0000,0.0000,7.7000,54.2800,61.9800
2024-11-06,5240,AV,Arbeitsvorbereitung BS,0.0000,7.7000,23.1000,52.1000,82.9000
2024-11-06,5231,MR1,MR 1 Endmaße,0.0000,7.7000,0.0000,24.3500,32.0500
2024-11-06,5211,MR11,MR 11 KMG,0.0000,0.0000,0.0000,15.4000,15.4000
2024-11-06,5234,MR2,MR 2 Drehmomente,9.5000,0.0000,0.0000,38.5000,48.0000
2024-11-06,5236,MR3,MR 3 Messuhren,0.0000,0.0000,0.0000,29.3500,29.3500
2024-11-06,5233,MR4,MR 4 Lohnmessung,0.0000,0.0000,0.0000,4.2500,4.2500
2024-11-06,5239,MR5,MR 5 Bügelmessschrauben,0.0000,0.0000,7.7000,37.5200,45.2200
2024-11-06,5235,MR6,MR 6 Messschieber,0.0000,0.0000,0.0000,30.7200,30.7200
2024-11-06,5232,MR7,MR 7 Lehren,0.0000,7.7000,0.0000,54.1000,61.8000
2024-11-06,5238,MR8,MR 8 Temperatur,0.0000,0.0000,0.0000,6.3000,6.3000
2024-11-06,5237,MR9,MR 9 Elektro BS,0.0000,0.0000,0.0000,23.3000,23.3000
2024-11-06,5225,Packplatz,Packplatz,0.0000,0.0000,0.0000,28.1000,28.1000
2024-11-06,5900,Qualifizierung,Qualifizierung,0.0000,0.0000,0.0000,15.1800,15.1800
2024-11-06,5223,WA,WA BS,0.0000,0.0000,0.0000,23.1000,23.1000
2024-11-06,5222,WE,WE BS,0.0000,0.0000,7.7000,51.5800,59.2800
2024-11-06,5220,WE/WA,WE/WA BS,0.0000,0.0000,0.0000,2.1500,2.1500
2024-11-07,5240,AV,Arbeitsvorbereitung BS,0.0000,12.7000,15.4000,55.5500,83.6500
2024-11-07,5231,MR1,MR 1 Endmaße,0.0000,7.7000,0.0000,25.8300,33.5300
2024-11-07,5211,MR11,MR 11 KMG,0.0000,0.0000,0.0000,15.3800,15.3800
2024-11-07,5234,MR2,MR 2 Drehmomente,9.5000,0.0000,0.0000,24.3800,33.8800
2024-11-07,5236,MR3,MR 3 Messuhren,0.0000,0.0000,0.0000,30.7500,30.7500
2024-11-07,5233,MR4,MR 4 Lohnmessung,0.0000,0.0000,0.0000,7.7000,7.7000
2024-11-07,5239,MR5,MR 5 Bügelmessschrauben,0.0000,0.0000,7.7000,44.2300,51.9300
2024-11-07,5235,MR6,MR 6 Messschieber,0.0000,0.0000,0.0000,31.3000,31.3000
2024-11-07,5232,MR7,MR 7 Lehren,0.0000,7.7000,0.0000,53.9500,61.6500
2024-11-07,5238,MR8,MR 8 Temperatur,0.0000,0.0000,0.0000,8.1800,8.1800
2024-11-07,5237,MR9,MR 9 Elektro BS,0.0000,0.0000,0.0000,23.1000,23.1000
2024-11-07,5225,Packplatz,Packplatz,0.0000,0.0000,0.0000,22.9200,22.9200
2024-11-07,5900,Qualifizierung,Qualifizierung,0.0000,0.0000,0.0000,22.1000,22.1000
2024-11-07,5223,WA,WA BS,0.0000,0.0000,0.0000,23.1300,23.1300
2024-11-07,5222,WE,WE BS,0.0000,7.7000,7.7000,46.4700,61.8700
2024-11-07,5220,WE/WA,WE/WA BS,0.0000,0.0000,0.0000,3.2500,3.2500
2024-11-08,5240,AV,Arbeitsvorbereitung BS,0.0000,20.4000,15.4000,54.7900,90.5900
2024-11-08,5231,MR1,MR 1 Endmaße,0.0000,7.7000,0.0000,29.4300,37.1300
2024-11-08,5211,MR11,MR 11 KMG,0.0000,0.0000,0.0000,15.9700,15.9700
2024-11-08,5234,MR2,MR 2 Drehmomente,7.7500,0.0000,0.0000,32.6700,40.4200
2024-11-08,5236,MR3,MR 3 Messuhren,0.0000,0.0000,7.7000,10.4700,18.1700
2024-11-08,5233,MR4,MR 4 Lohnmessung,0.0000,0.0000,0.0000,8.1700,8.1700
2024-11-08,5239,MR5,MR 5 Bügelmessschrauben,0.0000,0.0000,7.7000,43.8100,51.5100
2024-11-08,5235,MR6,MR 6 Messschieber,0.0000,0.0000,0.0000,28.8200,28.8200
2024-11-08,5232,MR7,MR 7 Lehren,0.0000,7.7000,0.0000,54.4200,62.1200
2024-11-08,5238,MR8,MR 8 Temperatur,0.0000,0.0000,0.0000,5.9500,5.9500
2024-11-08,5237,MR9,MR 9 Elektro BS,0.0000,0.0000,0.0000,23.1200,23.1200
2024-11-08,5225,Packplatz,Packplatz,0.0000,7.7000,0.0000,15.4000,23.1000
2024-11-08,5900,Qualifizierung,Qualifizierung,0.0000,0.0000,0.0000,31.3900,31.3900
2024-11-08,5223,WA,WA BS,0.0000,0.0000,0.0000,16.0100,16.0100
2024-11-08,5222,WE,WE BS,0.0000,7.7000,15.4000,37.0900,60.1900
2024-11-11,5240,AV,Arbeitsvorbereitung BS,0.0000,7.7000,7.7000,70.7500,86.1500
2024-11-11,5231,MR1,MR 1 Endmaße,0.0000,6.0000,0.0000,16.1500,22.1500
2024-11-11,5211,MR11,MR 11 KMG,0.0000,0.0000,0.0000,8.5500,8.5500
2024-11-11,5214,MR14,MR 14 Waage,0.0000,0.0000,0.0000,7.5200,7.5200
2024-11-11,5234,MR2,MR 2 Drehmomente,8.7500,7.7000,0.0000,20.7100,37.1600
2024-11-11,5236,MR3,MR 3 Messuhren,0.0000,0.0000,7.7000,19.7000,27.4000
2024-11-11,5233,MR4,MR 4 Lohnmessung,0.0000,0.0000,0.0000,7.7000,7.7000
2024-11-11,5239,MR5,MR 5 Bügelmessschrauben,0.0000,0.0000,7.7000,37.3200,45.0200
2024-11-11,5235,MR6,MR 6 Messschieber,0.0000,0.0000,0.0000,14.9200,14.9200
2024-11-11,5232,MR7,MR 7 Lehren,0.0000,0.0000,0.0000,61.6300,61.6300
2024-11-11,5238,MR8,MR 8 Temperatur,0.0000,0.0000,0.0000,7.1000,7.1000
2024-11-11,5237,MR9,MR 9 Elektro BS,0.0000,0.0000,0.0000,14.9500,14.9500
2024-11-11,5225,Packplatz,Packplatz,0.0000,6.0000,0.0000,23.0000,29.0000
2024-11-11,5900,Qualifizierung,Qualifizierung,0.0000,7.7000,0.0000,27.0200,34.7200
2024-11-11,5223,WA,WA BS,0.0000,0.0000,0.0000,23.1000,23.1000
2024-11-11,5222,WE,WE BS,0.0000,7.7000,15.4000,45.9900,69.0900
2024-11-11,5220,WE/WA,WE/WA BS,0.0000,0.0000,0.0000,6.9500,6.9500
2024-11-12,5240,AV,Arbeitsvorbereitung BS,0.0000,23.1000,7.7000,60.6900,91.4900
2024-11-12,5231,MR1,MR 1 Endmaße,0.0000,0.0000,0.0000,21.3700,21.3700
2024-11-12,5211,MR11,MR 11 KMG,0.0000,0.0000,0.0000,15.4000,15.4000
2024-11-12,5212,MR12,MR 12 Druck,0.0000,0.0000,0.0000,4.2000,4.2000
2024-11-12,5234,MR2,MR 2 Drehmomente,7.7000,7.7000,0.0000,12.2300,27.6300
2024-11-12,5236,MR3,MR 3 Messuhren,0.0000,0.0000,7.7000,23.0800,30.7800
2024-11-12,5233,MR4,MR 4 Lohnmessung,0.0000,0.0000,0.0000,7.7000,7.7000
2024-11-12,5239,MR5,MR 5 Bügelmessschrauben,0.0000,0.0000,7.7000,38.5100,46.2100
2024-11-12,5235,MR6,MR 6 Messschieber,0.0000,0.0000,7.7000,14.1500,21.8500
2024-11-12,5232,MR7,MR 7 Lehren,0.0000,0.0000,0.0000,58.5300,58.5300
2024-11-12,5238,MR8,MR 8 Temperatur,0.0000,0.0000,0.0000,6.4200,6.4200
2024-11-12,5237,MR9,MR 9 Elektro BS,0.0000,0.0000,0.0000,15.6000,15.6000
2024-11-12,5225,Packplatz,Packplatz,0.0000,0.0000,0.0000,28.0100,28.0100
2024-11-12,5900,Qualifizierung,Qualifizierung,0.0000,0.0000,0.0000,25.1400,25.1400
2024-11-12,5223,WA,WA BS,0.0000,7.7000,0.0000,15.7700,23.4700
2024-11-12,5222,WE,WE BS,0.0000,7.7000,7.7000,54.3600,69.7600
2024-11-12,5220,WE/WA,WE/WA BS,0.0000,0.0000,0.0000,3.1500,3.1500
2024-11-13,5240,AV,Arbeitsvorbereitung BS,0.0000,23.1000,7.7000,60.8800,91.6800
2024-11-13,5231,MR1,MR 1 Endmaße,0.0000,0.0000,7.7000,21.4000,29.1000
2024-11-13,5211,MR11,MR 11 KMG,0.0000,0.0000,0.0000,15.4000,15.4000
2024-11-13,5234,MR2,MR 2 Drehmomente,7.7000,7.7000,0.0000,17.5200,32.9200
2024-11-13,5236,MR3,MR 3 Messuhren,0.0000,0.0000,7.7000,17.2700,24.9700
2024-11-13,5233,MR4,MR 4 Lohnmessung,0.0000,0.0000,0.0000,7.7000,7.7000
2024-11-13,5239,MR5,MR 5 Bügelmessschrauben,0.0000,0.0000,7.7000,41.1700,48.8700
2024-11-13,5235,MR6,MR 6 Messschieber,0.0000,0.0000,7.7000,17.4200,25.1200
2024-11-13,5232,MR7,MR 7 Lehren,0.0000,7.7000,0.0000,48.1700,55.8700
2024-11-13,5238,MR8,MR 8 Temperatur,0.0000,0.0000,0.0000,6.3500,6.3500
2024-11-13,5237,MR9,MR 9 Elektro BS,0.0000,0.0000,0.0000,23.1000,23.1000
2024-11-13,5225,Packplatz,Packplatz,0.0000,0.0000,0.0000,25.3700,25.3700
2024-11-13,5900,Qualifizierung,Qualifizierung,0.0000,0.0000,0.0000,26.1300,26.1300
2024-11-13,5223,WA,WA BS,0.0000,7.7000,0.0000,15.3600,23.0600
2024-11-13,5222,WE,WE BS,0.0000,7.7000,7.7000,54.1400,69.5400
2024-11-14,5240,AV,Arbeitsvorbereitung BS,0.0000,23.1000,7.7000,60.6000,91.4000
2024-11-14,5231,MR1,MR 1 Endmaße,0.0000,0.0000,7.7000,18.0800,25.7800
2024-11-14,5211,MR11,MR 11 KMG,0.0000,0.0000,0.0000,15.4000,15.4000
2024-11-14,5234,MR2,MR 2 Drehmomente,8.5000,7.7000,0.0000,23.2700,39.4700
2024-11-14,5236,MR3,MR 3 Messuhren,0.0000,0.0000,7.7000,19.6900,27.3900
2024-11-14,5233,MR4,MR 4 Lohnmessung,0.0000,0.0000,0.0000,7.7000,7.7000
2024-11-14,5239,MR5,MR 5 Bügelmessschrauben,0.0000,0.0000,7.7000,31.2500,38.9500
2024-11-14,5235,MR6,MR 6 Messschieber,0.0000,0.0000,7.7000,20.8500,28.5500
2024-11-14,5232,MR7,MR 7 Lehren,0.0000,7.7000,0.0000,46.2300,53.9300
2024-11-14,5238,MR8,MR 8 Temperatur,0.0000,0.0000,0.0000,6.6500,6.6500
2024-11-14,5237,MR9,MR 9 Elektro BS,0.0000,0.0000,0.0000,16.5300,16.5300
2024-11-14,5225,Packplatz,Packplatz,0.0000,0.0000,0.0000,23.3700,23.3700
2024-11-14,5900,Qualifizierung,Qualifizierung,0.0000,0.0000,0.0000,28.9100,28.9100
2024-11-14,5223,WA,WA BS,0.0000,7.7000,0.0000,22.5800,30.2800
2024-11-14,5222,WE,WE BS,0.0000,7.7000,7.7000,47.2500,62.6500
2024-11-14,5220,WE/WA,WE/WA BS,0.0000,0.0000,0.0000,3.3000,3.3000
2024-11-15,5240,AV,Arbeitsvorbereitung BS,0.0000,15.4000,7.7000,63.3800,86.4800
2024-11-15,5231,MR1,MR 1 Endmaße,0.0000,0.0000,0.0000,29.1000,29.1000
2024-11-15,5211,MR11,MR 11 KMG,0.0000,0.0000,0.0000,12.7800,12.7800
2024-11-15,5234,MR2,MR 2 Drehmomente,0.0000,7.7000,7.7000,9.9300,25.3300
2024-11-15,5236,MR3,MR 3 Messuhren,0.0000,0.0000,7.7000,23.3300,31.0300
2024-11-15,5233,MR4,MR 4 Lohnmessung,0.0000,0.0000,0.0000,7.2300,7.2300
2024-11-15,5239,MR5,MR 5 Bügelmessschrauben,0.0000,0.0000,0.0000,31.0000,31.0000
2024-11-15,5235,MR6,MR 6 Messschieber,0.0000,0.0000,7.7000,20.2800,27.9800
2024-11-15,5232,MR7,MR 7 Lehren,7.7000,7.7000,7.7000,41.3300,64.4300
2024-11-15,5238,MR8,MR 8 Temperatur,0.0000,0.0000,0.0000,2.8500,2.8500
2024-11-15,5237,MR9,MR 9 Elektro BS,0.0000,0.0000,0.0000,22.2800,22.2800
2024-11-15,5225,Packplatz,Packplatz,0.0000,0.0000,0.0000,23.1000,23.1000
2024-11-15,5900,Qualifizierung,Qualifizierung,0.0000,0.0000,0.0000,20.4300,20.4300
2024-11-15,5223,WA,WA BS,0.0000,7.7000,0.0000,15.4000,23.1000
2024-11-15,5222,WE,WE BS,0.0000,7.7000,7.7000,37.2700,52.6700
2024-11-16,5240,AV,Arbeitsvorbereitung BS,0.0000,0.0000,0.0000,17.8400,17.8400
2024-11-16,5236,MR3,MR 3 Messuhren,0.0000,0.0000,0.0000,5.2500,5.2500
2024-11-16,5239,MR5,MR 5 Bügelmessschrauben,0.0000,0.0000,0.0000,5.0200,5.0200
2024-11-16,5235,MR6,MR 6 Messschieber,0.0000,0.0000,0.0000,0.0700,0.0700
2024-11-16,5225,Packplatz,Packplatz,0.0000,0.0000,0.0000,9.7300,9.7300
2024-11-16,5222,WE,WE BS,0.0000,0.0000,0.0000,25.9700,25.9700
2024-11-18,5240,AV,Arbeitsvorbereitung BS,6.0000,7.7000,15.4000,54.0100,83.1100
2024-11-18,5231,MR1,MR 1 Endmaße,0.0000,0.0000,0.0000,25.5500,25.5500
2024-11-18,5211,MR11,MR 11 KMG,0.0000,0.0000,0.0000,15.4000,15.4000
2024-11-18,5234,MR2,MR 2 Drehmomente,9.2300,7.7000,7.7000,15.1800,39.8100
2024-11-18,5236,MR3,MR 3 Messuhren,0.0000,7.7000,7.7000,23.5000,38.9000
2024-11-18,5233,MR4,MR 4 Lohnmessung,0.0000,0.0000,0.0000,7.7000,7.7000
2024-11-18,5239,MR5,MR 5 Bügelmessschrauben,0.0000,0.0000,0.0000,37.2500,37.2500
2024-11-18,5235,MR6,MR 6 Messschieber,0.0000,0.0000,7.7000,28.3200,36.0200
2024-11-18,5232,MR7,MR 7 Lehren,7.7000,0.0000,7.7000,46.2200,61.6200
2024-11-18,5238,MR8,MR 8 Temperatur,0.0000,0.0000,0.0000,7.7000,7.7000
2024-11-18,5237,MR9,MR 9 Elektro BS,0.0000,0.0000,0.0000,17.2000,17.2000
2024-11-18,5225,Packplatz,Packplatz,0.0000,0.0000,0.0000,30.3100,30.3100
2024-11-18,5900,Qualifizierung,Qualifizierung,0.0000,0.0000,0.0000,16.8700,16.8700
2024-11-18,5223,WA,WA BS,0.0000,7.7000,0.0000,10.9600,18.6600
2024-11-18,5222,WE,WE BS,0.0000,7.7000,0.0000,51.3200,59.0200
2024-11-18,5220,WE/WA,WE/WA BS,0.0000,0.0000,0.0000,3.5500,3.5500
2024-11-19,5240,AV,Arbeitsvorbereitung BS,0.0000,15.4000,13.7000,67.3600,96.4600
2024-11-19,5231,MR1,MR 1 Endmaße,0.0000,0.0000,0.0000,25.1300,25.1300
2024-11-19,5211,MR11,MR 11 KMG,0.0000,0.0000,0.0000,15.4000,15.4000
2024-11-19,5214,MR14,MR 14 Waage,0.0000,0.0000,0.0000,3.8700,3.8700
2024-11-19,5234,MR2,MR 2 Drehmomente,9.1300,7.7000,7.7000,15.9200,40.4500
2024-11-19,5236,MR3,MR 3 Messuhren,0.0000,15.4000,7.7000,16.0100,39.1100
2024-11-19,5233,MR4,MR 4 Lohnmessung,0.0000,0.0000,0.0000,7.7000,7.7000
2024-11-19,5239,MR5,MR 5 Bügelmessschrauben,0.0000,0.0000,0.0000,35.9600,35.9600
2024-11-19,5235,MR6,MR 6 Messschieber,0.0000,0.0000,0.0000,29.4000,29.4000
2024-11-19,5232,MR7,MR 7 Lehren,0.0000,7.7000,0.0000,53.9700,61.6700
2024-11-19,5238,MR8,MR 8 Temperatur,0.0000,0.0000,0.0000,5.9800,5.9800
2024-11-19,5237,MR9,MR 9 Elektro BS,0.0000,0.0000,0.0000,12.7300,12.7300
2024-11-19,5225,Packplatz,Packplatz,0.0000,0.0000,0.0000,23.1000,23.1000
2024-11-19,5900,Qualifizierung,Qualifizierung,0.0000,0.0000,0.0000,6.0300,6.0300
2024-11-19,5223,WA,WA BS,0.0000,7.7000,0.0000,19.6200,27.3200
2024-11-19,5222,WE,WE BS,0.0000,7.7000,0.0000,50.7200,58.4200
2024-11-19,5220,WE/WA,WE/WA BS,0.0000,0.0000,0.0000,1.9800,1.9800
2024-11-20,5240,AV,Arbeitsvorbereitung BS,0.0000,15.4000,7.7000,69.1100,92.2100
2024-11-20,5231,MR1,MR 1 Endmaße,0.0000,0.0000,7.7000,21.3500,29.0500
2024-11-20,5211,MR11,MR 11 KMG,0.0000,0.0000,0.0000,14.2700,14.2700
2024-11-20,5234,MR2,MR 2 Drehmomente,7.7000,7.7000,7.7000,15.5000,38.6000
2024-11-20,5236,MR3,MR 3 Messuhren,0.0000,0.0000,15.4000,23.1700,38.5700
2024-11-20,5233,MR4,MR 4 Lohnmessung,0.0000,0.0000,0.0000,7.7000,7.7000
2024-11-20,5239,MR5,MR 5 Bügelmessschrauben,0.0000,0.0000,0.0000,32.3700,32.3700
2024-11-20,5235,MR6,MR 6 Messschieber,0.0000,0.0000,0.0000,28.1500,28.1500
2024-11-20,5232,MR7,MR 7 Lehren,0.0000,7.7000,0.0000,54.5200,62.2200
2024-11-20,5238,MR8,MR 8 Temperatur,0.0000,0.0000,0.0000,7.7000,7.7000
2024-11-20,5237,MR9,MR 9 Elektro BS,0.0000,0.0000,0.0000,15.4500,15.4500
2024-11-20,5225,Packplatz,Packplatz,0.0000,0.0000,0.0000,23.5000,23.5000
2024-11-20,5900,Qualifizierung,Qualifizierung,0.0000,0.0000,0.0000,11.6100,11.6100
2024-11-20,5223,WA,WA BS,0.0000,7.7000,0.0000,22.9100,30.6100
2024-11-20,5222,WE,WE BS,0.0000,7.7000,0.0000,55.0800,62.7800
2024-11-21,5240,AV,Arbeitsvorbereitung BS,0.0000,15.4000,7.7000,72.2700,95.3700
2024-11-21,5231,MR1,MR 1 Endmaße,0.0000,0.0000,7.7000,21.4000,29.1000
2024-11-21,5211,MR11,MR 11 KMG,0.0000,0.0000,0.0000,15.4000,15.4000
2024-11-21,5234,MR2,MR 2 Drehmomente,0.0000,7.7000,7.7000,23.4300,38.8300
2024-11-21,5236,MR3,MR 3 Messuhren,0.0000,0.0000,15.4000,22.0000,37.4000
2024-11-21,5233,MR4,MR 4 Lohnmessung,0.0000,0.0000,0.0000,7.7000,7.7000
2024-11-21,5239,MR5,MR 5 Bügelmessschrauben,0.0000,0.0000,0.0000,33.7600,33.7600
2024-11-21,5235,MR6,MR 6 Messschieber,0.0000,0.0000,0.0000,28.1400,28.1400
2024-11-21,5232,MR7,MR 7 Lehren,0.0000,7.7000,0.0000,45.1000,52.8000
2024-11-21,5238,MR8,MR 8 Temperatur,0.0000,0.0000,0.0000,7.7000,7.7000
2024-11-21,5237,MR9,MR 9 Elektro BS,0.0000,0.0000,7.7000,15.3200,23.0200
2024-11-21,5225,Packplatz,Packplatz,0.0000,0.0000,0.0000,22.6800,22.6800
2024-11-21,5900,Qualifizierung,Qualifizierung,0.0000,0.0000,0.0000,9.5500,9.5500
2024-11-21,5223,WA,WA BS,0.0000,7.7000,0.0000,23.0400,30.7400
2024-11-21,5222,WE,WE BS,0.0000,7.7000,0.0000,53.4900,61.1900
2024-11-22,5240,AV,Arbeitsvorbereitung BS,0.0000,15.4000,7.7000,64.1500,87.2500
2024-11-22,5231,MR1,MR 1 Endmaße,0.0000,0.0000,7.7000,21.4000,29.1000
2024-11-22,5211,MR11,MR 11 KMG,0.0000,0.0000,0.0000,16.2000,16.2000
2024-11-22,5234,MR2,MR 2 Drehmomente,0.0000,7.7000,7.7000,23.1800,38.5800
2024-11-22,5236,MR3,MR 3 Messuhren,0.0000,0.0000,15.4000,19.9800,35.3800
2024-11-22,5233,MR4,MR 4 Lohnmessung,0.0000,0.0000,0.0000,8.2200,8.2200
2024-11-22,5239,MR5,MR 5 Bügelmessschrauben,0.0000,0.0000,0.0000,35.8000,35.8000
2024-11-22,5235,MR6,MR 6 Messschieber,0.0000,0.0000,0.0000,21.6300,21.6300
2024-11-22,5232,MR7,MR 7 Lehren,0.0000,15.4000,0.0000,46.0600,61.4600
2024-11-22,5238,MR8,MR 8 Temperatur,0.0000,0.0000,0.0000,7.7000,7.7000
2024-11-22,5237,MR9,MR 9 Elektro BS,0.0000,0.0000,7.7000,15.3700,23.0700
2024-11-22,5225,Packplatz,Packplatz,0.0000,0.0000,0.0000,23.0700,23.0700
2024-11-22,5900,Qualifizierung,Qualifizierung,0.0000,0.0000,0.0000,10.2200,10.2200
2024-11-22,5223,WA,WA BS,0.0000,7.7000,0.0000,17.9800,25.6800
2024-11-22,5222,WE,WE BS,0.0000,7.7000,7.7000,43.7900,59.1900
2024-11-23,5211,MR11,MR 11 KMG,0.0000,0.0000,0.0000,5.2500,5.2500
2024-11-23,5232,MR7,MR 7 Lehren,0.0000,0.0000,0.0000,18.9700,18.9700
2024-11-23,5225,Packplatz,Packplatz,0.0000,0.0000,0.0000,3.9800,3.9800
2024-11-23,5222,WE,WE BS,0.0000,0.0000,0.0000,14.6000,14.6000
2024-11-25,5240,AV,Arbeitsvorbereitung BS,0.0000,20.4000,7.7000,59.4300,87.5300
2024-11-25,5231,MR1,MR 1 Endmaße,0.0000,0.0000,0.0000,28.3000,28.3000
2024-11-25,5211,MR11,MR 11 KMG,0.0000,0.0000,0.0000,8.9800,8.9800
2024-11-25,5214,MR14,MR 14 Waage,0.0000,0.0000,0.0000,3.1300,3.1300
2024-11-25,5234,MR2,MR 2 Drehmomente,0.0000,15.4000,0.0000,30.8000,46.2000
2024-11-25,5236,MR3,MR 3 Messuhren,0.0000,0.0000,0.0000,23.1000,23.1000
2024-11-25,5233,MR4,MR 4 Lohnmessung,0.0000,0.0000,0.0000,7.7000,7.7000
2024-11-25,5239,MR5,MR 5 Bügelmessschrauben,0.0000,0.0000,0.0000,31.3500,31.3500
2024-11-25,5235,MR6,MR 6 Messschieber,0.0000,0.0000,0.0000,28.2000,28.2000
2024-11-25,5232,MR7,MR 7 Lehren,0.0000,7.7000,0.0000,53.7800,61.4800
2024-11-25,5238,MR8,MR 8 Temperatur,0.0000,0.0000,0.0000,6.7200,6.7200
2024-11-25,5237,MR9,MR 9 Elektro BS,0.0000,0.0000,0.0000,13.3400,13.3400
2024-11-25,5225,Packplatz,Packplatz,0.0000,0.0000,0.0000,23.9200,23.9200
2024-11-25,5900,Qualifizierung,Qualifizierung,0.0000,0.0000,0.0000,21.7200,21.7200
2024-11-25,5223,WA,WA BS,0.0000,7.7000,0.0000,15.2700,22.9700
2024-11-25,5222,WE,WE BS,0.0000,7.7000,0.0000,54.5000,62.2000
2024-11-26,5240,AV,Arbeitsvorbereitung BS,0.0000,20.4000,0.0000,77.3200,97.7200
2024-11-26,5231,MR1,MR 1 Endmaße,0.0000,0.0000,0.0000,20.1200,20.1200
2024-11-26,5211,MR11,MR 11 KMG,0.0000,0.0000,0.0000,2.2700,2.2700
2024-11-26,5214,MR14,MR 14 Waage,0.0000,0.0000,0.0000,3.2200,3.2200
2024-11-26,5234,MR2,MR 2 Drehmomente,0.0000,7.7000,0.0000,30.2300,37.9300
2024-11-26,5236,MR3,MR 3 Messuhren,0.0000,0.0000,0.0000,20.7000,20.7000
2024-11-26,5233,MR4,MR 4 Lohnmessung,0.0000,0.0000,0.0000,7.7000,7.7000
2024-11-26,5239,MR5,MR 5 Bügelmessschrauben,0.0000,15.4000,0.0000,11.0500,26.4500
2024-11-26,5235,MR6,MR 6 Messschieber,0.0000,0.0000,0.0000,18.7900,18.7900
2024-11-26,5232,MR7,MR 7 Lehren,0.0000,7.7000,0.0000,44.3900,52.0900
2024-11-26,5238,MR8,MR 8 Temperatur,0.0000,0.0000,0.0000,5.7700,5.7700
2024-11-26,5237,MR9,MR 9 Elektro BS,0.0000,0.0000,0.0000,14.9500,14.9500
2024-11-26,5225,Packplatz,Packplatz,0.0000,7.7000,0.0000,20.1200,27.8200
2024-11-26,5900,Qualifizierung,Qualifizierung,0.0000,0.0000,0.0000,26.9100,26.9100
2024-11-26,5223,WA,WA BS,0.0000,7.7000,0.0000,23.9200,31.6200
2024-11-26,5222,WE,WE BS,0.0000,15.4000,0.0000,46.5000,61.9000
2024-11-26,5220,WE/WA,WE/WA BS,0.0000,0.0000,0.0000,4.2500,4.2500
2024-11-27,5240,AV,Arbeitsvorbereitung BS,0.0000,15.4000,0.0000,76.2200,91.6200
2024-11-27,5231,MR1,MR 1 Endmaße,0.0000,0.0000,0.0000,28.9200,28.9200
2024-11-27,5211,MR11,MR 11 KMG,0.0000,0.0000,0.0000,6.5500,6.5500
2024-11-27,5234,MR2,MR 2 Drehmomente,0.0000,7.7000,0.0000,30.7800,38.4800
2024-11-27,5236,MR3,MR 3 Messuhren,0.0000,0.0000,0.0000,21.5700,21.5700
2024-11-27,5233,MR4,MR 4 Lohnmessung,0.0000,0.0000,0.0000,7.7000,7.7000
2024-11-27,5239,MR5,MR 5 Bügelmessschrauben,0.0000,7.7000,0.0000,21.0300,28.7300
2024-11-27,5235,MR6,MR 6 Messschieber,0.0000,0.0000,0.0000,29.0300,29.0300
2024-11-27,5232,MR7,MR 7 Lehren,0.0000,7.7000,0.0000,54.5100,62.2100
2024-11-27,5238,MR8,MR 8 Temperatur,0.0000,0.0000,0.0000,5.9000,5.9000
2024-11-27,5237,MR9,MR 9 Elektro BS,0.0000,0.0000,0.0000,16.3800,16.3800
2024-11-27,5225,Packplatz,Packplatz,0.0000,7.7000,0.0000,19.9300,27.6300
2024-11-27,5900,Qualifizierung,Qualifizierung,0.0000,0.0000,0.0000,23.5500,23.5500
2024-11-27,5223,WA,WA BS,0.0000,7.7000,0.0000,15.4000,23.1000
2024-11-27,5222,WE,WE BS,0.0000,15.4000,0.0000,53.1000,68.5000
2024-11-28,5240,AV,Arbeitsvorbereitung BS,0.0000,20.4000,0.0000,76.4200,96.8200
2024-11-28,5231,MR1,MR 1 Endmaße,0.0000,0.0000,0.0000,25.5000,25.5000
2024-11-28,5211,MR11,MR 11 KMG,0.0000,0.0000,0.0000,13.1800,13.1800
2024-11-28,5234,MR2,MR 2 Drehmomente,0.0000,15.4000,0.0000,22.4500,37.8500
2024-11-28,5236,MR3,MR 3 Messuhren,0.0000,0.0000,0.0000,23.5200,23.5200
2024-11-28,5233,MR4,MR 4 Lohnmessung,0.0000,0.0000,0.0000,7.7000,7.7000
2024-11-28,5239,MR5,MR 5 Bügelmessschrauben,0.0000,15.4000,0.0000,28.7700,44.1700
2024-11-28,5235,MR6,MR 6 Messschieber,0.0000,0.0000,0.0000,16.4800,16.4800
2024-11-28,5232,MR7,MR 7 Lehren,0.0000,7.7000,0.0000,53.9200,61.6200
2024-11-28,5238,MR8,MR 8 Temperatur,0.0000,7.7000,0.0000,,7.7000
2024-11-28,5237,MR9,MR 9 Elektro BS,0.0000,0.0000,0.0000,17.3500,17.3500
2024-11-28,5225,Packplatz,Packplatz,0.0000,7.7000,0.0000,15.3700,23.0700
2024-11-28,5900,Qualifizierung,Qualifizierung,0.0000,0.0000,0.0000,31.4700,31.4700
2024-11-28,5223,WA,WA BS,0.0000,7.7000,0.0000,22.9700,30.6700
2024-11-28,5222,WE,WE BS,0.0000,15.4000,7.7000,39.2300,62.3300
2024-11-28,5220,WE/WA,WE/WA BS,0.0000,0.0000,0.0000,3.5500,3.5500
2024-11-29,5240,AV,Arbeitsvorbereitung BS,0.0000,20.4000,0.0000,73.3200,93.7200
2024-11-29,5231,MR1,MR 1 Endmaße,0.0000,7.7000,0.0000,21.0200,28.7200
2024-11-29,5211,MR11,MR 11 KMG,0.0000,0.0000,2.5500,7.7000,10.2500
2024-11-29,5214,MR14,MR 14 Waage,0.0000,0.0000,0.0000,7.9200,7.9200
2024-11-29,5234,MR2,MR 2 Drehmomente,0.0000,15.4000,0.0000,29.0200,44.4200
2024-11-29,5236,MR3,MR 3 Messuhren,0.0000,0.0000,7.7000,17.0300,24.7300
2024-11-29,5233,MR4,MR 4 Lohnmessung,0.0000,0.0000,0.0000,7.2000,7.2000
2024-11-29,5239,MR5,MR 5 Bügelmessschrauben,0.0000,15.4000,0.0000,27.7300,43.1300
2024-11-29,5235,MR6,MR 6 Messschieber,0.0000,0.0000,0.0000,20.0000,20.0000
2024-11-29,5232,MR7,MR 7 Lehren,0.0000,7.7000,0.0000,54.1900,61.8900
2024-11-29,5238,MR8,MR 8 Temperatur,0.0000,0.0000,0.0000,7.3200,7.3200
2024-11-29,5237,MR9,MR 9 Elektro BS,0.0000,0.0000,7.7000,7.8400,15.5400
2024-11-29,5225,Packplatz,Packplatz,0.0000,7.7000,0.0000,15.3200,23.0200
2024-11-29,5900,Qualifizierung,Qualifizierung,0.0000,0.0000,5.1500,18.5400,23.6900
2024-11-29,5223,WA,WA BS,0.0000,7.7000,0.0000,14.4000,22.1000
2024-11-29,5222,WE,WE BS,0.0000,15.4000,7.7000,38.3300,61.4300
2024-12-02,5240,AV,Arbeitsvorbereitung BS,0.0000,15.4000,0.0000,71.4900,86.8900
2024-12-02,5231,MR1,MR 1 Endmaße,0.0000,7.7000,7.7000,21.4000,36.8000
2024-12-02,5211,MR11,MR 11 KMG,0.0000,0.0000,0.0000,17.8200,17.8200
2024-12-02,5212,MR12,MR 12 Druck,0.0000,0.0000,0.0000,2.1000,2.1000
2024-12-02,5234,MR2,MR 2 Drehmomente,0.0000,0.0000,0.0000,35.1000,35.1000
2024-12-02,5236,MR3,MR 3 Messuhren,0.0000,0.0000,7.7000,20.8400,28.5400
2024-12-02,5233,MR4,MR 4 Lohnmessung,0.0000,0.0000,0.0000,7.7000,7.7000
2024-12-02,5239,MR5,MR 5 Bügelmessschrauben,0.0000,7.7000,7.7000,27.9100,43.3100
2024-12-02,5235,MR6,MR 6 Messschieber,0.0000,0.0000,0.0000,22.2900,22.2900
2024-12-02,5232,MR7,MR 7 Lehren,0.0000,0.0000,7.7000,51.8300,59.5300
2024-12-02,5238,MR8,MR 8 Temperatur,0.0000,0.0000,0.0000,7.7000,7.7000
2024-12-02,5237,MR9,MR 9 Elektro BS,0.0000,0.0000,0.0000,17.8700,17.8700
2024-12-02,5225,Packplatz,Packplatz,0.0000,7.7000,0.0000,21.4000,29.1000
2024-12-02,5900,Qualifizierung,Qualifizierung,0.0000,0.0000,0.0000,15.4300,15.4300
2024-12-02,5223,WA,WA BS,0.0000,0.0000,0.0000,15.4000,15.4000
2024-12-02,5222,WE,WE BS,0.0000,7.7000,7.7000,47.0300,62.4300
2024-12-03,5240,AV,Arbeitsvorbereitung BS,0.0000,23.1000,0.0000,63.9500,87.0500
2024-12-03,5231,MR1,MR 1 Endmaße,0.0000,7.7000,0.0000,21.9500,29.6500
2024-12-03,5211,MR11,MR 11 KMG,0.0000,0.0000,0.0000,12.4600,12.4600
2024-12-03,5214,MR14,MR 14 Waage,0.0000,0.0000,0.0000,2.6300,2.6300
2024-12-03,5234,MR2,MR 2 Drehmomente,0.0000,0.0000,0.0000,38.5000,38.5000
2024-12-03,5236,MR3,MR 3 Messuhren,0.0000,0.0000,7.7000,26.3800,34.0800
2024-12-03,5233,MR4,MR 4 Lohnmessung,0.0000,0.0000,0.0000,7.7000,7.7000
2024-12-03,5239,MR5,MR 5 Bügelmessschrauben,0.0000,7.7000,7.7000,37.7000,53.1000
2024-12-03,5235,MR6,MR 6 Messschieber,0.0000,0.0000,0.0000,18.3600,18.3600
2024-12-03,5232,MR7,MR 7 Lehren,0.0000,0.0000,0.0000,68.7300,68.7300
2024-12-03,5238,MR8,MR 8 Temperatur,0.0000,0.0000,0.0000,7.7000,7.7000
2024-12-03,5237,MR9,MR 9 Elektro BS,0.0000,0.0000,0.0000,20.8300,20.8300
2024-12-03,5225,Packplatz,Packplatz,0.0000,7.7000,0.0000,21.3500,29.0500
2024-12-03,5900,Qualifizierung,Qualifizierung,0.0000,0.0000,0.0000,16.1100,16.1100
2024-12-03,5223,WA,WA BS,0.0000,0.0000,0.0000,23.7000,23.7000
2024-12-03,5222,WE,WE BS,0.0000,7.7000,0.0000,61.3000,69.0000
2024-12-04,5240,AV,Arbeitsvorbereitung BS,0.0000,23.1000,6.0000,53.9500,83.0500
2024-12-04,5231,MR1,MR 1 Endmaße,0.0000,7.7000,0.0000,17.6000,25.3000
2024-12-04,5211,MR11,MR 11 KMG,0.0000,0.0000,0.0000,23.1000,23.1000
2024-12-04,5214,MR14,MR 14 Waage,0.0000,0.0000,0.0000,5.8200,5.8200
2024-12-04,5234,MR2,MR 2 Drehmomente,0.0000,0.0000,0.0000,33.2900,33.2900
2024-12-04,5236,MR3,MR 3 Messuhren,0.0000,0.0000,7.7000,13.5700,21.2700
2024-12-04,5233,MR4,MR 4 Lohnmessung,0.0000,7.7000,0.0000,,7.7000
2024-12-04,5239,MR5,MR 5 Bügelmessschrauben,0.0000,7.7000,7.7000,24.2200,39.6200
2024-12-04,5235,MR6,MR 6 Messschieber,0.0000,7.7000,0.0000,20.7300,28.4300
2024-12-04,5232,MR7,MR 7 Lehren,0.0000,0.0000,0.0000,69.2500,69.2500
2024-12-04,5238,MR8,MR 8 Temperatur,0.0000,0.0000,0.0000,6.0000,6.0000
2024-12-04,5237,MR9,MR 9 Elektro BS,0.0000,0.0000,0.0000,16.9100,16.9100
2024-12-04,5225,Packplatz,Packplatz,0.0000,7.7000,0.0000,19.9000,27.6000
2024-12-04,5900,Qualifizierung,Qualifizierung,0.0000,0.0000,0.0000,29.8800,29.8800
2024-12-04,5223,WA,WA BS,0.0000,0.0000,0.0000,21.2300,21.2300
2024-12-04,5222,WE,WE BS,0.0000,15.4000,0.0000,52.2200,67.6200
2024-12-05,5240,AV,Arbeitsvorbereitung BS,0.0000,23.1000,0.0000,64.4200,87.5200
2024-12-05,5231,MR1,MR 1 Endmaße,0.0000,13.7000,0.0000,12.6900,26.3900
2024-12-05,5211,MR11,MR 11 KMG,0.0000,0.0000,0.0000,21.1700,21.1700
2024-12-05,5234,MR2,MR 2 Drehmomente,0.0000,0.0000,0.0000,31.1200,31.1200
2024-12-05,5236,MR3,MR 3 Messuhren,0.0000,7.7000,7.7000,15.7500,31.1500
2024-12-05,5233,MR4,MR 4 Lohnmessung,0.0000,0.0000,0.0000,7.7000,7.7000
2024-12-05,5239,MR5,MR 5 Bügelmessschrauben,0.0000,7.7000,15.4000,15.4000,38.5000
2024-12-05,5235,MR6,MR 6 Messschieber,0.0000,7.7000,0.0000,20.5500,28.2500
2024-12-05,5232,MR7,MR 7 Lehren,0.0000,0.0000,0.0000,60.8300,60.8300
2024-12-05,5238,MR8,MR 8 Temperatur,0.0000,0.0000,0.0000,7.7000,7.7000
2024-12-05,5237,MR9,MR 9 Elektro BS,0.0000,0.0000,0.0000,23.0300,23.0300
2024-12-05,5225,Packplatz,Packplatz,0.0000,7.7000,0.0000,15.2700,22.9700
2024-12-05,5900,Qualifizierung,Qualifizierung,0.0000,0.0000,0.0000,27.1100,27.1100
2024-12-05,5223,WA,WA BS,0.0000,0.0000,7.7000,14.7300,22.4300
2024-12-05,5222,WE,WE BS,0.0000,15.4000,0.0000,52.8500,68.2500
2024-12-05,5220,WE/WA,WE/WA BS,0.0000,0.0000,0.0000,2.8200,2.8200
2024-12-06,5240,AV,Arbeitsvorbereitung BS,0.0000,30.8000,0.0000,56.4800,87.2800
2024-12-06,5231,MR1,MR 1 Endmaße,0.0000,0.0000,15.4000,21.3800,36.7800
2024-12-06,5211,MR11,MR 11 KMG,0.0000,0.0000,0.0000,22.0200,22.0200
2024-12-06,5234,MR2,MR 2 Drehmomente,0.0000,0.0000,7.7000,27.8800,35.5800
2024-12-06,5236,MR3,MR 3 Messuhren,0.0000,7.7000,7.7000,22.9800,38.3800
2024-12-06,5233,MR4,MR 4 Lohnmessung,0.0000,0.0000,0.0000,8.2000,8.2000
2024-12-06,5239,MR5,MR 5 Bügelmessschrauben,0.0000,7.7000,15.4000,20.2300,43.3300
2024-12-06,5235,MR6,MR 6 Messschieber,0.0000,0.0000,0.0000,20.9500,20.9500
2024-12-06,5232,MR7,MR 7 Lehren,0.0000,0.0000,0.0000,62.1300,62.1300
2024-12-06,5238,MR8,MR 8 Temperatur,0.0000,0.0000,0.0000,7.7000,7.7000
2024-12-06,5237,MR9,MR 9 Elektro BS,0.0000,0.0000,7.7000,14.9500,22.6500
2024-12-06,5225,Packplatz,Packplatz,0.0000,7.7000,0.0000,15.3000,23.0000
2024-12-06,5900,Qualifizierung,Qualifizierung,0.0000,0.0000,0.0000,13.3800,13.3800
2024-12-06,5223,WA,WA BS,0.0000,0.0000,7.7000,7.7000,15.4000
2024-12-06,5222,WE,WE BS,0.0000,15.4000,0.0000,52.6200,68.0200
2024-12-07,5234,MR2,MR 2 Drehmomente,0.0000,0.0000,0.0000,5.0700,5.0700
2024-12-07,5232,MR7,MR 7 Lehren,0.0000,0.0000,0.0000,9.4700,9.4700
2024-12-09,5240,AV,Arbeitsvorbereitung BS,0.0000,23.1000,0.0000,65.4300,88.5300
2024-12-09,5231,MR1,MR 1 Endmaße,0.0000,0.0000,7.7000,12.2000,19.9000
2024-12-09,5211,MR11,MR 11 KMG,0.0000,0.0000,0.0000,18.9800,18.9800
2024-12-09,5214,MR14,MR 14 Waage,0.0000,0.0000,0.0000,0.3500,0.3500
2024-12-09,5234,MR2,MR 2 Drehmomente,28.5000,7.7000,7.7000,,43.9000
2024-12-09,5236,MR3,MR 3 Messuhren,0.0000,11.4200,7.7000,13.4000,32.5200
2024-12-09,5233,MR4,MR 4 Lohnmessung,0.0000,0.0000,0.0000,6.2000,6.2000
2024-12-09,5239,MR5,MR 5 Bügelmessschrauben,0.0000,7.7000,7.7000,17.0500,32.4500
2024-12-09,5235,MR6,MR 6 Messschieber,15.4000,0.0000,0.0000,17.9500,33.3500
2024-12-09,5232,MR7,MR 7 Lehren,0.0000,9.1500,0.0000,46.3800,55.5300
2024-12-09,5238,MR8,MR 8 Temperatur,0.0000,0.0000,0.0000,6.2000,6.2000
2024-12-09,5237,MR9,MR 9 Elektro BS,0.0000,0.0000,0.0000,6.2000,6.2000
2024-12-09,5225,Packplatz,Packplatz,0.0000,7.7000,0.0000,21.4000,29.1000
2024-12-09,5900,Qualifizierung,Qualifizierung,0.0000,1.5000,0.0000,32.3600,33.8600
2024-12-09,5223,WA,WA BS,0.0000,0.0000,7.7000,15.3200,23.0200
2024-12-09,5222,WE,WE BS,0.0000,7.7000,7.7000,45.0300,60.4300
2024-12-09,5220,WE/WA,WE/WA BS,0.0000,0.0000,0.0000,1.4800,1.4800
2024-12-10,5240,AV,Arbeitsvorbereitung BS,0.0000,15.4000,0.0000,73.2800,88.6800
2024-12-10,5231,MR1,MR 1 Endmaße,0.0000,0.0000,0.0000,21.3500,21.3500
2024-12-10,5211,MR11,MR 11 KMG,0.0000,0.0000,0.0000,20.9500,20.9500
2024-12-10,5214,MR14,MR 14 Waage,0.0000,0.0000,0.0000,7.6300,7.6300
2024-12-10,5234,MR2,MR 2 Drehmomente,27.0000,7.7000,0.0000,7.7000,42.4000
2024-12-10,5236,MR3,MR 3 Messuhren,0.0000,15.4000,7.7000,16.1800,39.2800
2024-12-10,5233,MR4,MR 4 Lohnmessung,0.0000,0.0000,0.0000,7.7000,7.7000
2024-12-10,5239,MR5,MR 5 Bügelmessschrauben,0.0000,0.0000,15.4000,30.4800,45.8800
2024-12-10,5235,MR6,MR 6 Messschieber,15.4000,0.0000,0.0000,20.4000,35.8000
2024-12-10,5232,MR7,MR 7 Lehren,0.0000,7.7000,11.5500,46.0700,65.3200
2024-12-10,5238,MR8,MR 8 Temperatur,0.0000,0.0000,0.0000,9.5300,9.5300
2024-12-10,5237,MR9,MR 9 Elektro BS,0.0000,0.0000,0.0000,15.4400,15.4400
2024-12-10,5225,Packplatz,Packplatz,0.0000,7.7000,0.0000,21.4000,29.1000
2024-12-10,5900,Qualifizierung,Qualifizierung,0.0000,0.0000,0.0000,7.5200,7.5200
2024-12-10,5223,WA,WA BS,0.0000,0.0000,0.0000,23.8300,23.8300
2024-12-10,5222,WE,WE BS,0.0000,7.7000,7.7000,52.2500,67.6500
2024-12-11,5240,AV,Arbeitsvorbereitung BS,0.0000,15.4000,0.0000,67.9000,83.3000
2024-12-11,5231,MR1,MR 1 Endmaße,0.0000,0.0000,0.0000,21.4500,21.4500
2024-12-11,5211,MR11,MR 11 KMG,0.0000,0.0000,0.0000,13.8000,13.8000
2024-12-11,5234,MR2,MR 2 Drehmomente,28.0000,7.7000,0.0000,7.7000,43.4000
2024-12-11,5236,MR3,MR 3 Messuhren,0.0000,15.4000,7.7000,14.4700,37.5700
2024-12-11,5233,MR4,MR 4 Lohnmessung,0.0000,0.0000,0.0000,7.7000,7.7000
2024-12-11,5239,MR5,MR 5 Bügelmessschrauben,0.0000,0.0000,15.4000,29.0500,44.4500
2024-12-11,5235,MR6,MR 6 Messschieber,15.4000,0.0000,0.0000,19.6800,35.0800
2024-12-11,5232,MR7,MR 7 Lehren,0.0000,7.7000,7.7000,53.8600,69.2600
2024-12-11,5238,MR8,MR 8 Temperatur,0.0000,0.0000,0.0000,5.4300,5.4300
2024-12-11,5237,MR9,MR 9 Elektro BS,0.0000,0.0000,0.0000,12.2000,12.2000
2024-12-11,5225,Packplatz,Packplatz,0.0000,7.7000,0.0000,19.9500,27.6500
2024-12-11,5900,Qualifizierung,Qualifizierung,0.0000,0.0000,0.0000,16.9700,16.9700
2024-12-11,5223,WA,WA BS,0.0000,0.0000,0.0000,20.6200,20.6200
2024-12-11,5222,WE,WE BS,0.0000,7.7000,7.7000,51.5200,66.9200
2024-12-12,5240,AV,Arbeitsvorbereitung BS,0.0000,15.4000,0.0000,73.6100,89.0100
2024-12-12,5231,MR1,MR 1 Endmaße,0.0000,0.0000,0.0000,22.3000,22.3000
2024-12-12,5211,MR11,MR 11 KMG,0.0000,0.0000,0.0000,22.0700,22.0700
2024-12-12,5234,MR2,MR 2 Drehmomente,25.4000,0.0000,0.0000,23.7700,49.1700
2024-12-12,5236,MR3,MR 3 Messuhren,0.0000,15.4000,7.7000,15.4000,38.5000
2024-12-12,5233,MR4,MR 4 Lohnmessung,0.0000,0.0000,0.0000,7.7000,7.7000
2024-12-12,5239,MR5,MR 5 Bügelmessschrauben,0.0000,0.0000,7.7000,38.5000,46.2000
2024-12-12,5235,MR6,MR 6 Messschieber,15.4000,0.0000,0.0000,20.4000,35.8000
2024-12-12,5232,MR7,MR 7 Lehren,0.0000,0.0000,7.7000,53.9300,61.6300
2024-12-12,5238,MR8,MR 8 Temperatur,0.0000,0.0000,0.0000,6.7700,6.7700
2024-12-12,5237,MR9,MR 9 Elektro BS,0.0000,0.0000,0.0000,16.4000,16.4000
2024-12-12,5225,Packplatz,Packplatz,0.0000,7.7000,0.0000,16.1300,23.8300
2024-12-12,5900,Qualifizierung,Qualifizierung,0.0000,0.0000,0.0000,7.6700,7.6700
2024-12-12,5223,WA,WA BS,0.0000,0.0000,0.0000,20.9400,20.9400
2024-12-12,5222,WE,WE BS,0.0000,7.7000,7.7000,52.2400,67.6400
2024-12-13,5240,AV,Arbeitsvorbereitung BS,0.0000,23.1000,0.0000,55.7400,78.8400
2024-12-13,5231,MR1,MR 1 Endmaße,0.0000,0.0000,0.0000,16.3100,16.3100
2024-12-13,5211,MR11,MR 11 KMG,0.0000,0.0000,0.0000,22.8500,22.8500
2024-12-13,5234,MR2,MR 2 Drehmomente,15.4000,0.0000,0.0000,23.0800,38.4800
2024-12-13,5236,MR3,MR 3 Messuhren,0.0000,15.4000,7.7000,15.4000,38.5000
2024-12-13,5233,MR4,MR 4 Lohnmessung,0.0000,0.0000,0.0000,7.2200,7.2200
2024-12-13,5239,MR5,MR 5 Bügelmessschrauben,0.0000,0.0000,7.7000,36.1300,43.8300
2024-12-13,5235,MR6,MR 6 Messschieber,15.4000,0.0000,0.0000,20.4000,35.8000
2024-12-13,5232,MR7,MR 7 Lehren,0.0000,7.7000,7.7000,53.6700,69.0700
2024-12-13,5238,MR8,MR 8 Temperatur,0.0000,0.0000,0.0000,7.6700,7.6700
2024-12-13,5237,MR9,MR 9 Elektro BS,0.0000,0.0000,7.7000,15.9200,23.6200
2024-12-13,5225,Packplatz,Packplatz,0.0000,7.7000,0.0000,15.3300,23.0300
2024-12-13,5900,Qualifizierung,Qualifizierung,0.0000,0.0000,0.0000,7.3500,7.3500
2024-12-13,5223,WA,WA BS,0.0000,0.0000,7.7000,8.2000,15.9000
2024-12-13,5222,WE,WE BS,0.0000,7.7000,7.7000,51.3400,66.7400
2024-12-16,5240,AV,Arbeitsvorbereitung BS,0.0000,15.4000,13.7000,59.5700,88.6700
2024-12-16,5231,MR1,MR 1 Endmaße,0.0000,7.7000,0.0000,13.8000,21.5000
2024-12-16,5211,MR11,MR 11 KMG,0.0000,0.0000,7.7000,15.4000,23.1000
2024-12-16,5214,MR14,MR 14 Waage,0.0000,0.0000,0.0000,7.5300,7.5300
2024-12-16,5234,MR2,MR 2 Drehmomente,0.0000,0.0000,0.0000,46.1800,46.1800
2024-12-16,5236,MR3,MR 3 Messuhren,0.0000,0.0000,7.7000,30.6000,38.3000
2024-12-16,5233,MR4,MR 4 Lohnmessung,0.0000,0.0000,0.0000,7.7000,7.7000
2024-12-16,5239,MR5,MR 5 Bügelmessschrauben,0.0000,0.0000,7.7000,29.3500,37.0500
2024-12-16,5235,MR6,MR 6 Messschieber,15.4000,0.0000,0.0000,20.4000,35.8000
2024-12-16,5232,MR7,MR 7 Lehren,7.7000,7.7000,0.0000,54.2800,69.6800
2024-12-16,5237,MR9,MR 9 Elektro BS,0.0000,0.0000,0.0000,8.5700,8.5700
2024-12-16,5225,Packplatz,Packplatz,0.0000,0.0000,0.0000,29.0800,29.0800
2024-12-16,5900,Qualifizierung,Qualifizierung,0.0000,0.0000,0.0000,7.6200,7.6200
2024-12-16,5223,WA,WA BS,0.0000,0.0000,0.0000,16.1700,16.1700
2024-12-16,5222,WE,WE BS,0.0000,7.7000,15.4000,45.0100,68.1100
2024-12-17,5240,AV,Arbeitsvorbereitung BS,0.0000,15.4000,13.7000,57.7900,86.8900
2024-12-17,5231,MR1,MR 1 Endmaße,0.0000,0.0000,0.0000,13.8300,13.8300
2024-12-17,5211,MR11,MR 11 KMG,0.0000,0.0000,7.7000,15.4000,23.1000
2024-12-17,5234,MR2,MR 2 Drehmomente,0.0000,0.0000,0.0000,45.0000,45.0000
2024-12-17,5236,MR3,MR 3 Messuhren,0.0000,0.0000,7.7000,25.9700,33.6700
2024-12-17,5233,MR4,MR 4 Lohnmessung,0.0000,0.0000,0.0000,7.7000,7.7000
2024-12-17,5239,MR5,MR 5 Bügelmessschrauben,0.0000,0.0000,7.7000,38.4700,46.1700
2024-12-17,5235,MR6,MR 6 Messschieber,15.4000,5.0000,0.0000,15.4000,35.8000
2024-12-17,5232,MR7,MR 7 Lehren,0.0000,15.4000,0.0000,54.1200,69.5200
2024-12-17,5237,MR9,MR 9 Elektro BS,0.0000,0.0000,0.0000,23.0800,23.0800
2024-12-17,5225,Packplatz,Packplatz,0.0000,0.0000,0.0000,29.1000,29.1000
2024-12-17,5900,Qualifizierung,Qualifizierung,0.0000,0.0000,0.0000,12.5600,12.5600
2024-12-17,5223,WA,WA BS,0.0000,0.0000,7.7000,16.3700,24.0700
2024-12-17,5222,WE,WE BS,0.0000,7.7000,15.4000,44.8800,67.9800
2024-12-18,5240,AV,Arbeitsvorbereitung BS,0.0000,7.7000,21.4000,47.3200,76.4200
2024-12-18,5231,MR1,MR 1 Endmaße,0.0000,0.0000,0.0000,13.7700,13.7700
2024-12-18,5211,MR11,MR 11 KMG,0.0000,0.0000,15.4000,7.6800,23.0800
2024-12-18,5212,MR12,MR 12 Druck,0.0000,0.0000,0.0000,4.1700,4.1700
2024-12-18,5234,MR2,MR 2 Drehmomente,0.0000,0.0000,7.7000,32.6800,40.3800
2024-12-18,5236,MR3,MR 3 Messuhren,0.0000,0.0000,7.7000,28.5300,36.2300
2024-12-18,5233,MR4,MR 4 Lohnmessung,0.0000,0.0000,0.0000,7.7000,7.7000
2024-12-18,5239,MR5,MR 5 Bügelmessschrauben,0.0000,0.0000,7.7000,28.7800,36.4800
2024-12-18,5235,MR6,MR 6 Messschieber,15.4000,0.0000,0.0000,20.4000,35.8000
2024-12-18,5232,MR7,MR 7 Lehren,0.0000,15.4000,0.0000,52.2500,67.6500
2024-12-18,5238,MR8,MR 8 Temperatur,0.0000,0.0000,0.0000,6.2800,6.2800
2024-12-18,5237,MR9,MR 9 Elektro BS,0.0000,0.0000,0.0000,16.8200,16.8200
2024-12-18,5225,Packplatz,Packplatz,0.0000,0.0000,6.0000,22.9800,28.9800
2024-12-18,5900,Qualifizierung,Qualifizierung,0.0000,0.0000,0.0000,7.8300,7.8300
2024-12-18,5223,WA,WA BS,0.0000,0.0000,7.7000,16.4300,24.1300
2024-12-18,5222,WE,WE BS,0.0000,7.7000,7.7000,54.4700,69.8700
2024-12-19,5240,AV,Arbeitsvorbereitung BS,0.0000,7.7000,21.4000,48.2400,77.3400
2024-12-19,5231,MR1,MR 1 Endmaße,0.0000,0.0000,0.0000,8.5400,8.5400
2024-12-19,5211,MR11,MR 11 KMG,0.0000,0.0000,15.4000,7.4000,22.8000
2024-12-19,5234,MR2,MR 2 Drehmomente,0.0000,0.0000,15.4000,26.2300,41.6300
2024-12-19,5236,MR3,MR 3 Messuhren,0.0000,0.0000,7.7000,19.3100,27.0100
2024-12-19,5233,MR4,MR 4 Lohnmessung,0.0000,0.0000,0.0000,12.6500,12.6500
2024-12-19,5239,MR5,MR 5 Bügelmessschrauben,0.0000,0.0000,30.8000,13.4300,44.2300
2024-12-19,5235,MR6,MR 6 Messschieber,0.0000,0.0000,0.0000,27.2000,27.2000
2024-12-19,5232,MR7,MR 7 Lehren,0.0000,15.4000,7.7000,41.8700,64.9700
2024-12-19,5238,MR8,MR 8 Temperatur,0.0000,0.0000,7.7000,,7.7000
2024-12-19,5237,MR9,MR 9 Elektro BS,0.0000,0.0000,7.7000,10.7700,18.4700
2024-12-19,5225,Packplatz,Packplatz,0.0000,0.0000,7.7000,15.4000,23.1000
2024-12-19,5900,Qualifizierung,Qualifizierung,0.0000,0.0000,0.0000,15.1700,15.1700
2024-12-19,5223,WA,WA BS,0.0000,0.0000,7.7000,13.4800,21.1800
2024-12-19,5222,WE,WE BS,0.0000,0.0000,7.7000,53.1100,60.8100
2024-12-19,5220,WE/WA,WE/WA BS,0.0000,0.0000,0.0000,5.2300,5.2300
2024-12-20,5240,AV,Arbeitsvorbereitung BS,0.0000,7.7000,29.1000,44.0800,80.8800
2024-12-20,5231,MR1,MR 1 Endmaße,0.0000,0.0000,0.0000,5.9800,5.9800
2024-12-20,5211,MR11,MR 11 KMG,0.0000,0.0000,15.4000,7.7000,23.1000
2024-12-20,5214,MR14,MR 14 Waage,0.0000,0.0000,0.0000,7.5500,7.5500
2024-12-20,5234,MR2,MR 2 Drehmomente,0.0000,0.0000,23.1000,19.2300,42.3300
2024-12-20,5236,MR3,MR 3 Messuhren,0.0000,0.0000,23.1000,15.3700,38.4700
2024-12-20,5233,MR4,MR 4 Lohnmessung,0.0000,0.0000,0.0000,11.1200,11.1200
2024-12-20,5239,MR5,MR 5 Bügelmessschrauben,0.0000,0.0000,30.8000,14.6000,45.4000
2024-12-20,5235,MR6,MR 6 Messschieber,0.0000,0.0000,0.0000,29.0000,29.0000
2024-12-20,5232,MR7,MR 7 Lehren,0.0000,15.4000,15.4000,36.0300,66.8300
2024-12-20,5238,MR8,MR 8 Temperatur,0.0000,0.0000,7.7000,,7.7000
2024-12-20,5237,MR9,MR 9 Elektro BS,0.0000,0.0000,7.7000,8.3600,16.0600
2024-12-20,5225,Packplatz,Packplatz,0.0000,0.0000,7.7000,15.3500,23.0500
2024-12-20,5900,Qualifizierung,Qualifizierung,0.0000,0.0000,0.0000,4.7500,4.7500
2024-12-20,5223,WA,WA BS,0.0000,0.0000,15.4000,7.5800,22.9800
2024-12-20,5222,WE,WE BS,0.0000,0.0000,7.7000,43.1700,50.8700
2024-12-23,5240,AV,Arbeitsvorbereitung BS,0.0000,0.0000,80.3000,,80.3000
2024-12-23,5231,MR1,MR 1 Endmaße,0.0000,0.0000,29.1000,,29.1000
2024-12-23,5211,MR11,MR 11 KMG,0.0000,0.0000,23.1000,,23.1000
2024-12-23,5234,MR2,MR 2 Drehmomente,0.0000,0.0000,46.2000,,46.2000
2024-12-23,5236,MR3,MR 3 Messuhren,0.0000,0.0000,46.2000,,46.2000
2024-12-23,5233,MR4,MR 4 Lohnmessung,0.0000,0.0000,7.7000,,7.7000
2024-12-23,5239,MR5,MR 5 Bügelmessschrauben,0.0000,0.0000,30.8000,,30.8000
2024-12-23,5235,MR6,MR 6 Messschieber,0.0000,0.0000,35.8000,,35.8000
2024-12-23,5232,MR7,MR 7 Lehren,0.0000,0.0000,61.6000,,61.6000
2024-12-23,5238,MR8,MR 8 Temperatur,0.0000,0.0000,7.7000,,7.7000
2024-12-23,5237,MR9,MR 9 Elektro BS,0.0000,0.0000,23.1000,,23.1000
2024-12-23,5225,Packplatz,Packplatz,0.0000,0.0000,29.1000,,29.1000
2024-12-23,5223,WA,WA BS,0.0000,0.0000,15.4000,,15.4000
2024-12-23,5222,WE,WE BS,0.0000,0.0000,53.9000,5.7300,59.6300
2024-12-24,5240,AV,Arbeitsvorbereitung BS,0.0000,0.0000,80.3000,,80.3000
2024-12-24,5231,MR1,MR 1 Endmaße,0.0000,0.0000,29.1000,,29.1000
2024-12-24,5211,MR11,MR 11 KMG,0.0000,0.0000,23.1000,,23.1000
2024-12-24,5234,MR2,MR 2 Drehmomente,0.0000,0.0000,46.2000,,46.2000
2024-12-24,5236,MR3,MR 3 Messuhren,0.0000,0.0000,46.2000,,46.2000
2024-12-24,5233,MR4,MR 4 Lohnmessung,0.0000,0.0000,7.7000,,7.7000
2024-12-24,5239,MR5,MR 5 Bügelmessschrauben,0.0000,0.0000,38.5000,,38.5000
2024-12-24,5235,MR6,MR 6 Messschieber,0.0000,0.0000,35.8000,,35.8000
2024-12-24,5232,MR7,MR 7 Lehren,0.0000,0.0000,61.6000,,61.6000
2024-12-24,5238,MR8,MR 8 Temperatur,0.0000,0.0000,7.7000,,7.7000
2024-12-24,5237,MR9,MR 9 Elektro BS,0.0000,0.0000,23.1000,,23.1000
2024-12-24,5225,Packplatz,Packplatz,0.0000,0.0000,29.1000,,29.1000
2024-12-24,5223,WA,WA BS,0.0000,0.0000,23.1000,,23.1000
2024-12-24,5222,WE,WE BS,0.0000,0.0000,53.9000,,53.9000
2024-12-24,5220,WE/WA,WE/WA BS,0.0000,0.0000,7.6000,,7.6000
2024-12-27,5240,AV,Arbeitsvorbereitung BS,0.0000,0.0000,80.3000,,80.3000
2024-12-27,5231,MR1,MR 1 Endmaße,0.0000,0.0000,29.1000,,29.1000
2024-12-27,5211,MR11,MR 11 KMG,0.0000,0.0000,23.1000,,23.1000
2024-12-27,5234,MR2,MR 2 Drehmomente,0.0000,0.0000,46.2000,,46.2000
2024-12-27,5236,MR3,MR 3 Messuhren,0.0000,0.0000,38.5000,,38.5000
2024-12-27,5233,MR4,MR 4 Lohnmessung,0.0000,0.0000,7.7000,,7.7000
2024-12-27,5239,MR5,MR 5 Bügelmessschrauben,0.0000,0.0000,38.5000,,38.5000
2024-12-27,5235,MR6,MR 6 Messschieber,0.0000,0.0000,35.8000,,35.8000
2024-12-27,5232,MR7,MR 7 Lehren,0.0000,0.0000,61.6000,,61.6000
2024-12-27,5238,MR8,MR 8 Temperatur,0.0000,0.0000,7.7000,,7.7000
2024-12-27,5237,MR9,MR 9 Elektro BS,0.0000,0.0000,23.1000,,23.1000
2024-12-27,5225,Packplatz,Packplatz,0.0000,0.0000,23.1000,,23.1000
2024-12-27,5223,WA,WA BS,0.0000,0.0000,15.4000,,15.4000
2024-12-27,5222,WE,WE BS,0.0000,0.0000,53.9000,5.5000,59.4000
2024-12-30,5240,AV,Arbeitsvorbereitung BS,0.0000,0.0000,80.3000,,80.3000
2024-12-30,5231,MR1,MR 1 Endmaße,0.0000,0.0000,29.1000,,29.1000
2024-12-30,5211,MR11,MR 11 KMG,0.0000,0.0000,23.1000,,23.1000
2024-12-30,5234,MR2,MR 2 Drehmomente,0.0000,0.0000,46.2000,,46.2000
2024-12-30,5236,MR3,MR 3 Messuhren,0.0000,0.0000,46.2000,,46.2000
2024-12-30,5233,MR4,MR 4 Lohnmessung,0.0000,0.0000,7.7000,,7.7000
2024-12-30,5239,MR5,MR 5 Bügelmessschrauben,0.0000,0.0000,30.8000,,30.8000
2024-12-30,5235,MR6,MR 6 Messschieber,0.0000,0.0000,35.8000,,35.8000
2024-12-30,5232,MR7,MR 7 Lehren,0.0000,0.0000,61.6000,,61.6000
2024-12-30,5238,MR8,MR 8 Temperatur,0.0000,0.0000,7.7000,,7.7000
2024-12-30,5237,MR9,MR 9 Elektro BS,0.0000,0.0000,23.1000,,23.1000
2024-12-30,5225,Packplatz,Packplatz,0.0000,0.0000,29.1000,,29.1000
2024-12-30,5223,WA,WA BS,0.0000,0.0000,15.4000,,15.4000
2024-12-30,5222,WE,WE BS,0.0000,0.0000,53.9000,3.2300,57.1300
2024-12-31,5240,AV,Arbeitsvorbereitung BS,0.0000,0.0000,80.3000,,80.3000
2024-12-31,5231,MR1,MR 1 Endmaße,0.0000,0.0000,29.1000,,29.1000
2024-12-31,5211,MR11,MR 11 KMG,0.0000,0.0000,23.1000,,23.1000
2024-12-31,5234,MR2,MR 2 Drehmomente,0.0000,0.0000,46.2000,,46.2000
2024-12-31,5236,MR3,MR 3 Messuhren,0.0000,0.0000,46.2000,,46.2000
2024-12-31,5233,MR4,MR 4 Lohnmessung,0.0000,0.0000,7.7000,,7.7000
2024-12-31,5239,MR5,MR 5 Bügelmessschrauben,0.0000,0.0000,38.5000,,38.5000
2024-12-31,5235,MR6,MR 6 Messschieber,0.0000,0.0000,35.8000,,35.8000
2024-12-31,5232,MR7,MR 7 Lehren,0.0000,0.0000,61.6000,,61.6000
2024-12-31,5238,MR8,MR 8 Temperatur,0.0000,0.0000,7.7000,,7.7000
2024-12-31,5237,MR9,MR 9 Elektro BS,0.0000,0.0000,23.1000,,23.1000
2024-12-31,5225,Packplatz,Packplatz,0.0000,0.0000,29.1000,,29.1000
2024-12-31,5223,WA,WA BS,0.0000,0.0000,23.1000,,23.1000
2024-12-31,5222,WE,WE BS,0.0000,0.0000,53.9000,,53.9000
2024-12-31,5220,WE/WA,WE/WA BS,0.0000,0.0000,7.6000,,7.6000
2025-01-02,5240,AV,Arbeitsvorbereitung BS,0.0000,15.4000,15.4000,38.4200,69.2200
2025-01-02,5231,MR1,MR 1 Endmaße,0.0000,0.0000,0.0000,27.1200,27.1200
2025-01-02,5211,MR11,MR 11 KMG,0.0000,0.0000,15.4000,7.7000,23.1000
2025-01-02,5234,MR2,MR 2 Drehmomente,0.0000,7.7000,23.1000,15.4000,46.2000
2025-01-02,5236,MR3,MR 3 Messuhren,0.0000,0.0000,23.1000,16.4000,39.5000
2025-01-02,5233,MR4,MR 4 Lohnmessung,0.0000,0.0000,0.0000,7.7000,7.7000
2025-01-02,5239,MR5,MR 5 Bügelmessschrauben,0.0000,0.0000,15.4000,23.1000,38.5000
2025-01-02,5235,MR6,MR 6 Messschieber,0.0000,0.0000,0.0000,35.9800,35.9800
2025-01-02,5232,MR7,MR 7 Lehren,0.0000,0.0000,15.4000,30.8000,46.2000
2025-01-02,5237,MR9,MR 9 Elektro BS,0.0000,7.7000,7.7000,7.7000,23.1000
2025-01-02,5225,Packplatz,Packplatz,0.0000,0.0000,15.4000,7.6500,23.0500
2025-01-02,5900,Qualifizierung,Qualifizierung,0.0000,0.0000,0.0000,8.6800,8.6800
2025-01-02,5223,WA,WA BS,0.0000,0.0000,7.7000,7.7000,15.4000
2025-01-02,5222,WE,WE BS,0.0000,0.0000,23.0000,46.2000,69.2000
2025-01-03,5240,AV,Arbeitsvorbereitung BS,0.0000,15.4000,15.4000,44.0600,74.8600
2025-01-03,5231,MR1,MR 1 Endmaße,0.0000,0.0000,0.0000,22.4200,22.4200
2025-01-03,5211,MR11,MR 11 KMG,0.0000,0.0000,15.4000,8.2000,23.6000
2025-01-03,5234,MR2,MR 2 Drehmomente,0.0000,7.7000,23.1000,15.4000,46.2000
2025-01-03,5236,MR3,MR 3 Messuhren,0.0000,0.0000,15.4000,17.7700,33.1700
2025-01-03,5233,MR4,MR 4 Lohnmessung,0.0000,0.0000,0.0000,8.2000,8.2000
2025-01-03,5239,MR5,MR 5 Bügelmessschrauben,0.0000,0.0000,15.4000,23.5200,38.9200
2025-01-03,5235,MR6,MR 6 Messschieber,0.0000,0.0000,0.0000,34.8600,34.8600
2025-01-03,5232,MR7,MR 7 Lehren,0.0000,0.0000,15.4000,31.2300,46.6300
2025-01-03,5237,MR9,MR 9 Elektro BS,0.0000,7.7000,7.7000,7.7000,23.1000
2025-01-03,5225,Packplatz,Packplatz,0.0000,0.0000,15.4000,7.7000,23.1000
2025-01-03,5900,Qualifizierung,Qualifizierung,0.0000,0.0000,0.0000,8.2800,8.2800
2025-01-03,5222,WE,WE BS,0.0000,0.0000,23.0000,46.6000,69.6000
2025-01-06,5240,AV,Arbeitsvorbereitung BS,0.0000,23.1000,0.0000,57.4400,80.5400
2025-01-06,5231,MR1,MR 1 Endmaße,0.0000,0.0000,0.0000,18.3900,18.3900
2025-01-06,5211,MR11,MR 11 KMG,0.0000,0.0000,0.0000,16.3200,16.3200
2025-01-06,5214,MR14,MR 14 Waage,0.0000,0.0000,0.0000,3.4300,3.4300
2025-01-06,5234,MR2,MR 2 Drehmomente,0.0000,0.0000,0.0000,46.1700,46.1700
2025-01-06,5236,MR3,MR 3 Messuhren,0.0000,7.7000,15.4000,30.6100,53.7100
2025-01-06,5233,MR4,MR 4 Lohnmessung,0.0000,0.0000,0.0000,7.7000,7.7000
2025-01-06,5239,MR5,MR 5 Bügelmessschrauben,0.0000,0.0000,0.0000,36.9700,36.9700
2025-01-06,5235,MR6,MR 6 Messschieber,0.0000,0.0000,0.0000,31.6500,31.6500
2025-01-06,5232,MR7,MR 7 Lehren,0.0000,0.0000,0.0000,61.5200,61.5200
2025-01-06,5238,MR8,MR 8 Temperatur,0.0000,0.0000,0.0000,7.7000,7.7000
2025-01-06,5237,MR9,MR 9 Elektro BS,0.0000,7.7000,0.0000,15.3200,23.0200
2025-01-06,5225,Packplatz,Packplatz,0.0000,0.0000,0.0000,29.0800,29.0800
2025-01-06,5900,Qualifizierung,Qualifizierung,0.0000,0.0000,0.0000,3.1700,3.1700
2025-01-06,5223,WA,WA BS,0.0000,0.0000,0.0000,15.4000,15.4000
2025-01-06,5222,WE,WE BS,0.0000,7.7000,7.7000,54.3800,69.7800
2025-01-07,5240,AV,Arbeitsvorbereitung BS,0.0000,23.1000,0.0000,56.6600,79.7600
2025-01-07,5231,MR1,MR 1 Endmaße,0.0000,0.0000,0.0000,24.7000,24.7000
2025-01-07,5211,MR11,MR 11 KMG,0.0000,0.0000,0.0000,15.4000,15.4000
2025-01-07,5212,MR12,MR 12 Druck,0.0000,0.0000,0.0000,5.5800,5.5800
2025-01-07,5214,MR14,MR 14 Waage,0.0000,0.0000,0.0000,2.2200,2.2200
2025-01-07,5234,MR2,MR 2 Drehmomente,0.0000,0.0000,0.0000,46.2000,46.2000
2025-01-07,5236,MR3,MR 3 Messuhren,0.0000,7.7000,7.7000,31.3700,46.7700
2025-01-07,5233,MR4,MR 4 Lohnmessung,0.0000,0.0000,0.0000,7.7000,7.7000
2025-01-07,5239,MR5,MR 5 Bügelmessschrauben,0.0000,0.0000,0.0000,38.4800,38.4800
2025-01-07,5235,MR6,MR 6 Messschieber,0.0000,7.7000,0.0000,26.5500,34.2500
2025-01-07,5232,MR7,MR 7 Lehren,0.0000,0.0000,0.0000,61.6000,61.6000
2025-01-07,5238,MR8,MR 8 Temperatur,0.0000,0.0000,0.0000,2.1200,2.1200
2025-01-07,5237,MR9,MR 9 Elektro BS,0.0000,7.7000,0.0000,15.4000,23.1000
2025-01-07,5225,Packplatz,Packplatz,0.0000,7.7000,0.0000,21.3700,29.0700
2025-01-07,5900,Qualifizierung,Qualifizierung,0.0000,0.0000,0.0000,2.0000,2.0000
2025-01-07,5223,WA,WA BS,0.0000,0.0000,0.0000,16.2000,16.2000
2025-01-07,5222,WE,WE BS,0.0000,7.7000,7.7000,52.8300,68.2300
2025-01-08,5240,AV,Arbeitsvorbereitung BS,0.0000,23.1000,0.0000,52.1700,75.2700
2025-01-08,5231,MR1,MR 1 Endmaße,0.0000,0.0000,0.0000,16.0600,16.0600
2025-01-08,5211,MR11,MR 11 KMG,0.0000,0.0000,0.0000,8.0200,8.0200
2025-01-08,5234,MR2,MR 2 Drehmomente,0.0000,0.0000,7.7000,18.8200,26.5200
2025-01-08,5236,MR3,MR 3 Messuhren,0.0000,7.7000,7.7000,9.1200,24.5200
2025-01-08,5233,MR4,MR 4 Lohnmessung,0.0000,0.0000,0.0000,3.4500,3.4500
2025-01-08,5239,MR5,MR 5 Bügelmessschrauben,0.0000,0.0000,0.0000,17.3200,17.3200
2025-01-08,5235,MR6,MR 6 Messschieber,0.0000,7.7000,0.0000,16.7000,24.4000
2025-01-08,5232,MR7,MR 7 Lehren,0.0000,0.0000,0.0000,29.9800,29.9800
2025-01-08,5238,MR8,MR 8 Temperatur,0.0000,0.0000,0.0000,3.4300,3.4300
2025-01-08,5237,MR9,MR 9 Elektro BS,0.0000,7.7000,0.0000,7.7100,15.4100
2025-01-08,5225,Packplatz,Packplatz,0.0000,0.0000,0.0000,12.5400,12.5400
2025-01-08,5900,Qualifizierung,Qualifizierung,0.0000,0.0000,0.0000,196.9200,196.9200
2025-01-08,5223,WA,WA BS,0.0000,0.0000,0.0000,6.8500,6.8500
2025-01-08,5222,WE,WE BS,0.0000,7.7000,7.7000,26.1300,41.5300
2025-01-09,5240,AV,Arbeitsvorbereitung BS,0.0000,21.4000,0.0000,59.7700,81.1700
2025-01-09,5231,MR1,MR 1 Endmaße,0.0000,0.0000,0.0000,24.7700,24.7700
2025-01-09,5211,MR11,MR 11 KMG,0.0000,7.7000,0.0000,8.9300,16.6300
2025-01-09,5212,MR12,MR 12 Druck,0.0000,0.0000,0.0000,3.4800,3.4800
2025-01-09,5214,MR14,MR 14 Waage,0.0000,0.0000,0.0000,1.5200,1.5200
2025-01-09,5234,MR2,MR 2 Drehmomente,0.0000,0.0000,0.0000,46.1400,46.1400
2025-01-09,5236,MR3,MR 3 Messuhren,0.0000,7.7000,7.7000,23.7600,39.1600
2025-01-09,5233,MR4,MR 4 Lohnmessung,0.0000,0.0000,0.0000,7.7000,7.7000
2025-01-09,5239,MR5,MR 5 Bügelmessschrauben,0.0000,0.0000,0.0000,37.2800,37.2800
2025-01-09,5235,MR6,MR 6 Messschieber,5.0000,7.7000,0.0000,12.6100,25.3100
2025-01-09,5232,MR7,MR 7 Lehren,0.0000,0.0000,0.0000,59.4600,59.4600
2025-01-09,5238,MR8,MR 8 Temperatur,0.0000,0.0000,0.0000,3.3300,3.3300
2025-01-09,5237,MR9,MR 9 Elektro BS,0.0000,0.0000,0.0000,17.9700,17.9700
2025-01-09,5225,Packplatz,Packplatz,0.0000,0.0000,0.0000,23.1000,23.1000
2025-01-09,5900,Qualifizierung,Qualifizierung,0.0000,0.0000,0.0000,17.2800,17.2800
2025-01-09,5223,WA,WA BS,0.0000,0.0000,0.0000,15.4000,15.4000
2025-01-09,5222,WE,WE BS,0.0000,15.4000,15.4000,36.5400,67.3400
2025-01-10,5240,AV,Arbeitsvorbereitung BS,0.0000,21.4000,0.0000,61.6100,83.0100
2025-01-10,5231,MR1,MR 1 Endmaße,0.0000,0.0000,0.0000,24.4500,24.4500
2025-01-10,5211,MR11,MR 11 KMG,0.0000,0.0000,0.0000,22.8500,22.8500
2025-01-10,5234,MR2,MR 2 Drehmomente,0.0000,0.0000,7.7000,38.3300,46.0300
2025-01-10,5236,MR3,MR 3 Messuhren,0.0000,7.7000,8.1500,17.5000,33.3500
2025-01-10,5233,MR4,MR 4 Lohnmessung,0.0000,0.0000,0.0000,7.2000,7.2000
2025-01-10,5239,MR5,MR 5 Bügelmessschrauben,0.0000,0.0000,0.0000,29.3800,29.3800
2025-01-10,5235,MR6,MR 6 Messschieber,5.0000,7.7000,0.0000,19.7100,32.4100
2025-01-10,5232,MR7,MR 7 Lehren,0.0000,7.7000,0.0000,54.4400,62.1400
2025-01-10,5238,MR8,MR 8 Temperatur,0.0000,0.0000,0.0000,7.7000,7.7000
2025-01-10,5237,MR9,MR 9 Elektro BS,0.0000,0.0000,0.0000,17.5700,17.5700
2025-01-10,5225,Packplatz,Packplatz,0.0000,0.0000,0.0000,23.0000,23.0000
2025-01-10,5900,Qualifizierung,Qualifizierung,0.0000,0.0000,0.0000,8.2900,8.2900
2025-01-10,5223,WA,WA BS,0.0000,0.0000,0.0000,11.4000,11.4000
2025-01-10,5222,WE,WE BS,0.0000,7.7000,15.4000,41.6700,64.7700
2025-01-13,5240,AV,Arbeitsvorbereitung BS,0.0000,13.7000,0.0000,66.5300,80.2300
2025-01-13,5231,MR1,MR 1 Endmaße,0.0000,0.0000,0.0000,27.2000,27.2000
2025-01-13,5211,MR11,MR 11 KMG,0.0000,0.0000,0.0000,23.1000,23.1000
2025-01-13,5212,MR12,MR 12 Druck,0.0000,0.0000,0.0000,5.8000,5.8000
2025-01-13,5214,MR14,MR 14 Waage,0.0000,0.0000,0.0000,1.4000,1.4000
2025-01-13,5234,MR2,MR 2 Drehmomente,0.0000,0.0000,0.0000,17.4200,17.4200
2025-01-13,5236,MR3,MR 3 Messuhren,0.0000,0.0000,8.4300,24.2800,32.7100
2025-01-13,5233,MR4,MR 4 Lohnmessung,0.0000,0.0000,0.0000,7.7000,7.7000
2025-01-13,5239,MR5,MR 5 Bügelmessschrauben,0.0000,0.0000,0.0000,30.6500,30.6500
2025-01-13,5235,MR6,MR 6 Messschieber,0.0000,7.7000,0.0000,19.0000,26.7000
2025-01-13,5232,MR7,MR 7 Lehren,0.0000,0.0000,0.0000,68.1700,68.1700
2025-01-13,5238,MR8,MR 8 Temperatur,0.0000,7.7000,0.0000,5.2300,12.9300
2025-01-13,5237,MR9,MR 9 Elektro BS,0.0000,0.0000,0.0000,17.7000,17.7000
2025-01-13,5225,Packplatz,Packplatz,0.0000,0.0000,7.7000,21.4000,29.1000
2025-01-13,5900,Qualifizierung,Qualifizierung,0.0000,0.0000,0.0000,23.1300,23.1300
2025-01-13,5223,WA,WA BS,0.0000,0.0000,0.0000,15.4000,15.4000
2025-01-13,5222,WE,WE BS,0.0000,0.0000,23.1000,46.0300,69.1300
2025-01-14,5240,AV,Arbeitsvorbereitung BS,0.0000,21.4000,7.7000,56.6300,85.7300
2025-01-14,5231,MR1,MR 1 Endmaße,0.0000,0.0000,0.0000,21.5700,21.5700
2025-01-14,5211,MR11,MR 11 KMG,0.0000,0.0000,0.0000,12.0000,12.0000
2025-01-14,5234,MR2,MR 2 Drehmomente,0.0000,7.7000,0.0000,24.1600,31.8600
2025-01-14,5236,MR3,MR 3 Messuhren,0.0000,0.0000,7.7000,16.5500,24.2500
2025-01-14,5233,MR4,MR 4 Lohnmessung,0.0000,0.0000,0.0000,7.6800,7.6800
2025-01-14,5239,MR5,MR 5 Bügelmessschrauben,0.0000,0.0000,0.0000,36.8500,36.8500
2025-01-14,5235,MR6,MR 6 Messschieber,0.0000,7.7000,0.0000,19.9700,27.6700
2025-01-14,5232,MR7,MR 7 Lehren,0.0000,7.7000,0.0000,57.1300,64.8300
2025-01-14,5238,MR8,MR 8 Temperatur,0.0000,0.0000,0.0000,7.7000,7.7000
2025-01-14,5237,MR9,MR 9 Elektro BS,0.0000,0.0000,0.0000,16.2100,16.2100
2025-01-14,5225,Packplatz,Packplatz,0.0000,7.7000,0.0000,21.4000,29.1000
2025-01-14,5900,Qualifizierung,Qualifizierung,0.0000,0.0000,0.0000,34.9800,34.9800
2025-01-14,5223,WA,WA BS,0.0000,7.7000,0.0000,15.3700,23.0700
2025-01-14,5222,WE,WE BS,0.0000,0.0000,15.4000,49.1100,64.5100
2025-01-15,5240,AV,Arbeitsvorbereitung BS,0.0000,13.7000,0.0000,65.0800,78.7800
2025-01-15,5231,MR1,MR 1 Endmaße,0.0000,0.0000,0.0000,23.7600,23.7600
2025-01-15,5211,MR11,MR 11 KMG,0.0000,0.0000,0.0000,23.1000,23.1000
2025-01-15,5234,MR2,MR 2 Drehmomente,0.0000,7.7000,0.0000,22.6300,30.3300
2025-01-15,5236,MR3,MR 3 Messuhren,0.0000,0.0000,7.7000,19.8900,27.5900
2025-01-15,5233,MR4,MR 4 Lohnmessung,0.0000,0.0000,0.0000,7.7000,7.7000
2025-01-15,5239,MR5,MR 5 Bügelmessschrauben,0.0000,0.0000,0.0000,36.6100,36.6100
2025-01-15,5235,MR6,MR 6 Messschieber,0.0000,7.7000,0.0000,29.3300,37.0300
2025-01-15,5232,MR7,MR 7 Lehren,0.0000,7.7000,0.0000,56.3400,64.0400
2025-01-15,5238,MR8,MR 8 Temperatur,0.0000,0.0000,0.0000,5.9500,5.9500
2025-01-15,5237,MR9,MR 9 Elektro BS,0.0000,0.0000,0.0000,16.6300,16.6300
2025-01-15,5225,Packplatz,Packplatz,0.0000,0.0000,0.0000,27.5900,27.5900
2025-01-15,5900,Qualifizierung,Qualifizierung,0.0000,0.0000,0.0000,19.4200,19.4200
2025-01-15,5223,WA,WA BS,0.0000,0.0000,0.0000,15.4000,15.4000
2025-01-15,5222,WE,WE BS,0.0000,0.0000,15.3000,58.4600,73.7600
2025-01-16,5240,AV,Arbeitsvorbereitung BS,0.0000,21.4000,0.0000,65.2400,86.6400
2025-01-16,5231,MR1,MR 1 Endmaße,0.0000,0.0000,0.0000,21.0300,21.0300
2025-01-16,5211,MR11,MR 11 KMG,0.0000,0.0000,0.0000,23.1000,23.1000
2025-01-16,5214,MR14,MR 14 Waage,0.0000,0.0000,0.0000,5.2300,5.2300
2025-01-16,5234,MR2,MR 2 Drehmomente,0.0000,7.7000,0.0000,31.4200,39.1200
2025-01-16,5236,MR3,MR 3 Messuhren,0.0000,0.0000,7.7000,21.8300,29.5300
2025-01-16,5233,MR4,MR 4 Lohnmessung,0.0000,0.0000,0.0000,7.7000,7.7000
2025-01-16,5239,MR5,MR 5 Bügelmessschrauben,0.0000,0.0000,0.0000,37.3600,37.3600
2025-01-16,5235,MR6,MR 6 Messschieber,0.0000,7.7000,0.0000,20.5700,28.2700
2025-01-16,5232,MR7,MR 7 Lehren,0.0000,7.7000,0.0000,57.5700,65.2700
2025-01-16,5238,MR8,MR 8 Temperatur,0.0000,0.0000,0.0000,7.7000,7.7000
2025-01-16,5237,MR9,MR 9 Elektro BS,0.0000,0.0000,0.0000,16.2800,16.2800
2025-01-16,5225,Packplatz,Packplatz,0.0000,0.0000,0.0000,23.1000,23.1000
2025-01-16,5900,Qualifizierung,Qualifizierung,0.0000,0.0000,0.0000,11.0800,11.0800
2025-01-16,5223,WA,WA BS,0.0000,0.0000,0.0000,15.4000,15.4000
2025-01-16,5222,WE,WE BS,0.0000,0.0000,7.7000,66.1000,73.8000
2025-01-17,5240,AV,Arbeitsvorbereitung BS,0.0000,36.8000,0.0000,50.5400,87.3400
2025-01-17,5231,MR1,MR 1 Endmaße,0.0000,6.0000,0.0000,15.4000,21.4000
2025-01-17,5211,MR11,MR 11 KMG,0.0000,0.0000,0.0000,15.1400,15.1400
2025-01-17,5234,MR2,MR 2 Drehmomente,0.0000,7.7000,0.0000,26.5100,34.2100
2025-01-17,5236,MR3,MR 3 Messuhren,0.0000,0.0000,15.4000,20.4300,35.8300
2025-01-17,5233,MR4,MR 4 Lohnmessung,0.0000,0.0000,0.0000,8.2000,8.2000
2025-01-17,5239,MR5,MR 5 Bügelmessschrauben,0.0000,0.0000,0.0000,34.5100,34.5100
2025-01-17,5235,MR6,MR 6 Messschieber,0.0000,7.7000,0.0000,27.6600,35.3600
2025-01-17,5232,MR7,MR 7 Lehren,0.0000,7.7000,0.0000,53.7100,61.4100
2025-01-17,5238,MR8,MR 8 Temperatur,0.0000,0.0000,0.0000,7.6800,7.6800
2025-01-17,5237,MR9,MR 9 Elektro BS,0.0000,0.0000,7.7000,12.7800,20.4800
2025-01-17,5225,Packplatz,Packplatz,0.0000,7.7000,0.0000,15.3500,23.0500
2025-01-17,5900,Qualifizierung,Qualifizierung,0.0000,0.0000,0.0000,22.8200,22.8200
2025-01-17,5223,WA,WA BS,0.0000,0.0000,0.0000,8.3500,8.3500
2025-01-17,5222,WE,WE BS,0.0000,0.0000,0.0000,67.5300,67.5300
2025-01-20,5240,AV,Arbeitsvorbereitung BS,0.0000,36.8000,0.0000,68.7700,105.5700
2025-01-20,5231,MR1,MR 1 Endmaße,0.0000,0.0000,0.0000,24.4700,24.4700
2025-01-20,5211,MR11,MR 11 KMG,0.0000,0.0000,0.0000,15.1500,15.1500
2025-01-20,5212,MR12,MR 12 Druck,0.0000,0.0000,0.0000,4.9700,4.9700
2025-01-20,5214,MR14,MR 14 Waage,0.0000,0.0000,0.0000,5.7300,5.7300
2025-01-20,5234,MR2,MR 2 Drehmomente,0.0000,7.7000,0.0000,24.1100,31.8100
2025-01-20,5236,MR3,MR 3 Messuhren,0.0000,0.0000,8.2200,19.7000,27.9200
2025-01-20,5239,MR5,MR 5 Bügelmessschrauben,0.0000,0.0000,0.0000,30.7300,30.7300
2025-01-20,5235,MR6,MR 6 Messschieber,0.0000,0.0000,0.0000,20.8700,20.8700
2025-01-20,5232,MR7,MR 7 Lehren,0.0000,7.7000,0.0000,52.6300,60.3300
2025-01-20,5238,MR8,MR 8 Temperatur,0.0000,0.0000,0.0000,2.7300,2.7300
2025-01-20,5237,MR9,MR 9 Elektro BS,0.0000,0.0000,0.0000,16.6800,16.6800
2025-01-20,5225,Packplatz,Packplatz,0.0000,0.0000,0.0000,29.0500,29.0500
2025-01-20,5900,Qualifizierung,Qualifizierung,0.0000,0.0000,0.0000,45.5500,45.5500
2025-01-20,5223,WA,WA BS,0.0000,0.0000,0.0000,16.4500,16.4500
2025-01-20,5222,WE,WE BS,0.0000,0.0000,0.0000,59.2000,59.2000
2025-01-21,5240,AV,Arbeitsvorbereitung BS,0.0000,36.8000,0.0000,58.5300,95.3300
2025-01-21,5231,MR1,MR 1 Endmaße,0.0000,0.0000,0.0000,26.7800,26.7800
2025-01-21,5211,MR11,MR 11 KMG,0.0000,0.0000,0.0000,15.2000,15.2000
2025-01-21,5212,MR12,MR 12 Druck,0.0000,0.0000,0.0000,4.6000,4.6000
2025-01-21,5234,MR2,MR 2 Drehmomente,0.0000,7.7000,0.0000,26.7500,34.4500
2025-01-21,5236,MR3,MR 3 Messuhren,0.0000,0.0000,8.3000,26.3100,34.6100
2025-01-21,5233,MR4,MR 4 Lohnmessung,0.0000,0.0000,0.0000,7.8000,7.8000
2025-01-21,5239,MR5,MR 5 Bügelmessschrauben,0.0000,0.0000,0.0000,37.9900,37.9900
2025-01-21,5235,MR6,MR 6 Messschieber,0.0000,0.0000,0.0000,30.0800,30.0800
2025-01-21,5232,MR7,MR 7 Lehren,0.0000,7.7000,0.0000,53.9200,61.6200
2025-01-21,5238,MR8,MR 8 Temperatur,0.0000,0.0000,0.0000,2.8300,2.8300
2025-01-21,5237,MR9,MR 9 Elektro BS,0.0000,0.0000,0.0000,23.1000,23.1000
2025-01-21,5225,Packplatz,Packplatz,0.0000,0.0000,0.0000,29.0700,29.0700
2025-01-21,5900,Qualifizierung,Qualifizierung,0.0000,0.0000,0.0000,21.1800,21.1800
2025-01-21,5223,WA,WA BS,0.0000,0.0000,0.0000,14.3200,14.3200
2025-01-21,5222,WE,WE BS,0.0000,0.0000,0.0000,72.5500,72.5500
2025-01-22,5240,AV,Arbeitsvorbereitung BS,0.0000,29.1000,0.0000,61.9000,91.0000
2025-01-22,5231,MR1,MR 1 Endmaße,0.0000,0.0000,0.0000,26.9000,26.9000
2025-01-22,5211,MR11,MR 11 KMG,0.0000,0.0000,0.0000,15.6700,15.6700
2025-01-22,5234,MR2,MR 2 Drehmomente,0.0000,7.7000,0.0000,31.3700,39.0700
2025-01-22,5236,MR3,MR 3 Messuhren,0.0000,0.0000,8.1800,23.7300,31.9100
2025-01-22,5233,MR4,MR 4 Lohnmessung,0.0000,0.0000,0.0000,7.7000,7.7000
2025-01-22,5239,MR5,MR 5 Bügelmessschrauben,0.0000,0.0000,0.0000,36.7000,36.7000
2025-01-22,5235,MR6,MR 6 Messschieber,0.0000,0.0000,0.0000,33.7000,33.7000
2025-01-22,5232,MR7,MR 7 Lehren,0.0000,7.7000,0.0000,52.3000,60.0000
2025-01-22,5238,MR8,MR 8 Temperatur,0.0000,0.0000,0.0000,5.9000,5.9000
2025-01-22,5237,MR9,MR 9 Elektro BS,0.0000,0.0000,0.0000,16.1500,16.1500
2025-01-22,5225,Packplatz,Packplatz,0.0000,0.0000,0.0000,25.6300,25.6300
2025-01-22,5900,Qualifizierung,Qualifizierung,0.0000,0.0000,0.0000,11.9700,11.9700
2025-01-22,5223,WA,WA BS,0.0000,0.0000,0.0000,15.4000,15.4000
2025-01-22,5222,WE,WE BS,0.0000,0.0000,7.7000,62.8200,70.5200
2025-01-23,5240,AV,Arbeitsvorbereitung BS,0.0000,36.8000,0.0000,53.0900,89.8900
2025-01-23,5231,MR1,MR 1 Endmaße,0.0000,0.0000,0.0000,25.9000,25.9000
2025-01-23,5211,MR11,MR 11 KMG,0.0000,0.0000,0.0000,9.6200,9.6200
2025-01-23,5212,MR12,MR 12 Druck,0.0000,0.0000,0.0000,4.6800,4.6800
2025-01-23,5234,MR2,MR 2 Drehmomente,0.0000,7.7000,0.0000,22.8100,30.5100
2025-01-23,5236,MR3,MR 3 Messuhren,0.0000,0.0000,7.2500,20.2300,27.4800
2025-01-23,5233,MR4,MR 4 Lohnmessung,0.0000,0.0000,0.0000,6.7000,6.7000
2025-01-23,5239,MR5,MR 5 Bügelmessschrauben,0.0000,7.7000,0.0000,25.1200,32.8200
2025-01-23,5235,MR6,MR 6 Messschieber,0.0000,0.0000,0.0000,31.4300,31.4300
2025-01-23,5232,MR7,MR 7 Lehren,0.0000,7.7000,0.0000,48.9500,56.6500
2025-01-23,5238,MR8,MR 8 Temperatur,0.0000,0.0000,0.0000,5.5200,5.5200
2025-01-23,5237,MR9,MR 9 Elektro BS,0.0000,0.0000,0.0000,17.7500,17.7500
2025-01-23,5225,Packplatz,Packplatz,0.0000,0.0000,0.0000,23.0500,23.0500
2025-01-23,5900,Qualifizierung,Qualifizierung,0.0000,0.0000,1.0000,51.8500,52.8500
2025-01-23,5223,WA,WA BS,0.0000,0.0000,0.0000,15.4000,15.4000
2025-01-23,5222,WE,WE BS,0.0000,7.7000,0.0000,64.7800,72.4800
2025-01-24,5240,AV,Arbeitsvorbereitung BS,0.0000,29.1000,0.0000,69.1900,98.2900
2025-01-24,5231,MR1,MR 1 Endmaße,0.0000,0.0000,0.0000,24.2900,24.2900
2025-01-24,5211,MR11,MR 11 KMG,0.0000,0.0000,0.0000,15.5700,15.5700
2025-01-24,5234,MR2,MR 2 Drehmomente,0.0000,7.7000,3.8500,19.5800,31.1300
2025-01-24,5236,MR3,MR 3 Messuhren,0.0000,0.0000,8.3200,21.1600,29.4800
2025-01-24,5233,MR4,MR 4 Lohnmessung,0.0000,0.0000,0.0000,7.4300,7.4300
2025-01-24,5239,MR5,MR 5 Bügelmessschrauben,0.0000,0.0000,0.0000,38.5000,38.5000
2025-01-24,5235,MR6,MR 6 Messschieber,0.0000,0.0000,0.0000,31.8600,31.8600
2025-01-24,5232,MR7,MR 7 Lehren,0.0000,7.7000,0.0000,39.9900,47.6900
2025-01-24,5238,MR8,MR 8 Temperatur,0.0000,0.0000,0.0000,7.9200,7.9200
2025-01-24,5237,MR9,MR 9 Elektro BS,0.0000,0.0000,0.0000,17.0900,17.0900
2025-01-24,5225,Packplatz,Packplatz,0.0000,0.0000,0.0000,22.9300,22.9300
2025-01-24,5900,Qualifizierung,Qualifizierung,0.0000,0.0000,0.0000,28.9700,28.9700
2025-01-24,5223,WA,WA BS,0.0000,0.0000,0.0000,15.9500,15.9500
2025-01-24,5222,WE,WE BS,0.0000,15.4000,0.0000,43.7700,59.1700
2025-01-25,5240,AV,Arbeitsvorbereitung BS,0.0000,0.0000,0.0000,18.3000,18.3000
2025-01-25,5231,MR1,MR 1 Endmaße,0.0000,0.0000,0.0000,5.1000,5.1000
2025-01-25,5211,MR11,MR 11 KMG,0.0000,0.0000,0.0000,6.0900,6.0900
2025-01-25,5236,MR3,MR 3 Messuhren,0.0000,0.0000,0.0000,13.5300,13.5300
2025-01-25,5239,MR5,MR 5 Bügelmessschrauben,0.0000,0.0000,0.0000,9.5200,9.5200
2025-01-25,5235,MR6,MR 6 Messschieber,0.0000,0.0000,0.0000,0.0800,0.0800
2025-01-25,5232,MR7,MR 7 Lehren,0.0000,0.0000,0.0000,9.8400,9.8400
2025-01-25,5237,MR9,MR 9 Elektro BS,0.0000,0.0000,0.0000,14.5300,14.5300
2025-01-25,5225,Packplatz,Packplatz,0.0000,0.0000,0.0000,5.0300,5.0300
2025-01-25,5223,WA,WA BS,0.0000,0.0000,0.0000,5.9700,5.9700
2025-01-25,5222,WE,WE BS,0.0000,0.0000,0.0000,25.2700,25.2700
2025-01-27,5240,AV,Arbeitsvorbereitung BS,0.0000,35.5800,0.0000,46.6000,82.1800
2025-01-27,5231,MR1,MR 1 Endmaße,0.0000,0.0000,0.0000,15.0700,15.0700
2025-01-27,5211,MR11,MR 11 KMG,0.0000,0.0000,0.0000,12.2200,12.2200
2025-01-27,5212,MR12,MR 12 Druck,0.0000,0.0000,0.0000,3.0300,3.0300
2025-01-27,5214,MR14,MR 14 Waage,0.0000,0.0000,0.0000,4.0500,4.0500
2025-01-27,5234,MR2,MR 2 Drehmomente,0.0000,7.7000,7.7000,24.9500,40.3500
2025-01-27,5236,MR3,MR 3 Messuhren,0.0000,0.0000,6.7300,14.7800,21.5100
2025-01-27,5233,MR4,MR 4 Lohnmessung,0.0000,0.0000,0.0000,6.2000,6.2000
2025-01-27,5239,MR5,MR 5 Bügelmessschrauben,0.0000,0.0000,0.0000,22.5700,22.5700
2025-01-27,5235,MR6,MR 6 Messschieber,0.0000,0.0000,0.0000,23.7200,23.7200
2025-01-27,5232,MR7,MR 7 Lehren,0.0000,0.0000,0.0000,49.8500,49.8500
2025-01-27,5238,MR8,MR 8 Temperatur,0.0000,0.0000,0.0000,3.8700,3.8700
2025-01-27,5237,MR9,MR 9 Elektro BS,0.0000,0.0000,0.0000,15.1500,15.1500
2025-01-27,5225,Packplatz,Packplatz,0.0000,0.0000,0.0000,13.8400,13.8400
2025-01-27,5900,Qualifizierung,Qualifizierung,0.0000,1.2200,1.5000,92.5000,95.2200
2025-01-27,5223,WA,WA BS,0.0000,0.0000,0.0000,15.6200,15.6200
2025-01-27,5222,WE,WE BS,0.0000,15.4000,0.0000,44.7500,60.1500
2025-01-28,5240,AV,Arbeitsvorbereitung BS,0.0000,44.5000,0.0000,50.7100,95.2100
2025-01-28,5231,MR1,MR 1 Endmaße,0.0000,0.0000,0.0000,21.1700,21.1700
2025-01-28,5211,MR11,MR 11 KMG,0.0000,0.0000,0.0000,15.4000,15.4000
2025-01-28,5212,MR12,MR 12 Druck,0.0000,0.0000,0.0000,4.5500,4.5500
2025-01-28,5214,MR14,MR 14 Waage,0.0000,0.0000,0.0000,2.0500,2.0500
2025-01-28,5234,MR2,MR 2 Drehmomente,0.0000,7.7000,0.0000,38.4800,46.1800
2025-01-28,5236,MR3,MR 3 Messuhren,0.0000,0.0000,8.2300,23.0800,31.3100
2025-01-28,5233,MR4,MR 4 Lohnmessung,0.0000,0.0000,0.0000,7.7000,7.7000
2025-01-28,5239,MR5,MR 5 Bügelmessschrauben,0.0000,0.0000,0.0000,29.6700,29.6700
2025-01-28,5235,MR6,MR 6 Messschieber,0.0000,0.0000,0.0000,31.1000,31.1000
2025-01-28,5232,MR7,MR 7 Lehren,0.0000,0.0000,0.0000,54.3800,54.3800
2025-01-28,5238,MR8,MR 8 Temperatur,0.0000,0.0000,0.0000,3.5200,3.5200
2025-01-28,5237,MR9,MR 9 Elektro BS,0.0000,0.0000,0.0000,16.1800,16.1800
2025-01-28,5225,Packplatz,Packplatz,0.0000,0.0000,0.0000,20.9800,20.9800
2025-01-28,5900,Qualifizierung,Qualifizierung,0.0000,0.0000,0.0000,16.7300,16.7300
2025-01-28,5223,WA,WA BS,0.0000,0.0000,0.0000,15.4000,15.4000
2025-01-28,5222,WE,WE BS,0.0000,15.4000,0.0000,54.1500,69.5500
2025-01-29,5240,AV,Arbeitsvorbereitung BS,0.0000,44.5000,0.0000,53.2000,97.7000
2025-01-29,5231,MR1,MR 1 Endmaße,0.0000,0.0000,0.0000,27.0200,27.0200
2025-01-29,5211,MR11,MR 11 KMG,0.0000,0.0000,0.0000,15.4000,15.4000
2025-01-29,5212,MR12,MR 12 Druck,0.0000,0.0000,0.0000,7.3500,7.3500
2025-01-29,5234,MR2,MR 2 Drehmomente,0.0000,7.7000,0.0000,31.1200,38.8200
2025-01-29,5236,MR3,MR 3 Messuhren,0.0000,0.0000,8.3300,19.6200,27.9500
2025-01-29,5233,MR4,MR 4 Lohnmessung,0.0000,0.0000,0.0000,7.7000,7.7000
2025-01-29,5239,MR5,MR 5 Bügelmessschrauben,0.0000,0.0000,0.0000,29.0500,29.0500
2025-01-29,5235,MR6,MR 6 Messschieber,0.0000,0.0000,0.0000,29.1300,29.1300
2025-01-29,5232,MR7,MR 7 Lehren,0.0000,0.0000,0.0000,60.9100,60.9100
2025-01-29,5238,MR8,MR 8 Temperatur,0.0000,0.0000,0.0000,5.9200,5.9200
2025-01-29,5237,MR9,MR 9 Elektro BS,0.0000,0.0000,0.0000,17.1700,17.1700
2025-01-29,5225,Packplatz,Packplatz,0.0000,0.0000,0.0000,19.7500,19.7500
2025-01-29,5900,Qualifizierung,Qualifizierung,0.0000,0.0000,0.0000,12.4000,12.4000
2025-01-29,5223,WA,WA BS,0.0000,0.0000,0.0000,16.2800,16.2800
2025-01-29,5222,WE,WE BS,0.0000,15.4000,0.0000,50.7700,66.1700
2025-01-30,5240,AV,Arbeitsvorbereitung BS,0.0000,44.5000,7.7000,62.7200,114.9200
2025-01-30,5231,MR1,MR 1 Endmaße,0.0000,0.0000,0.0000,24.5400,24.5400
2025-01-30,5211,MR11,MR 11 KMG,0.0000,0.0000,0.0000,9.1500,9.1500
2025-01-30,5212,MR12,MR 12 Druck,0.0000,0.0000,0.0000,5.6000,5.6000
2025-01-30,5214,MR14,MR 14 Waage,0.0000,0.0000,0.0000,5.5000,5.5000
2025-01-30,5234,MR2,MR 2 Drehmomente,0.0000,7.7000,0.0000,32.3800,40.0800
2025-01-30,5236,MR3,MR 3 Messuhren,0.0000,0.0000,7.7000,23.0600,30.7600
2025-01-30,5233,MR4,MR 4 Lohnmessung,0.0000,0.0000,0.0000,7.7000,7.7000
2025-01-30,5239,MR5,MR 5 Bügelmessschrauben,0.0000,0.0000,0.0000,33.4600,33.4600
2025-01-30,5235,MR6,MR 6 Messschieber,0.0000,0.0000,0.0000,31.1200,31.1200
2025-01-30,5232,MR7,MR 7 Lehren,0.0000,0.0000,0.0000,55.6300,55.6300
2025-01-30,5238,MR8,MR 8 Temperatur,0.0000,0.0000,0.0000,1.7200,1.7200
2025-01-30,5237,MR9,MR 9 Elektro BS,0.0000,0.0000,0.0000,15.7300,15.7300
2025-01-30,5225,Packplatz,Packplatz,0.0000,0.0000,0.0000,22.4100,22.4100
2025-01-30,5900,Qualifizierung,Qualifizierung,0.0000,0.0000,0.0000,8.7000,8.7000
2025-01-30,5223,WA,WA BS,0.0000,0.0000,0.0000,15.4000,15.4000
2025-01-30,5222,WE,WE BS,0.0000,15.4000,0.0000,53.7200,69.1200
2025-01-31,5240,AV,Arbeitsvorbereitung BS,0.0000,44.5000,15.4000,62.0900,121.9900
2025-01-31,5231,MR1,MR 1 Endmaße,0.0000,0.0000,0.0000,23.7200,23.7200
2025-01-31,5211,MR11,MR 11 KMG,0.0000,0.0000,0.0000,9.9500,9.9500
2025-01-31,5234,MR2,MR 2 Drehmomente,0.0000,7.7000,0.0000,30.9800,38.6800
2025-01-31,5236,MR3,MR 3 Messuhren,0.0000,0.0000,7.7000,23.0300,30.7300
2025-01-31,5233,MR4,MR 4 Lohnmessung,0.0000,0.0000,0.0000,2.0000,2.0000
2025-01-31,5239,MR5,MR 5 Bügelmessschrauben,0.0000,7.7000,0.0000,30.7500,38.4500
2025-01-31,5235,MR6,MR 6 Messschieber,0.0000,0.0000,0.0000,28.2000,28.2000
2025-01-31,5232,MR7,MR 7 Lehren,0.0000,0.0000,0.0000,60.2200,60.2200
2025-01-31,5238,MR8,MR 8 Temperatur,0.0000,0.0000,0.0000,7.6000,7.6000
2025-01-31,5237,MR9,MR 9 Elektro BS,0.0000,0.0000,0.0000,18.8000,18.8000
2025-01-31,5225,Packplatz,Packplatz,0.0000,0.0000,0.0000,22.9500,22.9500
2025-01-31,5900,Qualifizierung,Qualifizierung,0.0000,0.0000,0.0000,7.3300,7.3300
2025-01-31,5223,WA,WA BS,0.0000,0.0000,0.0000,8.2300,8.2300
2025-01-31,5222,WE,WE BS,0.0000,15.4000,0.0000,53.6700,69.0700
2025-02-01,5240,AV,Arbeitsvorbereitung BS,0.0000,0.0000,0.0000,11.8200,11.8200
2025-02-01,5235,MR6,MR 6 Messschieber,0.0000,0.0000,0.0000,0.0500,0.0500
2025-02-01,5237,MR9,MR 9 Elektro BS,0.0000,0.0000,0.0000,14.6300,14.6300
2025-02-01,5225,Packplatz,Packplatz,0.0000,0.0000,0.0000,4.4200,4.4200
2025-02-01,5222,WE,WE BS,0.0000,0.0000,0.0000,13.6900,13.6900
2025-02-03,5240,AV,Arbeitsvorbereitung BS,0.0000,21.4000,7.7000,60.2700,89.3700
2025-02-03,5231,MR1,MR 1 Endmaße,0.0000,0.0000,0.0000,26.9500,26.9500
2025-02-03,5211,MR11,MR 11 KMG,0.0000,0.0000,7.7000,13.4000,21.1000
2025-02-03,5214,MR14,MR 14 Waage,0.0000,0.0000,0.0000,3.4700,3.4700
2025-02-03,5234,MR2,MR 2 Drehmomente,0.0000,7.7000,0.0000,30.7500,38.4500
2025-02-03,5236,MR3,MR 3 Messuhren,0.0000,0.0000,0.0000,35.3700,35.3700
2025-02-03,5233,MR4,MR 4 Lohnmessung,0.0000,0.0000,0.0000,7.7000,7.7000
2025-02-03,5239,MR5,MR 5 Bügelmessschrauben,0.0000,7.7000,0.0000,26.6100,34.3100
2025-02-03,5235,MR6,MR 6 Messschieber,0.0000,0.0000,0.0000,25.0800,25.0800
2025-02-03,5232,MR7,MR 7 Lehren,0.0000,7.7000,0.0000,50.9700,58.6700
2025-02-03,5238,MR8,MR 8 Temperatur,0.0000,0.0000,0.0000,7.7000,7.7000
2025-02-03,5237,MR9,MR 9 Elektro BS,0.0000,0.0000,0.0000,16.9700,16.9700
2025-02-03,5225,Packplatz,Packplatz,0.0000,0.0000,0.0000,27.2500,27.2500
2025-02-03,5900,Qualifizierung,Qualifizierung,0.0000,0.0000,0.0000,11.8200,11.8200
2025-02-03,5223,WA,WA BS,0.0000,0.0000,0.0000,15.2700,15.2700
2025-02-03,5222,WE,WE BS,0.0000,0.0000,7.7000,53.8800,61.5800
2025-02-03,5220,WE/WA,WE/WA BS,0.0000,0.0000,0.0000,8.4500,8.4500
2025-02-04,5240,AV,Arbeitsvorbereitung BS,0.0000,21.4000,7.7000,78.1400,107.2400
2025-02-04,5231,MR1,MR 1 Endmaße,0.0000,0.0000,0.0000,24.1000,24.1000
2025-02-04,5211,MR11,MR 11 KMG,0.0000,0.0000,0.0000,15.4000,15.4000
2025-02-04,5214,MR14,MR 14 Waage,0.0000,0.0000,0.0000,2.9000,2.9000
2025-02-04,5234,MR2,MR 2 Drehmomente,0.0000,7.7000,0.0000,30.7500,38.4500
2025-02-04,5236,MR3,MR 3 Messuhren,0.0000,7.7000,0.0000,22.1600,29.8600
2025-02-04,5239,MR5,MR 5 Bügelmessschrauben,0.0000,15.4000,0.0000,30.8900,46.2900
2025-02-04,5235,MR6,MR 6 Messschieber,0.0000,0.0000,0.0000,23.5800,23.5800
2025-02-04,5232,MR7,MR 7 Lehren,0.0000,7.7000,0.0000,46.9700,54.6700
2025-02-04,5238,MR8,MR 8 Temperatur,0.0000,0.0000,0.0000,7.7000,7.7000
2025-02-04,5237,MR9,MR 9 Elektro BS,0.0000,0.0000,0.0000,21.7600,21.7600
2025-02-04,5225,Packplatz,Packplatz,0.0000,0.0000,0.0000,28.8700,28.8700
2025-02-04,5900,Qualifizierung,Qualifizierung,0.0000,0.0000,0.0000,19.2000,19.2000
2025-02-04,5223,WA,WA BS,0.0000,0.0000,0.0000,15.4000,15.4000
2025-02-04,5222,WE,WE BS,0.0000,0.0000,7.7000,54.2200,61.9200
2025-02-04,5220,WE/WA,WE/WA BS,0.0000,0.0000,0.0000,7.7700,7.7700
2025-02-05,5240,AV,Arbeitsvorbereitung BS,0.0000,21.4000,0.0000,72.4600,93.8600
2025-02-05,5231,MR1,MR 1 Endmaße,0.0000,0.0000,0.0000,23.3300,23.3300
2025-02-05,5211,MR11,MR 11 KMG,0.0000,0.0000,0.0000,14.9500,14.9500
2025-02-05,5212,MR12,MR 12 Druck,0.0000,0.0000,0.0000,6.8700,6.8700
2025-02-05,5234,MR2,MR 2 Drehmomente,0.0000,7.7000,0.0000,28.0100,35.7100
2025-02-05,5236,MR3,MR 3 Messuhren,0.0000,0.0000,0.0000,30.8700,30.8700
2025-02-05,5233,MR4,MR 4 Lohnmessung,0.0000,0.0000,0.0000,7.7000,7.7000
2025-02-05,5239,MR5,MR 5 Bügelmessschrauben,0.0000,15.4000,0.0000,26.4000,41.8000
2025-02-05,5235,MR6,MR 6 Messschieber,0.0000,0.0000,0.0000,27.8600,27.8600
2025-02-05,5232,MR7,MR 7 Lehren,0.0000,7.7000,0.0000,62.2200,69.9200
2025-02-05,5238,MR8,MR 8 Temperatur,0.0000,0.0000,0.0000,2.0000,2.0000
2025-02-05,5237,MR9,MR 9 Elektro BS,0.0000,0.0000,0.0000,17.6500,17.6500
2025-02-05,5225,Packplatz,Packplatz,0.0000,0.0000,0.0000,28.9800,28.9800
2025-02-05,5900,Qualifizierung,Qualifizierung,0.0000,0.0000,0.0000,9.8600,9.8600
2025-02-05,5223,WA,WA BS,0.0000,0.0000,0.0000,15.4000,15.4000
2025-02-05,5222,WE,WE BS,0.0000,0.0000,7.7000,53.7600,61.4600
2025-02-05,5220,WE/WA,WE/WA BS,0.0000,0.0000,0.0000,7.5800,7.5800
2025-02-06,5240,AV,Arbeitsvorbereitung BS,0.0000,13.7000,15.4000,65.8900,94.9900
2025-02-06,5231,MR1,MR 1 Endmaße,0.0000,0.0000,0.0000,26.4600,26.4600
2025-02-06,5211,MR11,MR 11 KMG,0.0000,0.0000,0.0000,15.4000,15.4000
2025-02-06,5212,MR12,MR 12 Druck,0.0000,0.0000,0.0000,5.6500,5.6500
2025-02-06,5214,MR14,MR 14 Waage,0.0000,0.0000,0.0000,3.6800,3.6800
2025-02-06,5234,MR2,MR 2 Drehmomente,0.0000,7.7000,0.0000,25.1500,32.8500
2025-02-06,5236,MR3,MR 3 Messuhren,0.0000,0.0000,15.4000,11.3400,26.7400
2025-02-06,5233,MR4,MR 4 Lohnmessung,0.0000,0.0000,0.0000,6.5000,6.5000
2025-02-06,5239,MR5,MR 5 Bügelmessschrauben,0.0000,7.7000,0.0000,25.8000,33.5000
2025-02-06,5235,MR6,MR 6 Messschieber,0.0000,0.0000,0.0000,28.6200,28.6200
2025-02-06,5232,MR7,MR 7 Lehren,0.0000,7.7000,0.0000,61.2500,68.9500
2025-02-06,5238,MR8,MR 8 Temperatur,0.0000,7.7000,0.0000,,7.7000
2025-02-06,5237,MR9,MR 9 Elektro BS,0.0000,0.0000,0.0000,17.1000,17.1000
2025-02-06,5225,Packplatz,Packplatz,0.0000,0.0000,0.0000,23.0600,23.0600
2025-02-06,5900,Qualifizierung,Qualifizierung,0.0000,0.0000,0.0000,18.6200,18.6200
2025-02-06,5223,WA,WA BS,0.0000,0.0000,0.0000,15.4000,15.4000
2025-02-06,5222,WE,WE BS,0.0000,7.7000,0.0000,53.8200,61.5200
2025-02-06,5220,WE/WA,WE/WA BS,0.0000,0.0000,0.0000,4.5700,4.5700
2025-02-07,5240,AV,Arbeitsvorbereitung BS,0.0000,13.7000,7.7000,75.1300,96.5300
2025-02-07,5231,MR1,MR 1 Endmaße,0.0000,0.0000,0.0000,27.6800,27.6800
2025-02-07,5211,MR11,MR 11 KMG,0.0000,0.0000,0.0000,8.4300,8.4300
2025-02-07,5212,MR12,MR 12 Druck,0.0000,0.0000,0.0000,1.7200,1.7200
2025-02-07,5214,MR14,MR 14 Waage,0.0000,0.0000,0.0000,1.8200,1.8200
2025-02-07,5234,MR2,MR 2 Drehmomente,0.0000,7.7000,0.0000,29.5800,37.2800
2025-02-07,5236,MR3,MR 3 Messuhren,0.0000,0.0000,15.4000,15.9200,31.3200
2025-02-07,5233,MR4,MR 4 Lohnmessung,0.0000,0.0000,0.0000,7.2000,7.2000
2025-02-07,5239,MR5,MR 5 Bügelmessschrauben,0.0000,7.7000,0.0000,38.4200,46.1200
2025-02-07,5235,MR6,MR 6 Messschieber,0.0000,7.7000,0.0000,18.6100,26.3100
2025-02-07,5232,MR7,MR 7 Lehren,0.0000,7.7000,0.0000,60.1300,67.8300
2025-02-07,5238,MR8,MR 8 Temperatur,0.0000,7.7000,0.0000,5.5200,13.2200
2025-02-07,5237,MR9,MR 9 Elektro BS,0.0000,0.0000,0.0000,14.6700,14.6700
2025-02-07,5225,Packplatz,Packplatz,0.0000,0.0000,0.0000,22.9600,22.9600
2025-02-07,5900,Qualifizierung,Qualifizierung,0.0000,0.0000,0.0000,13.5200,13.5200
2025-02-07,5223,WA,WA BS,0.0000,0.0000,0.0000,12.9700,12.9700
2025-02-07,5222,WE,WE BS,0.0000,7.7000,0.0000,45.3300,53.0300
2025-02-07,5220,WE/WA,WE/WA BS,0.0000,0.0000,0.0000,6.8700,6.8700
2025-02-10,5240,AV,Arbeitsvorbereitung BS,0.0000,13.7000,7.7000,66.3800,87.7800
2025-02-10,5231,MR1,MR 1 Endmaße,0.0000,0.0000,0.0000,27.1500,27.1500
2025-02-10,5211,MR11,MR 11 KMG,0.0000,0.0000,7.7000,14.2800,21.9800
2025-02-10,5214,MR14,MR 14 Waage,0.0000,0.0000,0.0000,2.7200,2.7200
2025-02-10,5234,MR2,MR 2 Drehmomente,0.0000,7.7000,0.0000,30.8000,38.5000
2025-02-10,5236,MR3,MR 3 Messuhren,0.0000,0.0000,0.0000,30.0100,30.0100
2025-02-10,5233,MR4,MR 4 Lohnmessung,0.0000,0.0000,0.0000,7.7000,7.7000
2025-02-10,5239,MR5,MR 5 Bügelmessschrauben,0.0000,7.7000,0.0000,28.8000,36.5000
2025-02-10,5235,MR6,MR 6 Messschieber,0.0000,0.0000,0.0000,25.4000,25.4000
2025-02-10,5232,MR7,MR 7 Lehren,0.0000,7.7000,0.0000,61.4500,69.1500
2025-02-10,5238,MR8,MR 8 Temperatur,0.0000,7.7000,0.0000,6.8800,14.5800
2025-02-10,5237,MR9,MR 9 Elektro BS,0.0000,0.0000,0.0000,16.5300,16.5300
2025-02-10,5225,Packplatz,Packplatz,0.0000,0.0000,0.0000,29.1000,29.1000
2025-02-10,5900,Qualifizierung,Qualifizierung,0.0000,0.0000,0.0000,4.5600,4.5600
2025-02-10,5223,WA,WA BS,0.0000,7.7000,0.0000,15.3500,23.0500
2025-02-10,5222,WE,WE BS,0.0000,0.0000,0.0000,53.8500,53.8500
2025-02-10,5220,WE/WA,WE/WA BS,0.0000,7.7000,0.0000,,7.7000
2025-02-11,5240,AV,Arbeitsvorbereitung BS,0.0000,13.7000,7.7000,66.4500,87.8500
2025-02-11,5231,MR1,MR 1 Endmaße,0.0000,0.0000,0.0000,26.7200,26.7200
2025-02-11,5211,MR11,MR 11 KMG,0.0000,0.0000,0.0000,15.9200,15.9200
2025-02-11,5214,MR14,MR 14 Waage,0.0000,0.0000,0.0000,1.2000,1.2000
2025-02-11,5234,MR2,MR 2 Drehmomente,0.0000,7.7000,0.0000,25.8000,33.5000
2025-02-11,5236,MR3,MR 3 Messuhren,0.0000,0.0000,0.0000,28.7200,28.7200
2025-02-11,5233,MR4,MR 4 Lohnmessung,0.0000,0.0000,0.0000,7.7000,7.7000
2025-02-11,5239,MR5,MR 5 Bügelmessschrauben,0.0000,7.7000,0.0000,42.0900,49.7900
2025-02-11,5235,MR6,MR 6 Messschieber,0.0000,0.0000,0.0000,20.8700,20.8700
2025-02-11,5232,MR7,MR 7 Lehren,0.0000,15.4000,0.0000,60.8300,76.2300
2025-02-11,5238,MR8,MR 8 Temperatur,0.0000,7.7000,0.0000,7.6500,15.3500
2025-02-11,5237,MR9,MR 9 Elektro BS,0.0000,0.0000,0.0000,15.7000,15.7000
2025-02-11,5225,Packplatz,Packplatz,0.0000,0.0000,0.0000,29.1000,29.1000
2025-02-11,5900,Qualifizierung,Qualifizierung,0.0000,0.0000,0.0000,9.1100,9.1100
2025-02-11,5223,WA,WA BS,0.0000,7.7000,0.0000,15.4000,23.1000
2025-02-11,5222,WE,WE BS,0.0000,0.0000,0.0000,53.9000,53.9000
2025-02-11,5220,WE/WA,WE/WA BS,0.0000,7.7000,0.0000,,7.7000
2025-02-12,5240,AV,Arbeitsvorbereitung BS,0.0000,13.7000,7.7000,63.4200,84.8200
2025-02-12,5231,MR1,MR 1 Endmaße,0.0000,0.0000,0.0000,19.4100,19.4100
2025-02-12,5211,MR11,MR 11 KMG,0.0000,0.0000,0.0000,15.6300,15.6300
2025-02-12,5212,MR12,MR 12 Druck,0.0000,0.0000,0.0000,3.9500,3.9500
2025-02-12,5234,MR2,MR 2 Drehmomente,0.0000,7.7000,0.0000,26.8500,34.5500
2025-02-12,5236,MR3,MR 3 Messuhren,0.0000,0.0000,0.0000,27.0800,27.0800
2025-02-12,5233,MR4,MR 4 Lohnmessung,0.0000,0.0000,0.0000,7.7000,7.7000
2025-02-12,5239,MR5,MR 5 Bügelmessschrauben,0.0000,7.7000,0.0000,27.7500,35.4500
2025-02-12,5235,MR6,MR 6 Messschieber,0.0000,0.0000,0.0000,36.3900,36.3900
2025-02-12,5232,MR7,MR 7 Lehren,0.0000,15.4000,0.0000,61.6500,77.0500
2025-02-12,5238,MR8,MR 8 Temperatur,0.0000,7.7000,0.0000,7.9800,15.6800
2025-02-12,5237,MR9,MR 9 Elektro BS,0.0000,0.0000,0.0000,15.7800,15.7800
2025-02-12,5225,Packplatz,Packplatz,0.0000,0.0000,0.0000,23.8800,23.8800
2025-02-12,5900,Qualifizierung,Qualifizierung,0.0000,0.0000,0.0000,11.1800,11.1800
2025-02-12,5223,WA,WA BS,0.0000,7.7000,0.0000,18.4500,26.1500
2025-02-12,5222,WE,WE BS,0.0000,0.0000,0.0000,53.6900,53.6900
2025-02-12,5220,WE/WA,WE/WA BS,0.0000,7.7000,0.0000,,7.7000
2025-02-13,5240,AV,Arbeitsvorbereitung BS,0.0000,13.7000,7.7000,68.8500,90.2500
2025-02-13,5231,MR1,MR 1 Endmaße,0.0000,0.0000,0.0000,24.1800,24.1800
2025-02-13,5211,MR11,MR 11 KMG,0.0000,0.0000,0.0000,15.3300,15.3300
2025-02-13,5214,MR14,MR 14 Waage,0.0000,0.0000,0.0000,1.5000,1.5000
2025-02-13,5234,MR2,MR 2 Drehmomente,0.0000,7.7000,0.0000,29.1000,36.8000
2025-02-13,5236,MR3,MR 3 Messuhren,0.0000,0.0000,0.0000,31.8300,31.8300
2025-02-13,5233,MR4,MR 4 Lohnmessung,0.0000,0.0000,0.0000,15.4000,15.4000
2025-02-13,5239,MR5,MR 5 Bügelmessschrauben,0.0000,7.7000,0.0000,31.5500,39.2500
2025-02-13,5235,MR6,MR 6 Messschieber,0.0000,0.0000,0.0000,34.1000,34.1000
2025-02-13,5232,MR7,MR 7 Lehren,0.0000,15.4000,0.0000,53.8600,69.2600
2025-02-13,5238,MR8,MR 8 Temperatur,0.0000,0.0000,0.0000,7.7000,7.7000
2025-02-13,5237,MR9,MR 9 Elektro BS,0.0000,7.7000,0.0000,15.3000,23.0000
2025-02-13,5225,Packplatz,Packplatz,0.0000,0.0000,0.0000,23.0700,23.0700
2025-02-13,5900,Qualifizierung,Qualifizierung,0.0000,0.0000,0.0000,2.3800,2.3800
2025-02-13,5223,WA,WA BS,0.0000,7.7000,0.0000,15.4000,23.1000
2025-02-13,5222,WE,WE BS,0.0000,0.0000,0.0000,53.6700,53.6700
2025-02-13,5220,WE/WA,WE/WA BS,0.0000,7.7000,0.0000,,7.7000
2025-02-14,5240,AV,Arbeitsvorbereitung BS,0.0000,13.7000,15.3500,59.6500,88.7000
2025-02-14,5231,MR1,MR 1 Endmaße,0.0000,0.0000,7.7000,19.9200,27.6200
2025-02-14,5211,MR11,MR 11 KMG,0.0000,0.0000,0.0000,2.4500,2.4500
2025-02-14,5214,MR14,MR 14 Waage,0.0000,0.0000,0.0000,1.4200,1.4200
2025-02-14,5234,MR2,MR 2 Drehmomente,0.0000,7.7000,0.0000,31.2000,38.9000
2025-02-14,5236,MR3,MR 3 Messuhren,0.0000,0.0000,0.0000,26.1700,26.1700
2025-02-14,5233,MR4,MR 4 Lohnmessung,0.0000,0.0000,0.0000,15.1200,15.1200
2025-02-14,5239,MR5,MR 5 Bügelmessschrauben,0.0000,7.7000,0.0000,37.8100,45.5100
2025-02-14,5235,MR6,MR 6 Messschieber,0.0000,0.0000,7.7000,21.7300,29.4300
2025-02-14,5232,MR7,MR 7 Lehren,0.0000,7.7000,0.0000,55.3900,63.0900
2025-02-14,5238,MR8,MR 8 Temperatur,0.0000,0.0000,0.0000,7.7000,7.7000
2025-02-14,5237,MR9,MR 9 Elektro BS,0.0000,0.0000,0.0000,16.7500,16.7500
2025-02-14,5225,Packplatz,Packplatz,0.0000,0.0000,0.0000,21.3200,21.3200
2025-02-14,5900,Qualifizierung,Qualifizierung,0.0000,0.0000,0.0000,25.3100,25.3100
2025-02-14,5223,WA,WA BS,0.0000,0.0000,0.0000,15.9300,15.9300
2025-02-14,5222,WE,WE BS,0.0000,0.0000,0.0000,54.1200,54.1200
2025-02-14,5220,WE/WA,WE/WA BS,0.0000,7.7000,0.0000,,7.7000
2025-02-15,5240,AV,Arbeitsvorbereitung BS,0.0000,0.0000,0.0000,27.9400,27.9400
2025-02-15,5211,MR11,MR 11 KMG,0.0000,0.0000,0.0000,5.2400,5.2400
2025-02-15,5234,MR2,MR 2 Drehmomente,0.0000,0.0000,0.0000,5.4000,5.4000
2025-02-15,5236,MR3,MR 3 Messuhren,0.0000,0.0000,0.0000,6.0000,6.0000
2025-02-15,5239,MR5,MR 5 Bügelmessschrauben,0.0000,0.0000,0.0000,12.6800,12.6800
2025-02-15,5235,MR6,MR 6 Messschieber,0.0000,0.0000,0.0000,6.8500,6.8500
2025-02-15,5232,MR7,MR 7 Lehren,0.0000,0.0000,0.0000,15.2100,15.2100
2025-02-15,5238,MR8,MR 8 Temperatur,0.0000,0.0000,0.0000,6.0000,6.0000
2025-02-17,5240,AV,Arbeitsvorbereitung BS,0.0000,0.0000,7.7000,67.1400,74.8400
2025-02-17,5231,MR1,MR 1 Endmaße,0.0000,0.0000,0.0000,26.7900,26.7900
2025-02-17,5211,MR11,MR 11 KMG,0.0000,0.0000,0.0000,15.7000,15.7000
2025-02-17,5212,MR12,MR 12 Druck,0.0000,0.0000,0.0000,4.0000,4.0000
2025-02-17,5214,MR14,MR 14 Waage,0.0000,0.0000,0.0000,7.3500,7.3500
2025-02-17,5234,MR2,MR 2 Drehmomente,0.0000,7.7000,0.0000,30.8000,38.5000
2025-02-17,5236,MR3,MR 3 Messuhren,0.0000,7.7000,7.7000,17.8300,33.2300
2025-02-17,5233,MR4,MR 4 Lohnmessung,0.0000,0.0000,0.0000,7.7000,7.7000
2025-02-17,5239,MR5,MR 5 Bügelmessschrauben,0.0000,7.7000,0.0000,31.0000,38.7000
2025-02-17,5235,MR6,MR 6 Messschieber,0.0000,0.0000,0.0000,26.0800,26.0800
2025-02-17,5232,MR7,MR 7 Lehren,0.0000,7.7000,7.7000,53.6200,69.0200
2025-02-17,5238,MR8,MR 8 Temperatur,0.0000,0.0000,0.0000,4.6200,4.6200
2025-02-17,5237,MR9,MR 9 Elektro BS,0.0000,0.0000,0.0000,15.7300,15.7300
2025-02-17,5225,Packplatz,Packplatz,0.0000,0.0000,0.0000,29.7500,29.7500
2025-02-17,5900,Qualifizierung,Qualifizierung,0.0000,0.0000,0.0000,10.7800,10.7800
2025-02-17,5223,WA,WA BS,0.0000,7.7000,0.0000,15.4000,23.1000
2025-02-17,5222,WE,WE BS,0.0000,0.0000,0.0000,53.9000,53.9000
2025-02-17,5220,WE/WA,WE/WA BS,0.0000,7.7000,0.0000,,7.7000
2025-02-18,5240,AV,Arbeitsvorbereitung BS,0.0000,0.0000,15.4000,64.8700,80.2700
2025-02-18,5231,MR1,MR 1 Endmaße,0.0000,0.0000,0.0000,26.7000,26.7000
2025-02-18,5211,MR11,MR 11 KMG,0.0000,0.0000,0.0000,13.2800,13.2800
2025-02-18,5214,MR14,MR 14 Waage,0.0000,0.0000,0.0000,6.6700,6.6700
2025-02-18,5234,MR2,MR 2 Drehmomente,0.0000,7.7000,0.0000,30.8000,38.5000
2025-02-18,5236,MR3,MR 3 Messuhren,0.0000,7.7000,7.7000,15.4000,30.8000
2025-02-18,5233,MR4,MR 4 Lohnmessung,0.0000,0.0000,0.0000,7.6800,7.6800
2025-02-18,5239,MR5,MR 5 Bügelmessschrauben,0.0000,7.7000,0.0000,41.0300,48.7300
2025-02-18,5235,MR6,MR 6 Messschieber,0.0000,0.0000,0.0000,25.2300,25.2300
2025-02-18,5232,MR7,MR 7 Lehren,0.0000,7.7000,7.7000,61.3700,76.7700
2025-02-18,5238,MR8,MR 8 Temperatur,0.0000,0.0000,0.0000,7.7000,7.7000
2025-02-18,5237,MR9,MR 9 Elektro BS,0.0000,0.0000,0.0000,13.8300,13.8300
2025-02-18,5225,Packplatz,Packplatz,0.0000,0.0000,0.0000,29.8200,29.8200
2025-02-18,5900,Qualifizierung,Qualifizierung,0.0000,0.0000,0.0000,12.7100,12.7100
2025-02-18,5223,WA,WA BS,0.0000,7.7000,0.0000,15.4000,23.1000
2025-02-18,5222,WE,WE BS,0.0000,0.0000,0.0000,46.1500,46.1500
2025-02-18,5220,WE/WA,WE/WA BS,0.0000,7.7000,0.0000,,7.7000
2025-02-19,5240,AV,Arbeitsvorbereitung BS,0.0000,0.0000,15.4000,62.1300,77.5300
2025-02-19,5231,MR1,MR 1 Endmaße,0.0000,0.0000,0.0000,26.7000,26.7000
2025-02-19,5211,MR11,MR 11 KMG,0.0000,0.0000,0.0000,11.5200,11.5200
2025-02-19,5234,MR2,MR 2 Drehmomente,0.0000,7.7000,7.7000,23.0800,38.4800
2025-02-19,5236,MR3,MR 3 Messuhren,0.0000,7.7000,7.7000,11.5300,26.9300
2025-02-19,5233,MR4,MR 4 Lohnmessung,0.0000,0.0000,0.0000,13.8700,13.8700
2025-02-19,5239,MR5,MR 5 Bügelmessschrauben,0.0000,7.7000,0.0000,25.7000,33.4000
2025-02-19,5235,MR6,MR 6 Messschieber,0.0000,0.0000,0.0000,27.9700,27.9700
2025-02-19,5232,MR7,MR 7 Lehren,0.0000,7.7000,0.0000,44.4700,52.1700
2025-02-19,5238,MR8,MR 8 Temperatur,0.0000,0.0000,0.0000,7.7000,7.7000
2025-02-19,5237,MR9,MR 9 Elektro BS,0.0000,0.0000,0.0000,10.9000,10.9000
2025-02-19,5225,Packplatz,Packplatz,0.0000,0.0000,0.0000,29.0800,29.0800
2025-02-19,5900,Qualifizierung,Qualifizierung,0.0000,0.0000,0.0000,45.1800,45.1800
2025-02-19,5223,WA,WA BS,0.0000,7.7000,0.0000,15.3500,23.0500
2025-02-19,5222,WE,WE BS,0.0000,0.0000,0.0000,46.2500,46.2500
2025-02-19,5220,WE/WA,WE/WA BS,0.0000,7.7000,0.0000,,7.7000
2025-02-20,5240,AV,Arbeitsvorbereitung BS,0.0000,0.0000,7.7000,72.4700,80.1700
2025-02-20,5231,MR1,MR 1 Endmaße,0.0000,0.0000,0.0000,29.1000,29.1000
2025-02-20,5211,MR11,MR 11 KMG,0.0000,0.0000,0.0000,10.1700,10.1700
2025-02-20,5212,MR12,MR 12 Druck,0.0000,0.0000,0.0000,4.6800,4.6800
2025-02-20,5234,MR2,MR 2 Drehmomente,0.0000,7.7000,0.0000,30.8000,38.5000
2025-02-20,5236,MR3,MR 3 Messuhren,0.0000,7.7000,7.7000,16.0000,31.4000
2025-02-20,5233,MR4,MR 4 Lohnmessung,0.0000,0.0000,0.0000,12.9000,12.9000
2025-02-20,5239,MR5,MR 5 Bügelmessschrauben,0.0000,7.7000,0.0000,35.8800,43.5800
2025-02-20,5235,MR6,MR 6 Messschieber,0.0000,0.0000,0.0000,29.2500,29.2500
2025-02-20,5232,MR7,MR 7 Lehren,0.0000,7.7000,0.0000,54.4500,62.1500
2025-02-20,5238,MR8,MR 8 Temperatur,0.0000,0.0000,0.0000,2.4800,2.4800
2025-02-20,5237,MR9,MR 9 Elektro BS,0.0000,0.0000,0.0000,18.2800,18.2800
2025-02-20,5225,Packplatz,Packplatz,0.0000,0.0000,0.0000,23.2300,23.2300
2025-02-20,5900,Qualifizierung,Qualifizierung,0.0000,0.0000,0.0000,12.4100,12.4100
2025-02-20,5223,WA,WA BS,0.0000,7.7000,0.0000,22.8600,30.5600
2025-02-20,5222,WE,WE BS,0.0000,0.0000,7.7000,38.7000,46.4000
2025-02-20,5220,WE/WA,WE/WA BS,0.0000,7.7000,0.0000,,7.7000
2025-02-21,5240,AV,Arbeitsvorbereitung BS,0.0000,0.0000,7.7000,69.4100,77.1100
2025-02-21,5231,MR1,MR 1 Endmaße,0.0000,0.0000,0.0000,29.1000,29.1000
2025-02-21,5211,MR11,MR 11 KMG,0.0000,0.0000,0.0000,22.8000,22.8000
2025-02-21,5234,MR2,MR 2 Drehmomente,0.0000,7.7000,0.0000,21.5700,29.2700
2025-02-21,5236,MR3,MR 3 Messuhren,0.0000,7.7000,7.7000,13.1700,28.5700
2025-02-21,5233,MR4,MR 4 Lohnmessung,0.0000,0.0000,0.0000,7.2000,7.2000
2025-02-21,5239,MR5,MR 5 Bügelmessschrauben,0.0000,15.4000,0.0000,27.9500,43.3500
2025-02-21,5235,MR6,MR 6 Messschieber,0.0000,0.0000,7.7000,20.9800,28.6800
2025-02-21,5232,MR7,MR 7 Lehren,0.0000,7.7000,0.0000,43.8100,51.5100
2025-02-21,5238,MR8,MR 8 Temperatur,0.0000,0.0000,0.0000,3.7500,3.7500
2025-02-21,5237,MR9,MR 9 Elektro BS,0.0000,0.0000,0.0000,14.8500,14.8500
2025-02-21,5225,Packplatz,Packplatz,0.0000,0.0000,0.0000,20.6200,20.6200
2025-02-21,5900,Qualifizierung,Qualifizierung,0.0000,0.0000,0.0000,23.0400,23.0400
2025-02-21,5223,WA,WA BS,0.0000,0.0000,0.0000,6.2000,6.2000
2025-02-21,5222,WE,WE BS,0.0000,0.0000,0.0000,59.9000,59.9000
2025-02-21,5220,WE/WA,WE/WA BS,0.0000,7.7000,0.0000,,7.7000
2025-02-22,5239,MR5,MR 5 Bügelmessschrauben,0.0000,0.0000,0.0000,10.3200,10.3200
2025-02-22,5235,MR6,MR 6 Messschieber,0.0000,0.0000,0.0000,0.0500,0.0500
2025-02-22,5232,MR7,MR 7 Lehren,0.0000,0.0000,0.0000,14.3300,14.3300
2025-02-22,5225,Packplatz,Packplatz,0.0000,0.0000,0.0000,4.0200,4.0200
2025-02-24,5240,AV,Arbeitsvorbereitung BS,0.0000,7.7000,23.1000,49.4200,80.2200
2025-02-24,5231,MR1,MR 1 Endmaße,0.0000,0.0000,0.0000,27.0500,27.0500
2025-02-24,5211,MR11,MR 11 KMG,0.0000,0.0000,0.0000,15.4000,15.4000
2025-02-24,5234,MR2,MR 2 Drehmomente,0.0000,7.7000,0.0000,24.3700,32.0700
2025-02-24,5236,MR3,MR 3 Messuhren,0.0000,0.0000,7.7000,24.7800,32.4800
2025-02-24,5233,MR4,MR 4 Lohnmessung,0.0000,0.0000,0.0000,7.7000,7.7000
2025-02-24,5239,MR5,MR 5 Bügelmessschrauben,0.0000,0.0000,0.0000,34.8800,34.8800
2025-02-24,5235,MR6,MR 6 Messschieber,0.0000,0.0000,0.0000,23.9200,23.9200
2025-02-24,5232,MR7,MR 7 Lehren,0.0000,0.0000,0.0000,65.3200,65.3200
2025-02-24,5238,MR8,MR 8 Temperatur,0.0000,7.7000,0.0000,5.3800,13.0800
2025-02-24,5237,MR9,MR 9 Elektro BS,0.0000,0.0000,0.0000,17.7200,17.7200
2025-02-24,5225,Packplatz,Packplatz,0.0000,7.7000,7.7000,13.7000,29.1000
2025-02-24,5900,Qualifizierung,Qualifizierung,0.0000,0.0000,0.0000,20.4300,20.4300
2025-02-24,5223,WA,WA BS,0.0000,7.7000,0.0000,15.4000,23.1000
2025-02-24,5222,WE,WE BS,0.0000,7.7000,0.0000,50.0700,57.7700
2025-02-24,5220,WE/WA,WE/WA BS,0.0000,7.7000,0.0000,,7.7000
2025-02-25,5240,AV,Arbeitsvorbereitung BS,0.0000,7.7000,0.0000,76.1800,83.8800
2025-02-25,5231,MR1,MR 1 Endmaße,0.0000,0.0000,0.0000,23.6600,23.6600
2025-02-25,5211,MR11,MR 11 KMG,7.7000,0.0000,0.0000,7.5700,15.2700
2025-02-25,5214,MR14,MR 14 Waage,0.0000,0.0000,0.0000,7.6000,7.6000
2025-02-25,5234,MR2,MR 2 Drehmomente,0.0000,7.7000,0.0000,29.1000,36.8000
2025-02-25,5236,MR3,MR 3 Messuhren,0.0000,0.0000,7.7000,23.5500,31.2500
2025-02-25,5233,MR4,MR 4 Lohnmessung,0.0000,0.0000,0.0000,7.7000,7.7000
2025-02-25,5239,MR5,MR 5 Bügelmessschrauben,0.0000,0.0000,0.0000,46.4500,46.4500
2025-02-25,5235,MR6,MR 6 Messschieber,0.0000,5.0000,0.0000,22.9200,27.9200
2025-02-25,5232,MR7,MR 7 Lehren,7.7000,0.0000,0.0000,53.7000,61.4000
2025-02-25,5238,MR8,MR 8 Temperatur,0.0000,0.0000,0.0000,9.8200,9.8200
2025-02-25,5237,MR9,MR 9 Elektro BS,0.0000,0.0000,0.0000,13.3100,13.3100
2025-02-25,5225,Packplatz,Packplatz,0.0000,7.7000,7.7000,13.7000,29.1000
2025-02-25,5900,Qualifizierung,Qualifizierung,0.0000,0.0000,0.0000,9.5700,9.5700
2025-02-25,5223,WA,WA BS,0.0000,7.7000,0.0000,15.4000,23.1000
2025-02-25,5222,WE,WE BS,0.0000,7.7000,0.0000,53.9000,61.6000
2025-02-25,5220,WE/WA,WE/WA BS,0.0000,7.7000,0.0000,,7.7000
2025-02-26,5240,AV,Arbeitsvorbereitung BS,0.0000,7.7000,0.0000,69.3600,77.0600
2025-02-26,5231,MR1,MR 1 Endmaße,0.0000,13.7000,0.0000,13.4500,27.1500
2025-02-26,5211,MR11,MR 11 KMG,0.0000,0.0000,0.0000,15.6300,15.6300
2025-02-26,5212,MR12,MR 12 Druck,0.0000,0.0000,0.0000,2.8200,2.8200
2025-02-26,5234,MR2,MR 2 Drehmomente,0.0000,7.7000,0.0000,23.1000,30.8000
2025-02-26,5236,MR3,MR 3 Messuhren,0.0000,0.0000,0.0000,28.4000,28.4000
2025-02-26,5233,MR4,MR 4 Lohnmessung,0.0000,0.0000,0.0000,5.7700,5.7700
2025-02-26,5239,MR5,MR 5 Bügelmessschrauben,0.0000,0.0000,0.0000,41.9400,41.9400
2025-02-26,5235,MR6,MR 6 Messschieber,0.0000,5.0000,0.0000,24.1300,29.1300
2025-02-26,5232,MR7,MR 7 Lehren,0.0000,0.0000,0.0000,59.7300,59.7300
2025-02-26,5238,MR8,MR 8 Temperatur,0.0000,0.0000,0.0000,4.5300,4.5300
2025-02-26,5237,MR9,MR 9 Elektro BS,0.0000,0.0000,0.0000,23.1000,23.1000
2025-02-26,5225,Packplatz,Packplatz,0.0000,7.7000,0.0000,19.7800,27.4800
2025-02-26,5900,Qualifizierung,Qualifizierung,0.0000,0.0000,0.0000,11.2500,11.2500
2025-02-26,5223,WA,WA BS,0.0000,7.7000,0.0000,15.6500,23.3500
2025-02-26,5222,WE,WE BS,0.0000,7.7000,0.0000,54.2300,61.9300
2025-02-26,5220,WE/WA,WE/WA BS,0.0000,7.7000,0.0000,,7.7000
2025-02-27,5240,AV,Arbeitsvorbereitung BS,0.0000,7.7000,7.7000,64.8400,80.2400
2025-02-27,5231,MR1,MR 1 Endmaße,0.0000,7.7000,0.0000,9.8000,17.5000
2025-02-27,5211,MR11,MR 11 KMG,0.0000,7.7000,0.0000,14.7200,22.4200
2025-02-27,5212,MR12,MR 12 Druck,0.0000,0.0000,0.0000,6.5700,6.5700
2025-02-27,5214,MR14,MR 14 Waage,0.0000,0.0000,0.0000,3.1800,3.1800
2025-02-27,5234,MR2,MR 2 Drehmomente,0.0000,7.7000,0.0000,23.1000,30.8000
2025-02-27,5236,MR3,MR 3 Messuhren,0.0000,0.0000,0.0000,30.9700,30.9700
2025-02-27,5233,MR4,MR 4 Lohnmessung,0.0000,0.0000,0.0000,7.7000,7.7000
2025-02-27,5239,MR5,MR 5 Bügelmessschrauben,0.0000,0.0000,0.0000,44.9500,44.9500
2025-02-27,5235,MR6,MR 6 Messschieber,0.0000,0.0000,0.0000,28.0200,28.0200
2025-02-27,5232,MR7,MR 7 Lehren,0.0000,0.0000,0.0000,58.9300,58.9300
2025-02-27,5238,MR8,MR 8 Temperatur,0.0000,0.0000,0.0000,0.7500,0.7500
2025-02-27,5237,MR9,MR 9 Elektro BS,0.0000,0.0000,0.0000,19.8800,19.8800
2025-02-27,5225,Packplatz,Packplatz,0.0000,7.7000,0.0000,15.2500,22.9500
2025-02-27,5900,Qualifizierung,Qualifizierung,0.0000,0.0000,0.0000,19.6300,19.6300
2025-02-27,5223,WA,WA BS,0.0000,7.7000,0.0000,22.9000,30.6000
2025-02-27,5222,WE,WE BS,0.0000,7.7000,0.0000,40.9700,48.6700
2025-02-27,5220,WE/WA,WE/WA BS,0.0000,7.7000,0.0000,,7.7000
2025-02-28,5240,AV,Arbeitsvorbereitung BS,0.0000,7.7000,15.4000,56.5200,79.6200
2025-02-28,5231,MR1,MR 1 Endmaße,0.0000,0.0000,0.0000,29.0500,29.0500
2025-02-28,5211,MR11,MR 11 KMG,0.0000,7.7000,0.0000,15.2500,22.9500
2025-02-28,5234,MR2,MR 2 Drehmomente,0.0000,7.7000,0.0000,31.1200,38.8200
2025-02-28,5236,MR3,MR 3 Messuhren,0.0000,0.0000,7.7000,23.0700,30.7700
2025-02-28,5233,MR4,MR 4 Lohnmessung,0.0000,0.0000,0.0000,3.7500,3.7500
2025-02-28,5239,MR5,MR 5 Bügelmessschrauben,0.0000,0.0000,0.0000,46.2000,46.2000
2025-02-28,5235,MR6,MR 6 Messschieber,0.0000,0.0000,0.0000,34.1000,34.1000
2025-02-28,5232,MR7,MR 7 Lehren,0.0000,0.0000,7.7000,55.4500,63.1500
2025-02-28,5238,MR8,MR 8 Temperatur,0.0000,0.0000,0.0000,4.0000,4.0000
2025-02-28,5237,MR9,MR 9 Elektro BS,0.0000,0.0000,0.0000,23.6300,23.6300
2025-02-28,5225,Packplatz,Packplatz,0.0000,7.7000,0.0000,15.3300,23.0300
2025-02-28,5900,Qualifizierung,Qualifizierung,0.0000,0.0000,0.0000,4.5300,4.5300
2025-02-28,5223,WA,WA BS,0.0000,7.7000,0.0000,22.7800,30.4800
2025-02-28,5222,WE,WE BS,0.0000,7.7000,0.0000,31.0200,38.7200
2025-02-28,5220,WE/WA,WE/WA BS,0.0000,7.7000,0.0000,,7.7000
2025-03-03,5240,AV,Arbeitsvorbereitung BS,0.0000,0.0000,0.0000,78.2500,78.2500
2025-03-03,5231,MR1,MR 1 Endmaße,0.0000,0.0000,0.0000,26.5600,26.5600
2025-03-03,5211,MR11,MR 11 KMG,0.0000,0.0000,0.0000,11.9700,11.9700
2025-03-03,5212,MR12,MR 12 Druck,0.0000,0.0000,0.0000,6.5500,6.5500
2025-03-03,5214,MR14,MR 14 Waage,0.0000,0.0000,0.0000,1.2000,1.2000
2025-03-03,5234,MR2,MR 2 Drehmomente,0.0000,0.0000,0.0000,28.0500,28.0500
2025-03-03,5236,MR3,MR 3 Messuhren,0.0000,0.0000,0.0000,38.2200,38.2200
2025-03-03,5233,MR4,MR 4 Lohnmessung,0.0000,0.0000,0.0000,11.8000,11.8000
2025-03-03,5239,MR5,MR 5 Bügelmessschrauben,0.0000,0.0000,0.0000,38.5500,38.5500
2025-03-03,5235,MR6,MR 6 Messschieber,0.0000,0.0000,7.7000,20.9100,28.6100
2025-03-03,5232,MR7,MR 7 Lehren,0.0000,0.0000,0.0000,53.9600,53.9600
2025-03-03,5238,MR8,MR 8 Temperatur,0.0000,0.0000,0.0000,7.3300,7.3300
2025-03-03,5237,MR9,MR 9 Elektro BS,0.0000,0.0000,0.0000,15.6200,15.6200
2025-03-03,5225,Packplatz,Packplatz,0.0000,7.7000,0.0000,21.3600,29.0600
2025-03-03,5900,Qualifizierung,Qualifizierung,0.0000,0.0000,0.0000,13.0600,13.0600
2025-03-03,5223,WA,WA BS,0.0000,0.0000,0.0000,16.0000,16.0000
2025-03-03,5222,WE,WE BS,0.0000,7.7000,7.7000,45.9700,61.3700
2025-03-03,5220,WE/WA,WE/WA BS,0.0000,7.7000,0.0000,,7.7000
2025-03-04,5240,AV,Arbeitsvorbereitung BS,0.0000,0.0000,0.0000,79.3900,79.3900
2025-03-04,5231,MR1,MR 1 Endmaße,0.0000,0.0000,0.0000,27.0700,27.0700
2025-03-04,5211,MR11,MR 11 KMG,0.0000,0.0000,0.0000,13.1100,13.1100
2025-03-04,5212,MR12,MR 12 Druck,0.0000,0.0000,0.0000,7.3300,7.3300
2025-03-04,5214,MR14,MR 14 Waage,0.0000,0.0000,0.0000,4.2700,4.2700
2025-03-04,5234,MR2,MR 2 Drehmomente,0.0000,0.0000,0.0000,30.7800,30.7800
2025-03-04,5236,MR3,MR 3 Messuhren,0.0000,10.5500,0.0000,14.1500,24.7000
2025-03-04,5233,MR4,MR 4 Lohnmessung,0.0000,0.0000,0.0000,6.4500,6.4500
2025-03-04,5239,MR5,MR 5 Bügelmessschrauben,0.0000,0.0000,7.7000,38.5700,46.2700
2025-03-04,5235,MR6,MR 6 Messschieber,0.0000,0.0000,0.0000,31.3000,31.3000
2025-03-04,5232,MR7,MR 7 Lehren,0.0000,0.0000,0.0000,61.1100,61.1100
2025-03-04,5238,MR8,MR 8 Temperatur,0.0000,0.0000,0.0000,5.5900,5.5900
2025-03-04,5237,MR9,MR 9 Elektro BS,0.0000,0.0000,0.0000,13.6100,13.6100
2025-03-04,5225,Packplatz,Packplatz,0.0000,7.7000,0.0000,21.2800,28.9800
2025-03-04,5900,Qualifizierung,Qualifizierung,0.0000,0.0000,0.0000,13.4000,13.4000
2025-03-04,5223,WA,WA BS,0.0000,0.0000,0.0000,15.4000,15.4000
2025-03-04,5222,WE,WE BS,0.0000,20.2500,0.0000,44.4200,64.6700
2025-03-04,5220,WE/WA,WE/WA BS,0.0000,7.7000,0.0000,,7.7000
2025-03-05,5240,AV,Arbeitsvorbereitung BS,0.0000,7.7000,0.0000,67.1800,74.8800
2025-03-05,5231,MR1,MR 1 Endmaße,0.0000,0.0000,0.0000,26.9500,26.9500
2025-03-05,5211,MR11,MR 11 KMG,0.0000,0.0000,0.0000,8.8700,8.8700
2025-03-05,5212,MR12,MR 12 Druck,0.0000,0.0000,0.0000,1.4300,1.4300
2025-03-05,5214,MR14,MR 14 Waage,0.0000,0.0000,0.0000,2.2200,2.2200
2025-03-05,5234,MR2,MR 2 Drehmomente,0.0000,0.0000,0.0000,26.8300,26.8300
2025-03-05,5236,MR3,MR 3 Messuhren,0.0000,15.4000,0.0000,13.8000,29.2000
2025-03-05,5233,MR4,MR 4 Lohnmessung,0.0000,0.0000,0.0000,7.7000,7.7000
2025-03-05,5239,MR5,MR 5 Bügelmessschrauben,0.0000,0.0000,7.7000,38.2600,45.9600
2025-03-05,5235,MR6,MR 6 Messschieber,0.0000,0.0000,0.0000,24.8800,24.8800
2025-03-05,5232,MR7,MR 7 Lehren,0.0000,0.0000,0.0000,61.3500,61.3500
2025-03-05,5238,MR8,MR 8 Temperatur,0.0000,0.0000,0.0000,4.3200,4.3200
2025-03-05,5237,MR9,MR 9 Elektro BS,0.0000,0.0000,0.0000,14.0300,14.0300
2025-03-05,5225,Packplatz,Packplatz,0.0000,7.7000,0.0000,21.3000,29.0000
2025-03-05,5900,Qualifizierung,Qualifizierung,0.0000,0.0000,0.0000,35.4600,35.4600
2025-03-05,5223,WA,WA BS,0.0000,0.0000,0.0000,15.4000,15.4000
2025-03-05,5222,WE,WE BS,0.0000,7.7000,0.0000,49.8300,57.5300
2025-03-05,5220,WE/WA,WE/WA BS,0.0000,7.7000,0.0000,,7.7000
2025-03-06,5240,AV,Arbeitsvorbereitung BS,0.0000,7.7000,0.0000,71.0900,78.7900
2025-03-06,5231,MR1,MR 1 Endmaße,0.0000,0.0000,0.0000,27.0000,27.0000
2025-03-06,5211,MR11,MR 11 KMG,0.0000,0.0000,0.0000,15.4000,15.4000
2025-03-06,5212,MR12,MR 12 Druck,0.0000,0.0000,0.0000,5.2000,5.2000
2025-03-06,5234,MR2,MR 2 Drehmomente,0.0000,0.0000,0.0000,30.7800,30.7800
2025-03-06,5236,MR3,MR 3 Messuhren,0.0000,15.4000,0.0000,14.8300,30.2300
2025-03-06,5233,MR4,MR 4 Lohnmessung,0.0000,0.0000,0.0000,7.6800,7.6800
2025-03-06,5239,MR5,MR 5 Bügelmessschrauben,0.0000,0.0000,7.7000,37.3000,45.0000
2025-03-06,5235,MR6,MR 6 Messschieber,0.0000,0.0000,0.0000,20.0000,20.0000
2025-03-06,5232,MR7,MR 7 Lehren,0.0000,0.0000,0.0000,62.3900,62.3900
2025-03-06,5238,MR8,MR 8 Temperatur,0.0000,0.0000,0.0000,1.7800,1.7800
2025-03-06,5237,MR9,MR 9 Elektro BS,0.0000,0.0000,7.7000,9.8800,17.5800
2025-03-06,5225,Packplatz,Packplatz,0.0000,7.7000,0.0000,15.3000,23.0000
2025-03-06,5900,Qualifizierung,Qualifizierung,0.0000,0.0000,0.0000,18.6400,18.6400
2025-03-06,5223,WA,WA BS,0.0000,0.0000,0.0000,15.4000,15.4000
2025-03-06,5222,WE,WE BS,0.0000,7.7000,0.0000,53.8700,61.5700
2025-03-06,5220,WE/WA,WE/WA BS,0.0000,7.7000,0.0000,,7.7000
2025-03-07,5240,AV,Arbeitsvorbereitung BS,0.0000,0.0000,7.7000,76.5600,84.2600
2025-03-07,5231,MR1,MR 1 Endmaße,0.0000,0.0000,0.0000,26.8800,26.8800
2025-03-07,5211,MR11,MR 11 KMG,0.0000,0.0000,0.0000,15.8800,15.8800
2025-03-07,5214,MR14,MR 14 Waage,0.0000,0.0000,0.0000,2.0300,2.0300
2025-03-07,5234,MR2,MR 2 Drehmomente,0.0000,0.0000,0.0000,30.6200,30.6200
2025-03-07,5236,MR3,MR 3 Messuhren,0.0000,15.4000,0.0000,12.8300,28.2300
2025-03-07,5233,MR4,MR 4 Lohnmessung,0.0000,0.0000,0.0000,3.5300,3.5300
2025-03-07,5239,MR5,MR 5 Bügelmessschrauben,0.0000,0.0000,7.7000,38.2100,45.9100
2025-03-07,5235,MR6,MR 6 Messschieber,0.0000,0.0000,0.0000,36.8900,36.8900
2025-03-07,5232,MR7,MR 7 Lehren,0.0000,0.0000,0.0000,59.4900,59.4900
2025-03-07,5238,MR8,MR 8 Temperatur,0.0000,0.0000,0.0000,7.6700,7.6700
2025-03-07,5237,MR9,MR 9 Elektro BS,0.0000,0.0000,0.0000,16.3200,16.3200
2025-03-07,5225,Packplatz,Packplatz,0.0000,7.7000,0.0000,15.2500,22.9500
2025-03-07,5900,Qualifizierung,Qualifizierung,0.0000,0.0000,0.0000,4.7400,4.7400
2025-03-07,5223,WA,WA BS,0.0000,0.0000,0.0000,8.1700,8.1700
2025-03-07,5222,WE,WE BS,0.0000,7.7000,0.0000,44.9200,52.6200
2025-03-07,5220,WE/WA,WE/WA BS,0.0000,7.7000,0.0000,,7.7000
2025-03-10,5240,AV,Arbeitsvorbereitung BS,0.0000,0.0000,0.0000,83.8800,83.8800
2025-03-10,5231,MR1,MR 1 Endmaße,0.0000,0.0000,0.0000,27.1700,27.1700
2025-03-10,5211,MR11,MR 11 KMG,0.0000,0.0000,0.0000,14.4500,14.4500
2025-03-10,5212,MR12,MR 12 Druck,0.0000,0.0000,0.0000,7.3000,7.3000
2025-03-10,5214,MR14,MR 14 Waage,0.0000,0.0000,0.0000,4.7200,4.7200
2025-03-10,5234,MR2,MR 2 Drehmomente,0.0000,0.0000,0.0000,30.8000,30.8000
2025-03-10,5236,MR3,MR 3 Messuhren,0.0000,0.0000,7.7000,15.5000,23.2000
2025-03-10,5233,MR4,MR 4 Lohnmessung,0.0000,0.0000,0.0000,3.8500,3.8500
2025-03-10,5239,MR5,MR 5 Bügelmessschrauben,0.0000,7.7000,7.7000,25.2200,40.6200
2025-03-10,5235,MR6,MR 6 Messschieber,7.7000,0.0000,0.0000,24.5800,32.2800
2025-03-10,5232,MR7,MR 7 Lehren,0.0000,0.0000,7.7000,50.2200,57.9200
2025-03-10,5238,MR8,MR 8 Temperatur,0.0000,0.0000,0.0000,0.3500,0.3500
2025-03-10,5237,MR9,MR 9 Elektro BS,0.0000,0.0000,0.0000,18.3800,18.3800
2025-03-10,5225,Packplatz,Packplatz,0.0000,7.7000,7.7000,13.7000,29.1000
2025-03-10,5900,Qualifizierung,Qualifizierung,0.0000,0.0000,0.0000,12.9800,12.9800
2025-03-10,5223,WA,WA BS,0.0000,7.7000,0.0000,15.4000,23.1000
2025-03-10,5222,WE,WE BS,0.0000,0.0000,0.0000,52.1500,52.1500
2025-03-11,5240,AV,Arbeitsvorbereitung BS,0.0000,0.0000,0.0000,80.1300,80.1300
2025-03-11,5231,MR1,MR 1 Endmaße,0.0000,0.0000,0.0000,27.0800,27.0800
2025-03-11,5211,MR11,MR 11 KMG,0.0000,0.0000,0.0000,12.0700,12.0700
2025-03-11,5234,MR2,MR 2 Drehmomente,0.0000,0.0000,0.0000,30.8000,30.8000
2025-03-11,5236,MR3,MR 3 Messuhren,0.0000,7.7000,0.0000,23.5700,31.2700
2025-03-11,5233,MR4,MR 4 Lohnmessung,0.0000,0.0000,0.0000,7.7000,7.7000
2025-03-11,5239,MR5,MR 5 Bügelmessschrauben,0.0000,0.0000,0.0000,45.0500,45.0500
2025-03-11,5235,MR6,MR 6 Messschieber,7.7000,0.0000,0.0000,29.0300,36.7300
2025-03-11,5232,MR7,MR 7 Lehren,0.0000,0.0000,7.7000,50.5400,58.2400
2025-03-11,5238,MR8,MR 8 Temperatur,0.0000,0.0000,0.0000,8.4500,8.4500
2025-03-11,5237,MR9,MR 9 Elektro BS,0.0000,0.0000,0.0000,19.3300,19.3300
2025-03-11,5225,Packplatz,Packplatz,0.0000,7.7000,0.0000,21.4000,29.1000
2025-03-11,5900,Qualifizierung,Qualifizierung,0.0000,0.0000,0.0000,8.6400,8.6400
2025-03-11,5223,WA,WA BS,0.0000,7.7000,0.0000,15.4000,23.1000
2025-03-11,5222,WE,WE BS,0.0000,0.0000,0.0000,61.4900,61.4900
2025-03-12,5240,AV,Arbeitsvorbereitung BS,0.0000,0.0000,0.0000,74.1200,74.1200
2025-03-12,5231,MR1,MR 1 Endmaße,0.0000,0.0000,0.0000,25.2800,25.2800
2025-03-12,5211,MR11,MR 11 KMG,0.0000,0.0000,0.0000,15.1300,15.1300
2025-03-12,5214,MR14,MR 14 Waage,0.0000,0.0000,0.0000,6.3200,6.3200
2025-03-12,5234,MR2,MR 2 Drehmomente,0.0000,0.0000,0.0000,30.6300,30.6300
2025-03-12,5236,MR3,MR 3 Messuhren,0.0000,7.7000,0.0000,21.2200,28.9200
2025-03-12,5233,MR4,MR 4 Lohnmessung,0.0000,0.0000,0.0000,7.7000,7.7000
2025-03-12,5239,MR5,MR 5 Bügelmessschrauben,0.0000,0.0000,0.0000,43.0000,43.0000
2025-03-12,5235,MR6,MR 6 Messschieber,0.0000,0.0000,0.0000,29.1300,29.1300
2025-03-12,5232,MR7,MR 7 Lehren,0.0000,7.7000,7.7000,53.8200,69.2200
2025-03-12,5238,MR8,MR 8 Temperatur,0.0000,0.0000,0.0000,7.6700,7.6700
2025-03-12,5237,MR9,MR 9 Elektro BS,0.0000,0.0000,0.0000,9.7300,9.7300
2025-03-12,5225,Packplatz,Packplatz,0.0000,7.7000,0.0000,18.9000,26.6000
2025-03-12,5900,Qualifizierung,Qualifizierung,0.0000,0.0000,0.0000,3.7500,3.7500
2025-03-12,5223,WA,WA BS,0.0000,7.7000,0.0000,12.9800,20.6800
2025-03-12,5222,WE,WE BS,0.0000,0.0000,0.0000,59.5400,59.5400
2025-03-13,5240,AV,Arbeitsvorbereitung BS,0.0000,0.0000,0.0000,78.1500,78.1500
2025-03-13,5231,MR1,MR 1 Endmaße,0.0000,0.0000,0.0000,26.9300,26.9300
2025-03-13,5211,MR11,MR 11 KMG,0.0000,7.7000,0.0000,14.2700,21.9700
2025-03-13,5212,MR12,MR 12 Druck,0.0000,0.0000,0.0000,5.3300,5.3300
2025-03-13,5234,MR2,MR 2 Drehmomente,0.0000,0.0000,0.0000,30.8000,30.8000
2025-03-13,5236,MR3,MR 3 Messuhren,0.0000,7.7000,0.0000,17.1800,24.8800
2025-03-13,5233,MR4,MR 4 Lohnmessung,0.0000,0.0000,0.0000,7.7000,7.7000
2025-03-13,5239,MR5,MR 5 Bügelmessschrauben,0.0000,0.0000,0.0000,44.1800,44.1800
2025-03-13,5235,MR6,MR 6 Messschieber,0.0000,0.0000,0.0000,22.5400,22.5400
2025-03-13,5232,MR7,MR 7 Lehren,0.0000,7.7000,7.7000,53.0600,68.4600
2025-03-13,5238,MR8,MR 8 Temperatur,0.0000,0.0000,0.0000,1.7700,1.7700
2025-03-13,5237,MR9,MR 9 Elektro BS,0.0000,0.0000,0.0000,23.1000,23.1000
2025-03-13,5225,Packplatz,Packplatz,0.0000,7.7000,0.0000,15.3200,23.0200
2025-03-13,5900,Qualifizierung,Qualifizierung,0.0000,0.0000,0.0000,9.5100,9.5100
2025-03-13,5223,WA,WA BS,0.0000,7.7000,0.0000,15.4000,23.1000
2025-03-13,5222,WE,WE BS,0.0000,0.0000,0.0000,61.5000,61.5000
2025-03-14,5240,AV,Arbeitsvorbereitung BS,0.0000,0.0000,7.7000,67.3000,75.0000
2025-03-14,5231,MR1,MR 1 Endmaße,0.0000,0.0000,15.4000,13.7000,29.1000
2025-03-14,5211,MR11,MR 11 KMG,0.0000,7.7000,0.0000,8.3200,16.0200
2025-03-14,5214,MR14,MR 14 Waage,0.0000,0.0000,0.0000,3.9800,3.9800
2025-03-14,5234,MR2,MR 2 Drehmomente,0.0000,0.0000,0.0000,31.1300,31.1300
2025-03-14,5236,MR3,MR 3 Messuhren,0.0000,15.4000,7.7000,7.7000,30.8000
2025-03-14,5233,MR4,MR 4 Lohnmessung,0.0000,0.0000,0.0000,8.2000,8.2000
2025-03-14,5239,MR5,MR 5 Bügelmessschrauben,0.0000,0.0000,0.0000,41.0100,41.0100
2025-03-14,5235,MR6,MR 6 Messschieber,0.0000,0.0000,0.0000,24.1300,24.1300
2025-03-14,5232,MR7,MR 7 Lehren,0.0000,7.7000,7.7000,54.3300,69.7300
2025-03-14,5238,MR8,MR 8 Temperatur,0.0000,0.0000,0.0000,7.6300,7.6300
2025-03-14,5237,MR9,MR 9 Elektro BS,0.0000,0.0000,0.0000,11.6700,11.6700
2025-03-14,5225,Packplatz,Packplatz,0.0000,7.7000,0.0000,15.1300,22.8300
2025-03-14,5900,Qualifizierung,Qualifizierung,0.0000,0.0000,0.0000,8.0800,8.0800
2025-03-14,5223,WA,WA BS,0.0000,7.7000,0.0000,15.8700,23.5700
2025-03-14,5222,WE,WE BS,0.0000,0.0000,0.0000,54.3500,54.3500
2025-03-15,5234,MR2,MR 2 Drehmomente,0.0000,0.0000,0.0000,10.4800,10.4800
2025-03-15,5239,MR5,MR 5 Bügelmessschrauben,0.0000,0.0000,0.0000,4.3300,4.3300
2025-03-15,5235,MR6,MR 6 Messschieber,0.0000,0.0000,0.0000,10.8700,10.8700
2025-03-15,5232,MR7,MR 7 Lehren,0.0000,0.0000,0.0000,4.2500,4.2500
2025-03-15,5238,MR8,MR 8 Temperatur,0.0000,0.0000,0.0000,5.5000,5.5000
2025-03-15,5237,MR9,MR 9 Elektro BS,0.0000,0.0000,0.0000,7.9300,7.9300
2025-03-17,5240,AV,Arbeitsvorbereitung BS,0.0000,30.8000,7.7000,41.6200,80.1200
2025-03-17,5231,MR1,MR 1 Endmaße,0.0000,0.0000,7.7000,19.3200,27.0200
2025-03-17,5211,MR11,MR 11 KMG,0.0000,0.0000,0.0000,10.3000,10.3000
2025-03-17,5234,MR2,MR 2 Drehmomente,0.0000,0.0000,0.0000,30.8000,30.8000
2025-03-17,5236,MR3,MR 3 Messuhren,0.0000,7.7000,7.7000,20.7800,36.1800
2025-03-17,5233,MR4,MR 4 Lohnmessung,0.0000,0.0000,0.0000,7.7000,7.7000
2025-03-17,5239,MR5,MR 5 Bügelmessschrauben,0.0000,7.7000,0.0000,23.7800,31.4800
2025-03-17,5235,MR6,MR 6 Messschieber,15.4000,7.7000,0.0000,18.3800,41.4800
2025-03-17,5232,MR7,MR 7 Lehren,0.0000,7.7000,7.7000,53.5800,68.9800
2025-03-17,5238,MR8,MR 8 Temperatur,0.0000,0.0000,0.0000,3.0200,3.0200
2025-03-17,5237,MR9,MR 9 Elektro BS,0.0000,0.0000,0.0000,23.1000,23.1000
2025-03-17,5225,Packplatz,Packplatz,0.0000,0.0000,0.0000,22.6500,22.6500
2025-03-17,5900,Qualifizierung,Qualifizierung,0.0000,0.0000,0.0000,2.0800,2.0800
2025-03-17,5223,WA,WA BS,0.0000,7.7000,0.0000,21.4000,29.1000
2025-03-17,5222,WE,WE BS,0.0000,0.0000,0.0000,53.7600,53.7600
2025-03-18,5240,AV,Arbeitsvorbereitung BS,0.0000,23.1000,7.7000,54.8200,85.6200
2025-03-18,5231,MR1,MR 1 Endmaße,0.0000,0.0000,7.7000,19.2200,26.9200
2025-03-18,5211,MR11,MR 11 KMG,0.0000,0.0000,0.0000,8.0000,8.0000
2025-03-18,5214,MR14,MR 14 Waage,0.0000,0.0000,0.0000,7.4300,7.4300
2025-03-18,5234,MR2,MR 2 Drehmomente,0.0000,0.0000,0.0000,30.7800,30.7800
2025-03-18,5236,MR3,MR 3 Messuhren,0.0000,7.7000,7.7000,23.1000,38.5000
2025-03-18,5233,MR4,MR 4 Lohnmessung,0.0000,0.0000,0.0000,2.2800,2.2800
2025-03-18,5239,MR5,MR 5 Bügelmessschrauben,0.0000,7.7000,0.0000,31.7900,39.4900
2025-03-18,5235,MR6,MR 6 Messschieber,15.4000,7.7000,0.0000,20.6200,43.7200
2025-03-18,5232,MR7,MR 7 Lehren,0.0000,0.0000,7.7000,56.2300,63.9300
2025-03-18,5238,MR8,MR 8 Temperatur,0.0000,0.0000,0.0000,7.9800,7.9800
2025-03-18,5237,MR9,MR 9 Elektro BS,0.0000,0.0000,0.0000,8.1500,8.1500
2025-03-18,5225,Packplatz,Packplatz,0.0000,0.0000,7.7000,15.3200,23.0200
2025-03-18,5900,Qualifizierung,Qualifizierung,0.0000,0.0000,0.0000,7.0000,7.0000
2025-03-18,5223,WA,WA BS,0.0000,7.7000,0.0000,21.3500,29.0500
2025-03-18,5222,WE,WE BS,0.0000,0.0000,0.0000,53.7200,53.7200
2025-03-19,5240,AV,Arbeitsvorbereitung BS,0.0000,23.1000,7.7000,44.5000,75.3000
2025-03-19,5231,MR1,MR 1 Endmaße,0.0000,0.0000,7.7000,19.1300,26.8300
2025-03-19,5211,MR11,MR 11 KMG,0.0000,0.0000,0.0000,8.2700,8.2700
2025-03-19,5214,MR14,MR 14 Waage,0.0000,0.0000,0.0000,5.7500,5.7500
2025-03-19,5234,MR2,MR 2 Drehmomente,0.0000,0.0000,0.0000,27.0600,27.0600
2025-03-19,5236,MR3,MR 3 Messuhren,0.0000,7.7000,7.7000,22.3000,37.7000
2025-03-19,5233,MR4,MR 4 Lohnmessung,0.0000,0.0000,0.0000,7.7000,7.7000
2025-03-19,5239,MR5,MR 5 Bügelmessschrauben,0.0000,7.7000,0.0000,30.8000,38.5000
2025-03-19,5235,MR6,MR 6 Messschieber,15.4000,7.7000,0.0000,27.3000,50.4000
2025-03-19,5232,MR7,MR 7 Lehren,0.0000,0.0000,7.7000,54.2800,61.9800
2025-03-19,5238,MR8,MR 8 Temperatur,0.0000,0.0000,0.0000,7.6300,7.6300
2025-03-19,5237,MR9,MR 9 Elektro BS,0.0000,0.0000,0.0000,9.7200,9.7200
2025-03-19,5225,Packplatz,Packplatz,0.0000,0.0000,0.0000,22.6600,22.6600
2025-03-19,5900,Qualifizierung,Qualifizierung,0.0000,0.0000,0.0000,3.8000,3.8000
2025-03-19,5223,WA,WA BS,0.0000,7.7000,0.0000,21.3800,29.0800
2025-03-19,5222,WE,WE BS,0.0000,0.0000,0.0000,61.4700,61.4700
2025-03-20,5240,AV,Arbeitsvorbereitung BS,0.0000,23.1000,7.7000,50.3500,81.1500
2025-03-20,5231,MR1,MR 1 Endmaße,0.0000,0.0000,7.7000,19.3000,27.0000
2025-03-20,5211,MR11,MR 11 KMG,0.0000,0.0000,0.0000,7.8300,7.8300
2025-03-20,5212,MR12,MR 12 Druck,0.0000,0.0000,0.0000,1.4200,1.4200
2025-03-20,5214,MR14,MR 14 Waage,0.0000,0.0000,0.0000,5.2000,5.2000
2025-03-20,5234,MR2,MR 2 Drehmomente,0.0000,0.0000,0.0000,30.8000,30.8000
2025-03-20,5236,MR3,MR 3 Messuhren,0.0000,7.7000,7.7000,23.0500,38.4500
2025-03-20,5233,MR4,MR 4 Lohnmessung,0.0000,0.0000,0.0000,7.7000,7.7000
2025-03-20,5239,MR5,MR 5 Bügelmessschrauben,0.0000,7.7000,0.0000,28.1900,35.8900
2025-03-20,5235,MR6,MR 6 Messschieber,15.4000,7.7000,0.0000,18.1500,41.2500
2025-03-20,5232,MR7,MR 7 Lehren,0.0000,0.0000,15.4000,44.8700,60.2700
2025-03-20,5238,MR8,MR 8 Temperatur,0.0000,0.0000,0.0000,5.3800,5.3800
2025-03-20,5237,MR9,MR 9 Elektro BS,0.0000,0.0000,0.0000,13.0200,13.0200
2025-03-20,5225,Packplatz,Packplatz,0.0000,0.0000,0.0000,21.9500,21.9500
2025-03-20,5900,Qualifizierung,Qualifizierung,0.0000,0.0000,0.0000,11.3500,11.3500
2025-03-20,5223,WA,WA BS,0.0000,7.7000,0.0000,22.5300,30.2300
2025-03-20,5222,WE,WE BS,0.0000,0.0000,0.0000,54.1000,54.1000
2025-03-21,5240,AV,Arbeitsvorbereitung BS,0.0000,30.8000,7.7000,41.6000,80.1000
2025-03-21,5231,MR1,MR 1 Endmaße,0.0000,0.0000,7.7000,18.6800,26.3800
2025-03-21,5211,MR11,MR 11 KMG,0.0000,0.0000,0.0000,8.2800,8.2800
2025-03-21,5234,MR2,MR 2 Drehmomente,0.0000,0.0000,0.0000,25.0500,25.0500
2025-03-21,5236,MR3,MR 3 Messuhren,0.0000,7.7000,7.7000,22.2000,37.6000
2025-03-21,5233,MR4,MR 4 Lohnmessung,0.0000,0.0000,0.0000,4.2000,4.2000
2025-03-21,5239,MR5,MR 5 Bügelmessschrauben,0.0000,7.7000,0.0000,28.8400,36.5400
2025-03-21,5235,MR6,MR 6 Messschieber,15.4000,7.7000,0.0000,18.3500,41.4500
2025-03-21,5232,MR7,MR 7 Lehren,0.0000,0.0000,15.4000,53.0500,68.4500
2025-03-21,5237,MR9,MR 9 Elektro BS,0.0000,0.0000,0.0000,21.8300,21.8300
2025-03-21,5225,Packplatz,Packplatz,0.0000,0.0000,7.7000,13.9700,21.6700
2025-03-21,5900,Qualifizierung,Qualifizierung,0.0000,0.0000,0.0000,2.1800,2.1800
2025-03-21,5223,WA,WA BS,0.0000,7.7000,0.0000,14.4500,22.1500
2025-03-21,5222,WE,WE BS,0.0000,7.7000,0.0000,46.0700,53.7700
2025-03-24,5240,AV,Arbeitsvorbereitung BS,0.0000,7.7000,0.0000,73.0800,80.7800
2025-03-24,5231,MR1,MR 1 Endmaße,0.0000,0.0000,0.0000,23.6000,23.6000
2025-03-24,5211,MR11,MR 11 KMG,0.0000,0.0000,0.0000,7.9300,7.9300
2025-03-24,5234,MR2,MR 2 Drehmomente,0.0000,0.0000,0.0000,23.5500,23.5500
2025-03-24,5236,MR3,MR 3 Messuhren,0.0000,0.0000,0.0000,30.8700,30.8700
2025-03-24,5239,MR5,MR 5 Bügelmessschrauben,0.0000,0.0000,0.0000,33.4100,33.4100
2025-03-24,5235,MR6,MR 6 Messschieber,0.0000,7.7000,0.0000,24.2200,31.9200
2025-03-24,5232,MR7,MR 7 Lehren,0.0000,0.0000,0.0000,61.3500,61.3500
2025-03-24,5238,MR8,MR 8 Temperatur,0.0000,0.0000,0.0000,7.8300,7.8300
2025-03-24,5237,MR9,MR 9 Elektro BS,0.0000,0.0000,0.0000,15.8200,15.8200
2025-03-24,5225,Packplatz,Packplatz,0.0000,0.0000,7.7000,14.1500,21.8500
2025-03-24,5900,Qualifizierung,Qualifizierung,0.0000,0.0000,0.0000,28.8900,28.8900
2025-03-24,5223,WA,WA BS,0.0000,0.0000,0.0000,29.0500,29.0500
2025-03-24,5222,WE,WE BS,0.0000,0.0000,0.0000,61.1900,61.1900
2025-03-25,5240,AV,Arbeitsvorbereitung BS,0.0000,7.7000,0.0000,75.2600,82.9600
2025-03-25,5231,MR1,MR 1 Endmaße,0.0000,0.0000,0.0000,21.9000,21.9000
2025-03-25,5211,MR11,MR 11 KMG,0.0000,0.0000,0.0000,7.9800,7.9800
2025-03-25,5212,MR12,MR 12 Druck,0.0000,0.0000,0.0000,8.8200,8.8200
2025-03-25,5234,MR2,MR 2 Drehmomente,0.0000,0.0000,0.0000,23.5000,23.5000
2025-03-25,5236,MR3,MR 3 Messuhren,0.0000,0.0000,0.0000,23.1400,23.1400
2025-03-25,5233,MR4,MR 4 Lohnmessung,0.0000,0.0000,0.0000,7.7000,7.7000
2025-03-25,5239,MR5,MR 5 Bügelmessschrauben,0.0000,0.0000,0.0000,36.9400,36.9400
2025-03-25,5235,MR6,MR 6 Messschieber,0.0000,7.7000,0.0000,32.0300,39.7300
2025-03-25,5232,MR7,MR 7 Lehren,0.0000,0.0000,0.0000,65.3700,65.3700
2025-03-25,5238,MR8,MR 8 Temperatur,0.0000,0.0000,0.0000,7.2000,7.2000
2025-03-25,5237,MR9,MR 9 Elektro BS,0.0000,0.0000,0.0000,16.4500,16.4500
2025-03-25,5225,Packplatz,Packplatz,0.0000,0.0000,7.7000,12.9000,20.6000
2025-03-25,5900,Qualifizierung,Qualifizierung,0.0000,0.0000,0.0000,27.3500,27.3500
2025-03-25,5223,WA,WA BS,0.0000,7.7000,0.0000,21.4000,29.1000
2025-03-25,5222,WE,WE BS,0.0000,0.0000,0.0000,61.4900,61.4900
2025-03-26,5240,AV,Arbeitsvorbereitung BS,0.0000,23.1000,0.0000,53.1000,76.2000
2025-03-26,5231,MR1,MR 1 Endmaße,0.0000,0.0000,0.0000,23.2700,23.2700
2025-03-26,5211,MR11,MR 11 KMG,0.0000,0.0000,0.0000,7.7000,7.7000
2025-03-26,5214,MR14,MR 14 Waage,0.0000,0.0000,0.0000,4.1800,4.1800
2025-03-26,5234,MR2,MR 2 Drehmomente,0.0000,0.0000,7.7000,10.4300,18.1300
2025-03-26,5236,MR3,MR 3 Messuhren,0.0000,0.0000,0.0000,19.4500,19.4500
2025-03-26,5233,MR4,MR 4 Lohnmessung,0.0000,0.0000,0.0000,7.7000,7.7000
2025-03-26,5239,MR5,MR 5 Bügelmessschrauben,0.0000,0.0000,0.0000,36.5800,36.5800
2025-03-26,5235,MR6,MR 6 Messschieber,0.0000,7.7000,0.0000,33.8900,41.5900
2025-03-26,5232,MR7,MR 7 Lehren,0.0000,0.0000,0.0000,62.3100,62.3100
2025-03-26,5238,MR8,MR 8 Temperatur,0.0000,0.0000,0.0000,6.5500,6.5500
2025-03-26,5237,MR9,MR 9 Elektro BS,0.0000,0.0000,0.0000,12.3700,12.3700
2025-03-26,5225,Packplatz,Packplatz,0.0000,0.0000,7.7000,15.0200,22.7200
2025-03-26,5900,Qualifizierung,Qualifizierung,0.0000,0.0000,0.0000,33.8100,33.8100
2025-03-26,5223,WA,WA BS,0.0000,7.7000,0.0000,29.0000,36.7000
2025-03-26,5222,WE,WE BS,0.0000,7.7000,0.0000,46.1000,53.8000
2025-03-27,5240,AV,Arbeitsvorbereitung BS,0.0000,7.7000,7.7000,70.1200,85.5200
2025-03-27,5231,MR1,MR 1 Endmaße,0.0000,0.0000,0.0000,22.6800,22.6800
2025-03-27,5211,MR11,MR 11 KMG,0.0000,0.0000,0.0000,7.7000,7.7000
2025-03-27,5234,MR2,MR 2 Drehmomente,0.0000,0.0000,0.0000,23.7000,23.7000
2025-03-27,5236,MR3,MR 3 Messuhren,0.0000,0.0000,0.0000,16.2500,16.2500
2025-03-27,5233,MR4,MR 4 Lohnmessung,0.0000,0.0000,0.0000,7.7000,7.7000
2025-03-27,5239,MR5,MR 5 Bügelmessschrauben,0.0000,0.0000,0.0000,37.7600,37.7600
2025-03-27,5235,MR6,MR 6 Messschieber,0.0000,7.7000,0.0000,36.9200,44.6200
2025-03-27,5232,MR7,MR 7 Lehren,0.0000,0.0000,0.0000,61.0200,61.0200
2025-03-27,5238,MR8,MR 8 Temperatur,0.0000,0.0000,0.0000,6.8900,6.8900
2025-03-27,5237,MR9,MR 9 Elektro BS,0.0000,0.0000,0.0000,16.4800,16.4800
2025-03-27,5225,Packplatz,Packplatz,0.0000,0.0000,7.7000,22.4400,30.1400
2025-03-27,5900,Qualifizierung,Qualifizierung,0.0000,0.0000,0.0000,40.8800,40.8800
2025-03-27,5223,WA,WA BS,0.0000,0.0000,0.0000,23.0300,23.0300
2025-03-27,5222,WE,WE BS,0.0000,0.0000,0.0000,53.7800,53.7800
2025-03-28,5240,AV,Arbeitsvorbereitung BS,0.0000,7.7000,7.7000,65.0600,80.4600
2025-03-28,5231,MR1,MR 1 Endmaße,0.0000,0.0000,0.0000,16.3800,16.3800
2025-03-28,5211,MR11,MR 11 KMG,0.0000,7.7000,0.0000,8.2700,15.9700
2025-03-28,5234,MR2,MR 2 Drehmomente,0.0000,0.0000,0.0000,28.5200,28.5200
2025-03-28,5236,MR3,MR 3 Messuhren,0.0000,0.0000,0.0000,13.8700,13.8700
2025-03-28,5233,MR4,MR 4 Lohnmessung,0.0000,0.0000,0.0000,8.2000,8.2000
2025-03-28,5239,MR5,MR 5 Bügelmessschrauben,0.0000,7.7000,0.0000,30.3800,38.0800
2025-03-28,5235,MR6,MR 6 Messschieber,0.0000,7.7000,0.0000,29.1800,36.8800
2025-03-28,5232,MR7,MR 7 Lehren,0.0000,0.0000,7.7000,52.4800,60.1800
2025-03-28,5238,MR8,MR 8 Temperatur,0.0000,0.0000,0.0000,5.4800,5.4800
2025-03-28,5237,MR9,MR 9 Elektro BS,0.0000,0.0000,0.0000,11.2500,11.2500
2025-03-28,5225,Packplatz,Packplatz,0.0000,0.0000,7.7000,21.8100,29.5100
2025-03-28,5900,Qualifizierung,Qualifizierung,0.0000,0.0000,0.0000,36.2100,36.2100
2025-03-28,5223,WA,WA BS,0.0000,0.0000,0.0000,23.1000,23.1000
2025-03-28,5222,WE,WE BS,0.0000,0.0000,0.0000,46.6500,46.6500
2025-03-29,5240,AV,Arbeitsvorbereitung BS,0.0000,0.0000,0.0000,39.9000,39.9000
2025-03-29,5234,MR2,MR 2 Drehmomente,0.0000,0.0000,0.0000,15.7500,15.7500
2025-03-29,5236,MR3,MR 3 Messuhren,0.0000,0.0000,0.0000,18.1000,18.1000
2025-03-29,5235,MR6,MR 6 Messschieber,0.0000,0.0000,0.0000,5.2700,5.2700
2025-03-29,5232,MR7,MR 7 Lehren,0.0000,0.0000,0.0000,8.7500,8.7500
2025-03-29,5238,MR8,MR 8 Temperatur,0.0000,0.0000,0.0000,6.0000,6.0000
2025-03-31,5240,AV,Arbeitsvorbereitung BS,7.7000,7.7000,0.0000,64.8200,80.2200
2025-03-31,5231,MR1,MR 1 Endmaße,0.0000,0.0000,0.0000,15.6500,15.6500
2025-03-31,5211,MR11,MR 11 KMG,0.0000,0.0000,0.0000,15.4000,15.4000
2025-03-31,5212,MR12,MR 12 Druck,0.0000,0.0000,0.0000,7.7000,7.7000
2025-03-31,5234,MR2,MR 2 Drehmomente,0.0000,0.0000,0.0000,34.6300,34.6300
2025-03-31,5236,MR3,MR 3 Messuhren,0.0000,0.0000,0.0000,23.0800,23.0800
2025-03-31,5233,MR4,MR 4 Lohnmessung,0.0000,0.0000,0.0000,6.7000,6.7000
2025-03-31,5239,MR5,MR 5 Bügelmessschrauben,0.0000,7.7000,0.0000,29.0200,36.7200
2025-03-31,5235,MR6,MR 6 Messschieber,0.0000,7.7000,0.0000,21.3000,29.0000
2025-03-31,5232,MR7,MR 7 Lehren,0.0000,0.0000,0.0000,69.3100,69.3100
2025-03-31,5238,MR8,MR 8 Temperatur,0.0000,0.0000,0.0000,7.3200,7.3200
2025-03-31,5237,MR9,MR 9 Elektro BS,0.0000,0.0000,0.0000,15.7700,15.7700
2025-03-31,5225,Packplatz,Packplatz,0.0000,0.0000,0.0000,23.1900,23.1900
2025-03-31,5900,Qualifizierung,Qualifizierung,0.0000,0.0000,0.0000,17.3200,17.3200
2025-03-31,5223,WA,WA BS,0.0000,0.0000,0.0000,36.2200,36.2200
2025-03-31,5222,WE,WE BS,0.0000,0.0000,0.0000,46.1700,46.1700
2025-04-01,5240,AV,Arbeitsvorbereitung BS,7.7000,7.7000,0.0000,68.2800,83.6800
2025-04-01,5231,MR1,MR 1 Endmaße,0.0000,0.0000,0.0000,21.4000,21.4000
2025-04-01,5211,MR11,MR 11 KMG,0.0000,0.0000,0.0000,15.0000,15.0000
2025-04-01,5214,MR14,MR 14 Waage,0.0000,0.0000,0.0000,4.2700,4.2700
2025-04-01,5234,MR2,MR 2 Drehmomente,0.0000,0.0000,0.0000,26.4700,26.4700
2025-04-01,5236,MR3,MR 3 Messuhren,0.0000,0.0000,0.0000,37.9100,37.9100
2025-04-01,5233,MR4,MR 4 Lohnmessung,0.0000,0.0000,0.0000,6.3200,6.3200
2025-04-01,5239,MR5,MR 5 Bügelmessschrauben,0.0000,7.7000,0.0000,29.9200,37.6200
2025-04-01,5235,MR6,MR 6 Messschieber,0.0000,0.0000,0.0000,30.9300,30.9300
2025-04-01,5232,MR7,MR 7 Lehren,0.0000,0.0000,0.0000,67.5500,67.5500
2025-04-01,5238,MR8,MR 8 Temperatur,0.0000,0.0000,0.0000,9.8000,9.8000
2025-04-01,5237,MR9,MR 9 Elektro BS,0.0000,0.0000,0.0000,11.3100,11.3100
2025-04-01,5225,Packplatz,Packplatz,0.0000,0.0000,0.0000,21.7000,21.7000
2025-04-01,5900,Qualifizierung,Qualifizierung,0.0000,0.0000,0.0000,26.9200,26.9200
2025-04-01,5223,WA,WA BS,0.0000,0.0000,0.0000,24.2700,24.2700
2025-04-01,5222,WE,WE BS,0.0000,0.0000,0.0000,48.2600,48.2600
2025-04-02,5240,AV,Arbeitsvorbereitung BS,0.0000,7.7000,0.0000,67.1600,74.8600
2025-04-02,5231,MR1,MR 1 Endmaße,0.0000,0.0000,0.0000,21.4000,21.4000
2025-04-02,5211,MR11,MR 11 KMG,0.0000,0.0000,0.0000,15.8000,15.8000
2025-04-02,5214,MR14,MR 14 Waage,0.0000,0.0000,0.0000,7.5500,7.5500
2025-04-02,5234,MR2,MR 2 Drehmomente,0.0000,7.7000,0.0000,45.9100,53.6100
2025-04-02,5236,MR3,MR 3 Messuhren,0.0000,0.0000,0.0000,29.5300,29.5300
2025-04-02,5233,MR4,MR 4 Lohnmessung,0.0000,0.0000,0.0000,7.7000,7.7000
2025-04-02,5239,MR5,MR 5 Bügelmessschrauben,0.0000,0.0000,0.0000,36.6700,36.6700
2025-04-02,5235,MR6,MR 6 Messschieber,0.0000,0.0000,0.0000,35.7800,35.7800
2025-04-02,5232,MR7,MR 7 Lehren,0.0000,0.0000,0.0000,54.8200,54.8200
2025-04-02,5238,MR8,MR 8 Temperatur,0.0000,0.0000,0.0000,5.9700,5.9700
2025-04-02,5237,MR9,MR 9 Elektro BS,0.0000,0.0000,0.0000,9.8700,9.8700
2025-04-02,5225,Packplatz,Packplatz,0.0000,0.0000,0.0000,22.5500,22.5500
2025-04-02,5900,Qualifizierung,Qualifizierung,0.0000,0.0000,0.0000,20.5700,20.5700
2025-04-02,5223,WA,WA BS,0.0000,0.0000,0.0000,35.6600,35.6600
2025-04-02,5222,WE,WE BS,0.0000,0.0000,0.0000,44.9600,44.9600
2025-04-03,5240,AV,Arbeitsvorbereitung BS,0.0000,7.7000,0.0000,78.2200,85.9200
2025-04-03,5231,MR1,MR 1 Endmaße,0.0000,0.0000,0.0000,24.6000,24.6000
2025-04-03,5211,MR11,MR 11 KMG,0.0000,0.0000,0.0000,10.1800,10.1800
2025-04-03,5214,MR14,MR 14 Waage,0.0000,0.0000,0.0000,2.1500,2.1500
2025-04-03,5234,MR2,MR 2 Drehmomente,0.0000,7.7000,0.0000,39.9200,47.6200
2025-04-03,5236,MR3,MR 3 Messuhren,0.0000,0.0000,0.0000,31.4500,31.4500
2025-04-03,5233,MR4,MR 4 Lohnmessung,0.0000,0.0000,0.0000,7.7000,7.7000
2025-04-03,5239,MR5,MR 5 Bügelmessschrauben,0.0000,7.7000,0.0000,35.2300,42.9300
2025-04-03,5235,MR6,MR 6 Messschieber,0.0000,0.0000,0.0000,28.3800,28.3800
2025-04-03,5232,MR7,MR 7 Lehren,0.0000,0.0000,0.0000,53.0000,53.0000
2025-04-03,5238,MR8,MR 8 Temperatur,0.0000,0.0000,0.0000,7.3300,7.3300
2025-04-03,5237,MR9,MR 9 Elektro BS,0.0000,0.0000,0.0000,20.9300,20.9300
2025-04-03,5225,Packplatz,Packplatz,0.0000,0.0000,0.0000,22.6200,22.6200
2025-04-03,5900,Qualifizierung,Qualifizierung,0.0000,0.0000,0.0000,10.1400,10.1400
2025-04-03,5223,WA,WA BS,0.0000,0.0000,0.0000,22.6700,22.6700
2025-04-03,5222,WE,WE BS,0.0000,0.0000,7.7000,46.5500,54.2500
2025-04-04,5240,AV,Arbeitsvorbereitung BS,0.0000,7.7000,0.0000,69.7800,77.4800
2025-04-04,5231,MR1,MR 1 Endmaße,0.0000,0.0000,0.0000,29.1000,29.1000
2025-04-04,5211,MR11,MR 11 KMG,0.0000,0.0000,0.0000,15.9000,15.9000
2025-04-04,5234,MR2,MR 2 Drehmomente,0.0000,7.7000,0.0000,22.4100,30.1100
2025-04-04,5236,MR3,MR 3 Messuhren,0.0000,0.0000,0.0000,30.7800,30.7800
2025-04-04,5233,MR4,MR 4 Lohnmessung,0.0000,0.0000,0.0000,7.2000,7.2000
2025-04-04,5239,MR5,MR 5 Bügelmessschrauben,0.0000,7.7000,0.0000,34.8500,42.5500
2025-04-04,5235,MR6,MR 6 Messschieber,0.0000,0.0000,0.0000,27.2000,27.2000
2025-04-04,5232,MR7,MR 7 Lehren,0.0000,0.0000,7.7000,53.9200,61.6200
2025-04-04,5238,MR8,MR 8 Temperatur,0.0000,0.0000,0.0000,13.6500,13.6500
2025-04-04,5237,MR9,MR 9 Elektro BS,0.0000,0.0000,0.0000,7.2300,7.2300
2025-04-04,5225,Packplatz,Packplatz,0.0000,0.0000,0.0000,22.1500,22.1500
2025-04-04,5230,Springer,PRÜFER BS,0.0000,0.0000,0.0000,7.6800,7.6800
2025-04-04,5900,Qualifizierung,Qualifizierung,0.0000,0.0000,0.0000,17.3000,17.3000
2025-04-04,5223,WA,WA BS,0.0000,0.0000,0.0000,20.9100,20.9100
2025-04-04,5222,WE,WE BS,0.0000,0.0000,15.4000,38.4800,53.8800
2025-04-05,5240,AV,Arbeitsvorbereitung BS,0.0000,0.0000,0.0000,5.1800,5.1800
2025-04-05,5231,MR1,MR 1 Endmaße,0.0000,0.0000,0.0000,5.1300,5.1300
2025-04-05,5236,MR3,MR 3 Messuhren,0.0000,0.0000,0.0000,6.0000,6.0000
2025-04-05,5232,MR7,MR 7 Lehren,0.0000,0.0000,0.0000,16.0300,16.0300
2025-04-05,5238,MR8,MR 8 Temperatur,0.0000,0.0000,0.0000,5.0200,5.0200
2025-04-05,5237,MR9,MR 9 Elektro BS,0.0000,0.0000,0.0000,5.9500,5.9500
2025-04-07,5240,AV,Arbeitsvorbereitung BS,0.0000,0.0000,15.4000,64.5600,79.9600
2025-04-07,5231,MR1,MR 1 Endmaße,0.0000,6.0000,0.0000,21.0700,27.0700
2025-04-07,5211,MR11,MR 11 KMG,0.0000,0.0000,0.0000,15.3700,15.3700
2025-04-07,5234,MR2,MR 2 Drehmomente,0.0000,0.0000,7.7000,31.6000,39.3000
2025-04-07,5236,MR3,MR 3 Messuhren,0.0000,7.7000,7.7000,8.1700,23.5700
2025-04-07,5233,MR4,MR 4 Lohnmessung,0.0000,0.0000,0.0000,7.7000,7.7000
2025-04-07,5239,MR5,MR 5 Bügelmessschrauben,0.0000,0.0000,7.7000,38.4900,46.1900
2025-04-07,5235,MR6,MR 6 Messschieber,0.0000,0.0000,0.0000,20.7000,20.7000
2025-04-07,5232,MR7,MR 7 Lehren,0.0000,0.0000,15.4000,51.5800,66.9800
2025-04-07,5238,MR8,MR 8 Temperatur,0.0000,0.0000,0.0000,15.4000,15.4000
2025-04-07,5237,MR9,MR 9 Elektro BS,0.0000,0.0000,0.0000,7.7000,7.7000
2025-04-07,5225,Packplatz,Packplatz,0.0000,0.0000,0.0000,19.3500,19.3500
2025-04-07,5230,Springer,PRÜFER BS,0.0000,0.0000,0.0000,7.7000,7.7000
2025-04-07,5900,Qualifizierung,Qualifizierung,0.0000,0.0000,0.0000,17.0100,17.0100
2025-04-07,5223,WA,WA BS,0.0000,0.0000,0.0000,29.7000,29.7000
2025-04-07,5222,WE,WE BS,0.0000,0.0000,7.7000,53.8100,61.5100
2025-04-08,5240,AV,Arbeitsvorbereitung BS,0.0000,15.4000,7.7000,58.7800,81.8800
2025-04-08,5231,MR1,MR 1 Endmaße,0.0000,0.0000,0.0000,28.0000,28.0000
2025-04-08,5211,MR11,MR 11 KMG,0.0000,0.0000,0.0000,12.6800,12.6800
2025-04-08,5212,MR12,MR 12 Druck,0.0000,0.0000,0.0000,4.0700,4.0700
2025-04-08,5214,MR14,MR 14 Waage,0.0000,0.0000,0.0000,7.2000,7.2000
2025-04-08,5234,MR2,MR 2 Drehmomente,0.0000,0.0000,7.7000,32.2100,39.9100
2025-04-08,5236,MR3,MR 3 Messuhren,0.0000,7.7000,7.7000,11.1600,26.5600
2025-04-08,5233,MR4,MR 4 Lohnmessung,0.0000,0.0000,0.0000,7.7000,7.7000
2025-04-08,5239,MR5,MR 5 Bügelmessschrauben,0.4700,7.7000,7.7000,23.0000,38.8700
2025-04-08,5235,MR6,MR 6 Messschieber,0.0000,0.0000,0.0000,20.7200,20.7200
2025-04-08,5232,MR7,MR 7 Lehren,0.0000,0.0000,7.7000,62.5500,70.2500
2025-04-08,5238,MR8,MR 8 Temperatur,0.0000,0.0000,0.0000,10.9200,10.9200
2025-04-08,5237,MR9,MR 9 Elektro BS,0.0000,0.0000,0.0000,0.5000,0.5000
2025-04-08,5225,Packplatz,Packplatz,0.0000,0.0000,0.0000,22.3000,22.3000
2025-04-08,5230,Springer,PRÜFER BS,0.0000,0.0000,0.0000,7.7000,7.7000
2025-04-08,5900,Qualifizierung,Qualifizierung,0.0000,0.0000,0.0000,26.3500,26.3500
2025-04-08,5223,WA,WA BS,0.0000,0.0000,0.0000,31.4300,31.4300
2025-04-08,5222,WE,WE BS,0.0000,0.0000,7.7000,42.9000,50.6000
2025-04-09,5240,AV,Arbeitsvorbereitung BS,0.0000,7.7000,7.7000,61.5900,76.9900
2025-04-09,5231,MR1,MR 1 Endmaße,0.0000,0.0000,0.0000,21.4500,21.4500
2025-04-09,5211,MR11,MR 11 KMG,0.0000,0.0000,0.0000,15.4000,15.4000
2025-04-09,5214,MR14,MR 14 Waage,0.0000,0.0000,0.0000,2.9000,2.9000
2025-04-09,5234,MR2,MR 2 Drehmomente,0.0000,0.0000,7.7000,29.5700,37.2700
2025-04-09,5236,MR3,MR 3 Messuhren,0.0000,7.7000,7.7000,15.9300,31.3300
2025-04-09,5233,MR4,MR 4 Lohnmessung,0.0000,0.0000,0.0000,7.7000,7.7000
2025-04-09,5239,MR5,MR 5 Bügelmessschrauben,0.0000,7.7000,7.7000,29.5700,44.9700
2025-04-09,5235,MR6,MR 6 Messschieber,0.0000,0.0000,0.0000,18.3700,18.3700
2025-04-09,5232,MR7,MR 7 Lehren,0.0000,0.0000,7.7000,61.7800,69.4800
2025-04-09,5238,MR8,MR 8 Temperatur,0.0000,0.0000,0.0000,13.6300,13.6300
2025-04-09,5237,MR9,MR 9 Elektro BS,0.0000,0.0000,0.0000,4.8000,4.8000
2025-04-09,5225,Packplatz,Packplatz,0.0000,0.0000,0.0000,21.7700,21.7700
2025-04-09,5230,Springer,PRÜFER BS,0.0000,0.0000,0.0000,7.7000,7.7000
2025-04-09,5900,Qualifizierung,Qualifizierung,0.0000,0.0000,0.0000,25.2600,25.2600
2025-04-09,5223,WA,WA BS,0.0000,0.0000,0.0000,27.1500,27.1500
2025-04-09,5222,WE,WE BS,0.0000,0.0000,7.7000,54.4300,62.1300
2025-04-10,5240,AV,Arbeitsvorbereitung BS,0.0000,7.7000,7.7000,67.2000,82.6000
2025-04-10,5231,MR1,MR 1 Endmaße,0.0000,0.0000,0.0000,17.5500,17.5500
2025-04-10,5211,MR11,MR 11 KMG,0.0000,0.0000,0.0000,0.6000,0.6000
2025-04-10,5234,MR2,MR 2 Drehmomente,0.0000,0.0000,7.7000,32.1700,39.8700
2025-04-10,5236,MR3,MR 3 Messuhren,0.0000,7.7000,7.7000,17.1900,32.5900
2025-04-10,5233,MR4,MR 4 Lohnmessung,0.0000,0.0000,0.0000,12.4000,12.4000
2025-04-10,5239,MR5,MR 5 Bügelmessschrauben,0.0000,7.7000,7.7000,32.9900,48.3900
2025-04-10,5235,MR6,MR 6 Messschieber,0.0000,0.0000,0.0000,20.3800,20.3800
2025-04-10,5232,MR7,MR 7 Lehren,0.0000,0.0000,7.7000,61.4100,69.1100
2025-04-10,5238,MR8,MR 8 Temperatur,0.0000,0.0000,0.0000,13.7000,13.7000
2025-04-10,5237,MR9,MR 9 Elektro BS,0.0000,7.7000,0.0000,,7.7000
2025-04-10,5225,Packplatz,Packplatz,0.0000,0.0000,0.0000,22.5400,22.5400
2025-04-10,5230,Springer,PRÜFER BS,0.0000,0.0000,0.0000,7.7000,7.7000
2025-04-10,5900,Qualifizierung,Qualifizierung,0.0000,0.0000,0.0000,23.7100,23.7100
2025-04-10,5223,WA,WA BS,0.0000,0.0000,0.0000,23.1000,23.1000
2025-04-10,5222,WE,WE BS,0.0000,0.0000,7.7000,53.7400,61.4400
2025-04-11,5240,AV,Arbeitsvorbereitung BS,0.0000,7.7000,7.7000,64.4000,79.8000
2025-04-11,5231,MR1,MR 1 Endmaße,0.0000,0.0000,0.0000,29.1000,29.1000
2025-04-11,5211,MR11,MR 11 KMG,0.0000,0.0000,0.0000,10.4300,10.4300
2025-04-11,5214,MR14,MR 14 Waage,0.0000,0.0000,0.0000,1.1000,1.1000
2025-04-11,5234,MR2,MR 2 Drehmomente,0.0000,0.0000,7.7000,22.7800,30.4800
2025-04-11,5236,MR3,MR 3 Messuhren,0.0000,7.7000,7.7000,20.8700,36.2700
2025-04-11,5233,MR4,MR 4 Lohnmessung,0.0000,0.0000,0.0000,8.2000,8.2000
2025-04-11,5239,MR5,MR 5 Bügelmessschrauben,0.0000,7.7000,7.7000,27.7300,43.1300
2025-04-11,5235,MR6,MR 6 Messschieber,0.0000,0.0000,0.0000,19.3300,19.3300
2025-04-11,5232,MR7,MR 7 Lehren,0.0000,7.7000,7.7000,47.7600,63.1600
2025-04-11,5238,MR8,MR 8 Temperatur,0.0000,0.0000,0.0000,10.6600,10.6600
2025-04-11,5237,MR9,MR 9 Elektro BS,0.0000,7.7000,0.0000,,7.7000
2025-04-11,5225,Packplatz,Packplatz,0.0000,0.0000,7.7000,14.6800,22.3800
2025-04-11,5230,Springer,PRÜFER BS,0.0000,0.0000,0.0000,7.7000,7.7000
2025-04-11,5900,Qualifizierung,Qualifizierung,0.0000,0.0000,0.0000,19.1600,19.1600
2025-04-11,5223,WA,WA BS,0.0000,0.0000,0.0000,13.4000,13.4000
2025-04-11,5222,WE,WE BS,0.0000,0.0000,15.4000,49.2300,64.6300
2025-04-12,5240,AV,Arbeitsvorbereitung BS,0.0000,0.0000,0.0000,21.9100,21.9100
2025-04-12,5234,MR2,MR 2 Drehmomente,0.0000,0.0000,0.0000,13.2500,13.2500
2025-04-12,5236,MR3,MR 3 Messuhren,0.0000,0.0000,0.0000,4.3800,4.3800
2025-04-12,5239,MR5,MR 5 Bügelmessschrauben,0.0000,0.0000,0.0000,4.7700,4.7700
2025-04-12,5232,MR7,MR 7 Lehren,0.0000,0.0000,0.0000,4.1700,4.1700
2025-04-12,5223,WA,WA BS,0.0000,0.0000,0.0000,6.3200,6.3200
2025-04-14,5240,AV,Arbeitsvorbereitung BS,0.0000,0.0000,5.0000,74.4600,79.4600
2025-04-14,5231,MR1,MR 1 Endmaße,0.0000,0.0000,0.0000,26.7300,26.7300
2025-04-14,5211,MR11,MR 11 KMG,0.0000,0.0000,0.0000,15.4000,15.4000
2025-04-14,5234,MR2,MR 2 Drehmomente,0.0000,0.0000,15.4000,30.9200,46.3200
2025-04-14,5236,MR3,MR 3 Messuhren,0.0000,0.0000,7.7000,15.4000,23.1000
2025-04-14,5233,MR4,MR 4 Lohnmessung,0.0000,0.0000,0.0000,7.6800,7.6800
2025-04-14,5239,MR5,MR 5 Bügelmessschrauben,0.0000,0.0000,7.7000,30.8000,38.5000
2025-04-14,5235,MR6,MR 6 Messschieber,0.0000,0.0000,5.0000,20.9700,25.9700
2025-04-14,5232,MR7,MR 7 Lehren,0.0000,0.0000,7.7000,50.7300,58.4300
2025-04-14,5238,MR8,MR 8 Temperatur,0.0000,0.0000,7.7000,7.7000,15.4000
2025-04-14,5237,MR9,MR 9 Elektro BS,0.0000,7.7000,0.0000,,7.7000
2025-04-14,5225,Packplatz,Packplatz,0.0000,0.0000,7.7000,15.3300,23.0300
2025-04-14,5230,Springer,PRÜFER BS,0.0000,0.0000,0.0000,7.7000,7.7000
2025-04-14,5900,Qualifizierung,Qualifizierung,0.0000,0.0000,0.0000,22.5800,22.5800
2025-04-14,5223,WA,WA BS,0.0000,7.7000,7.7000,13.9800,29.3800
2025-04-14,5222,WE,WE BS,0.0000,0.0000,23.1000,36.3900,59.4900
2025-04-15,5240,AV,Arbeitsvorbereitung BS,0.0000,0.0000,5.0000,78.6200,83.6200
2025-04-15,5231,MR1,MR 1 Endmaße,0.0000,0.0000,0.0000,21.4200,21.4200
2025-04-15,5211,MR11,MR 11 KMG,0.0000,0.0000,0.0000,15.4000,15.4000
2025-04-15,5214,MR14,MR 14 Waage,0.0000,0.0000,0.0000,2.1800,2.1800
2025-04-15,5234,MR2,MR 2 Drehmomente,0.0000,0.0000,15.4000,30.8200,46.2200
2025-04-15,5236,MR3,MR 3 Messuhren,0.0000,0.0000,7.7000,15.4000,23.1000
2025-04-15,5233,MR4,MR 4 Lohnmessung,0.0000,0.0000,0.0000,6.2500,6.2500
2025-04-15,5239,MR5,MR 5 Bügelmessschrauben,0.0000,7.7000,7.7000,30.7600,46.1600
2025-04-15,5235,MR6,MR 6 Messschieber,0.0000,0.0000,5.0000,20.8500,25.8500
2025-04-15,5232,MR7,MR 7 Lehren,0.0000,0.0000,7.7000,53.8300,61.5300
2025-04-15,5238,MR8,MR 8 Temperatur,0.0000,0.0000,7.7000,7.7000,15.4000
2025-04-15,5237,MR9,MR 9 Elektro BS,0.0000,7.7000,0.0000,,7.7000
2025-04-15,5225,Packplatz,Packplatz,0.0000,0.0000,7.7000,15.4000,23.1000
2025-04-15,5230,Springer,PRÜFER BS,0.0000,0.0000,0.0000,7.7000,7.7000
2025-04-15,5900,Qualifizierung,Qualifizierung,0.0000,0.0000,0.0000,20.9600,20.9600
2025-04-15,5223,WA,WA BS,0.0000,0.0000,7.7000,21.4000,29.1000
2025-04-15,5222,WE,WE BS,0.0000,0.0000,15.4000,46.2000,61.6000
2025-04-16,5240,AV,Arbeitsvorbereitung BS,0.0000,0.0000,0.0000,63.6100,63.6100
2025-04-16,5231,MR1,MR 1 Endmaße,0.0000,0.0000,0.0000,19.7900,19.7900
2025-04-16,5211,MR11,MR 11 KMG,0.0000,0.0000,0.0000,5.9700,5.9700
2025-04-16,5234,MR2,MR 2 Drehmomente,0.0000,0.0000,23.1000,30.8000,53.9000
2025-04-16,5236,MR3,MR 3 Messuhren,0.0000,0.0000,7.7000,15.7800,23.4800
2025-04-16,5233,MR4,MR 4 Lohnmessung,0.0000,0.0000,0.0000,7.7000,7.7000
2025-04-16,5239,MR5,MR 5 Bügelmessschrauben,0.0000,7.7000,7.7000,29.4500,44.8500
2025-04-16,5235,MR6,MR 6 Messschieber,0.0000,0.0000,5.0000,23.1000,28.1000
2025-04-16,5232,MR7,MR 7 Lehren,0.0000,0.0000,23.1000,39.5500,62.6500
2025-04-16,5238,MR8,MR 8 Temperatur,0.0000,0.0000,7.7000,7.7000,15.4000
2025-04-16,5237,MR9,MR 9 Elektro BS,0.0000,7.7000,0.0000,,7.7000
2025-04-16,5225,Packplatz,Packplatz,0.0000,0.0000,7.7000,21.1800,28.8800
2025-04-16,5230,Springer,PRÜFER BS,0.0000,0.0000,0.0000,7.7000,7.7000
2025-04-16,5900,Qualifizierung,Qualifizierung,0.0000,0.0000,0.0000,12.8100,12.8100
2025-04-16,5223,WA,WA BS,0.0000,0.0000,7.7000,17.8700,25.5700
2025-04-16,5222,WE,WE BS,0.0000,0.0000,15.4000,46.2000,61.6000
2025-04-17,5240,AV,Arbeitsvorbereitung BS,0.0000,0.0000,12.8300,53.9400,66.7700
2025-04-17,5231,MR1,MR 1 Endmaße,0.0000,0.0000,0.0000,17.1500,17.1500
2025-04-17,5211,MR11,MR 11 KMG,0.0000,0.0000,0.0000,13.4100,13.4100
2025-04-17,5234,MR2,MR 2 Drehmomente,0.0000,0.0000,23.1000,30.7800,53.8800
2025-04-17,5236,MR3,MR 3 Messuhren,0.0000,5.8500,7.7000,8.3000,21.8500
2025-04-17,5233,MR4,MR 4 Lohnmessung,0.0000,0.0000,0.0000,7.7000,7.7000
2025-04-17,5239,MR5,MR 5 Bügelmessschrauben,0.0000,7.7000,7.7000,30.3700,45.7700
2025-04-17,5235,MR6,MR 6 Messschieber,0.0000,0.0000,5.0000,22.0800,27.0800
2025-04-17,5232,MR7,MR 7 Lehren,0.0000,0.0000,23.1000,38.5000,61.6000
2025-04-17,5238,MR8,MR 8 Temperatur,0.0000,0.0000,7.7000,7.7000,15.4000
2025-04-17,5237,MR9,MR 9 Elektro BS,0.0000,7.7000,0.0000,,7.7000
2025-04-17,5225,Packplatz,Packplatz,0.0000,0.0000,15.2700,15.1800,30.4500
2025-04-17,5230,Springer,PRÜFER BS,0.0000,0.0000,0.0000,7.7000,7.7000
2025-04-17,5900,Qualifizierung,Qualifizierung,0.0000,1.8500,0.0000,8.9800,10.8300
2025-04-17,5223,WA,WA BS,0.0000,0.0000,7.7000,14.2800,21.9800
2025-04-17,5222,WE,WE BS,0.0000,0.0000,15.4000,46.0100,61.4100
2025-04-18,5239,MR5,MR 5 Bügelmessschrauben,0.0000,7.7000,0.0000,,7.7000
2025-04-22,5240,AV,Arbeitsvorbereitung BS,0.0000,0.0000,15.4000,57.7000,73.1000
2025-04-22,5231,MR1,MR 1 Endmaße,0.0000,0.0000,13.7000,15.4000,29.1000
2025-04-22,5211,MR11,MR 11 KMG,0.0000,0.0000,0.0000,15.4000,15.4000
2025-04-22,5212,MR12,MR 12 Druck,0.0000,0.0000,0.0000,7.4200,7.4200
2025-04-22,5214,MR14,MR 14 Waage,0.0000,0.0000,0.0000,3.1200,3.1200
2025-04-22,5234,MR2,MR 2 Drehmomente,0.0000,0.0000,7.7000,30.2700,37.9700
2025-04-22,5236,MR3,MR 3 Messuhren,0.0000,0.0000,7.7000,15.8500,23.5500
2025-04-22,5233,MR4,MR 4 Lohnmessung,0.0000,0.0000,7.7000,,7.7000
2025-04-22,5239,MR5,MR 5 Bügelmessschrauben,0.0000,7.7000,7.7000,29.7500,45.1500
2025-04-22,5235,MR6,MR 6 Messschieber,0.0000,0.0000,7.7000,17.4300,25.1300
2025-04-22,5232,MR7,MR 7 Lehren,0.0000,0.0000,23.1000,38.4800,61.5800
2025-04-22,5238,MR8,MR 8 Temperatur,0.0000,0.0000,7.7000,7.7000,15.4000
2025-04-22,5237,MR9,MR 9 Elektro BS,0.0000,0.0000,0.0000,7.7000,7.7000
2025-04-22,5225,Packplatz,Packplatz,0.0000,0.0000,7.7000,22.1400,29.8400
2025-04-22,5230,Springer,PRÜFER BS,0.0000,0.0000,0.0000,7.7000,7.7000
2025-04-22,5900,Qualifizierung,Qualifizierung,0.0000,0.0000,0.0000,12.3800,12.3800
2025-04-22,5223,WA,WA BS,0.0000,0.0000,7.7000,20.7200,28.4200
2025-04-22,5222,WE,WE BS,0.0000,0.0000,0.0000,61.5500,61.5500
2025-04-23,5240,AV,Arbeitsvorbereitung BS,0.0000,0.0000,7.7000,57.9800,65.6800
2025-04-23,5231,MR1,MR 1 Endmaße,0.0000,0.0000,13.7000,5.6500,19.3500
2025-04-23,5211,MR11,MR 11 KMG,0.0000,0.0000,0.0000,9.2300,9.2300
2025-04-23,5234,MR2,MR 2 Drehmomente,0.0000,0.0000,7.7000,46.8500,54.5500
2025-04-23,5236,MR3,MR 3 Messuhren,0.0000,0.0000,7.7000,19.2300,26.9300
2025-04-23,5233,MR4,MR 4 Lohnmessung,0.0000,0.0000,7.7000,,7.7000
2025-04-23,5239,MR5,MR 5 Bügelmessschrauben,0.0000,7.7000,7.7000,28.2500,43.6500
2025-04-23,5235,MR6,MR 6 Messschieber,0.0000,0.0000,7.7000,19.4300,27.1300
2025-04-23,5232,MR7,MR 7 Lehren,0.0000,0.0000,23.1000,38.2500,61.3500
2025-04-23,5238,MR8,MR 8 Temperatur,0.0000,0.0000,7.7000,5.9500,13.6500
2025-04-23,5237,MR9,MR 9 Elektro BS,0.0000,0.0000,0.0000,7.7000,7.7000
2025-04-23,5225,Packplatz,Packplatz,0.0000,0.0000,7.7000,23.1400,30.8400
2025-04-23,5230,Springer,PRÜFER BS,0.0000,0.0000,0.0000,7.7000,7.7000
2025-04-23,5900,Qualifizierung,Qualifizierung,0.0000,0.0000,0.0000,2.7200,2.7200
2025-04-23,5223,WA,WA BS,0.0000,0.0000,7.7000,25.8300,33.5300
2025-04-23,5222,WE,WE BS,0.0000,7.7000,0.0000,46.2000,53.9000
2025-04-24,5240,AV,Arbeitsvorbereitung BS,0.0000,0.0000,0.0000,75.3500,75.3500
2025-04-24,5231,MR1,MR 1 Endmaße,0.0000,0.0000,13.7000,12.9000,26.6000
2025-04-24,5211,MR11,MR 11 KMG,0.0000,0.0000,0.0000,7.7200,7.7200
2025-04-24,5212,MR12,MR 12 Druck,0.0000,0.0000,0.0000,6.2000,6.2000
2025-04-24,5214,MR14,MR 14 Waage,0.0000,0.0000,0.0000,3.1200,3.1200
2025-04-24,5234,MR2,MR 2 Drehmomente,0.0000,0.0000,7.7000,44.2200,51.9200
2025-04-24,5236,MR3,MR 3 Messuhren,0.0000,0.0000,7.7000,22.6800,30.3800
2025-04-24,5233,MR4,MR 4 Lohnmessung,0.0000,0.0000,7.7000,,7.7000
2025-04-24,5239,MR5,MR 5 Bügelmessschrauben,0.0000,7.7000,0.0000,38.8500,46.5500
2025-04-24,5235,MR6,MR 6 Messschieber,0.0000,0.0000,7.7000,17.2800,24.9800
2025-04-24,5232,MR7,MR 7 Lehren,0.0000,0.0000,23.1000,38.5000,61.6000
2025-04-24,5238,MR8,MR 8 Temperatur,0.0000,0.0000,7.7000,1.5000,9.2000
2025-04-24,5237,MR9,MR 9 Elektro BS,0.0000,0.0000,0.0000,7.7000,7.7000
2025-04-24,5225,Packplatz,Packplatz,0.0000,0.0000,7.7000,19.1500,26.8500
2025-04-24,5230,Springer,PRÜFER BS,0.0000,0.0000,0.0000,7.7000,7.7000
2025-04-24,5900,Qualifizierung,Qualifizierung,0.0000,0.0000,0.0000,3.3300,3.3300
2025-04-24,5223,WA,WA BS,0.0000,0.0000,7.7000,23.0800,30.7800
2025-04-24,5222,WE,WE BS,0.0000,0.0000,0.0000,53.8800,53.8800
2025-04-25,5240,AV,Arbeitsvorbereitung BS,0.0000,0.0000,0.0000,65.2500,65.2500
2025-04-25,5231,MR1,MR 1 Endmaße,0.0000,0.0000,13.7000,10.8000,24.5000
2025-04-25,5211,MR11,MR 11 KMG,0.0000,0.0000,0.0000,12.8200,12.8200
2025-04-25,5212,MR12,MR 12 Druck,0.0000,0.0000,0.0000,5.6500,5.6500
2025-04-25,5234,MR2,MR 2 Drehmomente,0.0000,0.0000,7.7000,45.6300,53.3300
2025-04-25,5236,MR3,MR 3 Messuhren,0.0000,0.0000,7.7000,23.0300,30.7300
2025-04-25,5233,MR4,MR 4 Lohnmessung,0.0000,0.0000,7.7000,,7.7000
2025-04-25,5239,MR5,MR 5 Bügelmessschrauben,0.0000,15.4000,0.0000,27.9400,43.3400
2025-04-25,5235,MR6,MR 6 Messschieber,0.0000,0.0000,7.7000,20.4000,28.1000
2025-04-25,5232,MR7,MR 7 Lehren,0.0000,0.0000,23.1000,38.3000,61.4000
2025-04-25,5238,MR8,MR 8 Temperatur,0.0000,0.0000,7.7000,1.3300,9.0300
2025-04-25,5237,MR9,MR 9 Elektro BS,0.0000,0.0000,0.0000,8.2000,8.2000
2025-04-25,5225,Packplatz,Packplatz,0.0000,0.0000,7.7000,21.5500,29.2500
2025-04-25,5230,Springer,PRÜFER BS,0.0000,0.0000,0.0000,7.7000,7.7000
2025-04-25,5900,Qualifizierung,Qualifizierung,0.0000,0.0000,0.0000,6.6200,6.6200
2025-04-25,5223,WA,WA BS,0.0000,0.0000,7.7000,20.3100,28.0100
2025-04-25,5222,WE,WE BS,0.0000,0.0000,0.0000,54.1500,54.1500
2025-04-26,5240,AV,Arbeitsvorbereitung BS,0.0000,0.0000,0.0000,20.8600,20.8600
2025-04-26,5211,MR11,MR 11 KMG,0.0000,0.0000,0.0000,4.7000,4.7000
2025-04-26,5234,MR2,MR 2 Drehmomente,0.0000,0.0000,0.0000,7.2800,7.2800
2025-04-26,5239,MR5,MR 5 Bügelmessschrauben,0.0000,0.0000,0.0000,9.3000,9.3000
2025-04-26,5232,MR7,MR 7 Lehren,0.0000,0.0000,0.0000,11.3300,11.3300
2025-04-28,5240,AV,Arbeitsvorbereitung BS,0.0000,0.0000,7.7000,65.8300,73.5300
2025-04-28,5231,MR1,MR 1 Endmaße,0.0000,0.0000,0.0000,29.4700,29.4700
2025-04-28,5211,MR11,MR 11 KMG,0.0000,0.0000,0.0000,15.0700,15.0700
2025-04-28,5214,MR14,MR 14 Waage,0.0000,0.0000,0.0000,0.9300,0.9300
2025-04-28,5234,MR2,MR 2 Drehmomente,0.0000,0.0000,0.0000,52.1000,52.1000
2025-04-28,5236,MR3,MR 3 Messuhren,0.0000,0.0000,0.0000,23.3000,23.3000
2025-04-28,5233,MR4,MR 4 Lohnmessung,0.0000,0.0000,0.0000,7.7000,7.7000
2025-04-28,5239,MR5,MR 5 Bügelmessschrauben,0.0000,0.0000,0.0000,38.1000,38.1000
2025-04-28,5235,MR6,MR 6 Messschieber,0.0000,0.0000,0.0000,27.1700,27.1700
2025-04-28,5232,MR7,MR 7 Lehren,0.0000,0.0000,7.7000,62.2000,69.9000
2025-04-28,5238,MR8,MR 8 Temperatur,0.0000,0.0000,7.7000,7.1700,14.8700
2025-04-28,5237,MR9,MR 9 Elektro BS,0.0000,0.0000,0.0000,7.7000,7.7000
2025-04-28,5225,Packplatz,Packplatz,0.0000,0.0000,7.7000,21.2700,28.9700
2025-04-28,5230,Springer,PRÜFER BS,0.0000,0.0000,0.0000,7.7000,7.7000
2025-04-28,5223,WA,WA BS,0.0000,0.0000,7.7000,29.0800,36.7800
2025-04-28,5222,WE,WE BS,0.0000,0.0000,7.7000,45.8700,53.5700
2025-04-29,5240,AV,Arbeitsvorbereitung BS,0.0000,0.0000,7.7000,72.2200,79.9200
2025-04-29,5231,MR1,MR 1 Endmaße,0.0000,0.0000,0.0000,29.1000,29.1000
2025-04-29,5211,MR11,MR 11 KMG,0.0000,0.0000,0.0000,11.9500,11.9500
2025-04-29,5212,MR12,MR 12 Druck,0.0000,0.0000,0.0000,5.9200,5.9200
2025-04-29,5234,MR2,MR 2 Drehmomente,0.0000,0.0000,0.0000,52.0800,52.0800
2025-04-29,5236,MR3,MR 3 Messuhren,0.0000,6.3500,0.0000,29.5900,35.9400
2025-04-29,5233,MR4,MR 4 Lohnmessung,0.0000,0.0000,0.0000,5.0800,5.0800
2025-04-29,5239,MR5,MR 5 Bügelmessschrauben,0.0000,0.0000,0.0000,44.9300,44.9300
2025-04-29,5235,MR6,MR 6 Messschieber,0.0000,0.0000,0.0000,28.1000,28.1000
2025-04-29,5232,MR7,MR 7 Lehren,0.0000,9.0500,7.7000,39.7200,56.4700
2025-04-29,5238,MR8,MR 8 Temperatur,0.0000,0.0000,7.7000,0.2500,7.9500
2025-04-29,5237,MR9,MR 9 Elektro BS,7.7000,0.0000,0.0000,,7.7000
2025-04-29,5225,Packplatz,Packplatz,0.0000,0.0000,15.4000,13.7000,29.1000
2025-04-29,5230,Springer,PRÜFER BS,0.0000,0.0000,0.0000,7.7000,7.7000
2025-04-29,5900,Qualifizierung,Qualifizierung,0.0000,0.0000,0.0000,2.0200,2.0200
2025-04-29,5223,WA,WA BS,0.0000,0.0000,7.7000,29.0800,36.7800
2025-04-29,5222,WE,WE BS,0.0000,0.0000,7.7000,46.3500,54.0500
2025-04-30,5240,AV,Arbeitsvorbereitung BS,0.0000,7.7000,7.7000,51.0700,66.4700
2025-04-30,5231,MR1,MR 1 Endmaße,0.0000,0.0000,0.0000,29.1000,29.1000
2025-04-30,5211,MR11,MR 11 KMG,0.0000,0.0000,7.7000,7.7000,15.4000
2025-04-30,5214,MR14,MR 14 Waage,0.0000,0.0000,0.0000,0.9300,0.9300
2025-04-30,5234,MR2,MR 2 Drehmomente,0.0000,7.7000,7.7000,35.6500,51.0500
2025-04-30,5236,MR3,MR 3 Messuhren,0.0000,7.7000,0.0000,28.4500,36.1500
2025-04-30,5233,MR4,MR 4 Lohnmessung,0.0000,0.0000,0.0000,7.7000,7.7000
2025-04-30,5239,MR5,MR 5 Bügelmessschrauben,0.0000,0.0000,0.0000,33.7000,33.7000
2025-04-30,5235,MR6,MR 6 Messschieber,0.0000,0.0000,0.0000,27.1700,27.1700
2025-04-30,5232,MR7,MR 7 Lehren,0.0000,15.4000,7.7000,38.3800,61.4800
2025-04-30,5238,MR8,MR 8 Temperatur,0.0000,0.0000,7.7000,4.6200,12.3200
2025-04-30,5237,MR9,MR 9 Elektro BS,0.0000,0.0000,0.0000,7.7000,7.7000
2025-04-30,5225,Packplatz,Packplatz,0.0000,0.0000,7.7000,13.4800,21.1800
2025-04-30,5230,Springer,PRÜFER BS,0.0000,0.0000,0.0000,7.7000,7.7000
2025-04-30,5900,Qualifizierung,Qualifizierung,0.0000,0.0000,0.0000,1.6700,1.6700
2025-04-30,5223,WA,WA BS,0.0000,0.0000,7.7000,26.9500,34.6500
2025-04-30,5222,WE,WE BS,0.0000,0.0000,7.7000,37.6900,45.3900
2025-05-01,5240,AV,Arbeitsvorbereitung BS,0.0000,7.7000,0.0000,,7.7000
2025-05-01,5234,MR2,MR 2 Drehmomente,0.0000,7.7000,0.0000,,7.7000
2025-05-01,5232,MR7,MR 7 Lehren,0.0000,15.4000,0.0000,,15.4000
2025-05-02,5240,AV,Arbeitsvorbereitung BS,0.0000,7.7000,26.4000,31.6500,65.7500
2025-05-02,5231,MR1,MR 1 Endmaße,0.0000,0.0000,13.7000,15.3200,29.0200
2025-05-02,5211,MR11,MR 11 KMG,0.0000,0.0000,7.7000,15.4000,23.1000
2025-05-02,5214,MR14,MR 14 Waage,0.0000,0.0000,0.0000,0.6500,0.6500
2025-05-02,5234,MR2,MR 2 Drehmomente,0.0000,7.7000,23.1000,15.9000,46.7000
2025-05-02,5236,MR3,MR 3 Messuhren,0.0000,0.0000,15.4000,8.0300,23.4300
2025-05-02,5233,MR4,MR 4 Lohnmessung,0.0000,0.0000,7.7000,,7.7000
2025-05-02,5239,MR5,MR 5 Bügelmessschrauben,0.0000,0.0000,23.1000,19.4200,42.5200
2025-05-02,5235,MR6,MR 6 Messschieber,0.0000,0.0000,15.4000,19.7500,35.1500
2025-05-02,5232,MR7,MR 7 Lehren,0.0000,15.4000,23.1000,15.4000,53.9000
2025-05-02,5238,MR8,MR 8 Temperatur,0.0000,0.0000,7.7000,,7.7000
2025-05-02,5237,MR9,MR 9 Elektro BS,0.0000,0.0000,7.7000,8.2000,15.9000
2025-05-02,5225,Packplatz,Packplatz,0.0000,0.0000,7.7000,13.6500,21.3500
2025-05-02,5230,Springer,PRÜFER BS,0.0000,0.0000,0.0000,7.7000,7.7000
2025-05-02,5900,Qualifizierung,Qualifizierung,0.0000,0.0000,0.0000,8.6700,8.6700
2025-05-02,5223,WA,WA BS,0.0000,7.7000,7.7000,7.4800,22.8800
2025-05-02,5222,WE,WE BS,0.0000,0.0000,23.1000,31.0500,54.1500
2025-05-05,5240,AV,Arbeitsvorbereitung BS,0.0000,7.7000,15.4000,54.2800,77.3800
2025-05-05,5231,MR1,MR 1 Endmaße,0.0000,0.0000,0.0000,21.4000,21.4000
2025-05-05,5211,MR11,MR 11 KMG,0.0000,0.0000,7.7000,12.2300,19.9300
2025-05-05,5214,MR14,MR 14 Waage,0.0000,0.0000,0.0000,1.3700,1.3700
2025-05-05,5234,MR2,MR 2 Drehmomente,0.0000,0.0000,7.7000,37.0700,44.7700
2025-05-05,5236,MR3,MR 3 Messuhren,0.0000,0.0000,0.0000,12.5500,12.5500
2025-05-05,5233,MR4,MR 4 Lohnmessung,0.0000,0.0000,0.0000,7.7000,7.7000
2025-05-05,5239,MR5,MR 5 Bügelmessschrauben,0.0000,0.0000,0.0000,37.4000,37.4000
2025-05-05,5235,MR6,MR 6 Messschieber,0.0000,0.0000,0.0000,32.4100,32.4100
2025-05-05,5232,MR7,MR 7 Lehren,0.0000,0.0000,7.7000,53.6600,61.3600
2025-05-05,5238,MR8,MR 8 Temperatur,0.0000,0.0000,0.0000,7.6700,7.6700
2025-05-05,5237,MR9,MR 9 Elektro BS,0.0000,0.0000,0.0000,7.7300,7.7300
2025-05-05,5225,Packplatz,Packplatz,0.0000,0.0000,0.0000,21.3800,21.3800
2025-05-05,5230,Springer,PRÜFER BS,0.0000,0.0000,0.0000,7.7000,7.7000
2025-05-05,5900,Qualifizierung,Qualifizierung,0.0000,0.0000,0.0000,18.1900,18.1900
2025-05-05,5223,WA,WA BS,0.0000,0.0000,7.7000,28.9200,36.6200
2025-05-05,5222,WE,WE BS,0.0000,0.0000,7.7000,46.2000,53.9000
2025-05-06,5240,AV,Arbeitsvorbereitung BS,0.0000,7.7000,15.4000,56.6300,79.7300
2025-05-06,5231,MR1,MR 1 Endmaße,0.0000,0.0000,0.0000,23.9200,23.9200
2025-05-06,5211,MR11,MR 11 KMG,0.0000,7.7000,0.0000,15.3500,23.0500
2025-05-06,5212,MR12,MR 12 Druck,0.0000,0.0000,0.0000,3.2000,3.2000
2025-05-06,5234,MR2,MR 2 Drehmomente,0.0000,0.0000,7.7000,30.8000,38.5000
2025-05-06,5236,MR3,MR 3 Messuhren,0.0000,0.0000,0.0000,28.2900,28.2900
2025-05-06,5233,MR4,MR 4 Lohnmessung,0.0000,0.0000,0.0000,7.7000,7.7000
2025-05-06,5239,MR5,MR 5 Bügelmessschrauben,0.0000,0.0000,0.0000,45.5100,45.5100
2025-05-06,5235,MR6,MR 6 Messschieber,0.0000,7.7000,0.0000,27.3400,35.0400
2025-05-06,5232,MR7,MR 7 Lehren,0.0000,0.0000,7.7000,53.9000,61.6000
2025-05-06,5238,MR8,MR 8 Temperatur,0.0000,0.0000,0.0000,4.5000,4.5000
2025-05-06,5237,MR9,MR 9 Elektro BS,0.0000,0.0000,0.0000,15.3500,15.3500
2025-05-06,5225,Packplatz,Packplatz,0.0000,0.0000,0.0000,21.3200,21.3200
2025-05-06,5230,Springer,PRÜFER BS,0.0000,0.0000,0.0000,7.7000,7.7000
2025-05-06,5900,Qualifizierung,Qualifizierung,0.0000,0.0000,0.0000,5.2700,5.2700
2025-05-06,5223,WA,WA BS,0.0000,0.0000,7.7000,28.0000,35.7000
2025-05-06,5222,WE,WE BS,0.0000,0.0000,7.7000,45.0800,52.7800
2025-05-07,5240,AV,Arbeitsvorbereitung BS,0.0000,7.7000,23.1000,44.2300,75.0300
2025-05-07,5231,MR1,MR 1 Endmaße,0.0000,0.0000,0.0000,21.4000,21.4000
2025-05-07,5211,MR11,MR 11 KMG,0.0000,7.7000,0.0000,15.3000,23.0000
2025-05-07,5214,MR14,MR 14 Waage,0.0000,0.0000,0.0000,1.5200,1.5200
2025-05-07,5234,MR2,MR 2 Drehmomente,0.0000,7.7000,7.7000,30.8000,46.2000
2025-05-07,5236,MR3,MR 3 Messuhren,0.0000,0.0000,0.0000,18.1000,18.1000
2025-05-07,5233,MR4,MR 4 Lohnmessung,0.0000,0.0000,0.0000,7.7000,7.7000
2025-05-07,5239,MR5,MR 5 Bügelmessschrauben,0.0000,0.0000,0.0000,45.9900,45.9900
2025-05-07,5235,MR6,MR 6 Messschieber,0.0000,7.7000,0.0000,24.1300,31.8300
2025-05-07,5232,MR7,MR 7 Lehren,0.0000,0.0000,7.7000,53.9000,61.6000
2025-05-07,5238,MR8,MR 8 Temperatur,0.0000,0.0000,0.0000,7.7000,7.7000
2025-05-07,5237,MR9,MR 9 Elektro BS,0.0000,0.0000,0.0000,15.3200,15.3200
2025-05-07,5225,Packplatz,Packplatz,0.0000,0.0000,0.0000,21.2800,21.2800
2025-05-07,5230,Springer,PRÜFER BS,0.0000,0.0000,0.0000,7.7000,7.7000
2025-05-07,5900,Qualifizierung,Qualifizierung,0.0000,0.0000,0.0000,7.3000,7.3000
2025-05-07,5223,WA,WA BS,0.0000,0.0000,7.7000,27.9200,35.6200
2025-05-07,5222,WE,WE BS,0.0000,0.0000,7.7000,45.1500,52.8500
2025-05-08,5240,AV,Arbeitsvorbereitung BS,0.0000,7.7000,15.4000,58.6200,81.7200
2025-05-08,5231,MR1,MR 1 Endmaße,0.0000,0.0000,0.0000,19.7800,19.7800
2025-05-08,5211,MR11,MR 11 KMG,0.0000,7.7000,0.0000,15.3500,23.0500
2025-05-08,5214,MR14,MR 14 Waage,0.0000,0.0000,0.0000,0.9200,0.9200
2025-05-08,5234,MR2,MR 2 Drehmomente,0.0000,0.0000,7.7000,38.4500,46.1500
2025-05-08,5236,MR3,MR 3 Messuhren,0.0000,0.0000,0.0000,15.5300,15.5300
2025-05-08,5233,MR4,MR 4 Lohnmessung,0.0000,0.0000,0.0000,7.7000,7.7000
2025-05-08,5239,MR5,MR 5 Bügelmessschrauben,0.0000,7.7000,0.0000,45.8200,53.5200
2025-05-08,5235,MR6,MR 6 Messschieber,0.0000,0.0000,0.0000,25.5400,25.5400
2025-05-08,5232,MR7,MR 7 Lehren,0.0000,0.0000,5.0000,62.4300,67.4300
2025-05-08,5238,MR8,MR 8 Temperatur,0.0000,0.0000,0.0000,4.0700,4.0700
2025-05-08,5237,MR9,MR 9 Elektro BS,0.0000,0.0000,0.0000,15.3800,15.3800
2025-05-08,5225,Packplatz,Packplatz,0.0000,0.0000,0.0000,18.4000,18.4000
2025-05-08,5230,Springer,PRÜFER BS,0.0000,0.0000,0.0000,7.7000,7.7000
2025-05-08,5900,Qualifizierung,Qualifizierung,0.0000,0.0000,0.0000,5.3600,5.3600
2025-05-08,5223,WA,WA BS,0.0000,0.0000,7.7000,21.9500,29.6500
2025-05-08,5222,WE,WE BS,0.0000,0.0000,0.0000,53.9300,53.9300
2025-05-09,5240,AV,Arbeitsvorbereitung BS,0.0000,7.7000,15.4000,56.0600,79.1600
2025-05-09,5231,MR1,MR 1 Endmaße,0.0000,0.0000,0.0000,21.4000,21.4000
2025-05-09,5211,MR11,MR 11 KMG,0.0000,7.7000,0.0000,15.4000,23.1000
2025-05-09,5234,MR2,MR 2 Drehmomente,0.0000,0.0000,7.7000,36.7100,44.4100
2025-05-09,5236,MR3,MR 3 Messuhren,0.0000,0.0000,0.0000,23.0700,23.0700
2025-05-09,5233,MR4,MR 4 Lohnmessung,0.0000,0.0000,0.0000,8.2000,8.2000
2025-05-09,5239,MR5,MR 5 Bügelmessschrauben,0.0000,7.7000,0.0000,39.9100,47.6100
2025-05-09,5235,MR6,MR 6 Messschieber,0.0000,7.7000,0.0000,20.9500,28.6500
2025-05-09,5232,MR7,MR 7 Lehren,0.0000,0.0000,5.0000,61.9900,66.9900
2025-05-09,5238,MR8,MR 8 Temperatur,0.0000,0.0000,0.0000,0.0500,0.0500
2025-05-09,5237,MR9,MR 9 Elektro BS,0.0000,0.0000,0.0000,9.8500,9.8500
2025-05-09,5225,Packplatz,Packplatz,0.0000,0.0000,0.0000,21.2000,21.2000
2025-05-09,5230,Springer,PRÜFER BS,0.0000,0.0000,0.0000,7.7000,7.7000
2025-05-09,5900,Qualifizierung,Qualifizierung,0.0000,0.0000,0.0000,8.3000,8.3000
2025-05-09,5223,WA,WA BS,0.0000,0.0000,7.7000,22.3700,30.0700
2025-05-09,5222,WE,WE BS,0.0000,0.0000,0.0000,50.2300,50.2300
2025-05-10,5240,AV,Arbeitsvorbereitung BS,0.0000,0.0000,0.0000,4.1800,4.1800
2025-05-10,5211,MR11,MR 11 KMG,0.0000,0.0000,0.0000,3.6500,3.6500
2025-05-10,5236,MR3,MR 3 Messuhren,0.0000,0.0000,0.0000,6.0000,6.0000
2025-05-10,5239,MR5,MR 5 Bügelmessschrauben,0.0000,0.0000,0.0000,9.3300,9.3300
2025-05-10,5235,MR6,MR 6 Messschieber,0.0000,0.0000,0.0000,0.0500,0.0500
2025-05-10,5232,MR7,MR 7 Lehren,0.0000,0.0000,0.0000,10.5000,10.5000
2025-05-10,5223,WA,WA BS,0.0000,0.0000,0.0000,6.0000,6.0000
2025-05-12,5240,AV,Arbeitsvorbereitung BS,0.0000,15.4000,0.0000,57.7400,73.1400
2025-05-12,5231,MR1,MR 1 Endmaße,0.0000,0.0000,0.0000,29.1000,29.1000
2025-05-12,5211,MR11,MR 11 KMG,0.0000,0.0000,0.0000,7.7000,7.7000
2025-05-12,5212,MR12,MR 12 Druck,0.0000,0.0000,0.0000,3.8000,3.8000
2025-05-12,5214,MR14,MR 14 Waage,0.0000,0.0000,0.0000,4.3500,4.3500
2025-05-12,5234,MR2,MR 2 Drehmomente,7.7000,7.7000,0.0000,30.8000,46.2000
2025-05-12,5236,MR3,MR 3 Messuhren,0.0000,7.7000,0.0000,15.4800,23.1800
2025-05-12,5233,MR4,MR 4 Lohnmessung,0.0000,0.0000,0.0000,7.7000,7.7000
2025-05-12,5239,MR5,MR 5 Bügelmessschrauben,0.0000,7.7000,0.0000,35.1700,42.8700
2025-05-12,5235,MR6,MR 6 Messschieber,0.0000,0.0000,5.0000,20.1600,25.1600
2025-05-12,5232,MR7,MR 7 Lehren,0.0000,7.7000,5.0000,55.3000,68.0000
2025-05-12,5238,MR8,MR 8 Temperatur,0.0000,0.0000,0.0000,2.5300,2.5300
2025-05-12,5237,MR9,MR 9 Elektro BS,0.0000,0.0000,0.0000,9.1800,9.1800
2025-05-12,5225,Packplatz,Packplatz,0.0000,0.0000,0.0000,21.3700,21.3700
2025-05-12,5230,Springer,PRÜFER BS,0.0000,0.0000,0.0000,7.7000,7.7000
2025-05-12,5900,Qualifizierung,Qualifizierung,0.0000,0.0000,0.0000,8.8900,8.8900
2025-05-12,5223,WA,WA BS,0.0000,0.0000,0.0000,25.0000,25.0000
2025-05-12,5222,WE,WE BS,0.0000,0.0000,0.0000,53.2300,53.2300
2025-05-13,5240,AV,Arbeitsvorbereitung BS,0.0000,15.4000,0.0000,73.0700,88.4700
2025-05-13,5231,MR1,MR 1 Endmaße,0.0000,0.0000,0.0000,20.7800,20.7800
2025-05-13,5211,MR11,MR 11 KMG,0.0000,0.0000,0.0000,7.7000,7.7000
2025-05-13,5234,MR2,MR 2 Drehmomente,7.7000,7.7000,0.0000,23.1000,38.5000
2025-05-13,5236,MR3,MR 3 Messuhren,0.0000,7.7000,0.0000,23.0800,30.7800
2025-05-13,5233,MR4,MR 4 Lohnmessung,0.0000,0.0000,0.0000,7.6800,7.6800
2025-05-13,5239,MR5,MR 5 Bügelmessschrauben,0.0000,15.4000,0.0000,35.3200,50.7200
2025-05-13,5235,MR6,MR 6 Messschieber,0.0000,0.0000,5.0000,21.3000,26.3000
2025-05-13,5232,MR7,MR 7 Lehren,0.0000,0.0000,5.0000,61.5100,66.5100
2025-05-13,5238,MR8,MR 8 Temperatur,0.0000,0.0000,0.0000,7.7000,7.7000
2025-05-13,5237,MR9,MR 9 Elektro BS,0.0000,0.0000,0.0000,15.4000,15.4000
2025-05-13,5225,Packplatz,Packplatz,0.0000,0.0000,0.0000,21.3800,21.3800
2025-05-13,5230,Springer,PRÜFER BS,0.0000,0.0000,0.0000,7.7000,7.7000
2025-05-13,5900,Qualifizierung,Qualifizierung,0.0000,0.0000,0.0000,17.0200,17.0200
2025-05-13,5223,WA,WA BS,0.0000,0.0000,0.0000,29.1000,29.1000
2025-05-13,5222,WE,WE BS,0.0000,0.0000,7.7000,46.8200,54.5200
2025-05-14,5240,AV,Arbeitsvorbereitung BS,0.0000,7.7000,0.0000,67.4500,75.1500
2025-05-14,5231,MR1,MR 1 Endmaße,0.0000,0.0000,0.0000,29.0300,29.0300
2025-05-14,5211,MR11,MR 11 KMG,0.0000,0.0000,0.0000,15.4000,15.4000
2025-05-14,5212,MR12,MR 12 Druck,0.0000,0.0000,0.0000,1.5000,1.5000
2025-05-14,5234,MR2,MR 2 Drehmomente,0.0000,7.7000,0.0000,36.6500,44.3500
2025-05-14,5236,MR3,MR 3 Messuhren,0.0000,7.7000,0.0000,17.9300,25.6300
2025-05-14,5233,MR4,MR 4 Lohnmessung,0.0000,0.0000,0.0000,7.7000,7.7000
2025-05-14,5239,MR5,MR 5 Bügelmessschrauben,0.0000,15.4000,0.0000,30.7500,46.1500
2025-05-14,5235,MR6,MR 6 Messschieber,0.0000,0.0000,5.0000,24.7000,29.7000
2025-05-14,5232,MR7,MR 7 Lehren,0.0000,0.0000,5.0000,53.8000,58.8000
2025-05-14,5238,MR8,MR 8 Temperatur,0.0000,0.0000,0.0000,3.7200,3.7200
2025-05-14,5237,MR9,MR 9 Elektro BS,0.0000,0.0000,0.0000,15.4000,15.4000
2025-05-14,5225,Packplatz,Packplatz,0.0000,0.0000,0.0000,21.3500,21.3500
2025-05-14,5230,Springer,PRÜFER BS,0.0000,0.0000,0.0000,6.0300,6.0300
2025-05-14,5900,Qualifizierung,Qualifizierung,0.0000,0.0000,0.0000,15.7100,15.7100
2025-05-14,5223,WA,WA BS,0.0000,0.0000,0.0000,27.8200,27.8200
2025-05-14,5222,WE,WE BS,0.0000,0.0000,7.7000,52.9700,60.6700
2025-05-15,5240,AV,Arbeitsvorbereitung BS,0.0000,7.7000,0.0000,78.3200,86.0200
2025-05-15,5231,MR1,MR 1 Endmaße,0.0000,0.0000,0.0000,22.8800,22.8800
2025-05-15,5211,MR11,MR 11 KMG,0.0000,0.0000,0.0000,9.3800,9.3800
2025-05-15,5234,MR2,MR 2 Drehmomente,0.0000,7.7000,0.0000,40.3100,48.0100
2025-05-15,5236,MR3,MR 3 Messuhren,0.0000,7.7000,0.0000,15.3700,23.0700
2025-05-15,5233,MR4,MR 4 Lohnmessung,0.0000,0.0000,0.0000,7.7000,7.7000
2025-05-15,5239,MR5,MR 5 Bügelmessschrauben,0.0000,15.4000,0.0000,27.5000,42.9000
2025-05-15,5235,MR6,MR 6 Messschieber,0.0000,0.0000,12.7000,16.3000,29.0000
2025-05-15,5232,MR7,MR 7 Lehren,0.0000,0.0000,5.0000,53.8300,58.8300
2025-05-15,5238,MR8,MR 8 Temperatur,0.0000,0.0000,0.0000,1.4300,1.4300
2025-05-15,5237,MR9,MR 9 Elektro BS,0.0000,0.0000,0.0000,8.2300,8.2300
2025-05-15,5225,Packplatz,Packplatz,0.0000,0.0000,0.0000,21.2300,21.2300
2025-05-15,5230,Springer,PRÜFER BS,0.0000,0.0000,0.0000,7.7000,7.7000
2025-05-15,5900,Qualifizierung,Qualifizierung,0.0000,0.0000,0.0000,24.9900,24.9900
2025-05-15,5223,WA,WA BS,0.0000,0.0000,0.0000,30.5100,30.5100
2025-05-15,5222,WE,WE BS,0.0000,0.0000,15.4000,38.5000,53.9000
2025-05-16,5240,AV,Arbeitsvorbereitung BS,0.0000,15.4000,8.4200,58.9500,82.7700
2025-05-16,5231,MR1,MR 1 Endmaße,0.0000,0.0000,0.0000,23.2000,23.2000
2025-05-16,5211,MR11,MR 11 KMG,0.0000,0.0000,0.0000,9.6700,9.6700
2025-05-16,5212,MR12,MR 12 Druck,0.0000,0.0000,0.0000,6.7300,6.7300
2025-05-16,5214,MR14,MR 14 Waage,0.0000,0.0000,0.0000,3.3700,3.3700
2025-05-16,5234,MR2,MR 2 Drehmomente,0.0000,7.7000,0.0000,31.1700,38.8700
2025-05-16,5236,MR3,MR 3 Messuhren,0.0000,15.4000,7.7000,20.6100,43.7100
2025-05-16,5233,MR4,MR 4 Lohnmessung,0.0000,0.0000,0.0000,7.2000,7.2000
2025-05-16,5239,MR5,MR 5 Bügelmessschrauben,0.0000,15.4000,7.7000,19.9800,43.0800
2025-05-16,5235,MR6,MR 6 Messschieber,0.0000,0.0000,12.7000,21.7500,34.4500
2025-05-16,5232,MR7,MR 7 Lehren,0.0000,0.0000,5.0000,54.3800,59.3800
2025-05-16,5238,MR8,MR 8 Temperatur,0.0000,0.0000,0.0000,0.9700,0.9700
2025-05-16,5237,MR9,MR 9 Elektro BS,0.0000,0.0000,0.0000,12.3200,12.3200
2025-05-16,5225,Packplatz,Packplatz,0.0000,6.0000,0.0000,15.1700,21.1700
2025-05-16,5230,Springer,PRÜFER BS,0.0000,0.0000,0.0000,7.7000,7.7000
2025-05-16,5900,Qualifizierung,Qualifizierung,0.0000,0.0000,0.0000,2.4800,2.4800
2025-05-16,5223,WA,WA BS,0.0000,7.7000,0.0000,15.6500,23.3500
2025-05-16,5222,WE,WE BS,0.0000,0.0000,7.7000,43.9800,51.6800
2025-05-17,5240,AV,Arbeitsvorbereitung BS,0.0000,0.0000,0.0000,22.0100,22.0100
2025-05-17,5234,MR2,MR 2 Drehmomente,0.0000,0.0000,0.0000,5.4200,5.4200
2025-05-17,5235,MR6,MR 6 Messschieber,0.0000,0.0000,0.0000,3.3300,3.3300
2025-05-17,5232,MR7,MR 7 Lehren,0.0000,0.0000,0.0000,4.0300,4.0300
2025-05-19,5240,AV,Arbeitsvorbereitung BS,0.0000,23.1000,0.0000,51.7800,74.8800
2025-05-19,5231,MR1,MR 1 Endmaße,0.0000,0.0000,0.0000,21.4000,21.4000
2025-05-19,5211,MR11,MR 11 KMG,0.0000,0.0000,7.7000,11.8200,19.5200
2025-05-19,5212,MR12,MR 12 Druck,0.0000,0.0000,0.0000,0.5800,0.5800
2025-05-19,5234,MR2,MR 2 Drehmomente,0.0000,0.0000,0.0000,37.8100,37.8100
2025-05-19,5236,MR3,MR 3 Messuhren,0.0000,7.7000,0.0000,29.6000,37.3000
2025-05-19,5233,MR4,MR 4 Lohnmessung,0.0000,0.0000,0.0000,7.7000,7.7000
2025-05-19,5239,MR5,MR 5 Bügelmessschrauben,0.0000,7.7000,0.0000,30.8000,38.5000
2025-05-19,5235,MR6,MR 6 Messschieber,0.0000,0.0000,15.4000,20.4000,35.8000
2025-05-19,5232,MR7,MR 7 Lehren,0.0000,0.0000,5.0000,53.7800,58.7800
2025-05-19,5238,MR8,MR 8 Temperatur,0.0000,7.7000,0.0000,,7.7000
2025-05-19,5237,MR9,MR 9 Elektro BS,0.0000,0.0000,7.7000,7.7000,15.4000
2025-05-19,5225,Packplatz,Packplatz,0.0000,0.0000,0.0000,21.2800,21.2800
2025-05-19,5230,Springer,PRÜFER BS,0.0000,0.0000,0.0000,7.7000,7.7000
2025-05-19,5223,WA,WA BS,0.0000,0.0000,7.7000,25.5500,33.2500
2025-05-19,5222,WE,WE BS,0.0000,0.0000,7.7000,46.0800,53.7800
2025-05-20,5240,AV,Arbeitsvorbereitung BS,0.0000,23.1000,0.0000,56.7200,79.8200
2025-05-20,5231,MR1,MR 1 Endmaße,0.0000,0.0000,0.0000,10.6500,10.6500
2025-05-20,5211,MR11,MR 11 KMG,0.0000,0.0000,7.7000,14.0800,21.7800
2025-05-20,5234,MR2,MR 2 Drehmomente,0.0000,0.0000,0.0000,38.4600,38.4600
2025-05-20,5236,MR3,MR 3 Messuhren,0.0000,7.7000,0.0000,25.5000,33.2000
2025-05-20,5233,MR4,MR 4 Lohnmessung,0.0000,0.0000,0.0000,7.7000,7.7000
2025-05-20,5239,MR5,MR 5 Bügelmessschrauben,0.0000,7.7000,0.0000,36.0900,43.7900
2025-05-20,5235,MR6,MR 6 Messschieber,0.0000,0.0000,7.7000,18.2400,25.9400
2025-05-20,5232,MR7,MR 7 Lehren,0.0000,0.0000,12.7000,53.3200,66.0200
2025-05-20,5238,MR8,MR 8 Temperatur,0.0000,7.7000,0.0000,7.7000,15.4000
2025-05-20,5237,MR9,MR 9 Elektro BS,0.0000,0.0000,7.7000,,7.7000
2025-05-20,5225,Packplatz,Packplatz,0.0000,6.0000,0.0000,15.3700,21.3700
2025-05-20,5230,Springer,PRÜFER BS,0.0000,0.0000,0.0000,7.7000,7.7000
2025-05-20,5900,Qualifizierung,Qualifizierung,0.0000,0.0000,0.0000,19.9600,19.9600
2025-05-20,5223,WA,WA BS,0.0000,7.7000,7.7000,21.2700,36.6700
2025-05-20,5222,WE,WE BS,0.0000,7.7000,7.7000,38.5000,53.9000
2025-05-21,5240,AV,Arbeitsvorbereitung BS,0.0000,23.1000,15.0700,37.7000,75.8700
2025-05-21,5231,MR1,MR 1 Endmaße,0.0000,0.0000,0.0000,9.9800,9.9800
2025-05-21,5211,MR11,MR 11 KMG,0.0000,0.0000,7.7000,14.0200,21.7200
2025-05-21,5234,MR2,MR 2 Drehmomente,0.0000,0.0000,0.0000,28.4500,28.4500
2025-05-21,5236,MR3,MR 3 Messuhren,0.0000,7.7000,0.0000,13.0800,20.7800
2025-05-21,5233,MR4,MR 4 Lohnmessung,0.0000,0.0000,0.0000,5.7000,5.7000
2025-05-21,5239,MR5,MR 5 Bügelmessschrauben,0.0000,15.4000,0.0000,22.1700,37.5700
2025-05-21,5235,MR6,MR 6 Messschieber,0.0000,0.0000,7.7000,20.1700,27.8700
2025-05-21,5232,MR7,MR 7 Lehren,0.0000,0.0000,12.7000,39.8200,52.5200
2025-05-21,5238,MR8,MR 8 Temperatur,0.0000,0.0000,0.0000,7.6800,7.6800
2025-05-21,5237,MR9,MR 9 Elektro BS,0.0000,0.0000,7.7000,,7.7000
2025-05-21,5225,Packplatz,Packplatz,0.0000,6.0000,0.0000,15.4000,21.4000
2025-05-21,5230,Springer,PRÜFER BS,0.0000,0.0000,0.0000,5.7000,5.7000
2025-05-21,5900,Qualifizierung,Qualifizierung,0.0000,0.0000,0.0000,8.2700,8.2700
2025-05-21,5223,WA,WA BS,0.0000,0.0000,7.7000,18.1000,25.8000
2025-05-21,5222,WE,WE BS,0.0000,7.7000,7.7000,46.4600,61.8600
2025-05-22,5240,AV,Arbeitsvorbereitung BS,0.0000,23.1000,7.7000,56.5800,87.3800
2025-05-22,5231,MR1,MR 1 Endmaße,0.0000,0.0000,0.0000,18.8800,18.8800
2025-05-22,5211,MR11,MR 11 KMG,0.0000,0.0000,7.7000,13.3300,21.0300
2025-05-22,5234,MR2,MR 2 Drehmomente,0.0000,0.0000,0.0000,38.0800,38.0800
2025-05-22,5236,MR3,MR 3 Messuhren,0.0000,0.0000,7.7000,31.0500,38.7500
2025-05-22,5233,MR4,MR 4 Lohnmessung,0.0000,0.0000,0.0000,1.6200,1.6200
2025-05-22,5239,MR5,MR 5 Bügelmessschrauben,0.0000,15.4000,0.0000,28.5500,43.9500
2025-05-22,5235,MR6,MR 6 Messschieber,0.0000,0.0000,7.7000,25.4700,33.1700
2025-05-22,5232,MR7,MR 7 Lehren,0.0000,0.0000,5.0000,59.1600,64.1600
2025-05-22,5238,MR8,MR 8 Temperatur,0.0000,0.0000,0.0000,16.4800,16.4800
2025-05-22,5237,MR9,MR 9 Elektro BS,0.0000,0.0000,7.7000,,7.7000
2025-05-22,5225,Packplatz,Packplatz,0.0000,6.0000,0.0000,15.3000,21.3000
2025-05-22,5230,Springer,PRÜFER BS,0.0000,0.0000,0.0000,7.7000,7.7000
2025-05-22,5900,Qualifizierung,Qualifizierung,0.0000,0.0000,0.0000,4.3700,4.3700
2025-05-22,5223,WA,WA BS,0.0000,0.0000,7.7000,18.1300,25.8300
2025-05-22,5222,WE,WE BS,0.0000,0.0000,7.7000,51.1200,58.8200
2025-05-23,5240,AV,Arbeitsvorbereitung BS,0.0000,23.1000,15.4000,46.0600,84.5600
2025-05-23,5231,MR1,MR 1 Endmaße,0.0000,0.0000,0.0000,16.8500,16.8500
2025-05-23,5211,MR11,MR 11 KMG,0.0000,0.0000,7.7000,15.3700,23.0700
2025-05-23,5212,MR12,MR 12 Druck,0.0000,0.0000,0.0000,6.9300,6.9300
2025-05-23,5234,MR2,MR 2 Drehmomente,0.0000,0.0000,0.0000,33.2000,33.2000
2025-05-23,5236,MR3,MR 3 Messuhren,0.0000,0.0000,7.7000,28.3000,36.0000
2025-05-23,5233,MR4,MR 4 Lohnmessung,0.0000,0.0000,0.0000,8.2000,8.2000
2025-05-23,5239,MR5,MR 5 Bügelmessschrauben,0.0000,15.4000,0.0000,25.8200,41.2200
2025-05-23,5235,MR6,MR 6 Messschieber,0.0000,0.0000,7.7000,26.0500,33.7500
2025-05-23,5232,MR7,MR 7 Lehren,0.0000,0.0000,5.0000,62.1200,67.1200
2025-05-23,5238,MR8,MR 8 Temperatur,0.0000,0.0000,0.0000,8.3900,8.3900
2025-05-23,5237,MR9,MR 9 Elektro BS,0.0000,0.0000,7.7000,,7.7000
2025-05-23,5225,Packplatz,Packplatz,0.0000,6.0000,0.0000,14.7500,20.7500
2025-05-23,5230,Springer,PRÜFER BS,0.0000,0.0000,0.0000,7.7000,7.7000
2025-05-23,5900,Qualifizierung,Qualifizierung,0.0000,0.0000,0.0000,9.8100,9.8100
2025-05-23,5223,WA,WA BS,0.0000,0.0000,0.0000,15.3300,15.3300
2025-05-23,5222,WE,WE BS,0.0000,0.0000,7.7000,53.7300,61.4300
2025-05-24,5240,AV,Arbeitsvorbereitung BS,0.0000,0.0000,0.0000,4.7500,4.7500
2025-05-24,5236,MR3,MR 3 Messuhren,0.0000,0.0000,0.0000,5.9300,5.9300
2025-05-24,5235,MR6,MR 6 Messschieber,0.0000,0.0000,0.0000,9.2700,9.2700
2025-05-24,5238,MR8,MR 8 Temperatur,0.0000,0.0000,0.0000,6.7500,6.7500
2025-05-24,5223,WA,WA BS,0.0000,0.0000,0.0000,5.1200,5.1200
2025-05-26,5240,AV,Arbeitsvorbereitung BS,0.0000,15.4000,15.4000,48.6400,79.4400
2025-05-26,5231,MR1,MR 1 Endmaße,0.0000,0.0000,7.7000,13.7700,21.4700
2025-05-26,5211,MR11,MR 11 KMG,0.0000,0.0000,7.7000,15.1000,22.8000
2025-05-26,5212,MR12,MR 12 Druck,0.0000,0.0000,0.0000,4.0500,4.0500
2025-05-26,5234,MR2,MR 2 Drehmomente,0.0000,0.0000,0.0000,38.5000,38.5000
2025-05-26,5236,MR3,MR 3 Messuhren,0.0000,0.0000,0.0000,33.1700,33.1700
2025-05-26,5233,MR4,MR 4 Lohnmessung,0.0000,0.0000,0.0000,7.6800,7.6800
2025-05-26,5239,MR5,MR 5 Bügelmessschrauben,0.0000,7.7000,0.0000,27.4300,35.1300
2025-05-26,5235,MR6,MR 6 Messschieber,0.0000,0.0000,7.7000,27.7300,35.4300
2025-05-26,5232,MR7,MR 7 Lehren,0.0000,0.0000,12.7000,53.8300,66.5300
2025-05-26,5238,MR8,MR 8 Temperatur,0.0000,0.0000,0.0000,12.1900,12.1900
2025-05-26,5237,MR9,MR 9 Elektro BS,0.0000,0.0000,7.7000,,7.7000
2025-05-26,5225,Packplatz,Packplatz,0.0000,6.0000,7.7000,15.2500,28.9500
2025-05-26,5230,Springer,PRÜFER BS,0.0000,0.0000,0.0000,7.7000,7.7000
2025-05-26,5900,Qualifizierung,Qualifizierung,0.0000,0.0000,0.0000,8.9500,8.9500
2025-05-26,5223,WA,WA BS,0.0000,0.0000,7.7000,21.4000,29.1000
2025-05-26,5222,WE,WE BS,0.0000,0.0000,0.0000,53.9000,53.9000
2025-05-27,5240,AV,Arbeitsvorbereitung BS,0.0000,15.4000,15.4000,53.8400,84.6400
2025-05-27,5231,MR1,MR 1 Endmaße,0.0000,0.0000,7.7000,10.7300,18.4300
2025-05-27,5211,MR11,MR 11 KMG,0.0000,0.0000,7.7000,15.1300,22.8300
2025-05-27,5214,MR14,MR 14 Waage,0.0000,0.0000,0.0000,7.3000,7.3000
2025-05-27,5234,MR2,MR 2 Drehmomente,0.0000,0.0000,0.0000,36.4300,36.4300
2025-05-27,5236,MR3,MR 3 Messuhren,0.0000,0.0000,0.0000,33.2000,33.2000
2025-05-27,5233,MR4,MR 4 Lohnmessung,0.0000,0.0000,0.0000,7.7000,7.7000
2025-05-27,5239,MR5,MR 5 Bügelmessschrauben,0.0000,15.4000,0.0000,37.4900,52.8900
2025-05-27,5235,MR6,MR 6 Messschieber,0.0000,0.0000,0.0000,21.7500,21.7500
2025-05-27,5232,MR7,MR 7 Lehren,0.0000,0.0000,12.7000,53.5400,66.2400
2025-05-27,5238,MR8,MR 8 Temperatur,0.0000,0.0000,0.0000,13.4300,13.4300
2025-05-27,5237,MR9,MR 9 Elektro BS,0.0000,0.0000,7.7000,,7.7000
2025-05-27,5225,Packplatz,Packplatz,0.0000,6.0000,7.7000,15.0700,28.7700
2025-05-27,5230,Springer,PRÜFER BS,0.0000,0.0000,0.0000,7.7000,7.7000
2025-05-27,5900,Qualifizierung,Qualifizierung,0.0000,0.0000,0.0000,1.9200,1.9200
2025-05-27,5223,WA,WA BS,0.0000,0.0000,7.7000,24.9500,32.6500
2025-05-27,5222,WE,WE BS,0.0000,0.0000,0.0000,49.7400,49.7400
2025-05-28,5240,AV,Arbeitsvorbereitung BS,0.0000,15.4000,15.4000,44.9100,75.7100
2025-05-28,5231,MR1,MR 1 Endmaße,0.0000,0.0000,7.7000,10.7700,18.4700
2025-05-28,5211,MR11,MR 11 KMG,0.0000,0.0000,7.7000,14.0700,21.7700
2025-05-28,5212,MR12,MR 12 Druck,0.0000,0.0000,0.0000,0.7200,0.7200
2025-05-28,5214,MR14,MR 14 Waage,0.0000,0.0000,0.0000,2.4500,2.4500
2025-05-28,5234,MR2,MR 2 Drehmomente,0.0000,0.0000,0.0000,31.1500,31.1500
2025-05-28,5236,MR3,MR 3 Messuhren,0.0000,0.0000,0.0000,34.6300,34.6300
2025-05-28,5233,MR4,MR 4 Lohnmessung,0.0000,0.0000,0.0000,7.7000,7.7000
2025-05-28,5239,MR5,MR 5 Bügelmessschrauben,0.0000,15.4000,0.0000,30.7000,46.1000
2025-05-28,5235,MR6,MR 6 Messschieber,0.0000,0.0000,0.0000,25.5700,25.5700
2025-05-28,5232,MR7,MR 7 Lehren,0.0000,0.0000,12.7000,46.6600,59.3600
2025-05-28,5238,MR8,MR 8 Temperatur,0.0000,0.0000,0.0000,7.3000,7.3000
2025-05-28,5237,MR9,MR 9 Elektro BS,0.0000,0.0000,7.7000,,7.7000
2025-05-28,5225,Packplatz,Packplatz,0.0000,0.0000,7.7000,20.9000,28.6000
2025-05-28,5230,Springer,PRÜFER BS,0.0000,0.0000,0.0000,7.7000,7.7000
2025-05-28,5900,Qualifizierung,Qualifizierung,0.0000,0.0000,0.0000,5.9000,5.9000
2025-05-28,5223,WA,WA BS,0.0000,0.0000,7.7000,26.4800,34.1800
2025-05-28,5222,WE,WE BS,0.0000,0.0000,7.7000,28.3300,36.0300
2025-05-29,5240,AV,Arbeitsvorbereitung BS,0.0000,15.4000,0.0000,,15.4000
2025-05-29,5239,MR5,MR 5 Bügelmessschrauben,0.0000,7.7000,0.0000,,7.7000
2025-05-30,5240,AV,Arbeitsvorbereitung BS,0.0000,15.4000,36.8000,26.4300,78.6300
2025-05-30,5231,MR1,MR 1 Endmaße,0.0000,0.0000,15.4000,10.7000,26.1000
2025-05-30,5211,MR11,MR 11 KMG,0.0000,0.0000,23.1000,,23.1000
2025-05-30,5214,MR14,MR 14 Waage,0.0000,0.0000,0.0000,0.9500,0.9500
2025-05-30,5234,MR2,MR 2 Drehmomente,0.0000,0.0000,30.8000,8.4000,39.2000
2025-05-30,5236,MR3,MR 3 Messuhren,0.0000,0.0000,15.4000,15.3800,30.7800
2025-05-30,5233,MR4,MR 4 Lohnmessung,0.0000,0.0000,0.0000,8.2000,8.2000
2025-05-30,5239,MR5,MR 5 Bügelmessschrauben,0.0000,7.7000,30.8000,7.5700,46.0700
2025-05-30,5235,MR6,MR 6 Messschieber,0.0000,0.0000,7.7000,19.4500,27.1500
2025-05-30,5232,MR7,MR 7 Lehren,0.0000,0.0000,28.1000,27.2800,55.3800
2025-05-30,5238,MR8,MR 8 Temperatur,0.0000,0.0000,7.7000,7.7000,15.4000
2025-05-30,5237,MR9,MR 9 Elektro BS,0.0000,0.0000,7.7000,,7.7000
2025-05-30,5225,Packplatz,Packplatz,0.0000,0.0000,7.7000,13.5700,21.2700
2025-05-30,5230,Springer,PRÜFER BS,0.0000,0.0000,7.7000,,7.7000
2025-05-30,5900,Qualifizierung,Qualifizierung,0.0000,0.0000,0.0000,4.0200,4.0200
2025-05-30,5223,WA,WA BS,0.0000,0.0000,0.0000,15.0300,15.0300
2025-05-30,5222,WE,WE BS,0.0000,0.0000,30.8000,31.2000,62.0000
2025-06-02,5240,AV,Arbeitsvorbereitung BS,0.0000,7.7000,15.4000,56.8900,79.9900
2025-06-02,5231,MR1,MR 1 Endmaße,0.0000,0.0000,7.7000,13.8200,21.5200
2025-06-02,5211,MR11,MR 11 KMG,0.0000,0.0000,7.7000,1.4300,9.1300
2025-06-02,5212,MR12,MR 12 Druck,0.0000,0.0000,0.0000,3.4200,3.4200
2025-06-02,5234,MR2,MR 2 Drehmomente,0.0000,0.0000,7.7000,30.7800,38.4800
2025-06-02,5236,MR3,MR 3 Messuhren,0.0000,7.7000,0.0000,23.0800,30.7800
2025-06-02,5233,MR4,MR 4 Lohnmessung,0.0000,0.0000,0.0000,7.7000,7.7000
2025-06-02,5239,MR5,MR 5 Bügelmessschrauben,0.0000,0.0000,7.7000,30.3300,38.0300
2025-06-02,5235,MR6,MR 6 Messschieber,0.0000,0.0000,15.4000,20.4000,35.8000
2025-06-02,5232,MR7,MR 7 Lehren,0.0000,0.0000,12.7000,61.4800,74.1800
2025-06-02,5238,MR8,MR 8 Temperatur,0.0000,0.0000,0.0000,11.9800,11.9800
2025-06-02,5237,MR9,MR 9 Elektro BS,0.0000,0.0000,0.0000,7.7200,7.7200
2025-06-02,5225,Packplatz,Packplatz,0.0000,0.0000,0.0000,21.2500,21.2500
2025-06-02,5230,Springer,PRÜFER BS,0.0000,0.0000,0.0000,7.7000,7.7000
2025-06-02,5223,WA,WA BS,0.0000,0.0000,0.0000,26.6900,26.6900
2025-06-02,5222,WE,WE BS,0.0000,0.0000,7.7000,53.8500,61.5500
2025-06-03,5240,AV,Arbeitsvorbereitung BS,0.0000,15.4000,7.7000,59.0300,82.1300
2025-06-03,5231,MR1,MR 1 Endmaße,0.0000,0.0000,7.7000,13.7800,21.4800
2025-06-03,5211,MR11,MR 11 KMG,0.0000,0.0000,7.7000,2.4000,10.1000
2025-06-03,5212,MR12,MR 12 Druck,0.0000,0.0000,0.0000,4.1500,4.1500
2025-06-03,5234,MR2,MR 2 Drehmomente,0.0000,0.0000,7.7000,30.8000,38.5000
2025-06-03,5236,MR3,MR 3 Messuhren,0.0000,7.7000,0.0000,23.5500,31.2500
2025-06-03,5233,MR4,MR 4 Lohnmessung,0.0000,0.0000,0.0000,11.1700,11.1700
2025-06-03,5239,MR5,MR 5 Bügelmessschrauben,0.0000,0.0000,7.7000,38.5000,46.2000
2025-06-03,5235,MR6,MR 6 Messschieber,0.0000,0.0000,15.4000,15.4800,30.8800
2025-06-03,5232,MR7,MR 7 Lehren,0.0000,0.0000,12.7000,64.6000,77.3000
2025-06-03,5238,MR8,MR 8 Temperatur,7.7000,0.0000,0.0000,3.5500,11.2500
2025-06-03,5237,MR9,MR 9 Elektro BS,0.0000,0.0000,0.0000,7.7000,7.7000
2025-06-03,5225,Packplatz,Packplatz,0.0000,0.0000,0.0000,21.3300,21.3300
2025-06-03,5230,Springer,PRÜFER BS,0.0000,0.0000,0.0000,7.7000,7.7000
2025-06-03,5223,WA,WA BS,0.0000,0.0000,0.0000,28.0800,28.0800
2025-06-03,5222,WE,WE BS,0.0000,0.0000,7.7000,53.9000,61.6000
2025-06-04,5240,AV,Arbeitsvorbereitung BS,0.0000,7.7000,7.7000,59.4300,74.8300
2025-06-04,5231,MR1,MR 1 Endmaße,0.0000,0.0000,7.7000,13.7800,21.4800
2025-06-04,5211,MR11,MR 11 KMG,0.0000,0.0000,7.7000,5.5800,13.2800
2025-06-04,5212,MR12,MR 12 Druck,0.0000,0.0000,0.0000,2.4300,2.4300
2025-06-04,5234,MR2,MR 2 Drehmomente,0.0000,0.0000,7.7000,23.0500,30.7500
2025-06-04,5236,MR3,MR 3 Messuhren,0.0000,7.7000,0.0000,23.2700,30.9700
2025-06-04,5233,MR4,MR 4 Lohnmessung,0.0000,0.0000,0.0000,10.7700,10.7700
2025-06-04,5239,MR5,MR 5 Bügelmessschrauben,0.0000,0.0000,7.7000,38.4300,46.1300
2025-06-04,5235,MR6,MR 6 Messschieber,0.0000,0.0000,15.4000,13.6300,29.0300
2025-06-04,5232,MR7,MR 7 Lehren,0.0000,0.0000,12.7000,55.9700,68.6700
2025-06-04,5238,MR8,MR 8 Temperatur,7.7000,0.0000,0.0000,5.2700,12.9700
2025-06-04,5237,MR9,MR 9 Elektro BS,0.0000,0.0000,0.0000,7.7000,7.7000
2025-06-04,5225,Packplatz,Packplatz,0.0000,0.0000,0.0000,21.2800,21.2800
2025-06-04,5230,Springer,PRÜFER BS,0.0000,0.0000,0.0000,7.7000,7.7000
2025-06-04,5900,Qualifizierung,Qualifizierung,0.0000,0.0000,0.0000,18.3700,18.3700
2025-06-04,5223,WA,WA BS,0.0000,0.0000,0.0000,25.3300,25.3300
2025-06-04,5222,WE,WE BS,0.0000,0.0000,7.7000,53.7700,61.4700
2025-06-05,5240,AV,Arbeitsvorbereitung BS,0.0000,7.7000,7.7000,64.4700,79.8700
2025-06-05,5231,MR1,MR 1 Endmaße,0.0000,0.0000,7.7000,13.5100,21.2100
2025-06-05,5211,MR11,MR 11 KMG,0.0000,0.0000,7.7000,15.1800,22.8800
2025-06-05,5212,MR12,MR 12 Druck,0.0000,0.0000,0.0000,4.1700,4.1700
2025-06-05,5214,MR14,MR 14 Waage,0.0000,0.0000,0.0000,1.0000,1.0000
2025-06-05,5234,MR2,MR 2 Drehmomente,0.0000,0.0000,7.7000,23.2500,30.9500
2025-06-05,5236,MR3,MR 3 Messuhren,0.0000,7.7000,0.0000,19.8400,27.5400
2025-06-05,5233,MR4,MR 4 Lohnmessung,0.0000,0.0000,0.0000,7.7000,7.7000
2025-06-05,5239,MR5,MR 5 Bügelmessschrauben,0.0000,0.0000,7.7000,38.3800,46.0800
2025-06-05,5235,MR6,MR 6 Messschieber,0.0000,0.0000,15.4000,17.0700,32.4700
2025-06-05,5232,MR7,MR 7 Lehren,0.0000,0.0000,12.7000,53.8200,66.5200
2025-06-05,5238,MR8,MR 8 Temperatur,0.0000,0.0000,0.0000,11.3200,11.3200
2025-06-05,5237,MR9,MR 9 Elektro BS,0.0000,0.0000,0.0000,4.5500,4.5500
2025-06-05,5225,Packplatz,Packplatz,0.0000,0.0000,0.0000,19.1700,19.1700
2025-06-05,5230,Springer,PRÜFER BS,0.0000,0.0000,0.0000,7.7000,7.7000
2025-06-05,5900,Qualifizierung,Qualifizierung,0.0000,0.0000,0.0000,16.1200,16.1200
2025-06-05,5223,WA,WA BS,0.0000,0.0000,0.0000,23.8200,23.8200
2025-06-05,5222,WE,WE BS,0.0000,7.7000,7.7000,46.2000,61.6000
2025-06-06,5240,AV,Arbeitsvorbereitung BS,0.0000,7.7000,7.7000,63.7600,79.1600
2025-06-06,5231,MR1,MR 1 Endmaße,0.0000,0.0000,15.4000,13.7000,29.1000
2025-06-06,5211,MR11,MR 11 KMG,0.0000,0.0000,15.4000,6.6800,22.0800
2025-06-06,5212,MR12,MR 12 Druck,0.0000,0.0000,0.0000,5.5200,5.5200
2025-06-06,5214,MR14,MR 14 Waage,0.0000,0.0000,0.0000,0.2000,0.2000
2025-06-06,5234,MR2,MR 2 Drehmomente,0.0000,0.0000,7.7000,24.1200,31.8200
2025-06-06,5236,MR3,MR 3 Messuhren,0.0000,7.7000,15.4000,15.3200,38.4200
2025-06-06,5233,MR4,MR 4 Lohnmessung,0.0000,0.0000,0.0000,9.3500,9.3500
2025-06-06,5239,MR5,MR 5 Bügelmessschrauben,0.0000,0.0000,7.7000,30.4800,38.1800
2025-06-06,5235,MR6,MR 6 Messschieber,0.0000,0.0000,15.4000,17.3300,32.7300
2025-06-06,5232,MR7,MR 7 Lehren,0.0000,0.0000,12.7000,46.6300,59.3300
2025-06-06,5238,MR8,MR 8 Temperatur,0.0000,0.0000,0.0000,9.3500,9.3500
2025-06-06,5237,MR9,MR 9 Elektro BS,0.0000,0.0000,0.0000,7.3800,7.3800
2025-06-06,5225,Packplatz,Packplatz,0.0000,0.0000,0.0000,21.3200,21.3200
2025-06-06,5230,Springer,PRÜFER BS,0.0000,0.0000,0.0000,7.7000,7.7000
2025-06-06,5223,WA,WA BS,0.0000,0.0000,0.0000,19.9000,19.9000
2025-06-06,5222,WE,WE BS,0.0000,0.0000,7.7000,39.6700,47.3700
2025-06-09,5240,AV,Arbeitsvorbereitung BS,0.0000,7.7000,0.0000,,7.7000
2025-06-10,5240,AV,Arbeitsvorbereitung BS,0.0000,12.7000,21.4000,46.1000,80.2000
2025-06-10,5231,MR1,MR 1 Endmaße,0.0000,0.0000,7.7000,21.3800,29.0800
2025-06-10,5211,MR11,MR 11 KMG,0.0000,0.0000,15.4000,6.1200,21.5200
2025-06-10,5212,MR12,MR 12 Druck,0.0000,0.0000,0.0000,6.4700,6.4700
2025-06-10,5234,MR2,MR 2 Drehmomente,10.0000,0.0000,0.0000,21.7800,31.7800
2025-06-10,5236,MR3,MR 3 Messuhren,0.0000,0.0000,7.7000,26.0000,33.7000
2025-06-10,5233,MR4,MR 4 Lohnmessung,0.0000,0.0000,0.0000,8.3800,8.3800
2025-06-10,5239,MR5,MR 5 Bügelmessschrauben,0.0000,0.0000,15.4000,30.8000,46.2000
2025-06-10,5235,MR6,MR 6 Messschieber,0.0000,0.0000,15.4000,19.7200,35.1200
2025-06-10,5232,MR7,MR 7 Lehren,0.0000,7.7000,5.0000,46.1800,58.8800
2025-06-10,5238,MR8,MR 8 Temperatur,0.0000,7.7000,0.0000,1.2300,8.9300
2025-06-10,5237,MR9,MR 9 Elektro BS,0.0000,0.0000,0.0000,7.7000,7.7000
2025-06-10,5225,Packplatz,Packplatz,0.0000,7.7000,7.7000,13.7000,29.1000
2025-06-10,5230,Springer,PRÜFER BS,7.7000,0.0000,0.0000,,7.7000
2025-06-10,5223,WA,WA BS,0.0000,7.7000,6.0000,15.4000,29.1000
2025-06-10,5222,WE,WE BS,0.0000,0.0000,7.7000,52.1800,59.8800
2025-06-11,5240,AV,Arbeitsvorbereitung BS,0.0000,0.0000,21.4000,47.4500,68.8500
2025-06-11,5231,MR1,MR 1 Endmaße,0.0000,0.0000,7.7000,21.4000,29.1000
2025-06-11,5211,MR11,MR 11 KMG,0.0000,0.0000,7.7000,7.7000,15.4000
2025-06-11,5212,MR12,MR 12 Druck,0.0000,0.0000,0.0000,3.8500,3.8500
2025-06-11,5214,MR14,MR 14 Waage,0.0000,0.0000,0.0000,2.2200,2.2200
2025-06-11,5234,MR2,MR 2 Drehmomente,9.7500,7.7000,0.0000,23.1000,40.5500
2025-06-11,5236,MR3,MR 3 Messuhren,0.0000,0.0000,7.7000,21.0400,28.7400
2025-06-11,5233,MR4,MR 4 Lohnmessung,0.0000,0.0000,0.0000,6.2300,6.2300
2025-06-11,5239,MR5,MR 5 Bügelmessschrauben,0.0000,0.0000,15.4000,29.0300,44.4300
2025-06-11,5235,MR6,MR 6 Messschieber,0.0000,0.0000,15.4000,18.1800,33.5800
2025-06-11,5232,MR7,MR 7 Lehren,0.0000,7.7000,12.7000,38.6600,59.0600
2025-06-11,5238,MR8,MR 8 Temperatur,0.0000,0.0000,0.0000,9.8500,9.8500
2025-06-11,5237,MR9,MR 9 Elektro BS,0.0000,0.0000,0.0000,7.7000,7.7000
2025-06-11,5225,Packplatz,Packplatz,0.0000,0.0000,7.7000,21.2700,28.9700
2025-06-11,5230,Springer,PRÜFER BS,7.7000,0.0000,0.0000,,7.7000
2025-06-11,5900,Qualifizierung,Qualifizierung,0.0000,0.0000,0.0000,7.7000,7.7000
2025-06-11,5223,WA,WA BS,0.0000,7.7000,6.0000,15.4000,29.1000
2025-06-11,5222,WE,WE BS,0.0000,7.7000,7.7000,45.0600,60.4600
2025-06-12,5240,AV,Arbeitsvorbereitung BS,0.0000,5.0000,21.4000,45.8700,72.2700
2025-06-12,5231,MR1,MR 1 Endmaße,0.0000,0.0000,7.7000,21.4000,29.1000
2025-06-12,5211,MR11,MR 11 KMG,0.0000,0.0000,7.7000,15.4000,23.1000
2025-06-12,5234,MR2,MR 2 Drehmomente,9.7500,7.7000,0.0000,23.0700,40.5200
2025-06-12,5236,MR3,MR 3 Messuhren,0.0000,0.0000,7.7000,23.7700,31.4700
2025-06-12,5233,MR4,MR 4 Lohnmessung,0.0000,0.0000,0.0000,7.7000,7.7000
2025-06-12,5239,MR5,MR 5 Bügelmessschrauben,0.0000,0.0000,15.4000,29.7200,45.1200
2025-06-12,5235,MR6,MR 6 Messschieber,0.0000,0.0000,15.4000,20.3800,35.7800
2025-06-12,5232,MR7,MR 7 Lehren,0.0000,7.7000,20.4000,30.5800,58.6800
2025-06-12,5238,MR8,MR 8 Temperatur,0.0000,0.0000,0.0000,12.2500,12.2500
2025-06-12,5237,MR9,MR 9 Elektro BS,0.0000,0.0000,0.0000,7.7000,7.7000
2025-06-12,5225,Packplatz,Packplatz,0.0000,0.0000,7.7000,21.2600,28.9600
2025-06-12,5230,Springer,PRÜFER BS,7.7000,0.0000,0.0000,,7.7000
2025-06-12,5223,WA,WA BS,0.0000,7.7000,0.0000,15.4000,23.1000
2025-06-12,5222,WE,WE BS,0.0000,7.7000,7.7000,46.1700,61.5700
2025-06-13,5240,AV,Arbeitsvorbereitung BS,0.0000,5.0000,21.4000,44.7000,71.1000
2025-06-13,5231,MR1,MR 1 Endmaße,0.0000,0.0000,7.7000,18.2500,25.9500
2025-06-13,5211,MR11,MR 11 KMG,0.0000,0.0000,15.4000,,15.4000
2025-06-13,5234,MR2,MR 2 Drehmomente,9.0000,0.0000,0.0000,29.7700,38.7700
2025-06-13,5236,MR3,MR 3 Messuhren,0.0000,0.0000,7.7000,23.0000,30.7000
2025-06-13,5233,MR4,MR 4 Lohnmessung,0.0000,0.0000,0.0000,8.4800,8.4800
2025-06-13,5239,MR5,MR 5 Bügelmessschrauben,0.0000,0.0000,15.4000,28.0200,43.4200
2025-06-13,5235,MR6,MR 6 Messschieber,0.0000,0.0000,15.4000,24.3100,39.7100
2025-06-13,5232,MR7,MR 7 Lehren,0.0000,7.7000,20.4000,30.3500,58.4500
2025-06-13,5238,MR8,MR 8 Temperatur,0.0000,0.0000,0.0000,2.8200,2.8200
2025-06-13,5237,MR9,MR 9 Elektro BS,0.0000,0.0000,0.0000,8.2000,8.2000
2025-06-13,5225,Packplatz,Packplatz,0.0000,0.0000,7.7000,21.3000,29.0000
2025-06-13,5230,Springer,PRÜFER BS,0.0000,0.0000,0.0000,7.6800,7.6800
2025-06-13,5900,Qualifizierung,Qualifizierung,0.0000,0.0000,0.0000,2.0800,2.0800
2025-06-13,5223,WA,WA BS,0.0000,7.7000,0.0000,9.7000,17.4000
2025-06-13,5222,WE,WE BS,0.0000,7.7000,7.7000,45.0700,60.4700
2025-06-16,5240,AV,Arbeitsvorbereitung BS,0.0000,0.0000,0.0000,72.3000,72.3000
2025-06-16,5231,MR1,MR 1 Endmaße,0.0000,0.0000,7.7000,21.3800,29.0800
2025-06-16,5211,MR11,MR 11 KMG,0.0000,0.0000,0.0000,15.4000,15.4000
2025-06-16,5212,MR12,MR 12 Druck,0.0000,0.0000,0.0000,0.7800,0.7800
2025-06-16,5234,MR2,MR 2 Drehmomente,0.0000,0.0000,7.7000,26.3000,34.0000
2025-06-16,5236,MR3,MR 3 Messuhren,0.0000,0.0000,15.4000,23.1000,38.5000
2025-06-16,5233,MR4,MR 4 Lohnmessung,0.0000,0.0000,0.0000,7.7000,7.7000
2025-06-16,5239,MR5,MR 5 Bügelmessschrauben,0.0000,7.7000,7.7000,28.0000,43.4000
2025-06-16,5235,MR6,MR 6 Messschieber,0.0000,0.0000,0.0000,30.6900,30.6900
2025-06-16,5232,MR7,MR 7 Lehren,0.0000,7.7000,4.0000,41.4000,53.1000
2025-06-16,5238,MR8,MR 8 Temperatur,0.0000,0.0000,7.7000,,7.7000
2025-06-16,5237,MR9,MR 9 Elektro BS,0.0000,0.0000,0.0000,7.7000,7.7000
2025-06-16,5225,Packplatz,Packplatz,0.0000,0.0000,7.7000,21.3700,29.0700
2025-06-16,5230,Springer,PRÜFER BS,0.0000,0.0000,0.0000,7.7000,7.7000
2025-06-16,5900,Qualifizierung,Qualifizierung,0.0000,0.0000,0.0000,10.3200,10.3200
2025-06-16,5223,WA,WA BS,0.0000,7.7000,6.0000,15.4000,29.1000
2025-06-16,5222,WE,WE BS,0.0000,7.7000,7.7000,46.2000,61.6000
2025-06-17,5240,AV,Arbeitsvorbereitung BS,0.0000,0.0000,0.0000,73.1200,73.1200
2025-06-17,5231,MR1,MR 1 Endmaße,0.0000,0.0000,7.7000,21.4000,29.1000
2025-06-17,5211,MR11,MR 11 KMG,0.0000,0.0000,0.0000,15.3700,15.3700
2025-06-17,5214,MR14,MR 14 Waage,0.0000,0.0000,0.0000,5.7200,5.7200
2025-06-17,5234,MR2,MR 2 Drehmomente,0.0000,0.0000,7.7000,30.7700,38.4700
2025-06-17,5236,MR3,MR 3 Messuhren,0.0000,7.7000,15.4000,15.4000,38.5000
2025-06-17,5233,MR4,MR 4 Lohnmessung,0.0000,0.0000,0.0000,6.4500,6.4500
2025-06-17,5239,MR5,MR 5 Bügelmessschrauben,0.0000,0.0000,7.7000,40.4900,48.1900
2025-06-17,5235,MR6,MR 6 Messschieber,0.0000,0.0000,0.0000,19.4000,19.4000
2025-06-17,5232,MR7,MR 7 Lehren,0.0000,7.7000,4.0000,46.2000,57.9000
2025-06-17,5238,MR8,MR 8 Temperatur,0.0000,0.0000,7.7000,7.7000,15.4000
2025-06-17,5237,MR9,MR 9 Elektro BS,0.0000,0.0000,0.0000,7.7000,7.7000
2025-06-17,5225,Packplatz,Packplatz,0.0000,0.0000,7.7000,21.2700,28.9700
2025-06-17,5230,Springer,PRÜFER BS,0.0000,0.0000,0.0000,7.7000,7.7000
2025-06-17,5900,Qualifizierung,Qualifizierung,0.0000,0.0000,0.0000,8.3600,8.3600
2025-06-17,5223,WA,WA BS,0.0000,0.0000,6.0000,22.9300,28.9300
2025-06-17,5222,WE,WE BS,0.0000,15.4000,7.7000,38.4700,61.5700
2025-06-18,5240,AV,Arbeitsvorbereitung BS,0.0000,0.0000,0.0000,67.1400,67.1400
2025-06-18,5231,MR1,MR 1 Endmaße,0.0000,0.0000,7.7000,21.4000,29.1000
2025-06-18,5211,MR11,MR 11 KMG,0.0000,0.0000,0.0000,14.2700,14.2700
2025-06-18,5234,MR2,MR 2 Drehmomente,0.0000,0.0000,7.7000,29.0200,36.7200
2025-06-18,5236,MR3,MR 3 Messuhren,0.0000,0.0000,15.4000,19.4000,34.8000
2025-06-18,5233,MR4,MR 4 Lohnmessung,0.0000,0.0000,0.0000,7.7000,7.7000
2025-06-18,5239,MR5,MR 5 Bügelmessschrauben,0.0000,0.0000,7.7000,35.7300,43.4300
2025-06-18,5235,MR6,MR 6 Messschieber,0.0000,0.0000,0.0000,29.1400,29.1400
2025-06-18,5232,MR7,MR 7 Lehren,0.0000,7.7000,0.0000,45.5600,53.2600
2025-06-18,5238,MR8,MR 8 Temperatur,0.0000,0.0000,7.7000,5.9300,13.6300
2025-06-18,5237,MR9,MR 9 Elektro BS,0.0000,0.0000,0.0000,5.3300,5.3300
2025-06-18,5225,Packplatz,Packplatz,0.0000,0.0000,7.7000,21.2600,28.9600
2025-06-18,5230,Springer,PRÜFER BS,0.0000,0.0000,0.0000,7.7000,7.7000
2025-06-18,5900,Qualifizierung,Qualifizierung,0.0000,0.0000,0.0000,13.7500,13.7500
2025-06-18,5223,WA,WA BS,0.0000,0.0000,6.0000,23.0800,29.0800
2025-06-18,5222,WE,WE BS,0.0000,23.1000,7.7000,29.8800,60.6800
2025-06-19,5240,AV,Arbeitsvorbereitung BS,0.0000,0.0000,0.0000,72.2700,72.2700
2025-06-19,5231,MR1,MR 1 Endmaße,0.0000,0.0000,7.7000,15.7800,23.4800
2025-06-19,5211,MR11,MR 11 KMG,0.0000,0.0000,0.0000,13.6100,13.6100
2025-06-19,5212,MR12,MR 12 Druck,0.0000,0.0000,0.0000,3.0800,3.0800
2025-06-19,5214,MR14,MR 14 Waage,0.0000,0.0000,0.0000,1.2700,1.2700
2025-06-19,5234,MR2,MR 2 Drehmomente,0.0000,0.0000,7.7000,24.9100,32.6100
2025-06-19,5236,MR3,MR 3 Messuhren,0.0000,0.0000,15.4000,22.8200,38.2200
2025-06-19,5233,MR4,MR 4 Lohnmessung,0.0000,0.0000,0.0000,7.6800,7.6800
2025-06-19,5239,MR5,MR 5 Bügelmessschrauben,0.0000,0.0000,7.7000,38.4600,46.1600
2025-06-19,5235,MR6,MR 6 Messschieber,0.0000,0.0000,0.0000,24.0600,24.0600
2025-06-19,5232,MR7,MR 7 Lehren,0.0000,7.7000,0.0000,46.5900,54.2900
2025-06-19,5238,MR8,MR 8 Temperatur,0.0000,0.0000,7.7000,2.9800,10.6800
2025-06-19,5237,MR9,MR 9 Elektro BS,0.0000,0.0000,0.0000,7.7000,7.7000
2025-06-19,5225,Packplatz,Packplatz,0.0000,0.0000,7.7000,21.3000,29.0000
2025-06-19,5230,Springer,PRÜFER BS,0.0000,0.0000,0.0000,7.7000,7.7000
2025-06-19,5900,Qualifizierung,Qualifizierung,0.0000,0.0000,0.0000,21.6800,21.6800
2025-06-19,5223,WA,WA BS,0.0000,0.0000,0.0000,23.5500,23.5500
2025-06-19,5222,WE,WE BS,0.0000,7.7000,7.7000,46.0000,61.4000
2025-06-20,5240,AV,Arbeitsvorbereitung BS,0.0000,0.0000,15.4000,55.1600,70.5600
2025-06-20,5231,MR1,MR 1 Endmaße,0.0000,7.7000,7.7000,7.0800,22.4800
2025-06-20,5211,MR11,MR 11 KMG,0.0000,0.0000,0.0000,11.2500,11.2500
2025-06-20,5234,MR2,MR 2 Drehmomente,0.0000,0.0000,15.4000,15.7300,31.1300
2025-06-20,5236,MR3,MR 3 Messuhren,0.0000,0.0000,15.4000,22.8400,38.2400
2025-06-20,5233,MR4,MR 4 Lohnmessung,0.0000,0.0000,0.0000,8.2000,8.2000
2025-06-20,5239,MR5,MR 5 Bügelmessschrauben,0.0000,0.0000,7.7000,35.1900,42.8900
2025-06-20,5235,MR6,MR 6 Messschieber,0.0000,0.0000,0.0000,30.0700,30.0700
2025-06-20,5232,MR7,MR 7 Lehren,0.0000,7.7000,7.7000,39.0500,54.4500
2025-06-20,5238,MR8,MR 8 Temperatur,0.0000,0.0000,7.7000,4.7700,12.4700
2025-06-20,5237,MR9,MR 9 Elektro BS,0.0000,0.0000,0.0000,6.0000,6.0000
2025-06-20,5225,Packplatz,Packplatz,0.0000,0.0000,7.7000,21.1500,28.8500
2025-06-20,5230,Springer,PRÜFER BS,0.0000,0.0000,0.0000,7.7000,7.7000
2025-06-20,5900,Qualifizierung,Qualifizierung,0.0000,0.0000,0.0000,11.9200,11.9200
2025-06-20,5223,WA,WA BS,0.0000,0.0000,0.0000,15.8700,15.8700
2025-06-20,5222,WE,WE BS,0.0000,7.7000,7.7000,46.6000,62.0000
2025-06-23,5240,AV,Arbeitsvorbereitung BS,0.0000,7.7000,0.0000,67.2800,74.9800
2025-06-23,5231,MR1,MR 1 Endmaße,0.0000,0.0000,0.0000,29.1000,29.1000
2025-06-23,5211,MR11,MR 11 KMG,0.0000,7.7000,0.0000,7.7000,15.4000
2025-06-23,5234,MR2,MR 2 Drehmomente,0.0000,0.0000,23.1000,15.3000,38.4000
2025-06-23,5236,MR3,MR 3 Messuhren,0.0000,0.0000,7.7000,24.6200,32.3200
2025-06-23,5239,MR5,MR 5 Bügelmessschrauben,0.0000,0.0000,7.7000,30.8000,38.5000
2025-06-23,5235,MR6,MR 6 Messschieber,0.0000,0.0000,15.4000,20.5500,35.9500
2025-06-23,5232,MR7,MR 7 Lehren,0.0000,7.7000,7.7000,43.1400,58.5400
2025-06-23,5238,MR8,MR 8 Temperatur,0.0000,0.0000,7.7000,7.7000,15.4000
2025-06-23,5237,MR9,MR 9 Elektro BS,0.0000,0.0000,0.0000,7.7000,7.7000
2025-06-23,5225,Packplatz,Packplatz,0.0000,0.0000,0.0000,26.7200,26.7200
2025-06-23,5230,Springer,PRÜFER BS,0.0000,0.0000,0.0000,7.7000,7.7000
2025-06-23,5900,Qualifizierung,Qualifizierung,0.0000,0.0000,0.0000,17.4100,17.4100
2025-06-23,5223,WA,WA BS,0.0000,0.0000,6.0000,23.0600,29.0600
2025-06-23,5222,WE,WE BS,0.0000,0.0000,15.4000,40.7000,56.1000
2025-06-24,5240,AV,Arbeitsvorbereitung BS,0.0000,7.7000,0.0000,64.1300,71.8300
2025-06-24,5231,MR1,MR 1 Endmaße,0.0000,0.0000,7.7000,21.4000,29.1000
2025-06-24,5211,MR11,MR 11 KMG,0.0000,0.0000,0.0000,15.3700,15.3700
2025-06-24,5234,MR2,MR 2 Drehmomente,0.0000,0.0000,15.4000,14.1200,29.5200
2025-06-24,5236,MR3,MR 3 Messuhren,0.0000,0.0000,7.7000,18.5700,26.2700
2025-06-24,5239,MR5,MR 5 Bügelmessschrauben,0.0000,0.0000,7.7000,35.3600,43.0600
2025-06-24,5235,MR6,MR 6 Messschieber,0.0000,0.0000,15.4000,25.0500,40.4500
2025-06-24,5232,MR7,MR 7 Lehren,0.0000,7.7000,15.4000,42.5000,65.6000
2025-06-24,5238,MR8,MR 8 Temperatur,0.0000,0.0000,7.7000,0.3500,8.0500
2025-06-24,5237,MR9,MR 9 Elektro BS,0.0000,0.0000,0.0000,7.7000,7.7000
2025-06-24,5225,Packplatz,Packplatz,0.0000,0.0000,0.0000,30.2200,30.2200
2025-06-24,5230,Springer,PRÜFER BS,0.0000,0.0000,0.0000,7.7000,7.7000
2025-06-24,5900,Qualifizierung,Qualifizierung,0.0000,0.0000,0.0000,11.1700,11.1700
2025-06-24,5223,WA,WA BS,0.0000,0.0000,6.0000,23.1000,29.1000
2025-06-24,5222,WE,WE BS,0.0000,0.0000,15.4000,46.2000,61.6000
2025-06-25,5240,AV,Arbeitsvorbereitung BS,0.0000,7.7000,0.0000,61.0900,68.7900
2025-06-25,5231,MR1,MR 1 Endmaße,0.0000,0.0000,0.0000,29.0800,29.0800
2025-06-25,5211,MR11,MR 11 KMG,0.0000,0.0000,0.0000,11.5200,11.5200
2025-06-25,5212,MR12,MR 12 Druck,0.0000,0.0000,0.0000,2.6500,2.6500
2025-06-25,5214,MR14,MR 14 Waage,0.0000,0.0000,0.0000,2.2700,2.2700
2025-06-25,5234,MR2,MR 2 Drehmomente,0.0000,0.0000,15.4000,23.0800,38.4800
2025-06-25,5236,MR3,MR 3 Messuhren,0.0000,0.0000,0.0000,25.1800,25.1800
2025-06-25,5233,MR4,MR 4 Lohnmessung,0.0000,0.0000,0.0000,6.2000,6.2000
2025-06-25,5239,MR5,MR 5 Bügelmessschrauben,0.0000,0.0000,15.4000,29.7600,45.1600
2025-06-25,5235,MR6,MR 6 Messschieber,0.0000,0.0000,15.4000,15.9000,31.3000
2025-06-25,5232,MR7,MR 7 Lehren,0.0000,7.7000,7.7000,50.9300,66.3300
2025-06-25,5238,MR8,MR 8 Temperatur,0.0000,0.0000,7.7000,2.7800,10.4800
2025-06-25,5237,MR9,MR 9 Elektro BS,0.0000,0.0000,0.0000,7.7000,7.7000
2025-06-25,5225,Packplatz,Packplatz,0.0000,0.0000,0.0000,30.5600,30.5600
2025-06-25,5230,Springer,PRÜFER BS,0.0000,0.0000,0.0000,7.7000,7.7000
2025-06-25,5900,Qualifizierung,Qualifizierung,0.0000,0.0000,0.0000,20.5600,20.5600
2025-06-25,5223,WA,WA BS,0.0000,0.0000,6.0000,21.8800,27.8800
2025-06-25,5222,WE,WE BS,0.0000,0.0000,15.4000,41.7800,57.1800
2025-06-26,5240,AV,Arbeitsvorbereitung BS,0.0000,7.7000,0.0000,65.5500,73.2500
2025-06-26,5231,MR1,MR 1 Endmaße,0.0000,0.0000,0.0000,29.0500,29.0500
2025-06-26,5211,MR11,MR 11 KMG,0.0000,0.0000,0.0000,7.6300,7.6300
2025-06-26,5214,MR14,MR 14 Waage,0.0000,0.0000,0.0000,6.4500,6.4500
2025-06-26,5234,MR2,MR 2 Drehmomente,0.0000,0.0000,15.4000,18.5200,33.9200
2025-06-26,5236,MR3,MR 3 Messuhren,0.0000,0.0000,0.0000,17.2300,17.2300
2025-06-26,5233,MR4,MR 4 Lohnmessung,0.0000,0.0000,0.0000,7.7000,7.7000
2025-06-26,5239,MR5,MR 5 Bügelmessschrauben,0.0000,0.0000,15.4000,29.4500,44.8500
2025-06-26,5235,MR6,MR 6 Messschieber,0.0000,0.0000,15.4000,19.4300,34.8300
2025-06-26,5232,MR7,MR 7 Lehren,0.0000,7.7000,7.7000,51.7500,67.1500
2025-06-26,5238,MR8,MR 8 Temperatur,0.0000,0.0000,7.7000,,7.7000
2025-06-26,5237,MR9,MR 9 Elektro BS,0.0000,0.0000,0.0000,7.7000,7.7000
2025-06-26,5225,Packplatz,Packplatz,0.0000,0.0000,0.0000,28.4100,28.4100
2025-06-26,5230,Springer,PRÜFER BS,0.0000,0.0000,0.0000,7.7000,7.7000
2025-06-26,5900,Qualifizierung,Qualifizierung,0.0000,0.0000,0.0000,14.4600,14.4600
2025-06-26,5223,WA,WA BS,0.0000,0.0000,7.7000,15.4000,23.1000
2025-06-26,5222,WE,WE BS,0.0000,0.0000,15.4000,46.2800,61.6800
2025-06-27,5240,AV,Arbeitsvorbereitung BS,0.0000,7.7000,15.4000,53.6200,76.7200
2025-06-27,5231,MR1,MR 1 Endmaße,0.0000,0.0000,0.0000,29.1700,29.1700
2025-06-27,5211,MR11,MR 11 KMG,0.0000,0.0000,0.0000,14.7500,14.7500
2025-06-27,5234,MR2,MR 2 Drehmomente,0.0000,0.0000,15.4000,23.4000,38.8000
2025-06-27,5236,MR3,MR 3 Messuhren,0.0000,0.0000,0.0000,30.2700,30.2700
2025-06-27,5233,MR4,MR 4 Lohnmessung,0.0000,0.0000,0.0000,6.5000,6.5000
2025-06-27,5239,MR5,MR 5 Bügelmessschrauben,0.0000,0.0000,7.7000,37.9000,45.6000
2025-06-27,5235,MR6,MR 6 Messschieber,0.0000,0.0000,15.4000,22.8600,38.2600
2025-06-27,5232,MR7,MR 7 Lehren,0.0000,7.7000,7.7000,38.3800,53.7800
2025-06-27,5238,MR8,MR 8 Temperatur,0.0000,0.0000,7.7000,2.7200,10.4200
2025-06-27,5237,MR9,MR 9 Elektro BS,0.0000,0.0000,0.0000,5.7200,5.7200
2025-06-27,5225,Packplatz,Packplatz,0.0000,0.0000,0.0000,26.8800,26.8800
2025-06-27,5230,Springer,PRÜFER BS,0.0000,0.0000,0.0000,7.7000,7.7000
2025-06-27,5900,Qualifizierung,Qualifizierung,0.0000,0.0000,0.0000,4.9300,4.9300
2025-06-27,5223,WA,WA BS,0.0000,0.0000,7.7000,15.6500,23.3500
2025-06-27,5222,WE,WE BS,0.0000,0.0000,15.4000,39.0800,54.4800
2025-06-28,5231,MR1,MR 1 Endmaße,0.0000,0.0000,0.0000,5.6300,5.6300
2025-06-28,5234,MR2,MR 2 Drehmomente,0.0000,0.0000,0.0000,6.0000,6.0000
2025-06-28,5236,MR3,MR 3 Messuhren,0.0000,0.0000,0.0000,5.9300,5.9300
2025-06-28,5239,MR5,MR 5 Bügelmessschrauben,0.0000,0.0000,0.0000,13.7500,13.7500
2025-06-28,5235,MR6,MR 6 Messschieber,0.0000,0.0000,0.0000,0.0700,0.0700
2025-06-28,5232,MR7,MR 7 Lehren,0.0000,0.0000,0.0000,4.0800,4.0800
2025-06-30,5240,AV,Arbeitsvorbereitung BS,0.0000,7.7000,0.0000,63.7700,71.4700
2025-06-30,5231,MR1,MR 1 Endmaße,0.0000,0.0000,0.0000,20.2900,20.2900
2025-06-30,5211,MR11,MR 11 KMG,0.0000,0.0000,0.0000,10.6800,10.6800
2025-06-30,5234,MR2,MR 2 Drehmomente,0.0000,0.0000,7.7000,8.9000,16.6000
2025-06-30,5236,MR3,MR 3 Messuhren,0.0000,0.0000,0.0000,19.1500,19.1500
2025-06-30,5233,MR4,MR 4 Lohnmessung,0.0000,0.0000,0.0000,5.7500,5.7500
2025-06-30,5239,MR5,MR 5 Bügelmessschrauben,0.0000,0.0000,7.7000,21.6400,29.3400
2025-06-30,5235,MR6,MR 6 Messschieber,0.0000,7.7000,0.0000,18.5900,26.2900
2025-06-30,5232,MR7,MR 7 Lehren,0.0000,7.7000,7.7000,45.0200,60.4200
2025-06-30,5238,MR8,MR 8 Temperatur,0.0000,0.0000,0.0000,15.3800,15.3800
2025-06-30,5225,Packplatz,Packplatz,0.0000,0.0000,7.7000,21.9200,29.6200
2025-06-30,5230,Springer,PRÜFER BS,0.0000,0.0000,0.0000,7.7000,7.7000
2025-06-30,5900,Qualifizierung,Qualifizierung,0.0000,0.0000,0.0000,57.8000,57.8000
2025-06-30,5223,WA,WA BS,0.0000,0.0000,0.0000,28.1000,28.1000
2025-06-30,5222,WE,WE BS,0.0000,0.0000,15.4000,46.3000,61.7000
2025-07-01,5240,AV,Arbeitsvorbereitung BS,0.0000,15.4000,0.0000,64.2800,79.6800
2025-07-01,5231,MR1,MR 1 Endmaße,0.0000,7.7000,0.0000,21.4000,29.1000
2025-07-01,5211,MR11,MR 11 KMG,0.0000,0.0000,0.0000,11.8900,11.8900
2025-07-01,5234,MR2,MR 2 Drehmomente,0.0000,0.0000,7.7000,26.2700,33.9700
2025-07-01,5236,MR3,MR 3 Messuhren,0.0000,0.0000,7.7000,12.3500,20.0500
2025-07-01,5233,MR4,MR 4 Lohnmessung,0.0000,0.0000,0.0000,7.7000,7.7000
2025-07-01,5239,MR5,MR 5 Bügelmessschrauben,0.0000,0.0000,7.7000,32.0200,39.7200
2025-07-01,5235,MR6,MR 6 Messschieber,0.0000,0.0000,0.0000,32.8700,32.8700
2025-07-01,5232,MR7,MR 7 Lehren,0.0000,7.7000,7.7000,33.9900,49.3900
2025-07-01,5238,MR8,MR 8 Temperatur,0.0000,0.0000,0.0000,14.9800,14.9800
2025-07-01,5237,MR9,MR 9 Elektro BS,0.0000,0.0000,0.0000,0.0500,0.0500
2025-07-01,5225,Packplatz,Packplatz,0.0000,0.0000,7.7000,21.3000,29.0000
2025-07-01,5230,Springer,PRÜFER BS,0.0000,0.0000,0.0000,7.7000,7.7000
2025-07-01,5900,Qualifizierung,Qualifizierung,0.0000,0.0000,0.0000,40.2600,40.2600
2025-07-01,5223,WA,WA BS,0.0000,0.0000,0.0000,27.6800,27.6800
2025-07-01,5222,WE,WE BS,0.0000,0.0000,7.7000,53.7800,61.4800
2025-07-02,5240,AV,Arbeitsvorbereitung BS,0.0000,7.7000,0.0000,63.9200,71.6200
2025-07-02,5231,MR1,MR 1 Endmaße,0.0000,7.7000,0.0000,21.4000,29.1000
2025-07-02,5211,MR11,MR 11 KMG,0.0000,0.0000,7.6500,7.7000,15.3500
2025-07-02,5234,MR2,MR 2 Drehmomente,0.0000,0.0000,7.7000,28.2000,35.9000
2025-07-02,5236,MR3,MR 3 Messuhren,0.0000,7.7000,0.0000,19.2500,26.9500
2025-07-02,5233,MR4,MR 4 Lohnmessung,0.0000,0.0000,0.0000,7.7000,7.7000
2025-07-02,5239,MR5,MR 5 Bügelmessschrauben,0.0000,0.0000,0.0000,37.8400,37.8400
2025-07-02,5235,MR6,MR 6 Messschieber,0.0000,0.0000,0.0000,29.8500,29.8500
2025-07-02,5232,MR7,MR 7 Lehren,0.0000,15.4000,7.7000,35.6000,58.7000
2025-07-02,5238,MR8,MR 8 Temperatur,0.0000,0.0000,0.0000,13.3500,13.3500
2025-07-02,5237,MR9,MR 9 Elektro BS,0.0000,0.0000,0.0000,0.5500,0.5500
2025-07-02,5225,Packplatz,Packplatz,0.0000,0.0000,7.7000,24.1000,31.8000
2025-07-02,5230,Springer,PRÜFER BS,0.0000,0.0000,0.0000,7.7000,7.7000
2025-07-02,5900,Qualifizierung,Qualifizierung,0.0000,0.0000,0.0000,20.9500,20.9500
2025-07-02,5223,WA,WA BS,0.0000,0.0000,0.0000,27.5800,27.5800
2025-07-02,5222,WE,WE BS,0.0000,0.0000,7.7000,52.1000,59.8000
2025-07-03,5240,AV,Arbeitsvorbereitung BS,0.0000,7.7000,0.0000,64.3600,72.0600
2025-07-03,5231,MR1,MR 1 Endmaße,0.0000,7.7000,0.0000,13.8200,21.5200
2025-07-03,5211,MR11,MR 11 KMG,0.0000,0.0000,0.0000,10.4800,10.4800
2025-07-03,5212,MR12,MR 12 Druck,0.0000,0.0000,0.0000,7.1300,7.1300
2025-07-03,5234,MR2,MR 2 Drehmomente,9.9200,0.0000,15.4000,29.5300,54.8500
2025-07-03,5236,MR3,MR 3 Messuhren,0.0000,0.0000,0.0000,23.7600,23.7600
2025-07-03,5233,MR4,MR 4 Lohnmessung,0.0000,0.0000,0.0000,7.7000,7.7000
2025-07-03,5239,MR5,MR 5 Bügelmessschrauben,0.0000,0.0000,0.0000,40.7400,40.7400
2025-07-03,5235,MR6,MR 6 Messschieber,0.0000,0.0000,0.0000,28.6800,28.6800
2025-07-03,5232,MR7,MR 7 Lehren,0.0000,7.7000,7.7000,43.0800,58.4800
2025-07-03,5238,MR8,MR 8 Temperatur,0.0000,0.0000,0.0000,8.2200,8.2200
2025-07-03,5237,MR9,MR 9 Elektro BS,0.0000,0.0000,0.0000,0.0800,0.0800
2025-07-03,5225,Packplatz,Packplatz,0.0000,0.0000,7.7000,28.7000,36.4000
2025-07-03,5230,Springer,PRÜFER BS,0.0000,0.0000,0.0000,7.7000,7.7000
2025-07-03,5900,Qualifizierung,Qualifizierung,0.0000,0.0000,0.0000,19.9500,19.9500
2025-07-03,5223,WA,WA BS,0.0000,0.0000,0.0000,23.0000,23.0000
2025-07-03,5222,WE,WE BS,0.0000,0.0000,7.7000,53.8200,61.5200
2025-07-04,5240,AV,Arbeitsvorbereitung BS,0.0000,7.7000,0.0000,57.0000,64.7000
2025-07-04,5231,MR1,MR 1 Endmaße,0.0000,0.0000,0.0000,28.8800,28.8800
2025-07-04,5211,MR11,MR 11 KMG,0.0000,0.0000,0.0000,15.4000,15.4000
2025-07-04,5234,MR2,MR 2 Drehmomente,0.0000,0.0000,15.4000,17.5100,32.9100
2025-07-04,5236,MR3,MR 3 Messuhren,0.0000,7.7000,0.0000,19.9500,27.6500
2025-07-04,5233,MR4,MR 4 Lohnmessung,0.0000,0.0000,0.0000,7.7000,7.7000
2025-07-04,5239,MR5,MR 5 Bügelmessschrauben,0.0000,0.0000,0.0000,35.6700,35.6700
2025-07-04,5235,MR6,MR 6 Messschieber,0.0000,0.0000,7.7000,28.9000,36.6000
2025-07-04,5232,MR7,MR 7 Lehren,0.0000,15.4000,7.7000,34.6800,57.7800
2025-07-04,5238,MR8,MR 8 Temperatur,0.0000,0.0000,0.0000,9.2400,9.2400
2025-07-04,5237,MR9,MR 9 Elektro BS,0.0000,0.0000,0.0000,8.1300,8.1300
2025-07-04,5225,Packplatz,Packplatz,0.0000,0.0000,7.7000,20.9800,28.6800
2025-07-04,5230,Springer,PRÜFER BS,0.0000,0.0000,0.0000,7.7000,7.7000
2025-07-04,5900,Qualifizierung,Qualifizierung,0.0000,0.0000,0.0000,20.2000,20.2000
2025-07-04,5223,WA,WA BS,0.0000,7.7000,0.0000,13.0500,20.7500
2025-07-04,5222,WE,WE BS,0.0000,0.0000,7.7000,49.2600,56.9600
2025-07-07,5240,AV,Arbeitsvorbereitung BS,0.0000,7.7000,15.4000,57.0000,80.1000
2025-07-07,5231,MR1,MR 1 Endmaße,0.0000,0.0000,0.0000,29.0800,29.0800
2025-07-07,5211,MR11,MR 11 KMG,0.0000,0.0000,0.0000,5.4300,5.4300
2025-07-07,5214,MR14,MR 14 Waage,0.0000,0.0000,0.0000,5.1800,5.1800
2025-07-07,5234,MR2,MR 2 Drehmomente,0.0000,0.0000,7.7000,34.2700,41.9700
2025-07-07,5236,MR3,MR 3 Messuhren,0.0000,0.0000,0.0000,17.4700,17.4700
2025-07-07,5233,MR4,MR 4 Lohnmessung,0.0000,0.0000,0.0000,7.7000,7.7000
2025-07-07,5239,MR5,MR 5 Bügelmessschrauben,0.0000,0.0000,0.0000,21.9500,21.9500
2025-07-07,5235,MR6,MR 6 Messschieber,0.0000,0.0000,7.7000,22.7600,30.4600
2025-07-07,5232,MR7,MR 7 Lehren,0.0000,15.4000,7.7000,28.4900,51.5900
2025-07-07,5238,MR8,MR 8 Temperatur,0.0000,7.7000,0.0000,7.7000,15.4000
2025-07-07,5237,MR9,MR 9 Elektro BS,0.0000,0.0000,0.0000,7.6700,7.6700
2025-07-07,5225,Packplatz,Packplatz,0.0000,0.0000,7.7000,21.2500,28.9500
2025-07-07,5230,Springer,PRÜFER BS,0.0000,0.0000,0.0000,7.7000,7.7000
2025-07-07,5900,Qualifizierung,Qualifizierung,0.0000,0.0000,0.0000,35.7700,35.7700
2025-07-07,5223,WA,WA BS,0.0000,0.0000,0.0000,29.1000,29.1000
2025-07-07,5222,WE,WE BS,0.0000,7.7000,7.7000,46.1300,61.5300
2025-07-08,5240,AV,Arbeitsvorbereitung BS,0.0000,7.7000,15.4000,57.1500,80.2500
2025-07-08,5231,MR1,MR 1 Endmaße,0.0000,6.0000,0.0000,21.0700,27.0700
2025-07-08,5211,MR11,MR 11 KMG,0.0000,0.0000,0.0000,7.7000,7.7000
2025-07-08,5212,MR12,MR 12 Druck,0.0000,0.0000,0.0000,3.0300,3.0300
2025-07-08,5234,MR2,MR 2 Drehmomente,0.0000,0.0000,7.7000,34.9000,42.6000
2025-07-08,5236,MR3,MR 3 Messuhren,0.0000,0.0000,7.7000,23.5000,31.2000
2025-07-08,5233,MR4,MR 4 Lohnmessung,0.0000,0.0000,0.0000,7.7000,7.7000
2025-07-08,5239,MR5,MR 5 Bügelmessschrauben,0.0000,0.0000,0.0000,33.0300,33.0300
2025-07-08,5235,MR6,MR 6 Messschieber,0.0000,0.0000,0.0000,36.9600,36.9600
2025-07-08,5232,MR7,MR 7 Lehren,0.0000,7.7000,7.7000,40.5700,55.9700
2025-07-08,5238,MR8,MR 8 Temperatur,0.0000,7.7000,0.0000,2.7000,10.4000
2025-07-08,5237,MR9,MR 9 Elektro BS,0.0000,0.0000,0.0000,5.2200,5.2200
2025-07-08,5225,Packplatz,Packplatz,0.0000,0.0000,7.7000,21.4000,29.1000
2025-07-08,5230,Springer,PRÜFER BS,0.0000,0.0000,0.0000,7.7000,7.7000
2025-07-08,5900,Qualifizierung,Qualifizierung,0.0000,0.0000,0.0000,12.2100,12.2100
2025-07-08,5223,WA,WA BS,0.0000,0.0000,0.0000,27.3000,27.3000
2025-07-08,5222,WE,WE BS,0.0000,7.7000,7.7000,42.4700,57.8700
2025-07-09,5240,AV,Arbeitsvorbereitung BS,0.0000,7.7000,15.4000,52.2000,75.3000
2025-07-09,5231,MR1,MR 1 Endmaße,0.0000,0.0000,0.0000,29.0700,29.0700
2025-07-09,5211,MR11,MR 11 KMG,0.0000,0.0000,0.0000,7.7800,7.7800
2025-07-09,5214,MR14,MR 14 Waage,0.0000,0.0000,0.0000,6.3300,6.3300
2025-07-09,5234,MR2,MR 2 Drehmomente,0.0000,0.0000,7.7000,36.6000,44.3000
2025-07-09,5236,MR3,MR 3 Messuhren,0.0000,0.0000,0.0000,15.3300,15.3300
2025-07-09,5233,MR4,MR 4 Lohnmessung,0.0000,0.0000,0.0000,7.7000,7.7000
2025-07-09,5239,MR5,MR 5 Bügelmessschrauben,0.0000,0.0000,0.0000,33.5500,33.5500
2025-07-09,5235,MR6,MR 6 Messschieber,0.0000,0.0000,0.0000,19.7200,19.7200
2025-07-09,5232,MR7,MR 7 Lehren,0.0000,7.7000,11.7000,52.0600,71.4600
2025-07-09,5238,MR8,MR 8 Temperatur,0.0000,7.7000,0.0000,7.7000,15.4000
2025-07-09,5237,MR9,MR 9 Elektro BS,0.0000,0.0000,0.0000,6.4200,6.4200
2025-07-09,5225,Packplatz,Packplatz,0.0000,0.0000,7.7000,21.2500,28.9500
2025-07-09,5230,Springer,PRÜFER BS,0.0000,0.0000,0.0000,7.7000,7.7000
2025-07-09,5900,Qualifizierung,Qualifizierung,0.0000,0.0000,0.0000,21.6100,21.6100
2025-07-09,5223,WA,WA BS,0.0000,0.0000,0.0000,27.6000,27.6000
2025-07-09,5222,WE,WE BS,0.0000,7.7000,7.7000,43.8600,59.2600
2025-07-10,5240,AV,Arbeitsvorbereitung BS,0.0000,7.7000,15.4000,57.1800,80.2800
2025-07-10,5231,MR1,MR 1 Endmaße,0.0000,0.0000,0.0000,29.1000,29.1000
2025-07-10,5211,MR11,MR 11 KMG,0.0000,0.0000,0.0000,15.3000,15.3000
2025-07-10,5212,MR12,MR 12 Druck,0.0000,0.0000,0.0000,4.0200,4.0200
2025-07-10,5214,MR14,MR 14 Waage,0.0000,0.0000,0.0000,1.4300,1.4300
2025-07-10,5234,MR2,MR 2 Drehmomente,0.0000,0.0000,7.7000,34.7000,42.4000
2025-07-10,5236,MR3,MR 3 Messuhren,0.0000,0.0000,0.0000,15.9300,15.9300
2025-07-10,5233,MR4,MR 4 Lohnmessung,0.0000,0.0000,0.0000,7.7000,7.7000
2025-07-10,5239,MR5,MR 5 Bügelmessschrauben,0.0000,0.0000,0.0000,40.0500,40.0500
2025-07-10,5235,MR6,MR 6 Messschieber,0.0000,0.0000,0.0000,26.3400,26.3400
2025-07-10,5232,MR7,MR 7 Lehren,0.0000,7.7000,15.4000,51.2300,74.3300
2025-07-10,5238,MR8,MR 8 Temperatur,0.0000,0.0000,0.0000,11.3600,11.3600
2025-07-10,5237,MR9,MR 9 Elektro BS,0.0000,0.0000,0.0000,7.6800,7.6800
2025-07-10,5225,Packplatz,Packplatz,0.0000,0.0000,7.7000,21.2000,28.9000
2025-07-10,5230,Springer,PRÜFER BS,0.0000,0.0000,0.0000,7.7000,7.7000
2025-07-10,5900,Qualifizierung,Qualifizierung,0.0000,0.0000,0.0000,9.5200,9.5200
2025-07-10,5223,WA,WA BS,0.0000,7.7000,0.0000,19.4500,27.1500
2025-07-10,5222,WE,WE BS,0.0000,7.7000,7.7000,42.1000,57.5000
2025-07-11,5240,AV,Arbeitsvorbereitung BS,0.0000,7.7000,15.4000,53.8600,76.9600
2025-07-11,5231,MR1,MR 1 Endmaße,0.0000,0.0000,0.0000,26.9200,26.9200
2025-07-11,5211,MR11,MR 11 KMG,0.0000,0.0000,0.0000,8.2000,8.2000
2025-07-11,5214,MR14,MR 14 Waage,0.0000,0.0000,0.0000,1.5200,1.5200
2025-07-11,5234,MR2,MR 2 Drehmomente,0.0000,0.0000,7.7000,33.8700,41.5700
2025-07-11,5236,MR3,MR 3 Messuhren,0.0000,0.0000,0.0000,23.4600,23.4600
2025-07-11,5233,MR4,MR 4 Lohnmessung,0.0000,0.0000,0.0000,7.2000,7.2000
2025-07-11,5239,MR5,MR 5 Bügelmessschrauben,0.0000,0.0000,0.0000,33.9800,33.9800
2025-07-11,5235,MR6,MR 6 Messschieber,0.0000,0.0000,7.7000,18.3300,26.0300
2025-07-11,5232,MR7,MR 7 Lehren,0.0000,7.7000,15.4000,34.2300,57.3300
2025-07-11,5238,MR8,MR 8 Temperatur,0.0000,7.7000,0.0000,2.6800,10.3800
2025-07-11,5237,MR9,MR 9 Elektro BS,0.0000,0.0000,0.0000,8.2200,8.2200
2025-07-11,5225,Packplatz,Packplatz,0.0000,0.0000,7.7000,20.9500,28.6500
2025-07-11,5230,Springer,PRÜFER BS,0.0000,0.0000,0.0000,7.7000,7.7000
2025-07-11,5900,Qualifizierung,Qualifizierung,0.0000,0.0000,0.0000,13.9000,13.9000
2025-07-11,5223,WA,WA BS,0.0000,0.0000,0.0000,22.6300,22.6300
2025-07-11,5222,WE,WE BS,0.0000,7.7000,7.7000,39.4300,54.8300
2025-07-12,5240,AV,Arbeitsvorbereitung BS,0.0000,0.0000,0.0000,5.8300,5.8300
2025-07-12,5231,MR1,MR 1 Endmaße,0.0000,0.0000,0.0000,0.0400,0.0400
2025-07-12,5234,MR2,MR 2 Drehmomente,0.0000,0.0000,0.0000,5.8700,5.8700
2025-07-12,5236,MR3,MR 3 Messuhren,0.0000,0.0000,0.0000,6.0000,6.0000
2025-07-12,5239,MR5,MR 5 Bügelmessschrauben,0.0000,0.0000,0.0000,18.6600,18.6600
2025-07-12,5235,MR6,MR 6 Messschieber,0.0000,0.0000,0.0000,0.0700,0.0700
2025-07-12,5232,MR7,MR 7 Lehren,0.0000,0.0000,0.0000,20.8500,20.8500
2025-07-14,5240,AV,Arbeitsvorbereitung BS,0.0000,7.7000,15.4000,58.3500,81.4500
2025-07-14,5231,MR1,MR 1 Endmaße,0.0000,0.0000,0.0000,27.3500,27.3500
2025-07-14,5211,MR11,MR 11 KMG,0.0000,0.0000,0.0000,7.7000,7.7000
2025-07-14,5212,MR12,MR 12 Druck,0.0000,0.0000,0.0000,7.2000,7.2000
2025-07-14,5214,MR14,MR 14 Waage,0.0000,0.0000,0.0000,2.7000,2.7000
2025-07-14,5234,MR2,MR 2 Drehmomente,0.0000,0.0000,7.7000,30.8000,38.5000
2025-07-14,5236,MR3,MR 3 Messuhren,0.0000,0.0000,0.0000,30.7800,30.7800
2025-07-14,5233,MR4,MR 4 Lohnmessung,0.0000,0.0000,0.0000,7.7000,7.7000
2025-07-14,5239,MR5,MR 5 Bügelmessschrauben,0.0000,0.0000,0.0000,39.0700,39.0700
2025-07-14,5235,MR6,MR 6 Messschieber,0.0000,0.0000,0.0000,26.8600,26.8600
2025-07-14,5232,MR7,MR 7 Lehren,0.0000,0.0000,11.7000,53.8700,65.5700
2025-07-14,5238,MR8,MR 8 Temperatur,0.0000,0.0000,0.0000,2.9700,2.9700
2025-07-14,5237,MR9,MR 9 Elektro BS,0.0000,0.0000,0.0000,7.7000,7.7000
2025-07-14,5225,Packplatz,Packplatz,0.0000,0.0000,6.0000,22.8400,28.8400
2025-07-14,5230,Springer,PRÜFER BS,0.0000,0.0000,7.7000,,7.7000
2025-07-14,5900,Qualifizierung,Qualifizierung,0.0000,0.0000,0.0000,17.6000,17.6000
2025-07-14,5223,WA,WA BS,0.0000,0.0000,7.7000,21.4000,29.1000
2025-07-14,5222,WE,WE BS,0.0000,0.0000,15.4000,48.1500,63.5500
2025-07-15,5240,AV,Arbeitsvorbereitung BS,0.0000,7.7000,15.4000,51.9500,75.0500
2025-07-15,5231,MR1,MR 1 Endmaße,0.0000,0.0000,0.0000,26.3500,26.3500
2025-07-15,5211,MR11,MR 11 KMG,0.0000,0.0000,0.0000,7.7000,7.7000
2025-07-15,5214,MR14,MR 14 Waage,0.0000,0.0000,0.0000,1.0200,1.0200
2025-07-15,5234,MR2,MR 2 Drehmomente,0.0000,0.0000,7.7000,21.3400,29.0400
2025-07-15,5236,MR3,MR 3 Messuhren,0.0000,0.0000,0.0000,28.2000,28.2000
2025-07-15,5233,MR4,MR 4 Lohnmessung,0.0000,0.0000,0.0000,7.7000,7.7000
2025-07-15,5239,MR5,MR 5 Bügelmessschrauben,0.0000,0.0000,0.0000,40.9100,40.9100
2025-07-15,5235,MR6,MR 6 Messschieber,0.0000,0.0000,0.0000,26.7600,26.7600
2025-07-15,5232,MR7,MR 7 Lehren,0.0000,7.7000,11.7000,46.2000,65.6000
2025-07-15,5238,MR8,MR 8 Temperatur,0.0000,0.0000,0.0000,15.3700,15.3700
2025-07-15,5237,MR9,MR 9 Elektro BS,0.0000,0.0000,0.0000,7.7000,7.7000
2025-07-15,5225,Packplatz,Packplatz,0.0000,0.0000,13.7000,15.7700,29.4700
2025-07-15,5230,Springer,PRÜFER BS,0.0000,0.0000,7.7000,,7.7000
2025-07-15,5900,Qualifizierung,Qualifizierung,0.0000,0.0000,0.0000,25.0600,25.0600
2025-07-15,5223,WA,WA BS,0.0000,0.0000,7.7000,21.4000,29.1000
2025-07-15,5222,WE,WE BS,0.0000,0.0000,15.4000,48.3200,63.7200
2025-07-16,5240,AV,Arbeitsvorbereitung BS,0.0000,7.7000,15.4000,54.0800,77.1800
2025-07-16,5231,MR1,MR 1 Endmaße,0.0000,0.0000,0.0000,29.4500,29.4500
2025-07-16,5211,MR11,MR 11 KMG,0.0000,0.0000,0.0000,10.4300,10.4300
2025-07-16,5214,MR14,MR 14 Waage,0.0000,0.0000,0.0000,4.3200,4.3200
2025-07-16,5234,MR2,MR 2 Drehmomente,0.0000,0.0000,7.7000,29.0200,36.7200
2025-07-16,5236,MR3,MR 3 Messuhren,0.0000,0.0000,0.0000,28.6500,28.6500
2025-07-16,5233,MR4,MR 4 Lohnmessung,0.0000,0.0000,0.0000,5.7500,5.7500
2025-07-16,5239,MR5,MR 5 Bügelmessschrauben,0.0000,0.0000,0.0000,37.9300,37.9300
2025-07-16,5235,MR6,MR 6 Messschieber,0.0000,0.0000,0.0000,22.0800,22.0800
2025-07-16,5232,MR7,MR 7 Lehren,0.0000,0.0000,11.7000,42.6800,54.3800
2025-07-16,5238,MR8,MR 8 Temperatur,0.0000,0.0000,0.0000,13.6700,13.6700
2025-07-16,5237,MR9,MR 9 Elektro BS,0.0000,0.0000,0.0000,7.7000,7.7000
2025-07-16,5225,Packplatz,Packplatz,0.0000,0.0000,13.7000,15.3700,29.0700
2025-07-16,5230,Springer,PRÜFER BS,0.0000,0.0000,7.7000,,7.7000
2025-07-16,5900,Qualifizierung,Qualifizierung,0.0000,0.0000,0.0000,16.9500,16.9500
2025-07-16,5223,WA,WA BS,0.0000,0.0000,7.7000,19.4800,27.1800
2025-07-16,5222,WE,WE BS,0.0000,7.7000,15.4000,36.7200,59.8200
2025-07-17,5240,AV,Arbeitsvorbereitung BS,0.0000,7.7000,15.4000,54.4700,77.5700
2025-07-17,5231,MR1,MR 1 Endmaße,0.0000,0.0000,0.0000,29.0800,29.0800
2025-07-17,5211,MR11,MR 11 KMG,0.0000,0.0000,0.0000,15.4000,15.4000
2025-07-17,5214,MR14,MR 14 Waage,0.0000,0.0000,0.0000,3.3500,3.3500
2025-07-17,5234,MR2,MR 2 Drehmomente,0.0000,0.0000,7.7000,30.7500,38.4500
2025-07-17,5236,MR3,MR 3 Messuhren,0.0000,0.0000,0.0000,30.7700,30.7700
2025-07-17,5233,MR4,MR 4 Lohnmessung,0.0000,0.0000,0.0000,7.7000,7.7000
2025-07-17,5239,MR5,MR 5 Bügelmessschrauben,0.0000,0.0000,0.0000,37.6500,37.6500
2025-07-17,5235,MR6,MR 6 Messschieber,0.0000,0.0000,0.0000,30.9400,30.9400
2025-07-17,5232,MR7,MR 7 Lehren,0.0000,0.0000,11.7000,45.5800,57.2800
2025-07-17,5238,MR8,MR 8 Temperatur,0.0000,0.0000,0.0000,15.4000,15.4000
2025-07-17,5237,MR9,MR 9 Elektro BS,0.0000,0.0000,0.0000,7.4300,7.4300
2025-07-17,5225,Packplatz,Packplatz,0.0000,0.0000,6.0000,23.0300,29.0300
2025-07-17,5230,Springer,PRÜFER BS,0.0000,0.0000,7.7000,,7.7000
2025-07-17,5900,Qualifizierung,Qualifizierung,0.0000,0.0000,0.0000,11.0800,11.0800
2025-07-17,5223,WA,WA BS,0.0000,0.0000,7.7000,15.4000,23.1000
2025-07-17,5222,WE,WE BS,0.0000,7.7000,23.1000,32.6100,63.4100
2025-07-18,5240,AV,Arbeitsvorbereitung BS,0.0000,7.7000,23.1000,48.8700,79.6700
2025-07-18,5231,MR1,MR 1 Endmaße,0.0000,0.0000,0.0000,28.4100,28.4100
2025-07-18,5211,MR11,MR 11 KMG,0.0000,0.0000,7.7000,7.7000,15.4000
2025-07-18,5234,MR2,MR 2 Drehmomente,0.0000,0.0000,7.7000,16.9800,24.6800
2025-07-18,5236,MR3,MR 3 Messuhren,0.0000,0.0000,0.0000,31.4500,31.4500
2025-07-18,5233,MR4,MR 4 Lohnmessung,0.0000,0.0000,0.0000,8.2000,8.2000
2025-07-18,5239,MR5,MR 5 Bügelmessschrauben,0.0000,0.0000,7.7000,26.9800,34.6800
2025-07-18,5235,MR6,MR 6 Messschieber,0.0000,0.0000,0.0000,22.4300,22.4300
2025-07-18,5232,MR7,MR 7 Lehren,0.0000,0.0000,11.7000,39.0000,50.7000
2025-07-18,5238,MR8,MR 8 Temperatur,0.0000,0.0000,0.0000,15.0700,15.0700
2025-07-18,5237,MR9,MR 9 Elektro BS,0.0000,0.0000,0.0000,8.0300,8.0300
2025-07-18,5225,Packplatz,Packplatz,7.7000,0.0000,6.0000,15.3300,29.0300
2025-07-18,5230,Springer,PRÜFER BS,0.0000,0.0000,7.7000,,7.7000
2025-07-18,5900,Qualifizierung,Qualifizierung,0.0000,0.0000,0.0000,27.6500,27.6500
2025-07-18,5223,WA,WA BS,0.0000,0.0000,7.7000,15.4800,23.1800
2025-07-18,5222,WE,WE BS,0.0000,7.7000,23.1000,23.1700,53.9700
2025-07-19,5240,AV,Arbeitsvorbereitung BS,0.0000,0.0000,0.0000,16.6300,16.6300
2025-07-19,5234,MR2,MR 2 Drehmomente,0.0000,0.0000,0.0000,19.4800,19.4800
2025-07-19,5239,MR5,MR 5 Bügelmessschrauben,0.0000,0.0000,0.0000,6.0000,6.0000
2025-07-19,5222,WE,WE BS,0.0000,0.0000,0.0000,14.1200,14.1200
2025-07-21,5240,AV,Arbeitsvorbereitung BS,0.0000,7.7000,28.1000,44.4700,80.2700
2025-07-21,5231,MR1,MR 1 Endmaße,0.0000,0.0000,0.0000,26.1000,26.1000
2025-07-21,5211,MR11,MR 11 KMG,0.0000,0.0000,7.7000,7.7000,15.4000
2025-07-21,5212,MR12,MR 12 Druck,0.0000,0.0000,0.0000,6.9700,6.9700
2025-07-21,5214,MR14,MR 14 Waage,0.0000,0.0000,0.0000,1.8300,1.8300
2025-07-21,5234,MR2,MR 2 Drehmomente,0.0000,0.0000,0.0000,31.4400,31.4400
2025-07-21,5236,MR3,MR 3 Messuhren,0.0000,0.0000,7.7000,19.9500,27.6500
2025-07-21,5233,MR4,MR 4 Lohnmessung,0.0000,0.0000,0.0000,7.7000,7.7000
2025-07-21,5239,MR5,MR 5 Bügelmessschrauben,0.0000,0.0000,7.7000,18.5000,26.2000
2025-07-21,5235,MR6,MR 6 Messschieber,0.0000,0.0000,0.0000,15.1700,15.1700
2025-07-21,5232,MR7,MR 7 Lehren,0.0000,0.0000,11.7000,38.5000,50.2000
2025-07-21,5238,MR8,MR 8 Temperatur,0.0000,0.0000,0.0000,8.7200,8.7200
2025-07-21,5237,MR9,MR 9 Elektro BS,0.0000,0.0000,0.0000,0.1800,0.1800
2025-07-21,5225,Packplatz,Packplatz,7.7000,0.0000,6.0000,15.4000,29.1000
2025-07-21,5230,Springer,PRÜFER BS,0.0000,0.0000,0.0000,7.7000,7.7000
2025-07-21,5900,Qualifizierung,Qualifizierung,0.0000,0.0000,0.0000,52.3900,52.3900
2025-07-21,5223,WA,WA BS,0.0000,0.0000,7.7000,21.4000,29.1000
2025-07-21,5222,WE,WE BS,0.0000,7.7000,15.4000,38.4500,61.5500
2025-07-22,5240,AV,Arbeitsvorbereitung BS,0.0000,7.7000,20.4000,52.1000,80.2000
2025-07-22,5231,MR1,MR 1 Endmaße,0.0000,0.0000,0.0000,25.2300,25.2300
2025-07-22,5211,MR11,MR 11 KMG,0.0000,0.0000,7.7000,15.3300,23.0300
2025-07-22,5214,MR14,MR 14 Waage,0.0000,0.0000,0.0000,2.5500,2.5500
2025-07-22,5234,MR2,MR 2 Drehmomente,0.0000,0.0000,0.0000,30.4100,30.4100
2025-07-22,5236,MR3,MR 3 Messuhren,0.0000,0.0000,7.7000,15.4200,23.1200
2025-07-22,5233,MR4,MR 4 Lohnmessung,0.0000,0.0000,0.0000,7.7000,7.7000
2025-07-22,5239,MR5,MR 5 Bügelmessschrauben,0.0000,0.0000,7.7000,32.9100,40.6100
2025-07-22,5235,MR6,MR 6 Messschieber,0.0000,0.0000,0.0000,17.1200,17.1200
2025-07-22,5232,MR7,MR 7 Lehren,0.0000,0.0000,11.7000,38.5000,50.2000
2025-07-22,5238,MR8,MR 8 Temperatur,0.0000,0.0000,0.0000,15.4000,15.4000
2025-07-22,5237,MR9,MR 9 Elektro BS,0.0000,0.0000,0.0000,0.2800,0.2800
2025-07-22,5225,Packplatz,Packplatz,7.7000,0.0000,6.0000,15.5200,29.2200
2025-07-22,5230,Springer,PRÜFER BS,0.0000,0.0000,0.0000,7.7000,7.7000
2025-07-22,5900,Qualifizierung,Qualifizierung,0.0000,0.0000,0.0000,50.8400,50.8400
2025-07-22,5223,WA,WA BS,0.0000,0.0000,7.7000,20.5000,28.2000
2025-07-22,5222,WE,WE BS,0.0000,7.7000,15.4000,38.0300,61.1300
2025-07-23,5240,AV,Arbeitsvorbereitung BS,0.0000,7.7000,15.4000,53.4300,76.5300
2025-07-23,5231,MR1,MR 1 Endmaße,0.0000,0.0000,0.0000,22.2500,22.2500
2025-07-23,5211,MR11,MR 11 KMG,0.0000,0.0000,7.7000,20.3100,28.0100
2025-07-23,5234,MR2,MR 2 Drehmomente,0.0000,0.0000,0.0000,23.7700,23.7700
2025-07-23,5236,MR3,MR 3 Messuhren,0.0000,0.0000,7.7000,21.1200,28.8200
2025-07-23,5233,MR4,MR 4 Lohnmessung,0.0000,0.0000,0.0000,6.3200,6.3200
2025-07-23,5239,MR5,MR 5 Bügelmessschrauben,0.0000,0.0000,7.7000,34.1800,41.8800
2025-07-23,5235,MR6,MR 6 Messschieber,0.0000,0.0000,0.0000,13.0200,13.0200
2025-07-23,5232,MR7,MR 7 Lehren,0.0000,0.0000,11.7000,35.4000,47.1000
2025-07-23,5238,MR8,MR 8 Temperatur,0.0000,0.0000,0.0000,13.6200,13.6200
2025-07-23,5237,MR9,MR 9 Elektro BS,0.0000,0.0000,0.0000,0.1000,0.1000
2025-07-23,5225,Packplatz,Packplatz,0.0000,0.0000,6.0000,21.1000,27.1000
2025-07-23,5230,Springer,PRÜFER BS,0.0000,0.0000,0.0000,7.7000,7.7000
2025-07-23,5900,Qualifizierung,Qualifizierung,0.0000,0.0000,0.0000,49.4600,49.4600
2025-07-23,5223,WA,WA BS,0.0000,0.0000,7.7000,15.9500,23.6500
2025-07-23,5222,WE,WE BS,0.0000,0.0000,15.4000,46.1800,61.5800
2025-07-24,5240,AV,Arbeitsvorbereitung BS,0.0000,15.4000,20.4000,44.8100,80.6100
2025-07-24,5231,MR1,MR 1 Endmaße,0.0000,0.0000,0.0000,28.8300,28.8300
2025-07-24,5211,MR11,MR 11 KMG,0.0000,0.0000,7.7000,10.1700,17.8700
2025-07-24,5212,MR12,MR 12 Druck,0.0000,0.0000,0.0000,4.9700,4.9700
2025-07-24,5214,MR14,MR 14 Waage,0.0000,0.0000,0.0000,2.1300,2.1300
2025-07-24,5234,MR2,MR 2 Drehmomente,0.0000,0.0000,0.0000,34.1500,34.1500
2025-07-24,5236,MR3,MR 3 Messuhren,0.0000,0.0000,7.7000,23.0300,30.7300
2025-07-24,5233,MR4,MR 4 Lohnmessung,0.0000,0.0000,0.0000,7.7000,7.7000
2025-07-24,5239,MR5,MR 5 Bügelmessschrauben,0.0000,0.0000,7.7000,30.5200,38.2200
2025-07-24,5235,MR6,MR 6 Messschieber,0.0000,0.0000,0.0000,14.7600,14.7600
2025-07-24,5232,MR7,MR 7 Lehren,0.0000,0.0000,11.7000,39.4700,51.1700
2025-07-24,5238,MR8,MR 8 Temperatur,0.0000,0.0000,0.0000,9.1500,9.1500
2025-07-24,5237,MR9,MR 9 Elektro BS,0.0000,0.0000,0.0000,0.0700,0.0700
2025-07-24,5225,Packplatz,Packplatz,0.0000,0.0000,6.0000,22.7700,28.7700
2025-07-24,5230,Springer,PRÜFER BS,0.0000,0.0000,0.0000,7.7000,7.7000
2025-07-24,5900,Qualifizierung,Qualifizierung,0.0000,0.0000,0.0000,43.3900,43.3900
2025-07-24,5223,WA,WA BS,0.0000,0.0000,7.7000,14.4200,22.1200
2025-07-24,5222,WE,WE BS,0.0000,0.0000,15.4000,39.3700,54.7700
2025-07-25,5240,AV,Arbeitsvorbereitung BS,0.0000,7.7000,20.4000,50.8500,78.9500
2025-07-25,5231,MR1,MR 1 Endmaße,0.0000,0.0000,0.0000,23.9300,23.9300
2025-07-25,5211,MR11,MR 11 KMG,0.0000,0.0000,7.7000,7.1700,14.8700
2025-07-25,5212,MR12,MR 12 Druck,0.0000,0.0000,0.0000,1.9500,1.9500
2025-07-25,5214,MR14,MR 14 Waage,0.0000,0.0000,0.0000,1.3300,1.3300
2025-07-25,5234,MR2,MR 2 Drehmomente,0.0000,0.0000,0.0000,29.0500,29.0500
2025-07-25,5236,MR3,MR 3 Messuhren,0.0000,0.0000,7.7000,11.6500,19.3500
2025-07-25,5233,MR4,MR 4 Lohnmessung,0.0000,0.0000,0.0000,7.2000,7.2000
2025-07-25,5239,MR5,MR 5 Bügelmessschrauben,0.0000,0.0000,7.7000,27.2900,34.9900
2025-07-25,5235,MR6,MR 6 Messschieber,0.0000,0.0000,0.0000,23.8000,23.8000
2025-07-25,5232,MR7,MR 7 Lehren,0.0000,0.0000,11.7000,39.8200,51.5200
2025-07-25,5238,MR8,MR 8 Temperatur,0.0000,0.0000,0.0000,13.3500,13.3500
2025-07-25,5237,MR9,MR 9 Elektro BS,0.0000,0.0000,0.0000,0.0800,0.0800
2025-07-25,5225,Packplatz,Packplatz,0.0000,0.0000,6.0000,21.6500,27.6500
2025-07-25,5230,Springer,PRÜFER BS,0.0000,0.0000,0.0000,7.7000,7.7000
2025-07-25,5900,Qualifizierung,Qualifizierung,0.0000,0.0000,0.0000,41.7200,41.7200
2025-07-25,5223,WA,WA BS,0.0000,0.0000,7.7000,14.7700,22.4700
2025-07-25,5222,WE,WE BS,0.0000,0.0000,15.4000,39.1800,54.5800
2025-07-28,5240,AV,Arbeitsvorbereitung BS,0.0000,15.4000,12.7000,43.1300,71.2300
2025-07-28,5231,MR1,MR 1 Endmaße,0.0000,0.0000,0.0000,21.5800,21.5800
2025-07-28,5211,MR11,MR 11 KMG,0.0000,0.0000,0.0000,7.7000,7.7000
2025-07-28,5234,MR2,MR 2 Drehmomente,7.7000,0.0000,0.0000,30.8000,38.5000
2025-07-28,5236,MR3,MR 3 Messuhren,9.7500,0.0000,7.7000,13.4800,30.9300
2025-07-28,5233,MR4,MR 4 Lohnmessung,0.0000,0.0000,0.0000,7.7000,7.7000
2025-07-28,5239,MR5,MR 5 Bügelmessschrauben,0.0000,7.7000,7.7000,13.6200,29.0200
2025-07-28,5235,MR6,MR 6 Messschieber,0.0000,0.0000,7.7000,13.3400,21.0400
2025-07-28,5232,MR7,MR 7 Lehren,0.0000,0.0000,4.0000,46.0000,50.0000
2025-07-28,5238,MR8,MR 8 Temperatur,0.0000,0.0000,0.0000,15.4000,15.4000
2025-07-28,5237,MR9,MR 9 Elektro BS,0.0000,0.0000,0.0000,0.0700,0.0700
2025-07-28,5225,Packplatz,Packplatz,0.0000,0.0000,6.0000,22.7700,28.7700
2025-07-28,5230,Springer,PRÜFER BS,0.0000,0.0000,0.0000,7.7000,7.7000
2025-07-28,5900,Qualifizierung,Qualifizierung,0.0000,0.0000,0.0000,34.8800,34.8800
2025-07-28,5223,WA,WA BS,0.0000,0.0000,7.7000,21.4000,29.1000
2025-07-28,5222,WE,WE BS,0.0000,7.7000,15.4000,38.4500,61.5500
2025-07-29,5240,AV,Arbeitsvorbereitung BS,0.0000,7.7000,12.7000,58.8900,79.2900
2025-07-29,5231,MR1,MR 1 Endmaße,0.0000,0.0000,0.0000,21.5200,21.5200
2025-07-29,5211,MR11,MR 11 KMG,0.0000,0.0000,0.0000,7.5700,7.5700
2025-07-29,5234,MR2,MR 2 Drehmomente,7.7000,0.0000,0.0000,31.3200,39.0200
2025-07-29,5236,MR3,MR 3 Messuhren,8.5000,0.0000,7.7000,8.2800,24.4800
2025-07-29,5233,MR4,MR 4 Lohnmessung,0.0000,0.0000,0.0000,7.7000,7.7000
2025-07-29,5239,MR5,MR 5 Bügelmessschrauben,0.0000,7.7000,15.4000,16.4800,39.5800
2025-07-29,5235,MR6,MR 6 Messschieber,0.0000,0.0000,7.7000,18.1200,25.8200
2025-07-29,5232,MR7,MR 7 Lehren,0.0000,0.0000,4.0000,53.9500,57.9500
2025-07-29,5238,MR8,MR 8 Temperatur,0.0000,0.0000,0.0000,16.9800,16.9800
2025-07-29,5237,MR9,MR 9 Elektro BS,0.0000,0.0000,0.0000,8.1300,8.1300
2025-07-29,5225,Packplatz,Packplatz,0.0000,0.0000,6.0000,23.4700,29.4700
2025-07-29,5230,Springer,PRÜFER BS,0.0000,0.0000,0.0000,7.7000,7.7000
2025-07-29,5900,Qualifizierung,Qualifizierung,0.0000,0.0000,0.0000,30.7100,30.7100
2025-07-29,5223,WA,WA BS,0.0000,0.0000,7.7000,21.4000,29.1000
2025-07-29,5222,WE,WE BS,0.0000,7.7000,15.4000,38.5000,61.6000
2025-07-30,5240,AV,Arbeitsvorbereitung BS,0.0000,7.7000,7.7000,57.6600,73.0600
2025-07-30,5231,MR1,MR 1 Endmaße,0.0000,0.0000,0.0000,21.5700,21.5700
2025-07-30,5211,MR11,MR 11 KMG,0.0000,0.0000,0.0000,7.5300,7.5300
2025-07-30,5234,MR2,MR 2 Drehmomente,7.7000,0.0000,0.0000,29.0800,36.7800
2025-07-30,5236,MR3,MR 3 Messuhren,8.5000,0.0000,7.7000,13.5300,29.7300
2025-07-30,5233,MR4,MR 4 Lohnmessung,0.0000,0.0000,0.0000,7.6800,7.6800
2025-07-30,5239,MR5,MR 5 Bügelmessschrauben,0.0000,7.7000,7.7000,27.7500,43.1500
2025-07-30,5235,MR6,MR 6 Messschieber,0.0000,0.0000,7.7000,15.8700,23.5700
2025-07-30,5232,MR7,MR 7 Lehren,0.0000,7.7000,4.0000,42.9500,54.6500
2025-07-30,5238,MR8,MR 8 Temperatur,0.0000,0.0000,0.0000,13.4000,13.4000
2025-07-30,5225,Packplatz,Packplatz,0.0000,0.0000,6.0000,24.6100,30.6100
2025-07-30,5230,Springer,PRÜFER BS,0.0000,0.0000,0.0000,7.7000,7.7000
2025-07-30,5900,Qualifizierung,Qualifizierung,0.0000,0.0000,0.0000,33.7600,33.7600
2025-07-30,5223,WA,WA BS,0.0000,0.0000,7.7000,19.8700,27.5700
2025-07-30,5222,WE,WE BS,0.0000,7.7000,15.4000,38.4400,61.5400
2025-07-31,5240,AV,Arbeitsvorbereitung BS,0.0000,15.4000,20.4000,44.1900,79.9900
2025-07-31,5231,MR1,MR 1 Endmaße,0.0000,0.0000,0.0000,26.4300,26.4300
2025-07-31,5211,MR11,MR 11 KMG,0.0000,0.0000,0.0000,7.4300,7.4300
2025-07-31,5234,MR2,MR 2 Drehmomente,7.7000,0.0000,0.0000,30.5200,38.2200
2025-07-31,5236,MR3,MR 3 Messuhren,8.5000,0.0000,7.7000,11.6300,27.8300
2025-07-31,5233,MR4,MR 4 Lohnmessung,0.0000,0.0000,0.0000,7.7000,7.7000
2025-07-31,5239,MR5,MR 5 Bügelmessschrauben,0.0000,7.7000,7.7000,24.0400,39.4400
2025-07-31,5235,MR6,MR 6 Messschieber,0.0000,0.0000,7.7000,21.9100,29.6100
2025-07-31,5232,MR7,MR 7 Lehren,0.0000,7.7000,4.0000,38.4500,50.1500
2025-07-31,5238,MR8,MR 8 Temperatur,0.0000,0.0000,0.0000,15.4000,15.4000
2025-07-31,5237,MR9,MR 9 Elektro BS,0.0000,0.0000,0.0000,0.7500,0.7500
2025-07-31,5225,Packplatz,Packplatz,0.0000,0.0000,6.0000,22.9400,28.9400
2025-07-31,5230,Springer,PRÜFER BS,0.0000,0.0000,0.0000,7.7000,7.7000
2025-07-31,5900,Qualifizierung,Qualifizierung,0.0000,0.0000,0.0000,30.6700,30.6700
2025-07-31,5223,WA,WA BS,0.0000,0.0000,7.7000,15.4000,23.1000
2025-07-31,5222,WE,WE BS,0.0000,7.7000,15.4000,38.4500,61.5500
2025-08-01,5240,AV,Arbeitsvorbereitung BS,0.0000,7.7000,12.7000,58.7100,79.1100
2025-08-01,5231,MR1,MR 1 Endmaße,0.0000,0.0000,0.0000,21.4800,21.4800
2025-08-01,5211,MR11,MR 11 KMG,0.0000,0.0000,0.0000,7.4800,7.4800
2025-08-01,5234,MR2,MR 2 Drehmomente,0.0000,0.0000,0.0000,29.4300,29.4300
2025-08-01,5236,MR3,MR 3 Messuhren,9.7500,0.0000,7.7000,13.1000,30.5500
2025-08-01,5233,MR4,MR 4 Lohnmessung,0.0000,0.0000,0.0000,7.7000,7.7000
2025-08-01,5239,MR5,MR 5 Bügelmessschrauben,0.0000,7.7000,7.7000,17.6800,33.0800
2025-08-01,5235,MR6,MR 6 Messschieber,0.0000,0.0000,7.7000,20.3000,28.0000
2025-08-01,5232,MR7,MR 7 Lehren,0.0000,7.7000,4.0000,46.5500,58.2500
2025-08-01,5238,MR8,MR 8 Temperatur,0.0000,0.0000,0.0000,15.4000,15.4000
2025-08-01,5237,MR9,MR 9 Elektro BS,0.0000,0.0000,0.0000,0.0200,0.0200
2025-08-01,5225,Packplatz,Packplatz,0.0000,0.0000,6.0000,23.6800,29.6800
2025-08-01,5230,Springer,PRÜFER BS,0.0000,0.0000,0.0000,7.7000,7.7000
2025-08-01,5900,Qualifizierung,Qualifizierung,0.0000,0.0000,0.0000,32.2400,32.2400
2025-08-01,5223,WA,WA BS,0.0000,0.0000,7.7000,8.2000,15.9000
2025-08-01,5222,WE,WE BS,0.0000,7.7000,15.4000,38.8500,61.9500
2025-08-04,5240,AV,Arbeitsvorbereitung BS,0.0000,7.7000,20.4000,50.2400,78.3400
2025-08-04,5231,MR1,MR 1 Endmaße,0.0000,0.0000,7.7000,19.7000,27.4000
2025-08-04,5211,MR11,MR 11 KMG,0.0000,0.0000,7.7000,11.9000,19.6000
2025-08-04,5212,MR12,MR 12 Druck,0.0000,0.0000,0.0000,1.8300,1.8300
2025-08-04,5214,MR14,MR 14 Waage,0.0000,0.0000,0.0000,4.7800,4.7800
2025-08-04,5234,MR2,MR 2 Drehmomente,0.0000,0.0000,7.7000,26.9000,34.6000
2025-08-04,5236,MR3,MR 3 Messuhren,0.0000,0.0000,15.4000,23.1000,38.5000
2025-08-04,5233,MR4,MR 4 Lohnmessung,0.0000,0.0000,0.0000,7.7000,7.7000
2025-08-04,5239,MR5,MR 5 Bügelmessschrauben,0.0000,7.7000,15.4000,23.5500,46.6500
2025-08-04,5235,MR6,MR 6 Messschieber,0.0000,0.0000,7.7000,19.8100,27.5100
2025-08-04,5232,MR7,MR 7 Lehren,0.0000,7.7000,4.0000,46.7000,58.4000
2025-08-04,5238,MR8,MR 8 Temperatur,0.0000,0.0000,0.0000,9.3000,9.3000
2025-08-04,5237,MR9,MR 9 Elektro BS,0.0000,0.0000,0.0000,7.7000,7.7000
2025-08-04,5225,Packplatz,Packplatz,0.0000,0.0000,7.7000,21.3100,29.0100
2025-08-04,5230,Springer,PRÜFER BS,0.0000,0.0000,7.7000,,7.7000
2025-08-04,5900,Qualifizierung,Qualifizierung,0.0000,0.0000,0.0000,8.5400,8.5400
2025-08-04,5223,WA,WA BS,0.0000,15.4000,0.0000,20.9000,36.3000
2025-08-04,5222,WE,WE BS,0.0000,0.0000,15.4000,39.0000,54.4000
2025-08-05,5240,AV,Arbeitsvorbereitung BS,0.0000,7.7000,20.4000,49.8800,77.9800
2025-08-05,5231,MR1,MR 1 Endmaße,0.0000,7.7000,7.7000,10.1300,25.5300
2025-08-05,5211,MR11,MR 11 KMG,0.0000,0.0000,7.7000,7.7000,15.4000
2025-08-05,5234,MR2,MR 2 Drehmomente,0.0000,0.0000,7.7000,30.9500,38.6500
2025-08-05,5236,MR3,MR 3 Messuhren,0.0000,0.0000,15.4000,11.5300,26.9300
2025-08-05,5233,MR4,MR 4 Lohnmessung,0.0000,0.0000,0.0000,7.6800,7.6800
2025-08-05,5239,MR5,MR 5 Bügelmessschrauben,0.0000,7.7000,15.4000,25.4000,48.5000
2025-08-05,5235,MR6,MR 6 Messschieber,0.0000,0.0000,7.7000,21.3500,29.0500
2025-08-05,5232,MR7,MR 7 Lehren,0.0000,7.7000,4.0000,53.9000,65.6000
2025-08-05,5238,MR8,MR 8 Temperatur,0.0000,0.0000,0.0000,15.4000,15.4000
2025-08-05,5237,MR9,MR 9 Elektro BS,0.0000,0.0000,0.0000,0.2300,0.2300
2025-08-05,5225,Packplatz,Packplatz,0.0000,0.0000,7.7000,21.2800,28.9800
2025-08-05,5230,Springer,PRÜFER BS,0.0000,0.0000,7.7000,,7.7000
2025-08-05,5900,Qualifizierung,Qualifizierung,0.0000,0.0000,0.0000,23.1600,23.1600
2025-08-05,5223,WA,WA BS,0.0000,7.7000,0.0000,21.2000,28.9000
2025-08-05,5222,WE,WE BS,0.0000,0.0000,15.4000,46.1800,61.5800
2025-08-06,5240,AV,Arbeitsvorbereitung BS,0.0000,0.0000,15.4000,46.8800,62.2800
2025-08-06,5231,MR1,MR 1 Endmaße,0.0000,13.7000,7.7000,7.7000,29.1000
2025-08-06,5211,MR11,MR 11 KMG,0.0000,0.0000,7.7000,7.7000,15.4000
2025-08-06,5234,MR2,MR 2 Drehmomente,0.0000,0.0000,7.7000,22.1600,29.8600
2025-08-06,5236,MR3,MR 3 Messuhren,0.0000,0.0000,15.4000,9.6700,25.0700
2025-08-06,5233,MR4,MR 4 Lohnmessung,0.0000,0.0000,0.0000,7.7000,7.7000
2025-08-06,5239,MR5,MR 5 Bügelmessschrauben,0.0000,15.4000,15.4000,11.4700,42.2700
2025-08-06,5235,MR6,MR 6 Messschieber,0.0000,0.0000,7.7000,20.8400,28.5400
2025-08-06,5232,MR7,MR 7 Lehren,0.0000,7.7000,4.0000,53.0100,64.7100
2025-08-06,5238,MR8,MR 8 Temperatur,0.0000,0.0000,0.0000,11.3500,11.3500
2025-08-06,5237,MR9,MR 9 Elektro BS,0.0000,0.0000,0.0000,0.0500,0.0500
2025-08-06,5225,Packplatz,Packplatz,0.0000,0.0000,7.7000,24.4500,32.1500
2025-08-06,5230,Springer,PRÜFER BS,0.0000,0.0000,7.7000,,7.7000
2025-08-06,5900,Qualifizierung,Qualifizierung,0.0000,0.0000,0.0000,33.9300,33.9300
2025-08-06,5223,WA,WA BS,0.0000,7.7000,0.0000,19.7400,27.4400
2025-08-06,5222,WE,WE BS,0.0000,0.0000,15.4000,45.1300,60.5300
2025-08-07,5240,AV,Arbeitsvorbereitung BS,0.0000,0.0000,35.5500,30.9900,66.5400
2025-08-07,5231,MR1,MR 1 Endmaße,0.0000,0.0000,7.7000,21.1800,28.8800
2025-08-07,5211,MR11,MR 11 KMG,0.0000,0.0000,7.7000,7.7000,15.4000
2025-08-07,5234,MR2,MR 2 Drehmomente,0.0000,0.0000,7.7000,23.7700,31.4700
2025-08-07,5236,MR3,MR 3 Messuhren,0.0000,0.0000,15.4000,12.5700,27.9700
2025-08-07,5233,MR4,MR 4 Lohnmessung,0.0000,0.0000,0.0000,7.7000,7.7000
2025-08-07,5239,MR5,MR 5 Bügelmessschrauben,0.0000,15.4000,15.4000,15.5500,46.3500
2025-08-07,5235,MR6,MR 6 Messschieber,0.0000,0.0000,7.7000,18.1700,25.8700
2025-08-07,5232,MR7,MR 7 Lehren,0.0000,7.7000,0.0000,58.2000,65.9000
2025-08-07,5238,MR8,MR 8 Temperatur,0.0000,0.0000,0.0000,10.9300,10.9300
2025-08-07,5237,MR9,MR 9 Elektro BS,0.0000,0.0000,0.0000,0.1500,0.1500
2025-08-07,5225,Packplatz,Packplatz,0.0000,0.0000,7.7000,24.9000,32.6000
2025-08-07,5230,Springer,PRÜFER BS,0.0000,0.0000,7.7000,,7.7000
2025-08-07,5900,Qualifizierung,Qualifizierung,0.0000,0.0000,0.0000,28.1200,28.1200
2025-08-07,5223,WA,WA BS,0.0000,15.4000,0.0000,11.6700,27.0700
2025-08-07,5222,WE,WE BS,7.7000,0.0000,15.4000,34.9500,58.0500
2025-08-08,5240,AV,Arbeitsvorbereitung BS,0.0000,0.0000,20.4000,41.4500,61.8500
2025-08-08,5231,MR1,MR 1 Endmaße,0.0000,0.0000,7.7000,16.9700,24.6700
2025-08-08,5211,MR11,MR 11 KMG,0.0000,0.0000,7.7000,8.2500,15.9500
2025-08-08,5212,MR12,MR 12 Druck,0.0000,0.0000,0.0000,3.9300,3.9300
2025-08-08,5214,MR14,MR 14 Waage,0.0000,0.0000,0.0000,2.6200,2.6200
2025-08-08,5234,MR2,MR 2 Drehmomente,0.0000,0.0000,7.7000,19.3200,27.0200
2025-08-08,5236,MR3,MR 3 Messuhren,0.0000,0.0000,15.4000,8.6500,24.0500
2025-08-08,5233,MR4,MR 4 Lohnmessung,0.0000,0.0000,0.0000,7.2000,7.2000
2025-08-08,5239,MR5,MR 5 Bügelmessschrauben,0.0000,15.4000,15.4000,14.3500,45.1500
2025-08-08,5235,MR6,MR 6 Messschieber,0.0000,0.0000,7.7000,20.4000,28.1000
2025-08-08,5232,MR7,MR 7 Lehren,0.0000,7.7000,0.0000,54.1600,61.8600
2025-08-08,5238,MR8,MR 8 Temperatur,0.0000,0.0000,0.0000,6.2700,6.2700
2025-08-08,5237,MR9,MR 9 Elektro BS,0.0000,0.0000,0.0000,0.4700,0.4700
2025-08-08,5225,Packplatz,Packplatz,0.0000,0.0000,7.7000,23.2800,30.9800
2025-08-08,5230,Springer,PRÜFER BS,0.0000,0.0000,7.7000,,7.7000
2025-08-08,5900,Qualifizierung,Qualifizierung,0.0000,0.0000,0.0000,35.3000,35.3000
2025-08-08,5223,WA,WA BS,0.0000,7.7000,0.0000,8.2300,15.9300
2025-08-08,5222,WE,WE BS,0.0000,0.0000,23.1000,38.9000,62.0000
2025-08-09,5236,MR3,MR 3 Messuhren,0.0000,0.0000,0.0000,5.8000,5.8000
2025-08-09,5239,MR5,MR 5 Bügelmessschrauben,0.0000,0.0000,0.0000,4.6300,4.6300
2025-08-09,5235,MR6,MR 6 Messschieber,0.0000,0.0000,0.0000,11.4700,11.4700
2025-08-09,5232,MR7,MR 7 Lehren,0.0000,0.0000,0.0000,9.2200,9.2200
2025-08-11,5240,AV,Arbeitsvorbereitung BS,0.0000,6.0000,15.4000,50.3500,71.7500
2025-08-11,5231,MR1,MR 1 Endmaße,0.0000,0.0000,13.7000,15.2000,28.9000
2025-08-11,5211,MR11,MR 11 KMG,0.0000,0.0000,0.0000,15.4000,15.4000
2025-08-11,5234,MR2,MR 2 Drehmomente,0.0000,0.0000,15.4000,23.3200,38.7200
2025-08-11,5236,MR3,MR 3 Messuhren,0.0000,7.7000,15.4000,,23.1000
2025-08-11,5233,MR4,MR 4 Lohnmessung,0.0000,0.0000,7.7000,,7.7000
2025-08-11,5239,MR5,MR 5 Bügelmessschrauben,0.0000,7.7000,0.0000,23.1000,30.8000
2025-08-11,5235,MR6,MR 6 Messschieber,0.0000,0.0000,15.4000,18.5500,33.9500
2025-08-11,5232,MR7,MR 7 Lehren,0.0000,0.0000,7.7000,54.6900,62.3900
2025-08-11,5238,MR8,MR 8 Temperatur,0.0000,0.0000,0.0000,7.9000,7.9000
2025-08-11,5237,MR9,MR 9 Elektro BS,0.0000,0.0000,0.0000,0.2300,0.2300
2025-08-11,5225,Packplatz,Packplatz,0.0000,0.0000,7.7000,21.0200,28.7200
2025-08-11,5230,Springer,PRÜFER BS,0.0000,0.0000,7.7000,,7.7000
2025-08-11,5900,Qualifizierung,Qualifizierung,0.0000,0.0000,0.0000,30.8700,30.8700
2025-08-11,5223,WA,WA BS,0.0000,0.0000,0.0000,27.1200,27.1200
2025-08-11,5222,WE,WE BS,0.0000,0.0000,7.7000,53.7800,61.4800
2025-08-12,5240,AV,Arbeitsvorbereitung BS,0.0000,6.0000,7.7000,61.6300,75.3300
2025-08-12,5231,MR1,MR 1 Endmaße,0.0000,0.0000,13.7000,15.4000,29.1000
2025-08-12,5211,MR11,MR 11 KMG,0.0000,0.0000,0.0000,12.1300,12.1300
2025-08-12,5234,MR2,MR 2 Drehmomente,0.0000,0.0000,15.4000,23.2300,38.6300
2025-08-12,5236,MR3,MR 3 Messuhren,0.0000,0.0000,15.4000,9.1300,24.5300
2025-08-12,5233,MR4,MR 4 Lohnmessung,0.0000,0.0000,7.7000,,7.7000
2025-08-12,5239,MR5,MR 5 Bügelmessschrauben,0.0000,23.1000,0.0000,16.1300,39.2300
2025-08-12,5235,MR6,MR 6 Messschieber,0.0000,0.0000,15.4000,19.5900,34.9900
2025-08-12,5232,MR7,MR 7 Lehren,0.0000,0.0000,7.7000,51.1400,58.8400
2025-08-12,5238,MR8,MR 8 Temperatur,0.0000,0.0000,0.0000,7.7000,7.7000
2025-08-12,5237,MR9,MR 9 Elektro BS,0.0000,0.0000,0.0000,0.1200,0.1200
2025-08-12,5225,Packplatz,Packplatz,0.0000,0.0000,7.7000,21.2500,28.9500
2025-08-12,5230,Springer,PRÜFER BS,0.0000,0.0000,7.7000,,7.7000
2025-08-12,5900,Qualifizierung,Qualifizierung,0.0000,0.0000,0.0000,38.0100,38.0100
2025-08-12,5223,WA,WA BS,0.0000,0.0000,0.0000,22.9800,22.9800
2025-08-12,5222,WE,WE BS,0.0000,0.0000,7.7000,53.9000,61.6000
2025-08-13,5240,AV,Arbeitsvorbereitung BS,0.0000,6.0000,7.7000,61.5300,75.2300
2025-08-13,5231,MR1,MR 1 Endmaße,0.0000,0.0000,13.7000,15.4000,29.1000
2025-08-13,5211,MR11,MR 11 KMG,0.0000,0.0000,0.0000,11.0700,11.0700
2025-08-13,5234,MR2,MR 2 Drehmomente,0.0000,0.0000,15.4000,18.5000,33.9000
2025-08-13,5236,MR3,MR 3 Messuhren,0.0000,0.0000,15.4000,11.1000,26.5000
2025-08-13,5233,MR4,MR 4 Lohnmessung,0.0000,0.0000,7.7000,,7.7000
2025-08-13,5239,MR5,MR 5 Bügelmessschrauben,0.0000,23.1000,0.0000,18.8300,41.9300
2025-08-13,5235,MR6,MR 6 Messschieber,0.0000,0.0000,15.4000,10.4200,25.8200
2025-08-13,5232,MR7,MR 7 Lehren,0.0000,0.0000,7.7000,49.7900,57.4900
2025-08-13,5238,MR8,MR 8 Temperatur,0.0000,0.0000,0.0000,10.2500,10.2500
2025-08-13,5237,MR9,MR 9 Elektro BS,0.0000,0.0000,0.0000,0.1200,0.1200
2025-08-13,5225,Packplatz,Packplatz,0.0000,0.0000,7.7000,18.1000,25.8000
2025-08-13,5230,Springer,PRÜFER BS,0.0000,0.0000,7.7000,,7.7000
2025-08-13,5900,Qualifizierung,Qualifizierung,0.0000,0.0000,0.0000,47.1400,47.1400
2025-08-13,5223,WA,WA BS,0.0000,0.0000,0.0000,15.8400,15.8400
2025-08-13,5222,WE,WE BS,0.0000,0.0000,7.7000,54.2700,61.9700
2025-08-14,5240,AV,Arbeitsvorbereitung BS,0.0000,13.7000,7.7000,54.2300,75.6300
2025-08-14,5231,MR1,MR 1 Endmaße,0.0000,0.0000,13.7000,15.4000,29.1000
2025-08-14,5211,MR11,MR 11 KMG,0.0000,0.0000,0.0000,8.5400,8.5400
2025-08-14,5234,MR2,MR 2 Drehmomente,0.0000,0.0000,15.4000,16.3500,31.7500
2025-08-14,5236,MR3,MR 3 Messuhren,0.0000,0.0000,15.4000,7.7500,23.1500
2025-08-14,5233,MR4,MR 4 Lohnmessung,0.0000,0.0000,7.7000,,7.7000
2025-08-14,5239,MR5,MR 5 Bügelmessschrauben,0.0000,23.1000,0.0000,21.4200,44.5200
2025-08-14,5235,MR6,MR 6 Messschieber,0.0000,0.0000,15.4000,10.1800,25.5800
2025-08-14,5232,MR7,MR 7 Lehren,0.0000,0.0000,7.7000,54.1500,61.8500
2025-08-14,5237,MR9,MR 9 Elektro BS,0.0000,0.0000,0.0000,7.8200,7.8200
2025-08-14,5225,Packplatz,Packplatz,0.0000,0.0000,7.7000,20.9000,28.6000
2025-08-14,5230,Springer,PRÜFER BS,0.0000,0.0000,7.7000,,7.7000
2025-08-14,5900,Qualifizierung,Qualifizierung,0.0000,0.0000,0.0000,48.0900,48.0900
2025-08-14,5223,WA,WA BS,0.0000,0.0000,0.0000,22.5700,22.5700
2025-08-14,5222,WE,WE BS,0.0000,0.0000,7.7000,53.7000,61.4000
2025-08-15,5240,AV,Arbeitsvorbereitung BS,0.0000,13.7000,7.7000,60.8300,82.2300
2025-08-15,5231,MR1,MR 1 Endmaße,0.0000,0.0000,13.7000,15.3800,29.0800
2025-08-15,5211,MR11,MR 11 KMG,0.0000,0.0000,0.0000,10.8800,10.8800
2025-08-15,5234,MR2,MR 2 Drehmomente,0.0000,0.0000,15.4000,15.0500,30.4500
2025-08-15,5236,MR3,MR 3 Messuhren,0.0000,0.0000,15.4000,9.1800,24.5800
2025-08-15,5233,MR4,MR 4 Lohnmessung,0.0000,0.0000,7.7000,,7.7000
2025-08-15,5239,MR5,MR 5 Bügelmessschrauben,0.0000,23.1000,7.7000,14.3200,45.1200
2025-08-15,5235,MR6,MR 6 Messschieber,0.0000,0.0000,15.4000,12.8800,28.2800
2025-08-15,5232,MR7,MR 7 Lehren,0.0000,7.7000,7.7000,46.7200,62.1200
2025-08-15,5238,MR8,MR 8 Temperatur,0.0000,0.0000,0.0000,7.6300,7.6300
2025-08-15,5237,MR9,MR 9 Elektro BS,0.0000,0.0000,0.0000,8.3800,8.3800
2025-08-15,5225,Packplatz,Packplatz,0.0000,0.0000,7.7000,21.3500,29.0500
2025-08-15,5230,Springer,PRÜFER BS,0.0000,0.0000,7.7000,,7.7000
2025-08-15,5900,Qualifizierung,Qualifizierung,0.0000,0.0000,0.0000,29.9700,29.9700
2025-08-15,5223,WA,WA BS,0.0000,0.0000,0.0000,8.2000,8.2000
2025-08-15,5222,WE,WE BS,0.0000,0.0000,7.7000,44.3700,52.0700
2025-08-16,5240,AV,Arbeitsvorbereitung BS,0.0000,0.0000,0.0000,33.8500,33.8500
2025-08-18,5240,AV,Arbeitsvorbereitung BS,0.0000,7.7000,13.7000,60.6700,82.0700
2025-08-18,5231,MR1,MR 1 Endmaße,0.0000,0.0000,13.7000,15.8300,29.5300
2025-08-18,5211,MR11,MR 11 KMG,0.0000,0.0000,0.0000,6.6000,6.6000
2025-08-18,5234,MR2,MR 2 Drehmomente,0.0000,0.0000,7.7000,30.8000,38.5000
2025-08-18,5236,MR3,MR 3 Messuhren,0.0000,0.0000,7.7000,15.5800,23.2800
2025-08-18,5233,MR4,MR 4 Lohnmessung,0.0000,0.0000,7.7000,,7.7000
2025-08-18,5239,MR5,MR 5 Bügelmessschrauben,0.0000,15.4000,0.0000,16.7800,32.1800
2025-08-18,5235,MR6,MR 6 Messschieber,0.0000,0.0000,12.7000,16.2300,28.9300
2025-08-18,5232,MR7,MR 7 Lehren,0.0000,0.0000,15.4000,46.7800,62.1800
2025-08-18,5238,MR8,MR 8 Temperatur,0.0000,0.0000,0.0000,8.7000,8.7000
2025-08-18,5237,MR9,MR 9 Elektro BS,0.0000,0.0000,7.7000,7.7000,15.4000
2025-08-18,5225,Packplatz,Packplatz,0.0000,0.0000,7.7000,21.2200,28.9200
2025-08-18,5230,Springer,PRÜFER BS,0.0000,0.0000,0.0000,7.7000,7.7000
2025-08-18,5900,Qualifizierung,Qualifizierung,0.0000,0.0000,0.0000,26.8400,26.8400
2025-08-18,5223,WA,WA BS,0.0000,0.0000,7.7000,13.9800,21.6800
2025-08-18,5222,WE,WE BS,0.0000,0.0000,7.7000,52.6300,60.3300
2025-08-19,5240,AV,Arbeitsvorbereitung BS,0.0000,15.4000,13.7000,47.1400,76.2400
2025-08-19,5231,MR1,MR 1 Endmaße,0.0000,0.0000,13.7000,15.4000,29.1000
2025-08-19,5211,MR11,MR 11 KMG,0.0000,0.0000,0.0000,8.5600,8.5600
2025-08-19,5234,MR2,MR 2 Drehmomente,0.0000,0.0000,7.7000,29.4500,37.1500
2025-08-19,5236,MR3,MR 3 Messuhren,0.0000,0.0000,7.7000,15.9300,23.6300
2025-08-19,5233,MR4,MR 4 Lohnmessung,0.0000,0.0000,7.7000,,7.7000
2025-08-19,5239,MR5,MR 5 Bügelmessschrauben,0.0000,23.1000,0.0000,18.0400,41.1400
2025-08-19,5235,MR6,MR 6 Messschieber,0.0000,0.0000,12.7000,11.7000,24.4000
2025-08-19,5232,MR7,MR 7 Lehren,0.0000,0.0000,15.4000,45.4100,60.8100
2025-08-19,5238,MR8,MR 8 Temperatur,0.0000,0.0000,0.0000,6.4300,6.4300
2025-08-19,5237,MR9,MR 9 Elektro BS,0.0000,0.0000,7.7000,2.3200,10.0200
2025-08-19,5225,Packplatz,Packplatz,0.0000,0.0000,7.7000,21.0500,28.7500
2025-08-19,5230,Springer,PRÜFER BS,0.0000,0.0000,0.0000,7.7000,7.7000
2025-08-19,5900,Qualifizierung,Qualifizierung,0.0000,0.0000,0.0000,38.4000,38.4000
2025-08-19,5223,WA,WA BS,0.0000,7.7000,7.7000,20.0700,35.4700
2025-08-19,5222,WE,WE BS,0.0000,0.0000,7.7000,45.1600,52.8600
2025-08-20,5240,AV,Arbeitsvorbereitung BS,0.0000,7.7000,13.7000,46.6900,68.0900
2025-08-20,5231,MR1,MR 1 Endmaße,0.0000,0.0000,13.7000,15.3800,29.0800
2025-08-20,5211,MR11,MR 11 KMG,0.0000,0.0000,0.0000,5.3800,5.3800
2025-08-20,5234,MR2,MR 2 Drehmomente,0.0000,0.0000,7.7000,24.3700,32.0700
2025-08-20,5236,MR3,MR 3 Messuhren,0.0000,0.0000,0.0000,23.5400,23.5400
2025-08-20,5233,MR4,MR 4 Lohnmessung,0.0000,0.0000,7.7000,,7.7000
2025-08-20,5239,MR5,MR 5 Bügelmessschrauben,0.0000,23.1000,0.0000,20.9000,44.0000
2025-08-20,5235,MR6,MR 6 Messschieber,0.0000,0.0000,12.7000,19.8000,32.5000
2025-08-20,5232,MR7,MR 7 Lehren,0.0000,0.0000,15.4000,46.1800,61.5800
2025-08-20,5238,MR8,MR 8 Temperatur,0.0000,0.0000,0.0000,8.3800,8.3800
2025-08-20,5237,MR9,MR 9 Elektro BS,0.0000,0.0000,7.7000,0.9500,8.6500
2025-08-20,5225,Packplatz,Packplatz,0.0000,0.0000,7.7000,20.6200,28.3200
2025-08-20,5230,Springer,PRÜFER BS,0.0000,0.0000,0.0000,7.7000,7.7000
2025-08-20,5900,Qualifizierung,Qualifizierung,0.0000,0.0000,7.7000,32.2100,39.9100
2025-08-20,5223,WA,WA BS,0.0000,0.0000,7.7000,22.4800,30.1800
2025-08-20,5222,WE,WE BS,0.0000,0.0000,7.7000,42.0000,49.7000
2025-08-21,5240,AV,Arbeitsvorbereitung BS,0.0000,7.7000,21.4000,43.0700,72.1700
2025-08-21,5231,MR1,MR 1 Endmaße,0.0000,0.0000,13.7000,15.3800,29.0800
2025-08-21,5211,MR11,MR 11 KMG,0.0000,7.7000,0.0000,4.7500,12.4500
2025-08-21,5212,MR12,MR 12 Druck,0.0000,0.0000,0.0000,8.5000,8.5000
2025-08-21,5234,MR2,MR 2 Drehmomente,0.0000,0.0000,7.7000,24.1500,31.8500
2025-08-21,5236,MR3,MR 3 Messuhren,0.0000,0.0000,0.0000,21.5700,21.5700
2025-08-21,5233,MR4,MR 4 Lohnmessung,0.0000,0.0000,7.7000,,7.7000
2025-08-21,5239,MR5,MR 5 Bügelmessschrauben,0.0000,23.1000,0.0000,21.9800,45.0800
2025-08-21,5235,MR6,MR 6 Messschieber,0.0000,0.0000,12.7000,22.7700,35.4700
2025-08-21,5232,MR7,MR 7 Lehren,0.0000,7.7000,15.4000,34.1900,57.2900
2025-08-21,5237,MR9,MR 9 Elektro BS,0.0000,0.0000,7.7000,0.8800,8.5800
2025-08-21,5225,Packplatz,Packplatz,0.0000,0.0000,7.7000,21.4300,29.1300
2025-08-21,5230,Springer,PRÜFER BS,0.0000,0.0000,0.0000,7.7000,7.7000
2025-08-21,5900,Qualifizierung,Qualifizierung,0.0000,0.0000,0.0000,35.4100,35.4100
2025-08-21,5223,WA,WA BS,0.0000,0.0000,7.7000,17.0300,24.7300
2025-08-21,5222,WE,WE BS,0.0000,0.0000,7.7000,51.7000,59.4000
2025-08-22,5240,AV,Arbeitsvorbereitung BS,0.0000,7.7000,21.4000,44.4500,73.5500
2025-08-22,5231,MR1,MR 1 Endmaße,0.0000,0.0000,13.7000,15.4000,29.1000
2025-08-22,5211,MR11,MR 11 KMG,0.0000,0.0000,0.0000,10.2200,10.2200
2025-08-22,5234,MR2,MR 2 Drehmomente,0.0000,0.0000,15.4000,23.8200,39.2200
2025-08-22,5236,MR3,MR 3 Messuhren,0.0000,5.8500,0.0000,11.6200,17.4700
2025-08-22,5233,MR4,MR 4 Lohnmessung,0.0000,0.0000,7.7000,,7.7000
2025-08-22,5239,MR5,MR 5 Bügelmessschrauben,0.0000,23.1000,0.0000,24.0200,47.1200
2025-08-22,5235,MR6,MR 6 Messschieber,0.0000,0.0000,12.7000,15.2800,27.9800
2025-08-22,5232,MR7,MR 7 Lehren,0.0000,0.0000,15.4000,38.6000,54.0000
2025-08-22,5238,MR8,MR 8 Temperatur,0.0000,0.0000,0.0000,7.7000,7.7000
2025-08-22,5237,MR9,MR 9 Elektro BS,0.0000,0.0000,7.7000,1.1000,8.8000
2025-08-22,5225,Packplatz,Packplatz,0.0000,0.0000,7.7000,21.2300,28.9300
2025-08-22,5230,Springer,PRÜFER BS,0.0000,0.0000,0.0000,7.7000,7.7000
2025-08-22,5900,Qualifizierung,Qualifizierung,0.0000,1.8500,0.0000,37.6300,39.4800
2025-08-22,5223,WA,WA BS,0.0000,0.0000,0.0000,20.5200,20.5200
2025-08-22,5222,WE,WE BS,0.0000,0.0000,7.7000,49.3800,57.0800
2025-08-23,5211,MR11,MR 11 KMG,0.0000,0.0000,0.0000,5.2000,5.2000
2025-08-23,5236,MR3,MR 3 Messuhren,0.0000,0.0000,0.0000,5.1500,5.1500
2025-08-23,5239,MR5,MR 5 Bügelmessschrauben,0.0000,0.0000,0.0000,4.5200,4.5200
2025-08-23,5232,MR7,MR 7 Lehren,0.0000,0.0000,0.0000,6.0000,6.0000
2025-08-23,5237,MR9,MR 9 Elektro BS,0.0000,0.0000,0.0000,4.0000,4.0000
2025-08-23,5223,WA,WA BS,0.0000,0.0000,0.0000,4.5700,4.5700
2025-08-25,5240,AV,Arbeitsvorbereitung BS,0.0000,0.0000,7.7000,66.0700,73.7700
2025-08-25,5231,MR1,MR 1 Endmaße,0.0000,0.0000,13.7000,15.4000,29.1000
2025-08-25,5211,MR11,MR 11 KMG,0.0000,0.0000,0.0000,11.2300,11.2300
2025-08-25,5214,MR14,MR 14 Waage,0.0000,0.0000,0.0000,1.7500,1.7500
2025-08-25,5234,MR2,MR 2 Drehmomente,0.0000,0.0000,15.4000,23.0500,38.4500
2025-08-25,5236,MR3,MR 3 Messuhren,0.0000,0.0000,0.0000,19.6500,19.6500
2025-08-25,5233,MR4,MR 4 Lohnmessung,0.0000,0.0000,7.7000,,7.7000
2025-08-25,5239,MR5,MR 5 Bügelmessschrauben,0.0000,7.7000,0.0000,24.1500,31.8500
2025-08-25,5235,MR6,MR 6 Messschieber,0.0000,0.0000,5.0000,22.3600,27.3600
2025-08-25,5232,MR7,MR 7 Lehren,0.0000,0.0000,7.7000,53.1600,60.8600
2025-08-25,5238,MR8,MR 8 Temperatur,0.0000,0.0000,7.7000,,7.7000
2025-08-25,5237,MR9,MR 9 Elektro BS,0.0000,0.0000,0.0000,15.9300,15.9300
2025-08-25,5225,Packplatz,Packplatz,0.0000,7.7000,0.0000,21.2200,28.9200
2025-08-25,5230,Springer,PRÜFER BS,0.0000,0.0000,0.0000,7.7000,7.7000
2025-08-25,5900,Qualifizierung,Qualifizierung,0.0000,0.0000,7.7000,21.7600,29.4600
2025-08-25,5223,WA,WA BS,0.0000,15.4000,13.7000,18.0800,47.1800
2025-08-25,5222,WE,WE BS,0.0000,0.0000,0.0000,43.3000,43.3000
2025-08-26,5240,AV,Arbeitsvorbereitung BS,0.0000,0.0000,23.1000,58.8000,81.9000
2025-08-26,5231,MR1,MR 1 Endmaße,0.0000,0.0000,6.0000,23.1000,29.1000
2025-08-26,5211,MR11,MR 11 KMG,0.0000,7.7000,0.0000,8.8800,16.5800
2025-08-26,5214,MR14,MR 14 Waage,0.0000,0.0000,0.0000,0.9700,0.9700
2025-08-26,5234,MR2,MR 2 Drehmomente,0.0000,7.7000,7.7000,23.1000,38.5000
2025-08-26,5236,MR3,MR 3 Messuhren,0.0000,7.7000,7.7000,21.4800,36.8800
2025-08-26,5233,MR4,MR 4 Lohnmessung,0.0000,0.0000,7.7000,,7.7000
2025-08-26,5239,MR5,MR 5 Bügelmessschrauben,0.0000,15.4000,0.0000,23.6600,39.0600
2025-08-26,5235,MR6,MR 6 Messschieber,0.0000,0.0000,5.0000,16.2500,21.2500
2025-08-26,5232,MR7,MR 7 Lehren,0.0000,0.0000,7.7000,52.2900,59.9900
2025-08-26,5238,MR8,MR 8 Temperatur,0.0000,0.0000,7.7000,,7.7000
2025-08-26,5237,MR9,MR 9 Elektro BS,0.0000,0.0000,0.0000,9.7100,9.7100
2025-08-26,5225,Packplatz,Packplatz,0.0000,0.0000,0.0000,29.0800,29.0800
2025-08-26,5230,Springer,PRÜFER BS,0.0000,0.0000,0.0000,7.7000,7.7000
2025-08-26,5900,Qualifizierung,Qualifizierung,0.0000,0.0000,0.0000,20.7700,20.7700
2025-08-26,5223,WA,WA BS,0.0000,7.7000,13.7000,12.9500,34.3500
2025-08-26,5222,WE,WE BS,0.0000,0.0000,0.0000,56.2500,56.2500
2025-08-27,5240,AV,Arbeitsvorbereitung BS,0.0000,0.0000,15.4000,61.5300,76.9300
2025-08-27,5231,MR1,MR 1 Endmaße,0.0000,0.0000,6.0000,23.0300,29.0300
2025-08-27,5211,MR11,MR 11 KMG,0.0000,7.7000,0.0000,8.3700,16.0700
2025-08-27,5212,MR12,MR 12 Druck,0.0000,0.0000,0.0000,5.7200,5.7200
2025-08-27,5234,MR2,MR 2 Drehmomente,0.0000,7.7000,7.7000,17.7900,33.1900
2025-08-27,5236,MR3,MR 3 Messuhren,0.0000,7.7000,7.7000,18.4700,33.8700
2025-08-27,5233,MR4,MR 4 Lohnmessung,0.0000,0.0000,7.7000,,7.7000
2025-08-27,5239,MR5,MR 5 Bügelmessschrauben,0.0000,15.4000,0.0000,28.9900,44.3900
2025-08-27,5235,MR6,MR 6 Messschieber,0.0000,0.0000,5.0000,23.0800,28.0800
2025-08-27,5232,MR7,MR 7 Lehren,0.0000,0.0000,7.7000,47.0600,54.7600
2025-08-27,5238,MR8,MR 8 Temperatur,0.0000,0.0000,7.7000,2.7300,10.4300
2025-08-27,5237,MR9,MR 9 Elektro BS,0.0000,0.0000,0.0000,5.2300,5.2300
2025-08-27,5225,Packplatz,Packplatz,0.0000,0.0000,6.0000,23.1300,29.1300
2025-08-27,5230,Springer,PRÜFER BS,0.0000,0.0000,0.0000,7.7000,7.7000
2025-08-27,5900,Qualifizierung,Qualifizierung,0.0000,0.0000,0.0000,16.6300,16.6300
2025-08-27,5223,WA,WA BS,0.0000,7.7000,13.7000,13.7000,35.1000
2025-08-27,5222,WE,WE BS,0.0000,0.0000,0.0000,51.6400,51.6400
2025-08-28,5240,AV,Arbeitsvorbereitung BS,0.0000,0.0000,31.0000,45.7800,76.7800
2025-08-28,5231,MR1,MR 1 Endmaße,0.0000,0.0000,6.0000,23.1000,29.1000
2025-08-28,5211,MR11,MR 11 KMG,0.0000,7.7000,0.0000,8.9000,16.6000
2025-08-28,5212,MR12,MR 12 Druck,0.0000,0.0000,0.0000,4.3000,4.3000
2025-08-28,5234,MR2,MR 2 Drehmomente,0.0000,7.7000,7.7000,17.6200,33.0200
2025-08-28,5236,MR3,MR 3 Messuhren,0.0000,7.7000,7.7000,15.4200,30.8200
2025-08-28,5233,MR4,MR 4 Lohnmessung,0.0000,0.0000,7.7000,,7.7000
2025-08-28,5239,MR5,MR 5 Bügelmessschrauben,0.0000,15.4000,0.0000,32.6500,48.0500
2025-08-28,5235,MR6,MR 6 Messschieber,0.0000,0.0000,5.0000,24.1200,29.1200
2025-08-28,5232,MR7,MR 7 Lehren,0.0000,0.0000,7.7000,42.6500,50.3500
2025-08-28,5238,MR8,MR 8 Temperatur,0.0000,0.0000,7.7000,,7.7000
2025-08-28,5237,MR9,MR 9 Elektro BS,0.0000,0.0000,0.0000,7.7000,7.7000
2025-08-28,5225,Packplatz,Packplatz,0.0000,0.0000,0.0000,28.7800,28.7800
2025-08-28,5230,Springer,PRÜFER BS,0.0000,0.0000,0.0000,7.7000,7.7000
2025-08-28,5900,Qualifizierung,Qualifizierung,0.0000,0.0000,0.0000,25.1800,25.1800
2025-08-28,5223,WA,WA BS,0.0000,7.7000,7.7000,13.2000,28.6000
2025-08-28,5222,WE,WE BS,0.0000,0.0000,0.0000,56.0600,56.0600
2025-08-29,5240,AV,Arbeitsvorbereitung BS,0.0000,0.0000,31.2000,48.5400,79.7400
2025-08-29,5231,MR1,MR 1 Endmaße,0.0000,0.0000,6.0000,23.1000,29.1000
2025-08-29,5211,MR11,MR 11 KMG,0.0000,7.7000,0.0000,10.1400,17.8400
2025-08-29,5234,MR2,MR 2 Drehmomente,0.0000,7.7000,7.7000,21.8800,37.2800
2025-08-29,5236,MR3,MR 3 Messuhren,0.0000,7.7000,7.7000,15.2000,30.6000
2025-08-29,5233,MR4,MR 4 Lohnmessung,0.0000,0.0000,7.7000,,7.7000
2025-08-29,5239,MR5,MR 5 Bügelmessschrauben,0.0000,15.4000,0.0000,30.3400,45.7400
2025-08-29,5235,MR6,MR 6 Messschieber,0.0000,0.0000,5.0000,22.1300,27.1300
2025-08-29,5232,MR7,MR 7 Lehren,0.0000,0.0000,7.7000,47.9000,55.6000
2025-08-29,5238,MR8,MR 8 Temperatur,0.0000,0.0000,7.7000,,7.7000
2025-08-29,5237,MR9,MR 9 Elektro BS,0.0000,0.0000,0.0000,1.3500,1.3500
2025-08-29,5225,Packplatz,Packplatz,0.0000,0.0000,0.0000,29.0500,29.0500
2025-08-29,5230,Springer,PRÜFER BS,0.0000,0.0000,0.0000,7.7000,7.7000
2025-08-29,5900,Qualifizierung,Qualifizierung,0.0000,0.0000,0.0000,21.7500,21.7500
2025-08-29,5223,WA,WA BS,0.0000,7.7000,0.0000,14.5300,22.2300
2025-08-29,5222,WE,WE BS,0.0000,0.0000,0.0000,52.3500,52.3500
2025-08-30,5240,AV,Arbeitsvorbereitung BS,0.0000,0.0000,0.0000,9.5000,9.5000
2025-08-30,5234,MR2,MR 2 Drehmomente,0.0000,0.0000,0.0000,4.7500,4.7500
2025-08-30,5236,MR3,MR 3 Messuhren,0.0000,0.0000,0.0000,1.1000,1.1000
2025-08-30,5239,MR5,MR 5 Bügelmessschrauben,0.0000,0.0000,0.0000,9.2200,9.2200
2025-08-30,5235,MR6,MR 6 Messschieber,0.0000,0.0000,0.0000,4.8200,4.8200
2025-08-30,5232,MR7,MR 7 Lehren,0.0000,0.0000,0.0000,17.2300,17.2300
2025-08-30,5223,WA,WA BS,0.0000,0.0000,0.0000,4.4000,4.4000
2025-09-01,5240,AV,Arbeitsvorbereitung BS,0.0000,0.0000,7.7000,57.8200,65.5200
2025-09-01,5231,MR1,MR 1 Endmaße,0.0000,0.0000,0.0000,25.4500,25.4500
2025-09-01,5211,MR11,MR 11 KMG,0.0000,0.0000,7.7000,11.9700,19.6700
2025-09-01,5214,MR14,MR 14 Waage,0.0000,0.0000,0.0000,4.8500,4.8500
2025-09-01,5234,MR2,MR 2 Drehmomente,0.0000,0.0000,7.7000,23.1000,30.8000
2025-09-01,5236,MR3,MR 3 Messuhren,0.0000,7.7000,0.0000,16.5200,24.2200
2025-09-01,5239,MR5,MR 5 Bügelmessschrauben,0.0000,0.0000,0.0000,29.0300,29.0300
2025-09-01,5235,MR6,MR 6 Messschieber,0.0000,0.0000,0.0000,24.1500,24.1500
2025-09-01,5232,MR7,MR 7 Lehren,0.0000,0.0000,7.7000,54.4300,62.1300
2025-09-01,5238,MR8,MR 8 Temperatur,0.0000,0.0000,7.7000,,7.7000
2025-09-01,5237,MR9,MR 9 Elektro BS,0.0000,0.0000,0.0000,7.8500,7.8500
2025-09-01,5225,Packplatz,Packplatz,0.0000,0.0000,0.0000,28.9200,28.9200
2025-09-01,5230,Springer,PRÜFER BS,0.0000,0.0000,0.0000,7.7000,7.7000
2025-09-01,5900,Qualifizierung,Qualifizierung,0.0000,0.0000,0.0000,41.4300,41.4300
2025-09-01,5223,WA,WA BS,0.0000,0.0000,6.0000,24.0500,30.0500
2025-09-01,5222,WE,WE BS,0.0000,0.0000,7.7000,52.3000,60.0000
2025-09-02,5240,AV,Arbeitsvorbereitung BS,0.0000,0.0000,7.7000,63.8900,71.5900
2025-09-02,5231,MR1,MR 1 Endmaße,0.0000,0.0000,0.0000,29.1000,29.1000
2025-09-02,5211,MR11,MR 11 KMG,0.0000,0.0000,7.7000,9.8400,17.5400
2025-09-02,5214,MR14,MR 14 Waage,0.0000,0.0000,0.0000,0.4800,0.4800
2025-09-02,5234,MR2,MR 2 Drehmomente,0.0000,0.0000,7.7000,22.1800,29.8800
2025-09-02,5236,MR3,MR 3 Messuhren,0.0000,7.7000,0.0000,15.4000,23.1000
2025-09-02,5233,MR4,MR 4 Lohnmessung,0.0000,0.0000,0.0000,7.7000,7.7000
2025-09-02,5239,MR5,MR 5 Bügelmessschrauben,0.0000,0.0000,0.0000,41.5900,41.5900
2025-09-02,5235,MR6,MR 6 Messschieber,0.0000,0.0000,0.0000,27.9000,27.9000
2025-09-02,5232,MR7,MR 7 Lehren,0.0000,0.0000,7.7000,54.4300,62.1300
2025-09-02,5238,MR8,MR 8 Temperatur,0.0000,0.0000,7.7000,,7.7000
2025-09-02,5237,MR9,MR 9 Elektro BS,0.0000,0.0000,0.0000,8.0700,8.0700
2025-09-02,5225,Packplatz,Packplatz,0.0000,0.0000,0.0000,27.4700,27.4700
2025-09-02,5230,Springer,PRÜFER BS,0.0000,0.0000,0.0000,7.7000,7.7000
2025-09-02,5900,Qualifizierung,Qualifizierung,0.0000,0.0000,0.0000,34.0100,34.0100
2025-09-02,5223,WA,WA BS,0.0000,0.0000,6.0000,22.5500,28.5500
2025-09-02,5222,WE,WE BS,0.0000,7.7000,7.7000,44.5500,59.9500
2025-09-03,5240,AV,Arbeitsvorbereitung BS,0.0000,0.0000,7.7000,58.8000,66.5000
2025-09-03,5231,MR1,MR 1 Endmaße,0.0000,0.0000,0.0000,21.7800,21.7800
2025-09-03,5211,MR11,MR 11 KMG,0.0000,4.0000,7.7000,8.1700,19.8700
2025-09-03,5234,MR2,MR 2 Drehmomente,0.0000,0.0000,7.7000,31.1000,38.8000
2025-09-03,5236,MR3,MR 3 Messuhren,0.0000,7.7000,0.0000,15.4000,23.1000
2025-09-03,5233,MR4,MR 4 Lohnmessung,0.0000,0.0000,0.0000,7.7000,7.7000
2025-09-03,5239,MR5,MR 5 Bügelmessschrauben,0.0000,0.0000,0.0000,39.8700,39.8700
2025-09-03,5235,MR6,MR 6 Messschieber,0.0000,0.0000,0.0000,27.9300,27.9300
2025-09-03,5232,MR7,MR 7 Lehren,0.0000,0.0000,7.7000,54.3800,62.0800
2025-09-03,5238,MR8,MR 8 Temperatur,0.0000,0.0000,7.7000,4.3800,12.0800
2025-09-03,5237,MR9,MR 9 Elektro BS,0.0000,0.0000,0.0000,8.9700,8.9700
2025-09-03,5225,Packplatz,Packplatz,0.0000,0.0000,0.0000,28.9500,28.9500
2025-09-03,5230,Springer,PRÜFER BS,0.0000,0.0000,0.0000,7.7000,7.7000
2025-09-03,5900,Qualifizierung,Qualifizierung,0.0000,0.0000,0.0000,27.1700,27.1700
2025-09-03,5223,WA,WA BS,0.0000,0.0000,6.0000,23.7700,29.7700
2025-09-03,5222,WE,WE BS,0.0000,0.0000,7.7000,52.3700,60.0700
2025-09-04,5240,AV,Arbeitsvorbereitung BS,0.0000,0.0000,15.6800,49.8300,65.5100
2025-09-04,5231,MR1,MR 1 Endmaße,0.0000,0.0000,0.0000,25.1500,25.1500
2025-09-04,5211,MR11,MR 11 KMG,0.0000,0.0000,11.7000,7.1300,18.8300
2025-09-04,5214,MR14,MR 14 Waage,0.0000,0.0000,0.0000,2.1200,2.1200
2025-09-04,5234,MR2,MR 2 Drehmomente,0.0000,7.7000,7.7000,23.3700,38.7700
2025-09-04,5236,MR3,MR 3 Messuhren,0.0000,7.7000,0.0000,15.2600,22.9600
2025-09-04,5233,MR4,MR 4 Lohnmessung,0.0000,0.0000,0.0000,7.7000,7.7000
2025-09-04,5239,MR5,MR 5 Bügelmessschrauben,0.0000,0.0000,0.0000,38.1300,38.1300
2025-09-04,5235,MR6,MR 6 Messschieber,0.0000,7.7000,0.0000,16.1500,23.8500
2025-09-04,5232,MR7,MR 7 Lehren,0.0000,0.0000,7.7000,54.1500,61.8500
2025-09-04,5238,MR8,MR 8 Temperatur,0.0000,0.0000,7.7000,7.6300,15.3300
2025-09-04,5237,MR9,MR 9 Elektro BS,0.0000,0.0000,0.0000,7.7700,7.7700
2025-09-04,5225,Packplatz,Packplatz,0.0000,7.7000,0.0000,28.3500,36.0500
2025-09-04,5230,Springer,PRÜFER BS,0.0000,0.0000,0.0000,7.7000,7.7000
2025-09-04,5900,Qualifizierung,Qualifizierung,0.0000,0.0000,0.0000,29.6500,29.6500
2025-09-04,5223,WA,WA BS,0.0000,0.0000,0.0000,23.9000,23.9000
2025-09-04,5222,WE,WE BS,0.0000,0.0000,7.7000,52.1300,59.8300
2025-09-05,5240,AV,Arbeitsvorbereitung BS,0.0000,0.0000,7.7000,60.6500,68.3500
2025-09-05,5231,MR1,MR 1 Endmaße,0.0000,0.0000,0.0000,29.1000,29.1000
2025-09-05,5211,MR11,MR 11 KMG,0.0000,0.0000,11.7000,7.7000,19.4000
2025-09-05,5234,MR2,MR 2 Drehmomente,0.0000,7.7000,7.7000,22.6000,38.0000
2025-09-05,5236,MR3,MR 3 Messuhren,0.0000,7.7000,0.0000,15.2000,22.9000
2025-09-05,5233,MR4,MR 4 Lohnmessung,0.0000,0.0000,0.0000,7.2000,7.2000
2025-09-05,5239,MR5,MR 5 Bügelmessschrauben,0.0000,0.0000,7.7000,30.3200,38.0200
2025-09-05,5235,MR6,MR 6 Messschieber,0.0000,7.7000,0.0000,20.0300,27.7300
2025-09-05,5232,MR7,MR 7 Lehren,0.0000,0.0000,7.7000,55.9600,63.6600
2025-09-05,5238,MR8,MR 8 Temperatur,0.0000,0.0000,7.7000,,7.7000
2025-09-05,5237,MR9,MR 9 Elektro BS,0.0000,0.0000,0.0000,15.2200,15.2200
2025-09-05,5225,Packplatz,Packplatz,0.0000,7.7000,0.0000,23.8800,31.5800
2025-09-05,5230,Springer,PRÜFER BS,0.0000,0.0000,0.0000,7.7000,7.7000
2025-09-05,5900,Qualifizierung,Qualifizierung,0.0000,0.0000,0.0000,23.0800,23.0800
2025-09-05,5223,WA,WA BS,0.0000,0.0000,0.0000,15.0900,15.0900
2025-09-05,5222,WE,WE BS,0.0000,0.0000,7.7000,54.1800,61.8800
2025-09-06,5240,AV,Arbeitsvorbereitung BS,0.0000,0.0000,0.0000,10.3100,10.3100
2025-09-06,5211,MR11,MR 11 KMG,0.0000,0.0000,0.0000,4.9700,4.9700
2025-09-06,5239,MR5,MR 5 Bügelmessschrauben,0.0000,0.0000,0.0000,5.1800,5.1800
2025-09-06,5235,MR6,MR 6 Messschieber,0.0000,0.0000,0.0000,4.5000,4.5000
2025-09-06,5232,MR7,MR 7 Lehren,0.0000,0.0000,0.0000,14.9900,14.9900
2025-09-08,5240,AV,Arbeitsvorbereitung BS,0.0000,5.0000,15.3700,51.8900,72.2600
2025-09-08,5231,MR1,MR 1 Endmaße,0.0000,0.0000,0.0000,29.1000,29.1000
2025-09-08,5211,MR11,MR 11 KMG,0.0000,0.0000,7.7000,7.5700,15.2700
2025-09-08,5214,MR14,MR 14 Waage,0.0000,0.0000,0.0000,0.5800,0.5800
2025-09-08,5234,MR2,MR 2 Drehmomente,0.0000,7.7000,0.0000,30.8000,38.5000
2025-09-08,5236,MR3,MR 3 Messuhren,0.0000,0.0000,0.0000,15.3400,15.3400
2025-09-08,5233,MR4,MR 4 Lohnmessung,0.0000,0.0000,0.0000,7.7000,7.7000
2025-09-08,5239,MR5,MR 5 Bügelmessschrauben,0.0000,0.0000,0.0000,30.7500,30.7500
2025-09-08,5235,MR6,MR 6 Messschieber,0.0000,7.7000,0.0000,26.5600,34.2600
2025-09-08,5232,MR7,MR 7 Lehren,7.7000,0.0000,7.7000,46.7200,62.1200
2025-09-08,5238,MR8,MR 8 Temperatur,0.0000,0.0000,7.7000,7.5800,15.2800
2025-09-08,5237,MR9,MR 9 Elektro BS,0.0000,0.0000,0.0000,7.7800,7.7800
2025-09-08,5225,Packplatz,Packplatz,0.0000,7.7000,0.0000,21.4000,29.1000
2025-09-08,5230,Springer,PRÜFER BS,0.0000,0.0000,0.0000,7.7000,7.7000
2025-09-08,5900,Qualifizierung,Qualifizierung,0.0000,0.0000,0.0000,31.2800,31.2800
2025-09-08,5223,WA,WA BS,0.0000,0.0000,6.0000,23.4800,29.4800
2025-09-08,5222,WE,WE BS,0.0000,7.7000,0.0000,52.2500,59.9500
2025-09-09,5240,AV,Arbeitsvorbereitung BS,0.0000,12.7000,7.7000,52.2500,72.6500
2025-09-09,5231,MR1,MR 1 Endmaße,0.0000,0.0000,0.0000,29.1000,29.1000
2025-09-09,5211,MR11,MR 11 KMG,0.0000,4.0000,7.7000,7.6700,19.3700
2025-09-09,5212,MR12,MR 12 Druck,0.0000,0.0000,0.0000,3.0300,3.0300
2025-09-09,5214,MR14,MR 14 Waage,0.0000,0.0000,0.0000,1.5500,1.5500
2025-09-09,5234,MR2,MR 2 Drehmomente,0.0000,7.7000,0.0000,26.6900,34.3900
2025-09-09,5236,MR3,MR 3 Messuhren,0.0000,0.0000,0.0000,15.8800,15.8800
2025-09-09,5233,MR4,MR 4 Lohnmessung,0.0000,0.0000,0.0000,7.7000,7.7000
2025-09-09,5239,MR5,MR 5 Bügelmessschrauben,0.0000,0.0000,7.7000,25.0200,32.7200
2025-09-09,5235,MR6,MR 6 Messschieber,0.0000,7.7000,0.0000,28.7800,36.4800
2025-09-09,5232,MR7,MR 7 Lehren,7.7000,0.0000,7.7000,46.1700,61.5700
2025-09-09,5238,MR8,MR 8 Temperatur,0.0000,0.0000,7.7000,,7.7000
2025-09-09,5237,MR9,MR 9 Elektro BS,0.0000,0.0000,0.0000,15.4000,15.4000
2025-09-09,5225,Packplatz,Packplatz,0.0000,7.7000,0.0000,21.3800,29.0800
2025-09-09,5230,Springer,PRÜFER BS,0.0000,0.0000,0.0000,7.7000,7.7000
2025-09-09,5900,Qualifizierung,Qualifizierung,0.0000,0.0000,0.0000,35.0800,35.0800
2025-09-09,5223,WA,WA BS,0.0000,0.0000,6.0000,23.0400,29.0400
2025-09-09,5222,WE,WE BS,0.0000,7.7000,0.0000,46.8500,54.5500
2025-09-10,5240,AV,Arbeitsvorbereitung BS,0.0000,7.7000,7.7000,52.3000,67.7000
2025-09-10,5231,MR1,MR 1 Endmaße,0.0000,0.0000,0.0000,21.6200,21.6200
2025-09-10,5211,MR11,MR 11 KMG,0.0000,4.0000,7.7000,7.9000,19.6000
2025-09-10,5234,MR2,MR 2 Drehmomente,0.0000,7.7000,0.0000,29.6500,37.3500
2025-09-10,5236,MR3,MR 3 Messuhren,0.0000,0.0000,0.0000,15.4200,15.4200
2025-09-10,5233,MR4,MR 4 Lohnmessung,0.0000,0.0000,0.0000,7.7000,7.7000
2025-09-10,5239,MR5,MR 5 Bügelmessschrauben,0.0000,0.0000,7.7000,27.2000,34.9000
2025-09-10,5235,MR6,MR 6 Messschieber,0.0000,7.7000,0.0000,28.5800,36.2800
2025-09-10,5232,MR7,MR 7 Lehren,7.7000,0.0000,7.7000,46.1400,61.5400
2025-09-10,5238,MR8,MR 8 Temperatur,0.0000,0.0000,7.7000,,7.7000
2025-09-10,5237,MR9,MR 9 Elektro BS,0.0000,0.0000,0.0000,15.3700,15.3700
2025-09-10,5225,Packplatz,Packplatz,0.0000,7.7000,0.0000,21.4000,29.1000
2025-09-10,5230,Springer,PRÜFER BS,0.0000,0.0000,0.0000,7.7000,7.7000
2025-09-10,5900,Qualifizierung,Qualifizierung,0.0000,0.0000,0.0000,27.5900,27.5900
2025-09-10,5223,WA,WA BS,0.0000,0.0000,6.0000,23.5600,29.5600
2025-09-10,5222,WE,WE BS,0.0000,7.7000,0.0000,52.9000,60.6000
2025-09-11,5240,AV,Arbeitsvorbereitung BS,0.0000,15.4000,7.7000,49.1500,72.2500
2025-09-11,5231,MR1,MR 1 Endmaße,0.0000,0.0000,0.0000,26.1700,26.1700
2025-09-11,5211,MR11,MR 11 KMG,0.0000,4.0000,7.7000,6.3500,18.0500
2025-09-11,5212,MR12,MR 12 Druck,0.0000,0.0000,0.0000,3.7300,3.7300
2025-09-11,5214,MR14,MR 14 Waage,0.0000,0.0000,0.0000,1.2000,1.2000
2025-09-11,5234,MR2,MR 2 Drehmomente,0.0000,7.7000,0.0000,26.0700,33.7700
2025-09-11,5236,MR3,MR 3 Messuhren,0.0000,0.0000,0.0000,15.4200,15.4200
2025-09-11,5233,MR4,MR 4 Lohnmessung,0.0000,0.0000,0.0000,7.7000,7.7000
2025-09-11,5239,MR5,MR 5 Bügelmessschrauben,0.0000,0.0000,7.7000,29.5100,37.2100
2025-09-11,5235,MR6,MR 6 Messschieber,0.0000,7.7000,0.0000,26.2500,33.9500
2025-09-11,5232,MR7,MR 7 Lehren,7.7000,0.0000,7.7000,46.7300,62.1300
2025-09-11,5238,MR8,MR 8 Temperatur,0.0000,0.0000,7.7000,,7.7000
2025-09-11,5237,MR9,MR 9 Elektro BS,0.0000,0.0000,0.0000,15.3800,15.3800
2025-09-11,5225,Packplatz,Packplatz,0.0000,7.7000,0.0000,24.6300,32.3300
2025-09-11,5230,Springer,PRÜFER BS,0.0000,0.0000,0.0000,7.7000,7.7000
2025-09-11,5900,Qualifizierung,Qualifizierung,0.0000,0.0000,0.0000,17.3700,17.3700
2025-09-11,5223,WA,WA BS,0.0000,0.0000,7.7000,15.7300,23.4300
2025-09-11,5222,WE,WE BS,0.0000,7.7000,0.0000,50.1500,57.8500
2025-09-12,5240,AV,Arbeitsvorbereitung BS,0.0000,15.4000,7.7000,36.6800,59.7800
2025-09-12,5231,MR1,MR 1 Endmaße,0.0000,0.0000,7.7000,18.7200,26.4200
2025-09-12,5211,MR11,MR 11 KMG,0.0000,4.0000,7.7000,7.2300,18.9300
2025-09-12,5234,MR2,MR 2 Drehmomente,0.0000,7.7000,0.0000,30.1500,37.8500
2025-09-12,5236,MR3,MR 3 Messuhren,0.0000,0.0000,7.7000,15.2200,22.9200
2025-09-12,5233,MR4,MR 4 Lohnmessung,0.0000,0.0000,0.0000,8.2000,8.2000
2025-09-12,5239,MR5,MR 5 Bügelmessschrauben,0.0000,0.0000,7.7000,17.2200,24.9200
2025-09-12,5235,MR6,MR 6 Messschieber,0.0000,15.4000,0.0000,20.4000,35.8000
2025-09-12,5232,MR7,MR 7 Lehren,7.7000,7.7000,15.4000,31.1800,61.9800
2025-09-12,5238,MR8,MR 8 Temperatur,0.0000,0.0000,7.7000,,7.7000
2025-09-12,5237,MR9,MR 9 Elektro BS,0.0000,0.0000,0.0000,15.9000,15.9000
2025-09-12,5225,Packplatz,Packplatz,0.0000,7.7000,0.0000,23.1200,30.8200
2025-09-12,5230,Springer,PRÜFER BS,0.0000,0.0000,0.0000,7.7000,7.7000
2025-09-12,5900,Qualifizierung,Qualifizierung,0.0000,0.0000,0.0000,21.5800,21.5800
2025-09-12,5223,WA,WA BS,0.0000,0.0000,0.0000,15.8200,15.8200
2025-09-12,5222,WE,WE BS,0.0000,7.7000,0.0000,50.2300,57.9300
2025-09-15,5240,AV,Arbeitsvorbereitung BS,0.0000,7.7000,13.7000,50.7700,72.1700
2025-09-15,5231,MR1,MR 1 Endmaße,0.0000,0.0000,15.4000,13.7000,29.1000
2025-09-15,5211,MR11,MR 11 KMG,0.0000,0.0000,7.7000,6.5100,14.2100
2025-09-15,5214,MR14,MR 14 Waage,0.0000,0.0000,0.0000,7.1800,7.1800
2025-09-15,5234,MR2,MR 2 Drehmomente,0.0000,0.0000,0.0000,38.5000,38.5000
2025-09-15,5236,MR3,MR 3 Messuhren,0.0000,0.0000,7.7000,15.4000,23.1000
2025-09-15,5239,MR5,MR 5 Bügelmessschrauben,0.0000,7.7000,0.0000,14.9500,22.6500
2025-09-15,5235,MR6,MR 6 Messschieber,0.0000,7.7000,0.0000,33.9500,41.6500
2025-09-15,5232,MR7,MR 7 Lehren,0.0000,15.4000,15.4000,30.8000,61.6000
2025-09-15,5238,MR8,MR 8 Temperatur,0.0000,0.0000,0.0000,6.6300,6.6300
2025-09-15,5237,MR9,MR 9 Elektro BS,0.0000,0.0000,0.0000,1.5900,1.5900
2025-09-15,5225,Packplatz,Packplatz,0.0000,13.7000,0.0000,15.3200,29.0200
2025-09-15,5230,Springer,PRÜFER BS,0.0000,0.0000,0.0000,7.7000,7.7000
2025-09-15,5900,Qualifizierung,Qualifizierung,0.0000,0.0000,0.0000,32.6700,32.6700
2025-09-15,5223,WA,WA BS,0.0000,7.7000,0.0000,21.4000,29.1000
2025-09-15,5222,WE,WE BS,0.0000,0.0000,0.0000,61.0800,61.0800
2025-09-16,5240,AV,Arbeitsvorbereitung BS,0.0000,7.7000,13.7000,41.9000,63.3000
2025-09-16,5231,MR1,MR 1 Endmaße,0.0000,0.0000,15.4000,13.7000,29.1000
2025-09-16,5211,MR11,MR 11 KMG,0.0000,0.0000,7.7000,8.2800,15.9800
2025-09-16,5212,MR12,MR 12 Druck,0.0000,0.0000,0.0000,2.9500,2.9500
2025-09-16,5214,MR14,MR 14 Waage,0.0000,0.0000,0.0000,7.6300,7.6300
2025-09-16,5234,MR2,MR 2 Drehmomente,0.0000,0.0000,0.0000,38.8200,38.8200
2025-09-16,5236,MR3,MR 3 Messuhren,0.0000,0.0000,7.7000,15.4200,23.1200
2025-09-16,5233,MR4,MR 4 Lohnmessung,0.0000,0.0000,0.0000,7.7000,7.7000
2025-09-16,5239,MR5,MR 5 Bügelmessschrauben,0.0000,0.0000,0.0000,38.5200,38.5200
2025-09-16,5235,MR6,MR 6 Messschieber,0.0000,0.0000,0.0000,27.8500,27.8500
2025-09-16,5232,MR7,MR 7 Lehren,0.0000,7.7000,15.4000,38.4000,61.5000
2025-09-16,5238,MR8,MR 8 Temperatur,0.0000,0.0000,0.0000,0.6800,0.6800
2025-09-16,5237,MR9,MR 9 Elektro BS,0.0000,0.0000,0.0000,7.7700,7.7700
2025-09-16,5225,Packplatz,Packplatz,0.0000,13.7000,0.0000,15.4000,29.1000
2025-09-16,5230,Springer,PRÜFER BS,0.0000,0.0000,0.0000,7.7000,7.7000
2025-09-16,5900,Qualifizierung,Qualifizierung,0.0000,0.0000,0.0000,23.0000,23.0000
2025-09-16,5223,WA,WA BS,0.0000,7.7000,0.0000,26.4000,34.1000
2025-09-16,5222,WE,WE BS,0.0000,0.0000,0.0000,56.1000,56.1000
2025-09-17,5240,AV,Arbeitsvorbereitung BS,0.0000,7.7000,13.7000,46.0300,67.4300
2025-09-17,5231,MR1,MR 1 Endmaße,0.0000,0.0000,15.4000,11.2200,26.6200
2025-09-17,5211,MR11,MR 11 KMG,0.0000,0.0000,0.0000,17.0200,17.0200
2025-09-17,5212,MR12,MR 12 Druck,0.0000,0.0000,0.0000,5.7500,5.7500
2025-09-17,5234,MR2,MR 2 Drehmomente,0.0000,0.0000,0.0000,32.7500,32.7500
2025-09-17,5236,MR3,MR 3 Messuhren,0.0000,0.0000,7.7000,15.3800,23.0800
2025-09-17,5233,MR4,MR 4 Lohnmessung,0.0000,0.0000,0.0000,7.7000,7.7000
2025-09-17,5239,MR5,MR 5 Bügelmessschrauben,0.0000,0.0000,0.0000,32.6200,32.6200
2025-09-17,5235,MR6,MR 6 Messschieber,0.0000,0.0000,0.0000,37.1500,37.1500
2025-09-17,5232,MR7,MR 7 Lehren,0.0000,7.7000,15.4000,39.9300,63.0300
2025-09-17,5237,MR9,MR 9 Elektro BS,0.0000,0.0000,0.0000,14.2200,14.2200
2025-09-17,5225,Packplatz,Packplatz,0.0000,13.7000,0.0000,19.4000,33.1000
2025-09-17,5230,Springer,PRÜFER BS,0.0000,0.0000,0.0000,7.7000,7.7000
2025-09-17,5900,Qualifizierung,Qualifizierung,0.0000,0.0000,0.0000,24.1700,24.1700
2025-09-17,5223,WA,WA BS,0.0000,0.0000,0.0000,28.2700,28.2700
2025-09-17,5222,WE,WE BS,0.0000,0.0000,0.0000,53.0200,53.0200
2025-09-18,5240,AV,Arbeitsvorbereitung BS,0.0000,0.0000,13.7000,70.4800,84.1800
2025-09-18,5231,MR1,MR 1 Endmaße,0.0000,0.0000,15.4000,6.0000,21.4000
2025-09-18,5211,MR11,MR 11 KMG,0.0000,0.0000,0.0000,17.2500,17.2500
2025-09-18,5212,MR12,MR 12 Druck,0.0000,0.0000,0.0000,5.2500,5.2500
2025-09-18,5234,MR2,MR 2 Drehmomente,0.0000,0.0000,0.0000,33.1800,33.1800
2025-09-18,5236,MR3,MR 3 Messuhren,0.0000,0.0000,7.7000,15.4000,23.1000
2025-09-18,5239,MR5,MR 5 Bügelmessschrauben,0.0000,0.0000,0.0000,39.7000,39.7000
2025-09-18,5235,MR6,MR 6 Messschieber,0.0000,0.0000,0.0000,29.9100,29.9100
2025-09-18,5232,MR7,MR 7 Lehren,0.0000,7.7000,15.4000,46.1800,69.2800
2025-09-18,5237,MR9,MR 9 Elektro BS,0.0000,0.0000,0.0000,15.6700,15.6700
2025-09-18,5225,Packplatz,Packplatz,0.0000,7.7000,0.0000,23.3300,31.0300
2025-09-18,5230,Springer,PRÜFER BS,0.0000,0.0000,0.0000,7.7000,7.7000
2025-09-18,5900,Qualifizierung,Qualifizierung,0.0000,0.0000,0.0000,24.1800,24.1800
2025-09-18,5223,WA,WA BS,0.0000,0.0000,0.0000,23.7500,23.7500
2025-09-18,5222,WE,WE BS,0.0000,0.0000,0.0000,56.0500,56.0500
2025-09-19,5240,AV,Arbeitsvorbereitung BS,0.0000,7.7000,13.7000,50.2000,71.6000
2025-09-19,5231,MR1,MR 1 Endmaße,0.0000,0.0000,15.4000,6.1500,21.5500
2025-09-19,5211,MR11,MR 11 KMG,0.0000,0.0000,0.0000,11.6300,11.6300
2025-09-19,5214,MR14,MR 14 Waage,0.0000,0.0000,0.0000,5.1200,5.1200
2025-09-19,5234,MR2,MR 2 Drehmomente,0.0000,0.0000,7.7000,29.0100,36.7100
2025-09-19,5236,MR3,MR 3 Messuhren,0.0000,0.0000,7.7000,5.0000,12.7000
2025-09-19,5233,MR4,MR 4 Lohnmessung,0.0000,0.0000,0.0000,7.2700,7.2700
2025-09-19,5239,MR5,MR 5 Bügelmessschrauben,0.0000,0.0000,7.7000,30.3000,38.0000
2025-09-19,5235,MR6,MR 6 Messschieber,0.0000,0.0000,0.0000,25.9000,25.9000
2025-09-19,5232,MR7,MR 7 Lehren,0.0000,15.4000,15.4000,38.7600,69.5600
2025-09-19,5237,MR9,MR 9 Elektro BS,0.0000,0.0000,0.0000,10.8000,10.8000
2025-09-19,5225,Packplatz,Packplatz,0.0000,7.7000,0.0000,20.8800,28.5800
2025-09-19,5230,Springer,PRÜFER BS,0.0000,0.0000,0.0000,7.7000,7.7000
2025-09-19,5900,Qualifizierung,Qualifizierung,0.0000,0.0000,0.0000,25.6700,25.6700
2025-09-19,5223,WA,WA BS,0.0000,0.0000,0.0000,13.7600,13.7600
2025-09-19,5222,WE,WE BS,0.0000,0.0000,0.0000,54.2000,54.2000
2025-09-20,5240,AV,Arbeitsvorbereitung BS,0.0000,0.0000,0.0000,5.9500,5.9500
2025-09-20,5211,MR11,MR 11 KMG,0.0000,0.0000,0.0000,4.6200,4.6200
2025-09-20,5234,MR2,MR 2 Drehmomente,0.0000,0.0000,0.0000,5.1500,5.1500
2025-09-20,5239,MR5,MR 5 Bügelmessschrauben,0.0000,0.0000,0.0000,5.8700,5.8700
2025-09-20,5237,MR9,MR 9 Elektro BS,0.0000,0.0000,0.0000,5.4500,5.4500
2025-09-22,5240,AV,Arbeitsvorbereitung BS,0.0000,0.0000,13.7000,58.8500,72.5500
2025-09-22,5231,MR1,MR 1 Endmaße,0.0000,0.0000,7.7000,13.7200,21.4200
2025-09-22,5211,MR11,MR 11 KMG,0.0000,4.0000,0.0000,12.5800,16.5800
2025-09-22,5212,MR12,MR 12 Druck,0.0000,0.0000,0.0000,8.6800,8.6800
2025-09-22,5234,MR2,MR 2 Drehmomente,0.0000,0.0000,7.7000,30.9800,38.6800
2025-09-22,5236,MR3,MR 3 Messuhren,0.0000,0.0000,7.7000,0.9200,8.6200
2025-09-22,5233,MR4,MR 4 Lohnmessung,0.0000,0.0000,0.0000,7.7000,7.7000
2025-09-22,5239,MR5,MR 5 Bügelmessschrauben,0.0000,0.0000,7.7000,31.7100,39.4100
2025-09-22,5235,MR6,MR 6 Messschieber,0.0000,0.0000,0.0000,17.8500,17.8500
2025-09-22,5232,MR7,MR 7 Lehren,0.0000,0.0000,15.4000,53.8600,69.2600
2025-09-22,5237,MR9,MR 9 Elektro BS,0.0000,0.0000,7.7000,7.7000,15.4000
2025-09-22,5225,Packplatz,Packplatz,0.0000,7.7000,0.0000,21.3800,29.0800
2025-09-22,5230,Springer,PRÜFER BS,0.0000,0.0000,0.0000,7.6800,7.6800
2025-09-22,5900,Qualifizierung,Qualifizierung,0.0000,0.0000,0.0000,38.0000,38.0000
2025-09-22,5223,WA,WA BS,0.0000,0.0000,0.0000,28.5100,28.5100
2025-09-22,5222,WE,WE BS,0.0000,0.0000,7.7000,36.3700,44.0700
2025-09-23,5240,AV,Arbeitsvorbereitung BS,0.0000,0.0000,21.4000,51.5400,72.9400
2025-09-23,5231,MR1,MR 1 Endmaße,0.0000,0.0000,7.7000,13.7500,21.4500
2025-09-23,5211,MR11,MR 11 KMG,0.0000,4.0000,0.0000,3.9500,7.9500
2025-09-23,5212,MR12,MR 12 Druck,0.0000,0.0000,0.0000,6.2700,6.2700
2025-09-23,5234,MR2,MR 2 Drehmomente,0.0000,0.0000,7.7000,31.1300,38.8300
2025-09-23,5236,MR3,MR 3 Messuhren,0.0000,0.0000,7.7000,23.0700,30.7700
2025-09-23,5233,MR4,MR 4 Lohnmessung,0.0000,0.0000,0.0000,7.7000,7.7000
2025-09-23,5239,MR5,MR 5 Bügelmessschrauben,0.0000,0.0000,7.7000,40.5800,48.2800
2025-09-23,5235,MR6,MR 6 Messschieber,0.0000,0.0000,0.0000,21.7500,21.7500
2025-09-23,5232,MR7,MR 7 Lehren,0.0000,0.0000,15.4000,53.8500,69.2500
2025-09-23,5238,MR8,MR 8 Temperatur,0.0000,0.0000,0.0000,2.5000,2.5000
2025-09-23,5237,MR9,MR 9 Elektro BS,0.0000,0.0000,7.7000,7.7000,15.4000
2025-09-23,5225,Packplatz,Packplatz,0.0000,0.0000,0.0000,28.9200,28.9200
2025-09-23,5230,Springer,PRÜFER BS,0.0000,0.0000,0.0000,7.7000,7.7000
2025-09-23,5900,Qualifizierung,Qualifizierung,0.0000,0.0000,0.0000,21.7900,21.7900
2025-09-23,5223,WA,WA BS,0.0000,7.7000,7.7000,20.7900,36.1900
2025-09-23,5222,WE,WE BS,0.0000,0.0000,7.7000,39.4500,47.1500
2025-09-24,5240,AV,Arbeitsvorbereitung BS,0.0000,0.0000,13.7000,53.8800,67.5800
2025-09-24,5231,MR1,MR 1 Endmaße,0.0000,0.0000,7.7000,13.7500,21.4500
2025-09-24,5211,MR11,MR 11 KMG,0.0000,4.0000,0.0000,11.0400,15.0400
2025-09-24,5212,MR12,MR 12 Druck,0.0000,0.0000,0.0000,8.4000,8.4000
2025-09-24,5234,MR2,MR 2 Drehmomente,0.0000,0.0000,7.7000,30.6400,38.3400
2025-09-24,5236,MR3,MR 3 Messuhren,0.0000,0.0000,15.4000,16.4600,31.8600
2025-09-24,5233,MR4,MR 4 Lohnmessung,0.0000,0.0000,0.0000,7.7000,7.7000
2025-09-24,5239,MR5,MR 5 Bügelmessschrauben,0.0000,0.0000,7.7000,40.5600,48.2600
2025-09-24,5235,MR6,MR 6 Messschieber,0.0000,0.0000,0.0000,18.5700,18.5700
2025-09-24,5232,MR7,MR 7 Lehren,0.0000,0.0000,23.1000,45.8300,68.9300
2025-09-24,5237,MR9,MR 9 Elektro BS,0.0000,0.0000,7.7000,7.7000,15.4000
2025-09-24,5225,Packplatz,Packplatz,0.0000,0.0000,0.0000,28.8000,28.8000
2025-09-24,5230,Springer,PRÜFER BS,0.0000,0.0000,0.0000,7.7000,7.7000
2025-09-24,5900,Qualifizierung,Qualifizierung,0.0000,0.0000,0.0000,24.0900,24.0900
2025-09-24,5223,WA,WA BS,0.0000,0.0000,0.0000,26.7100,26.7100
2025-09-24,5222,WE,WE BS,0.0000,0.0000,7.7000,45.9300,53.6300
2025-09-25,5240,AV,Arbeitsvorbereitung BS,0.0000,0.0000,13.7000,59.3600,73.0600
2025-09-25,5231,MR1,MR 1 Endmaße,0.0000,0.0000,7.7000,13.7500,21.4500
2025-09-25,5211,MR11,MR 11 KMG,0.0000,4.0000,0.0000,13.3000,17.3000
2025-09-25,5212,MR12,MR 12 Druck,0.0000,0.0000,0.0000,6.4200,6.4200
2025-09-25,5214,MR14,MR 14 Waage,0.0000,0.0000,0.0000,2.3700,2.3700
2025-09-25,5234,MR2,MR 2 Drehmomente,0.0000,0.0000,7.7000,31.1200,38.8200
2025-09-25,5236,MR3,MR 3 Messuhren,0.0000,0.0000,15.4000,15.4000,30.8000
2025-09-25,5233,MR4,MR 4 Lohnmessung,0.0000,0.0000,0.0000,7.7000,7.7000
2025-09-25,5239,MR5,MR 5 Bügelmessschrauben,0.0000,0.0000,7.7000,40.1500,47.8500
2025-09-25,5235,MR6,MR 6 Messschieber,0.0000,0.0000,0.0000,22.1400,22.1400
2025-09-25,5232,MR7,MR 7 Lehren,0.0000,0.0000,23.1000,38.3800,61.4800
2025-09-25,5237,MR9,MR 9 Elektro BS,0.0000,0.0000,7.7000,0.4000,8.1000
2025-09-25,5225,Packplatz,Packplatz,0.0000,0.0000,0.0000,21.2300,21.2300
2025-09-25,5230,Springer,PRÜFER BS,0.0000,0.0000,0.0000,7.7000,7.7000
2025-09-25,5900,Qualifizierung,Qualifizierung,0.0000,0.0000,0.0000,25.6000,25.6000
2025-09-25,5223,WA,WA BS,0.0000,0.0000,0.0000,23.3200,23.3200
2025-09-25,5222,WE,WE BS,0.0000,0.0000,7.7000,46.1800,53.8800
2025-09-26,5240,AV,Arbeitsvorbereitung BS,0.0000,7.7000,13.7000,49.9000,71.3000
2025-09-26,5231,MR1,MR 1 Endmaße,0.0000,0.0000,7.7000,13.7500,21.4500
2025-09-26,5211,MR11,MR 11 KMG,0.0000,4.0000,0.0000,16.4300,20.4300
2025-09-26,5212,MR12,MR 12 Druck,0.0000,0.0000,0.0000,4.4000,4.4000
2025-09-26,5214,MR14,MR 14 Waage,0.0000,0.0000,0.0000,1.0700,1.0700
2025-09-26,5234,MR2,MR 2 Drehmomente,0.0000,0.0000,7.7000,31.4100,39.1100
2025-09-26,5236,MR3,MR 3 Messuhren,0.0000,0.0000,15.4000,8.1300,23.5300
2025-09-26,5233,MR4,MR 4 Lohnmessung,0.0000,0.0000,0.0000,8.2000,8.2000
2025-09-26,5239,MR5,MR 5 Bügelmessschrauben,0.0000,0.0000,7.7000,37.9000,45.6000
2025-09-26,5235,MR6,MR 6 Messschieber,0.0000,0.0000,0.0000,19.8000,19.8000
2025-09-26,5232,MR7,MR 7 Lehren,0.0000,0.0000,23.1000,38.9500,62.0500
2025-09-26,5238,MR8,MR 8 Temperatur,0.0000,0.0000,0.0000,2.2300,2.2300
2025-09-26,5237,MR9,MR 9 Elektro BS,0.0000,0.0000,7.7000,7.7000,15.4000
2025-09-26,5225,Packplatz,Packplatz,0.0000,0.0000,0.0000,28.8700,28.8700
2025-09-26,5230,Springer,PRÜFER BS,0.0000,0.0000,0.0000,7.7000,7.7000
2025-09-26,5900,Qualifizierung,Qualifizierung,0.0000,0.0000,0.0000,22.9200,22.9200
2025-09-26,5223,WA,WA BS,0.0000,0.0000,0.0000,15.9200,15.9200
2025-09-26,5222,WE,WE BS,0.0000,0.0000,7.7000,45.9800,53.6800
2025-09-27,5240,AV,Arbeitsvorbereitung BS,0.0000,0.0000,0.0000,5.9300,5.9300
2025-09-27,5231,MR1,MR 1 Endmaße,0.0000,0.0000,0.0000,0.0300,0.0300
2025-09-27,5239,MR5,MR 5 Bügelmessschrauben,0.0000,0.0000,0.0000,12.7400,12.7400
2025-09-27,5235,MR6,MR 6 Messschieber,0.0000,0.0000,0.0000,7.8500,7.8500
2025-09-27,5232,MR7,MR 7 Lehren,0.0000,0.0000,0.0000,11.7000,11.7000
2025-09-27,5237,MR9,MR 9 Elektro BS,0.0000,0.0000,0.0000,4.6200,4.6200
2025-09-27,5223,WA,WA BS,0.0000,0.0000,0.0000,4.6300,4.6300
2025-09-29,5240,AV,Arbeitsvorbereitung BS,0.0000,6.0000,15.4000,50.9400,72.3400
2025-09-29,5231,MR1,MR 1 Endmaße,0.0000,0.0000,7.7000,21.4000,29.1000
2025-09-29,5211,MR11,MR 11 KMG,0.0000,4.0000,0.0000,13.6000,17.6000
2025-09-29,5212,MR12,MR 12 Druck,0.0000,0.0000,0.0000,1.4500,1.4500
2025-09-29,5214,MR14,MR 14 Waage,0.0000,0.0000,0.0000,3.7800,3.7800
2025-09-29,5234,MR2,MR 2 Drehmomente,0.0000,0.0000,0.0000,31.1300,31.1300
2025-09-29,5236,MR3,MR 3 Messuhren,0.0000,0.0000,15.4000,2.5300,17.9300
2025-09-29,5233,MR4,MR 4 Lohnmessung,0.0000,0.0000,0.0000,10.9500,10.9500
2025-09-29,5239,MR5,MR 5 Bügelmessschrauben,0.0000,0.0000,15.4000,16.7700,32.1700
2025-09-29,5235,MR6,MR 6 Messschieber,0.0000,0.0000,0.0000,26.5000,26.5000
2025-09-29,5232,MR7,MR 7 Lehren,0.0000,0.0000,23.1000,30.8000,53.9000
2025-09-29,5238,MR8,MR 8 Temperatur,0.0000,0.0000,0.0000,0.7800,0.7800
2025-09-29,5237,MR9,MR 9 Elektro BS,0.0000,0.0000,7.7000,7.7000,15.4000
2025-09-29,5225,Packplatz,Packplatz,0.0000,0.0000,0.0000,28.8000,28.8000
2025-09-29,5230,Springer,PRÜFER BS,0.0000,0.0000,0.0000,7.7000,7.7000
2025-09-29,5900,Qualifizierung,Qualifizierung,0.0000,0.0000,0.0000,30.8200,30.8200
2025-09-29,5223,WA,WA BS,0.0000,0.0000,0.0000,28.6900,28.6900
2025-09-29,5222,WE,WE BS,0.0000,15.4000,15.4000,30.7800,61.5800
2025-09-30,5240,AV,Arbeitsvorbereitung BS,0.0000,6.0000,7.7000,58.4100,72.1100
2025-09-30,5231,MR1,MR 1 Endmaße,0.0000,0.0000,0.0000,29.1000,29.1000
2025-09-30,5211,MR11,MR 11 KMG,0.0000,11.7000,0.0000,7.5300,19.2300
2025-09-30,5214,MR14,MR 14 Waage,0.0000,0.0000,0.0000,4.9000,4.9000
2025-09-30,5234,MR2,MR 2 Drehmomente,0.0000,0.0000,0.0000,22.4000,22.4000
2025-09-30,5236,MR3,MR 3 Messuhren,0.0000,0.0000,15.4000,20.8700,36.2700
2025-09-30,5233,MR4,MR 4 Lohnmessung,0.0000,0.0000,0.0000,12.6300,12.6300
2025-09-30,5239,MR5,MR 5 Bügelmessschrauben,0.0000,0.0000,7.7000,32.6700,40.3700
2025-09-30,5235,MR6,MR 6 Messschieber,0.0000,0.0000,0.0000,25.4300,25.4300
2025-09-30,5232,MR7,MR 7 Lehren,0.0000,0.0000,15.4000,46.2000,61.6000
2025-09-30,5238,MR8,MR 8 Temperatur,0.0000,0.0000,0.0000,0.1800,0.1800
2025-09-30,5237,MR9,MR 9 Elektro BS,0.0000,0.0000,7.7000,7.5000,15.2000
2025-09-30,5225,Packplatz,Packplatz,0.0000,0.0000,0.0000,28.7000,28.7000
2025-09-30,5230,Springer,PRÜFER BS,0.0000,0.0000,0.0000,7.7000,7.7000
2025-09-30,5900,Qualifizierung,Qualifizierung,0.0000,0.0000,0.0000,15.8800,15.8800
2025-09-30,5223,WA,WA BS,0.0000,0.0000,0.0000,29.7500,29.7500
2025-09-30,5222,WE,WE BS,0.0000,15.4000,15.4000,30.7800,61.5800
2025-10-01,5240,AV,Arbeitsvorbereitung BS,0.0000,6.0000,7.7000,54.2100,67.9100
2025-10-01,5231,MR1,MR 1 Endmaße,0.0000,0.0000,0.0000,26.1800,26.1800
2025-10-01,5211,MR11,MR 11 KMG,0.0000,4.0000,0.0000,10.8700,14.8700
2025-10-01,5212,MR12,MR 12 Druck,0.0000,0.0000,0.0000,4.2500,4.2500
2025-10-01,5234,MR2,MR 2 Drehmomente,0.0000,0.0000,0.0000,28.6000,28.6000
2025-10-01,5236,MR3,MR 3 Messuhren,0.0000,0.0000,7.7000,13.5600,21.2600
2025-10-01,5233,MR4,MR 4 Lohnmessung,0.0000,0.0000,0.0000,10.4000,10.4000
2025-10-01,5239,MR5,MR 5 Bügelmessschrauben,0.0000,0.0000,7.7000,30.2900,37.9900
2025-10-01,5235,MR6,MR 6 Messschieber,0.0000,0.0000,0.0000,25.5500,25.5500
2025-10-01,5232,MR7,MR 7 Lehren,0.0000,0.0000,15.4000,36.6500,52.0500
2025-10-01,5238,MR8,MR 8 Temperatur,0.0000,0.0000,0.0000,1.6500,1.6500
2025-10-01,5237,MR9,MR 9 Elektro BS,0.0000,0.0000,0.0000,1.1700,1.1700
2025-10-01,5225,Packplatz,Packplatz,0.0000,0.0000,0.0000,28.8000,28.8000
2025-10-01,5230,Springer,PRÜFER BS,0.0000,0.0000,0.0000,7.7000,7.7000
2025-10-01,5900,Qualifizierung,Qualifizierung,0.0000,0.0000,0.0000,44.1000,44.1000
2025-10-01,5223,WA,WA BS,0.0000,0.0000,6.0000,23.1000,29.1000
2025-10-01,5222,WE,WE BS,0.0000,15.4000,15.4000,29.1800,59.9800
2025-10-02,5240,AV,Arbeitsvorbereitung BS,0.0000,6.0000,7.7000,59.0000,72.7000
2025-10-02,5231,MR1,MR 1 Endmaße,0.0000,0.0000,0.0000,24.0200,24.0200
2025-10-02,5211,MR11,MR 11 KMG,0.0000,4.0000,0.0000,15.1700,19.1700
2025-10-02,5212,MR12,MR 12 Druck,0.0000,0.0000,0.0000,5.4700,5.4700
2025-10-02,5234,MR2,MR 2 Drehmomente,0.0000,0.0000,0.0000,38.8000,38.8000
2025-10-02,5236,MR3,MR 3 Messuhren,0.0000,0.0000,7.7000,13.2500,20.9500
2025-10-02,5233,MR4,MR 4 Lohnmessung,0.0000,0.0000,0.0000,7.7000,7.7000
2025-10-02,5239,MR5,MR 5 Bügelmessschrauben,0.0000,0.0000,7.7000,19.7000,27.4000
2025-10-02,5235,MR6,MR 6 Messschieber,0.0000,0.0000,0.0000,27.2300,27.2300
2025-10-02,5232,MR7,MR 7 Lehren,0.0000,0.0000,15.4000,46.1300,61.5300
2025-10-02,5238,MR8,MR 8 Temperatur,0.0000,0.0000,0.0000,0.5700,0.5700
2025-10-02,5237,MR9,MR 9 Elektro BS,0.0000,0.0000,0.0000,0.4500,0.4500
2025-10-02,5225,Packplatz,Packplatz,0.0000,0.0000,0.0000,26.2000,26.2000
2025-10-02,5900,Qualifizierung,Qualifizierung,0.0000,0.0000,0.0000,37.5200,37.5200
2025-10-02,5223,WA,WA BS,0.0000,0.0000,0.0000,22.9500,22.9500
2025-10-02,5222,WE,WE BS,0.0000,15.4000,15.4000,30.8000,61.6000
2025-10-03,5240,AV,Arbeitsvorbereitung BS,0.0000,6.0000,0.0000,,6.0000
2025-10-06,5240,AV,Arbeitsvorbereitung BS,0.0000,13.7000,0.0000,58.2800,71.9800
2025-10-06,5231,MR1,MR 1 Endmaße,0.0000,0.0000,0.0000,21.5700,21.5700
2025-10-06,5211,MR11,MR 11 KMG,0.0000,4.0000,0.0000,15.2000,19.2000
2025-10-06,5234,MR2,MR 2 Drehmomente,0.0000,0.0000,7.7000,23.1000,30.8000
2025-10-06,5236,MR3,MR 3 Messuhren,0.0000,0.0000,0.0000,23.1000,23.1000
2025-10-06,5233,MR4,MR 4 Lohnmessung,0.0000,7.7000,0.0000,,7.7000
2025-10-06,5239,MR5,MR 5 Bügelmessschrauben,0.0000,0.0000,15.4000,24.1600,39.5600
2025-10-06,5235,MR6,MR 6 Messschieber,0.0000,0.0000,0.0000,27.8600,27.8600
2025-10-06,5232,MR7,MR 7 Lehren,0.0000,0.0000,30.8000,38.3700,69.1700
2025-10-06,5237,MR9,MR 9 Elektro BS,0.0000,0.0000,0.0000,9.0000,9.0000
2025-10-06,5225,Packplatz,Packplatz,0.0000,7.7000,0.0000,21.0900,28.7900
2025-10-06,5230,Springer,PRÜFER BS,0.0000,0.0000,0.0000,7.7000,7.7000
2025-10-06,5900,Qualifizierung,Qualifizierung,0.0000,0.0000,7.7000,30.1300,37.8300
2025-10-06,5223,WA,WA BS,0.0000,0.0000,0.0000,23.0500,23.0500
2025-10-06,5222,WE,WE BS,0.0000,7.7000,15.4000,38.5000,61.6000
2025-10-07,5240,AV,Arbeitsvorbereitung BS,0.0000,6.0000,0.0000,67.0400,73.0400
2025-10-07,5231,MR1,MR 1 Endmaße,0.0000,0.0000,0.0000,29.1000,29.1000
2025-10-07,5211,MR11,MR 11 KMG,0.0000,4.0000,0.0000,15.2200,19.2200
2025-10-07,5234,MR2,MR 2 Drehmomente,0.0000,0.0000,15.4000,15.8200,31.2200
2025-10-07,5236,MR3,MR 3 Messuhren,0.0000,0.0000,0.0000,23.4000,23.4000
2025-10-07,5233,MR4,MR 4 Lohnmessung,0.0000,0.0000,0.0000,7.7000,7.7000
2025-10-07,5239,MR5,MR 5 Bügelmessschrauben,0.0000,0.0000,15.4000,25.0000,40.4000
2025-10-07,5235,MR6,MR 6 Messschieber,0.0000,0.0000,0.0000,24.4600,24.4600
2025-10-07,5232,MR7,MR 7 Lehren,0.0000,0.0000,15.4000,52.6300,68.0300
2025-10-07,5237,MR9,MR 9 Elektro BS,0.0000,0.0000,0.0000,8.7200,8.7200
2025-10-07,5225,Packplatz,Packplatz,0.0000,0.0000,0.0000,28.2500,28.2500
2025-10-07,5230,Springer,PRÜFER BS,0.0000,0.0000,0.0000,7.7000,7.7000
2025-10-07,5900,Qualifizierung,Qualifizierung,0.0000,0.0000,7.7000,32.8000,40.5000
2025-10-07,5223,WA,WA BS,0.0000,0.0000,0.0000,29.5800,29.5800
2025-10-07,5222,WE,WE BS,0.0000,7.7000,15.4000,38.5000,61.6000
2025-10-08,5240,AV,Arbeitsvorbereitung BS,0.0000,6.0000,0.0000,61.2100,67.2100
2025-10-08,5231,MR1,MR 1 Endmaße,0.0000,0.0000,0.0000,29.1000,29.1000
2025-10-08,5211,MR11,MR 11 KMG,0.0000,4.0000,0.0000,15.4000,19.4000
2025-10-08,5234,MR2,MR 2 Drehmomente,0.0000,0.0000,7.7000,23.6300,31.3300
2025-10-08,5236,MR3,MR 3 Messuhren,0.0000,7.7000,0.0000,18.0100,25.7100
2025-10-08,5233,MR4,MR 4 Lohnmessung,0.0000,0.0000,0.0000,7.7000,7.7000
2025-10-08,5239,MR5,MR 5 Bügelmessschrauben,0.0000,0.0000,15.4000,24.3300,39.7300
2025-10-08,5235,MR6,MR 6 Messschieber,0.0000,0.0000,0.0000,26.4300,26.4300
2025-10-08,5232,MR7,MR 7 Lehren,0.0000,7.7000,15.4000,45.4500,68.5500
2025-10-08,5237,MR9,MR 9 Elektro BS,0.0000,0.0000,0.0000,10.0000,10.0000
2025-10-08,5225,Packplatz,Packplatz,0.0000,0.0000,0.0000,28.9000,28.9000
2025-10-08,5230,Springer,PRÜFER BS,0.0000,0.0000,0.0000,7.7000,7.7000
2025-10-08,5900,Qualifizierung,Qualifizierung,0.0000,0.0000,7.7000,30.1800,37.8800
2025-10-08,5223,WA,WA BS,0.0000,0.0000,0.0000,29.1700,29.1700
2025-10-08,5222,WE,WE BS,0.0000,7.7000,15.4000,39.2900,62.3900
2025-10-09,5240,AV,Arbeitsvorbereitung BS,0.0000,13.7000,0.0000,55.5700,69.2700
2025-10-09,5231,MR1,MR 1 Endmaße,0.0000,0.0000,0.0000,27.1100,27.1100
2025-10-09,5211,MR11,MR 11 KMG,0.0000,4.0000,0.0000,15.4000,19.4000
2025-10-09,5234,MR2,MR 2 Drehmomente,0.0000,0.0000,7.7000,16.2700,23.9700
2025-10-09,5236,MR3,MR 3 Messuhren,0.0000,0.0000,0.0000,15.4000,15.4000
2025-10-09,5233,MR4,MR 4 Lohnmessung,0.0000,0.0000,0.0000,7.7000,7.7000
2025-10-09,5239,MR5,MR 5 Bügelmessschrauben,0.0000,0.0000,15.4000,31.5800,46.9800
2025-10-09,5235,MR6,MR 6 Messschieber,0.0000,0.0000,0.0000,28.6200,28.6200
2025-10-09,5232,MR7,MR 7 Lehren,0.0000,7.7000,15.4000,46.2000,69.3000
2025-10-09,5237,MR9,MR 9 Elektro BS,0.0000,7.7000,0.0000,7.7000,15.4000
2025-10-09,5225,Packplatz,Packplatz,0.0000,0.0000,0.0000,28.3700,28.3700
2025-10-09,5230,Springer,PRÜFER BS,0.0000,0.0000,0.0000,7.7000,7.7000
2025-10-09,5900,Qualifizierung,Qualifizierung,0.0000,0.0000,7.7000,39.7300,47.4300
2025-10-09,5223,WA,WA BS,0.0000,0.0000,0.0000,23.2100,23.2100
2025-10-09,5222,WE,WE BS,0.0000,0.0000,15.4000,46.0200,61.4200
2025-10-10,5240,AV,Arbeitsvorbereitung BS,0.0000,13.7000,7.7000,51.2300,72.6300
2025-10-10,5231,MR1,MR 1 Endmaße,0.0000,0.0000,0.0000,29.0700,29.0700
2025-10-10,5211,MR11,MR 11 KMG,0.0000,4.0000,0.0000,15.1000,19.1000
2025-10-10,5214,MR14,MR 14 Waage,0.0000,0.0000,0.0000,8.0300,8.0300
2025-10-10,5234,MR2,MR 2 Drehmomente,0.0000,0.0000,7.7000,31.0200,38.7200
2025-10-10,5236,MR3,MR 3 Messuhren,0.0000,0.0000,0.0000,22.9300,22.9300
2025-10-10,5233,MR4,MR 4 Lohnmessung,0.0000,0.0000,0.0000,7.7000,7.7000
2025-10-10,5239,MR5,MR 5 Bügelmessschrauben,0.0000,0.0000,15.4000,12.0500,27.4500
2025-10-10,5235,MR6,MR 6 Messschieber,0.0000,0.0000,0.0000,14.6300,14.6300
2025-10-10,5232,MR7,MR 7 Lehren,0.0000,7.7000,23.1000,38.4700,69.2700
2025-10-10,5238,MR8,MR 8 Temperatur,0.0000,0.0000,0.0000,13.2200,13.2200
2025-10-10,5237,MR9,MR 9 Elektro BS,0.0000,0.0000,0.0000,0.3500,0.3500
2025-10-10,5225,Packplatz,Packplatz,6.5000,0.0000,0.0000,23.0300,29.5300
2025-10-10,5230,Springer,PRÜFER BS,0.0000,0.0000,0.0000,7.7000,7.7000
2025-10-10,5900,Qualifizierung,Qualifizierung,0.0000,0.0000,7.7000,23.1000,30.8000
2025-10-10,5223,WA,WA BS,0.0000,0.0000,0.0000,15.2000,15.2000
2025-10-10,5222,WE,WE BS,0.0000,0.0000,7.7000,46.0100,53.7100
2025-10-11,5240,AV,Arbeitsvorbereitung BS,0.0000,0.0000,0.0000,16.9300,16.9300
2025-10-11,5231,MR1,MR 1 Endmaße,0.0000,0.0000,0.0000,0.0700,0.0700
2025-10-11,5211,MR11,MR 11 KMG,0.0000,0.0000,0.0000,5.1000,5.1000
2025-10-11,5234,MR2,MR 2 Drehmomente,0.0000,0.0000,0.0000,10.7200,10.7200
2025-10-11,5239,MR5,MR 5 Bügelmessschrauben,0.0000,0.0000,0.0000,5.1200,5.1200
2025-10-11,5232,MR7,MR 7 Lehren,0.0000,0.0000,0.0000,5.6500,5.6500
2025-10-11,5225,Packplatz,Packplatz,0.0000,0.0000,0.0000,5.1300,5.1300
2025-10-11,5223,WA,WA BS,0.0000,0.0000,0.0000,0.0800,0.0800
2025-10-11,5222,WE,WE BS,0.0000,0.0000,0.0000,11.3300,11.3300
2025-10-13,5240,AV,Arbeitsvorbereitung BS,0.0000,13.7000,5.0000,54.7400,73.4400
2025-10-13,5231,MR1,MR 1 Endmaße,0.0000,0.0000,7.7000,20.1200,27.8200
2025-10-13,5211,MR11,MR 11 KMG,0.0000,0.0000,7.7000,10.3800,18.0800
2025-10-13,5234,MR2,MR 2 Drehmomente,0.0000,0.0000,7.7000,25.7300,33.4300
2025-10-13,5236,MR3,MR 3 Messuhren,0.0000,0.0000,0.0000,19.6000,19.6000
2025-10-13,5233,MR4,MR 4 Lohnmessung,0.0000,0.0000,0.0000,8.9000,8.9000
2025-10-13,5239,MR5,MR 5 Bügelmessschrauben,0.0000,0.0000,15.4000,29.6700,45.0700
2025-10-13,5235,MR6,MR 6 Messschieber,0.0000,0.0000,0.0000,11.9500,11.9500
2025-10-13,5232,MR7,MR 7 Lehren,0.0000,15.4000,0.0000,44.7300,60.1300
2025-10-13,5238,MR8,MR 8 Temperatur,0.0000,0.0000,0.0000,7.6200,7.6200
2025-10-13,5237,MR9,MR 9 Elektro BS,0.0000,0.0000,0.0000,7.7800,7.7800
2025-10-13,5225,Packplatz,Packplatz,6.5000,0.0000,0.0000,26.4700,32.9700
2025-10-13,5230,Springer,PRÜFER BS,0.0000,0.0000,0.0000,7.7000,7.7000
2025-10-13,5900,Qualifizierung,Qualifizierung,0.0000,0.0000,0.0000,37.4300,37.4300
2025-10-13,5223,WA,WA BS,0.0000,0.0000,7.7000,22.3500,30.0500
2025-10-13,5222,WE,WE BS,0.0000,0.0000,15.4000,46.2800,61.6800
2025-10-14,5240,AV,Arbeitsvorbereitung BS,0.0000,13.7000,5.0000,58.0400,76.7400
2025-10-14,5231,MR1,MR 1 Endmaße,0.0000,6.0000,0.0000,19.6600,25.6600
2025-10-14,5211,MR11,MR 11 KMG,0.0000,0.0000,0.0000,11.4700,11.4700
2025-10-14,5212,MR12,MR 12 Druck,0.0000,0.0000,0.0000,6.0800,6.0800
2025-10-14,5234,MR2,MR 2 Drehmomente,0.0000,0.0000,7.7000,28.4300,36.1300
2025-10-14,5236,MR3,MR 3 Messuhren,0.0000,0.0000,0.0000,23.2800,23.2800
2025-10-14,5233,MR4,MR 4 Lohnmessung,0.0000,0.0000,0.0000,7.7000,7.7000
2025-10-14,5239,MR5,MR 5 Bügelmessschrauben,0.0000,0.0000,15.4000,27.9500,43.3500
2025-10-14,5235,MR6,MR 6 Messschieber,0.0000,0.0000,0.0000,13.0100,13.0100
2025-10-14,5232,MR7,MR 7 Lehren,0.0000,23.1000,0.0000,38.4600,61.5600
2025-10-14,5238,MR8,MR 8 Temperatur,0.0000,0.0000,0.0000,1.1300,1.1300
2025-10-14,5237,MR9,MR 9 Elektro BS,0.0000,0.0000,0.0000,15.4000,15.4000
2025-10-14,5225,Packplatz,Packplatz,6.5000,0.0000,0.0000,23.0000,29.5000
2025-10-14,5230,Springer,PRÜFER BS,0.0000,0.0000,0.0000,7.7000,7.7000
2025-10-14,5900,Qualifizierung,Qualifizierung,0.0000,0.0000,0.0000,44.5200,44.5200
2025-10-14,5223,WA,WA BS,0.0000,0.0000,7.7000,21.4700,29.1700
2025-10-14,5222,WE,WE BS,0.0000,7.7000,15.4000,38.5000,61.6000
2025-10-15,5240,AV,Arbeitsvorbereitung BS,0.0000,13.7000,0.0000,55.5300,69.2300
2025-10-15,5231,MR1,MR 1 Endmaße,0.0000,6.0000,0.0000,23.1000,29.1000
2025-10-15,5211,MR11,MR 11 KMG,0.0000,0.0000,0.0000,9.8700,9.8700
2025-10-15,5234,MR2,MR 2 Drehmomente,0.0000,0.0000,7.7000,22.9700,30.6700
2025-10-15,5236,MR3,MR 3 Messuhren,0.0000,0.0000,0.0000,18.0700,18.0700
2025-10-15,5233,MR4,MR 4 Lohnmessung,0.0000,0.0000,0.0000,8.0800,8.0800
2025-10-15,5239,MR5,MR 5 Bügelmessschrauben,0.0000,7.7000,7.7000,31.2500,46.6500
2025-10-15,5235,MR6,MR 6 Messschieber,0.0000,0.0000,0.0000,15.3400,15.3400
2025-10-15,5232,MR7,MR 7 Lehren,0.0000,15.4000,0.0000,53.9000,69.3000
2025-10-15,5238,MR8,MR 8 Temperatur,0.0000,0.0000,0.0000,5.8500,5.8500
2025-10-15,5237,MR9,MR 9 Elektro BS,0.0000,7.7000,0.0000,7.7000,15.4000
2025-10-15,5225,Packplatz,Packplatz,0.0000,0.0000,6.0000,23.0500,29.0500
2025-10-15,5230,Springer,PRÜFER BS,0.0000,0.0000,0.0000,7.7000,7.7000
2025-10-15,5900,Qualifizierung,Qualifizierung,0.0000,0.0000,0.0000,43.1100,43.1100
2025-10-15,5223,WA,WA BS,0.0000,0.0000,15.4000,13.1500,28.5500
2025-10-15,5222,WE,WE BS,0.0000,7.7000,15.4000,36.6500,59.7500
2025-10-16,5240,AV,Arbeitsvorbereitung BS,0.0000,13.7000,5.0000,58.2200,76.9200
2025-10-16,5231,MR1,MR 1 Endmaße,0.0000,6.0000,0.0000,12.5700,18.5700
2025-10-16,5211,MR11,MR 11 KMG,0.0000,0.0000,0.0000,19.4800,19.4800
2025-10-16,5234,MR2,MR 2 Drehmomente,0.0000,0.0000,7.7000,14.8400,22.5400
2025-10-16,5236,MR3,MR 3 Messuhren,0.0000,0.0000,0.0000,14.6500,14.6500
2025-10-16,5233,MR4,MR 4 Lohnmessung,0.0000,0.0000,0.0000,7.7000,7.7000
2025-10-16,5239,MR5,MR 5 Bügelmessschrauben,0.0000,15.4000,0.0000,23.0300,38.4300
2025-10-16,5235,MR6,MR 6 Messschieber,0.0000,0.0000,0.0000,19.6500,19.6500
2025-10-16,5232,MR7,MR 7 Lehren,0.0000,15.4000,0.0000,53.3800,68.7800
2025-10-16,5238,MR8,MR 8 Temperatur,0.0000,0.0000,0.0000,7.7000,7.7000
2025-10-16,5237,MR9,MR 9 Elektro BS,0.0000,7.7000,0.0000,7.7000,15.4000
2025-10-16,5225,Packplatz,Packplatz,0.0000,0.0000,0.0000,27.4500,27.4500
2025-10-16,5230,Springer,PRÜFER BS,0.0000,0.0000,0.0000,7.7000,7.7000
2025-10-16,5900,Qualifizierung,Qualifizierung,0.0000,0.0000,0.0000,45.8300,45.8300
2025-10-16,5223,WA,WA BS,0.0000,0.0000,15.4000,7.7000,23.1000
2025-10-16,5222,WE,WE BS,0.0000,7.7000,15.4000,38.4800,61.5800
2025-10-17,5240,AV,Arbeitsvorbereitung BS,0.0000,13.7000,20.4000,46.4700,80.5700
2025-10-17,5231,MR1,MR 1 Endmaße,0.0000,6.0000,0.0000,12.7300,18.7300
2025-10-17,5211,MR11,MR 11 KMG,0.0000,0.0000,0.0000,20.4300,20.4300
2025-10-17,5234,MR2,MR 2 Drehmomente,0.0000,0.0000,7.7000,26.6700,34.3700
2025-10-17,5236,MR3,MR 3 Messuhren,0.0000,0.0000,0.0000,15.3200,15.3200
2025-10-17,5233,MR4,MR 4 Lohnmessung,0.0000,0.0000,0.0000,7.3300,7.3300
2025-10-17,5239,MR5,MR 5 Bügelmessschrauben,0.0000,7.7000,0.0000,13.4500,21.1500
2025-10-17,5235,MR6,MR 6 Messschieber,0.0000,0.0000,0.0000,11.5200,11.5200
2025-10-17,5232,MR7,MR 7 Lehren,0.0000,15.4000,0.0000,54.4000,69.8000
2025-10-17,5238,MR8,MR 8 Temperatur,0.0000,0.0000,0.0000,7.6800,7.6800
2025-10-17,5237,MR9,MR 9 Elektro BS,0.0000,7.7000,0.0000,6.8700,14.5700
2025-10-17,5225,Packplatz,Packplatz,0.0000,0.0000,0.0000,28.3300,28.3300
2025-10-17,5230,Springer,PRÜFER BS,0.0000,0.0000,0.0000,7.7000,7.7000
2025-10-17,5900,Qualifizierung,Qualifizierung,0.0000,0.0000,0.0000,46.1300,46.1300
2025-10-17,5223,WA,WA BS,0.0000,0.0000,7.7000,8.2200,15.9200
2025-10-17,5222,WE,WE BS,0.0000,7.7000,15.4000,45.3100,68.4100
2025-10-19,5234,MR2,MR 2 Drehmomente,5.7500,0.0000,0.0000,,5.7500
2025-10-20,5240,AV,Arbeitsvorbereitung BS,0.0000,13.7000,7.7000,51.0200,72.4200
2025-10-20,5231,MR1,MR 1 Endmaße,0.0000,11.4800,0.0000,7.7000,19.1800
2025-10-20,5211,MR11,MR 11 KMG,0.0000,0.0000,11.7000,9.1800,20.8800
2025-10-20,5212,MR12,MR 12 Druck,0.0000,0.0000,0.0000,3.4000,3.4000
2025-10-20,5234,MR2,MR 2 Drehmomente,9.0000,0.0000,0.0000,19.3500,28.3500
2025-10-20,5236,MR3,MR 3 Messuhren,0.0000,7.7000,0.0000,23.1000,30.8000
2025-10-20,5233,MR4,MR 4 Lohnmessung,0.0000,0.0000,0.0000,7.7000,7.7000
2025-10-20,5239,MR5,MR 5 Bügelmessschrauben,0.0000,7.7000,23.1000,13.4000,44.2000
2025-10-20,5235,MR6,MR 6 Messschieber,7.7000,0.0000,7.7000,8.9600,24.3600
2025-10-20,5232,MR7,MR 7 Lehren,0.0000,2.2200,7.7000,54.8800,64.8000
2025-10-20,5238,MR8,MR 8 Temperatur,0.0000,0.0000,0.0000,7.7000,7.7000
2025-10-20,5237,MR9,MR 9 Elektro BS,0.0000,0.0000,0.0000,10.8500,10.8500
2025-10-20,5225,Packplatz,Packplatz,0.0000,7.7000,0.0000,21.3200,29.0200
2025-10-20,5230,Springer,PRÜFER BS,0.0000,0.0000,0.0000,7.7000,7.7000
2025-10-20,5900,Qualifizierung,Qualifizierung,0.0000,0.0000,0.0000,30.3900,30.3900
2025-10-20,5223,WA,WA BS,0.0000,7.7000,7.7000,13.9700,29.3700
2025-10-20,5222,WE,WE BS,0.0000,0.0000,7.7000,49.7000,57.4000
2025-10-21,5240,AV,Arbeitsvorbereitung BS,0.0000,13.7000,0.0000,50.8900,64.5900
2025-10-21,5231,MR1,MR 1 Endmaße,0.0000,6.0000,0.0000,8.6500,14.6500
2025-10-21,5211,MR11,MR 11 KMG,0.0000,0.0000,11.7000,,11.7000
2025-10-21,5234,MR2,MR 2 Drehmomente,9.2500,0.0000,0.0000,23.1500,32.4000
2025-10-21,5236,MR3,MR 3 Messuhren,0.0000,7.7000,0.0000,22.6200,30.3200
2025-10-21,5233,MR4,MR 4 Lohnmessung,0.0000,0.0000,0.0000,7.7000,7.7000
2025-10-21,5239,MR5,MR 5 Bügelmessschrauben,0.0000,7.7000,15.4000,20.3000,43.4000
2025-10-21,5235,MR6,MR 6 Messschieber,0.0000,0.0000,0.0000,22.1000,22.1000
2025-10-21,5232,MR7,MR 7 Lehren,0.0000,15.4000,7.7000,53.8700,76.9700
2025-10-21,5238,MR8,MR 8 Temperatur,0.0000,0.0000,0.0000,4.2000,4.2000
2025-10-21,5237,MR9,MR 9 Elektro BS,0.0000,0.0000,0.0000,15.4000,15.4000
2025-10-21,5225,Packplatz,Packplatz,0.0000,7.7000,0.0000,21.2300,28.9300
2025-10-21,5230,Springer,PRÜFER BS,0.0000,0.0000,0.0000,7.7000,7.7000
2025-10-21,5900,Qualifizierung,Qualifizierung,0.0000,0.0000,0.0000,23.2800,23.2800
2025-10-21,5223,WA,WA BS,0.0000,7.7000,7.7000,20.2700,35.6700
2025-10-21,5222,WE,WE BS,0.0000,0.0000,7.7000,47.3000,55.0000
2025-10-22,5240,AV,Arbeitsvorbereitung BS,0.0000,13.7000,0.0000,46.8500,60.5500
2025-10-22,5231,MR1,MR 1 Endmaße,0.0000,6.0000,0.0000,7.7000,13.7000
2025-10-22,5211,MR11,MR 11 KMG,0.0000,0.0000,11.7000,7.7000,19.4000
2025-10-22,5214,MR14,MR 14 Waage,0.0000,0.0000,0.0000,6.3300,6.3300
2025-10-22,5234,MR2,MR 2 Drehmomente,8.0000,0.0000,0.0000,9.3000,17.3000
2025-10-22,5236,MR3,MR 3 Messuhren,0.0000,7.7000,0.0000,14.8000,22.5000
2025-10-22,5233,MR4,MR 4 Lohnmessung,0.0000,0.0000,0.0000,9.1700,9.1700
2025-10-22,5239,MR5,MR 5 Bügelmessschrauben,0.0000,0.0000,19.2500,25.3300,44.5800
2025-10-22,5235,MR6,MR 6 Messschieber,0.0000,0.0000,0.0000,8.5000,8.5000
2025-10-22,5232,MR7,MR 7 Lehren,0.0000,23.1000,7.7000,46.1800,76.9800
2025-10-22,5238,MR8,MR 8 Temperatur,0.0000,0.0000,0.0000,1.3700,1.3700
2025-10-22,5237,MR9,MR 9 Elektro BS,0.0000,0.0000,0.0000,15.7000,15.7000
2025-10-22,5225,Packplatz,Packplatz,0.0000,0.0000,0.0000,28.8200,28.8200
2025-10-22,5230,Springer,PRÜFER BS,0.0000,0.0000,0.0000,7.7000,7.7000
2025-10-22,5900,Qualifizierung,Qualifizierung,0.0000,0.0000,0.0000,31.2300,31.2300
2025-10-22,5223,WA,WA BS,0.0000,7.7000,7.7000,15.4500,30.8500
2025-10-22,5222,WE,WE BS,0.0000,0.0000,7.7000,51.6400,59.3400
2025-10-23,5240,AV,Arbeitsvorbereitung BS,0.0000,21.4000,0.0000,50.5900,71.9900
2025-10-23,5231,MR1,MR 1 Endmaße,0.0000,0.0000,0.0000,17.8300,17.8300
2025-10-23,5211,MR11,MR 11 KMG,0.0000,0.0000,11.7000,10.4100,22.1100
2025-10-23,5234,MR2,MR 2 Drehmomente,7.7000,0.0000,0.0000,20.9500,28.6500
2025-10-23,5236,MR3,MR 3 Messuhren,0.0000,7.7000,0.0000,21.2200,28.9200
2025-10-23,5233,MR4,MR 4 Lohnmessung,0.0000,0.0000,0.0000,7.6800,7.6800
2025-10-23,5239,MR5,MR 5 Bügelmessschrauben,0.0000,0.0000,15.4000,28.2300,43.6300
2025-10-23,5235,MR6,MR 6 Messschieber,0.0000,0.0000,0.0000,18.1400,18.1400
2025-10-23,5232,MR7,MR 7 Lehren,0.0000,23.1000,7.7000,46.1500,76.9500
2025-10-23,5238,MR8,MR 8 Temperatur,0.0000,0.0000,0.0000,7.7000,7.7000
2025-10-23,5237,MR9,MR 9 Elektro BS,0.0000,0.0000,0.0000,15.4000,15.4000
2025-10-23,5225,Packplatz,Packplatz,0.0000,0.0000,0.0000,28.3500,28.3500
2025-10-23,5230,Springer,PRÜFER BS,0.0000,0.0000,0.0000,7.7000,7.7000
2025-10-23,5900,Qualifizierung,Qualifizierung,0.0000,0.0000,0.0000,23.5300,23.5300
2025-10-23,5223,WA,WA BS,0.0000,7.7000,7.7000,7.7000,23.1000
2025-10-23,5222,WE,WE BS,0.0000,0.0000,7.7000,51.6800,59.3800
2025-10-24,5240,AV,Arbeitsvorbereitung BS,0.0000,13.7000,0.0000,57.3300,71.0300
2025-10-24,5231,MR1,MR 1 Endmaße,0.0000,0.0000,0.0000,14.6700,14.6700
2025-10-24,5211,MR11,MR 11 KMG,0.0000,0.0000,11.7000,8.6300,20.3300
2025-10-24,5234,MR2,MR 2 Drehmomente,0.0000,0.0000,0.0000,22.6300,22.6300
2025-10-24,5236,MR3,MR 3 Messuhren,0.0000,7.7000,0.0000,22.8500,30.5500
2025-10-24,5233,MR4,MR 4 Lohnmessung,0.0000,0.0000,0.0000,7.7700,7.7700
2025-10-24,5239,MR5,MR 5 Bügelmessschrauben,0.0000,0.0000,15.4000,22.8900,38.2900
2025-10-24,5235,MR6,MR 6 Messschieber,7.7000,0.0000,5.0000,19.2400,31.9400
2025-10-24,5232,MR7,MR 7 Lehren,0.0000,30.8000,15.4000,30.7500,76.9500
2025-10-24,5238,MR8,MR 8 Temperatur,0.0000,0.0000,0.0000,5.2700,5.2700
2025-10-24,5237,MR9,MR 9 Elektro BS,0.0000,0.0000,0.0000,15.6000,15.6000
2025-10-24,5225,Packplatz,Packplatz,0.0000,0.0000,0.0000,28.0200,28.0200
2025-10-24,5230,Springer,PRÜFER BS,0.0000,0.0000,0.0000,7.7000,7.7000
2025-10-24,5900,Qualifizierung,Qualifizierung,0.0000,0.0000,0.0000,20.2100,20.2100
2025-10-24,5223,WA,WA BS,0.0000,0.0000,7.7000,8.2000,15.9000
2025-10-24,5222,WE,WE BS,0.0000,0.0000,15.4000,44.7800,60.1800
2025-10-27,5240,AV,Arbeitsvorbereitung BS,0.0000,21.4000,7.7000,47.9900,77.0900
2025-10-27,5231,MR1,MR 1 Endmaße,0.0000,0.0000,6.0000,15.9400,21.9400
2025-10-27,5211,MR11,MR 11 KMG,0.0000,0.0000,4.0000,15.3800,19.3800
2025-10-27,5214,MR14,MR 14 Waage,0.0000,0.0000,0.0000,1.2300,1.2300
2025-10-27,5234,MR2,MR 2 Drehmomente,0.0000,0.0000,0.0000,30.8000,30.8000
2025-10-27,5236,MR3,MR 3 Messuhren,0.0000,0.0000,0.0000,23.1000,23.1000
2025-10-27,5233,MR4,MR 4 Lohnmessung,0.0000,0.0000,7.7000,,7.7000
2025-10-27,5239,MR5,MR 5 Bügelmessschrauben,0.0000,0.0000,0.0000,30.8500,30.8500
2025-10-27,5235,MR6,MR 6 Messschieber,0.0000,0.0000,5.0000,26.9200,31.9200
2025-10-27,5232,MR7,MR 7 Lehren,0.0000,15.4000,7.7000,38.4300,61.5300
2025-10-27,5237,MR9,MR 9 Elektro BS,0.0000,0.0000,7.7000,7.7000,15.4000
2025-10-27,5225,Packplatz,Packplatz,0.0000,0.0000,0.0000,27.9500,27.9500
2025-10-27,5230,Springer,PRÜFER BS,0.0000,0.0000,7.7000,,7.7000
2025-10-27,5900,Qualifizierung,Qualifizierung,0.0000,0.0000,0.0000,43.0700,43.0700
2025-10-27,5223,WA,WA BS,0.0000,0.0000,0.0000,24.6700,24.6700
2025-10-27,5222,WE,WE BS,0.0000,0.0000,7.7000,53.9000,61.6000
2025-10-28,5240,AV,Arbeitsvorbereitung BS,0.0000,13.7000,15.4000,44.6000,73.7000
2025-10-28,5231,MR1,MR 1 Endmaße,0.0000,0.0000,6.0000,23.1000,29.1000
2025-10-28,5211,MR11,MR 11 KMG,0.0000,0.0000,4.0000,13.2200,17.2200
2025-10-28,5212,MR12,MR 12 Druck,0.0000,0.0000,0.0000,6.7200,6.7200
2025-10-28,5234,MR2,MR 2 Drehmomente,0.0000,0.0000,0.0000,31.0000,31.0000
2025-10-28,5236,MR3,MR 3 Messuhren,0.0000,0.0000,0.0000,23.5000,23.5000
2025-10-28,5233,MR4,MR 4 Lohnmessung,0.0000,0.0000,7.7000,,7.7000
2025-10-28,5239,MR5,MR 5 Bügelmessschrauben,0.0000,0.0000,0.0000,29.3500,29.3500
2025-10-28,5235,MR6,MR 6 Messschieber,0.0000,0.0000,5.0000,26.9900,31.9900
2025-10-28,5232,MR7,MR 7 Lehren,0.0000,15.4000,0.0000,52.4900,67.8900
2025-10-28,5238,MR8,MR 8 Temperatur,0.0000,0.0000,0.0000,0.9800,0.9800
2025-10-28,5237,MR9,MR 9 Elektro BS,0.0000,0.0000,7.7000,6.7500,14.4500
2025-10-28,5225,Packplatz,Packplatz,0.0000,0.0000,0.0000,28.7700,28.7700
2025-10-28,5230,Springer,PRÜFER BS,0.0000,0.0000,7.7000,,7.7000
2025-10-28,5900,Qualifizierung,Qualifizierung,0.0000,0.0000,0.0000,36.5300,36.5300
2025-10-28,5223,WA,WA BS,0.0000,7.7000,0.0000,23.7400,31.4400
2025-10-28,5222,WE,WE BS,0.0000,0.0000,7.7000,49.6000,57.3000
2025-10-29,5240,AV,Arbeitsvorbereitung BS,0.0000,13.7000,7.7000,53.0200,74.4200
2025-10-29,5231,MR1,MR 1 Endmaße,0.0000,0.0000,6.0000,23.0200,29.0200
2025-10-29,5211,MR11,MR 11 KMG,0.0000,0.0000,4.0000,0.4500,4.4500
2025-10-29,5214,MR14,MR 14 Waage,0.0000,0.0000,0.0000,2.9300,2.9300
2025-10-29,5234,MR2,MR 2 Drehmomente,0.0000,0.0000,0.0000,33.6500,33.6500
2025-10-29,5236,MR3,MR 3 Messuhren,0.0000,0.0000,0.0000,28.3000,28.3000
2025-10-29,5233,MR4,MR 4 Lohnmessung,0.0000,0.0000,7.7000,,7.7000
2025-10-29,5239,MR5,MR 5 Bügelmessschrauben,0.0000,0.0000,0.0000,7.7000,7.7000
2025-10-29,5235,MR6,MR 6 Messschieber,0.0000,0.0000,5.0000,25.3400,30.3400
2025-10-29,5232,MR7,MR 7 Lehren,0.0000,15.4000,0.0000,,15.4000
2025-10-29,5238,MR8,MR 8 Temperatur,0.0000,0.0000,0.0000,5.9500,5.9500
2025-10-29,5237,MR9,MR 9 Elektro BS,0.0000,0.0000,7.7000,7.7000,15.4000
2025-10-29,5225,Packplatz,Packplatz,0.0000,0.0000,0.0000,28.9800,28.9800
2025-10-29,5230,Springer,PRÜFER BS,0.0000,0.0000,7.7000,,7.7000
2025-10-29,5900,Qualifizierung,Qualifizierung,0.0000,0.0000,0.0000,20.0100,20.0100
2025-10-29,5223,WA,WA BS,0.0000,7.7000,0.0000,23.1700,30.8700
2025-10-29,5222,WE,WE BS,0.0000,0.0000,7.7000,47.1300,54.8300
2025-10-30,5240,AV,Arbeitsvorbereitung BS,0.0000,6.0000,7.7000,50.2200,63.9200
2025-10-30,5231,MR1,MR 1 Endmaße,0.0000,0.0000,6.0000,22.6000,28.6000
2025-10-30,5211,MR11,MR 11 KMG,0.0000,0.0000,4.0000,15.8300,19.8300
2025-10-30,5214,MR14,MR 14 Waage,0.0000,0.0000,0.0000,2.1300,2.1300
2025-10-30,5234,MR2,MR 2 Drehmomente,0.0000,0.0000,0.0000,35.2900,35.2900
2025-10-30,5236,MR3,MR 3 Messuhren,0.0000,0.0000,0.0000,20.5600,20.5600
2025-10-30,5233,MR4,MR 4 Lohnmessung,0.0000,0.0000,7.7000,,7.7000
2025-10-30,5239,MR5,MR 5 Bügelmessschrauben,0.0000,7.7000,7.7000,23.0800,38.4800
2025-10-30,5235,MR6,MR 6 Messschieber,0.0000,0.0000,12.7000,10.1100,22.8100
2025-10-30,5232,MR7,MR 7 Lehren,0.0000,15.4000,7.7000,38.5000,61.6000
2025-10-30,5238,MR8,MR 8 Temperatur,0.0000,0.0000,0.0000,5.7200,5.7200
2025-10-30,5237,MR9,MR 9 Elektro BS,0.0000,0.0000,7.7000,8.2000,15.9000
2025-10-30,5225,Packplatz,Packplatz,0.0000,0.0000,0.0000,28.5900,28.5900
2025-10-30,5230,Springer,PRÜFER BS,0.0000,0.0000,7.7000,,7.7000
2025-10-30,5900,Qualifizierung,Qualifizierung,0.0000,0.0000,0.0000,21.4400,21.4400
2025-10-30,5223,WA,WA BS,0.0000,0.0000,0.0000,22.5500,22.5500
2025-10-30,5222,WE,WE BS,0.0000,0.0000,7.7000,54.2700,61.9700
2025-10-31,5240,AV,Arbeitsvorbereitung BS,0.0000,6.0000,0.0000,,6.0000
2025-10-31,5232,MR7,MR 7 Lehren,0.0000,15.4000,0.0000,,15.4000
2025-11-03,5240,AV,Arbeitsvorbereitung BS,0.0000,13.7000,23.1000,40.3800,77.1800
2025-11-03,5231,MR1,MR 1 Endmaße,0.0000,0.0000,0.0000,20.9500,20.9500
2025-11-03,5211,MR11,MR 11 KMG,0.0000,0.0000,4.0000,15.1300,19.1300
2025-11-03,5212,MR12,MR 12 Druck,0.0000,0.0000,0.0000,1.0500,1.0500
2025-11-03,5214,MR14,MR 14 Waage,0.0000,0.0000,0.0000,3.0300,3.0300
2025-11-03,5234,MR2,MR 2 Drehmomente,0.0000,7.7000,0.0000,37.5100,45.2100
2025-11-03,5236,MR3,MR 3 Messuhren,0.0000,0.0000,0.0000,22.3300,22.3300
2025-11-03,5233,MR4,MR 4 Lohnmessung,0.0000,0.0000,0.0000,7.7000,7.7000
2025-11-03,5239,MR5,MR 5 Bügelmessschrauben,0.0000,0.0000,7.7000,38.4700,46.1700
2025-11-03,5235,MR6,MR 6 Messschieber,0.0000,0.0000,0.0000,9.6500,9.6500
2025-11-03,5232,MR7,MR 7 Lehren,0.0000,7.7000,0.0000,53.8600,61.5600
2025-11-03,5238,MR8,MR 8 Temperatur,0.0000,0.0000,7.7000,,7.7000
2025-11-03,5237,MR9,MR 9 Elektro BS,0.0000,0.0000,0.0000,12.3700,12.3700
2025-11-03,5225,Packplatz,Packplatz,0.0000,0.0000,6.0000,22.9800,28.9800
2025-11-03,5230,Springer,PRÜFER BS,0.0000,0.0000,0.0000,7.7000,7.7000
2025-11-03,5900,Qualifizierung,Qualifizierung,0.0000,0.0000,0.0000,12.4600,12.4600
2025-11-03,5223,WA,WA BS,0.0000,7.7000,0.0000,26.5600,34.2600
2025-11-03,5222,WE,WE BS,0.0000,0.0000,7.7000,48.4500,56.1500
2025-11-04,5240,AV,Arbeitsvorbereitung BS,0.0000,6.0000,23.1000,35.6000,64.7000
2025-11-04,5231,MR1,MR 1 Endmaße,0.0000,0.0000,0.0000,21.9200,21.9200
2025-11-04,5211,MR11,MR 11 KMG,0.0000,0.0000,0.0000,15.8700,15.8700
2025-11-04,5214,MR14,MR 14 Waage,0.0000,0.0000,0.0000,4.0900,4.0900
2025-11-04,5234,MR2,MR 2 Drehmomente,0.0000,7.7000,0.0000,23.6800,31.3800
2025-11-04,5236,MR3,MR 3 Messuhren,0.0000,0.0000,7.7000,13.7300,21.4300
2025-11-04,5233,MR4,MR 4 Lohnmessung,0.0000,0.0000,0.0000,7.7000,7.7000
2025-11-04,5239,MR5,MR 5 Bügelmessschrauben,0.0000,0.0000,7.7000,34.8400,42.5400
2025-11-04,5235,MR6,MR 6 Messschieber,0.0000,0.0000,0.0000,14.2700,14.2700
2025-11-04,5232,MR7,MR 7 Lehren,0.0000,7.7000,0.0000,38.6100,46.3100
2025-11-04,5238,MR8,MR 8 Temperatur,0.0000,0.0000,0.0000,6.0000,6.0000
2025-11-04,5237,MR9,MR 9 Elektro BS,0.0000,0.0000,0.0000,7.2000,7.2000
2025-11-04,5225,Packplatz,Packplatz,0.0000,0.0000,6.0000,21.0800,27.0800
2025-11-04,5230,Springer,PRÜFER BS,0.0000,0.0000,0.0000,6.0000,6.0000
2025-11-04,5900,Qualifizierung,Qualifizierung,0.0000,0.0000,0.0000,17.0000,17.0000
2025-11-04,5223,WA,WA BS,0.0000,0.0000,0.0000,22.6800,22.6800
2025-11-04,5222,WE,WE BS,0.0000,7.7000,7.7000,35.9400,51.3400
2025-11-05,5240,AV,Arbeitsvorbereitung BS,0.0000,6.0000,23.1000,41.2800,70.3800
2025-11-05,5231,MR1,MR 1 Endmaße,0.0000,0.0000,0.0000,20.8800,20.8800
2025-11-05,5211,MR11,MR 11 KMG,0.0000,0.0000,0.0000,14.6300,14.6300
2025-11-05,5214,MR14,MR 14 Waage,0.0000,0.0000,0.0000,3.9700,3.9700
2025-11-05,5234,MR2,MR 2 Drehmomente,0.0000,7.7000,0.0000,38.9000,46.6000
2025-11-05,5236,MR3,MR 3 Messuhren,0.0000,0.0000,7.7000,23.1000,30.8000
2025-11-05,5233,MR4,MR 4 Lohnmessung,0.0000,0.0000,0.0000,7.7000,7.7000
2025-11-05,5239,MR5,MR 5 Bügelmessschrauben,0.0000,0.0000,7.7000,41.4300,49.1300
2025-11-05,5235,MR6,MR 6 Messschieber,0.0000,0.0000,0.0000,16.9700,16.9700
2025-11-05,5232,MR7,MR 7 Lehren,0.0000,7.7000,0.0000,53.8700,61.5700
2025-11-05,5238,MR8,MR 8 Temperatur,0.0000,0.0000,0.0000,7.7000,7.7000
2025-11-05,5237,MR9,MR 9 Elektro BS,0.0000,0.0000,0.0000,11.9500,11.9500
2025-11-05,5225,Packplatz,Packplatz,0.0000,0.0000,6.0000,22.9200,28.9200
2025-11-05,5230,Springer,PRÜFER BS,0.0000,0.0000,0.0000,7.7000,7.7000
2025-11-05,5900,Qualifizierung,Qualifizierung,0.0000,0.0000,0.0000,23.0300,23.0300
2025-11-05,5223,WA,WA BS,0.0000,0.0000,0.0000,34.7200,34.7200
2025-11-05,5222,WE,WE BS,0.0000,0.0000,7.7000,48.2200,55.9200
2025-11-06,5240,AV,Arbeitsvorbereitung BS,0.0000,6.0000,23.1000,43.1900,72.2900
2025-11-06,5231,MR1,MR 1 Endmaße,0.0000,0.0000,0.0000,22.5200,22.5200
2025-11-06,5211,MR11,MR 11 KMG,0.0000,0.0000,0.0000,19.0200,19.0200
2025-11-06,5214,MR14,MR 14 Waage,0.0000,0.0000,0.0000,1.5000,1.5000
2025-11-06,5234,MR2,MR 2 Drehmomente,0.0000,7.7000,0.0000,39.2300,46.9300
2025-11-06,5236,MR3,MR 3 Messuhren,0.0000,0.0000,7.7000,22.9700,30.6700
2025-11-06,5233,MR4,MR 4 Lohnmessung,0.0000,0.0000,0.0000,7.7000,7.7000
2025-11-06,5239,MR5,MR 5 Bügelmessschrauben,0.0000,0.0000,15.4000,45.0900,60.4900
2025-11-06,5235,MR6,MR 6 Messschieber,0.0000,0.0000,0.0000,13.7000,13.7000
2025-11-06,5232,MR7,MR 7 Lehren,0.0000,7.7000,7.7000,46.1800,61.5800
2025-11-06,5238,MR8,MR 8 Temperatur,0.0000,0.0000,0.0000,7.7000,7.7000
2025-11-06,5237,MR9,MR 9 Elektro BS,0.0000,0.0000,0.0000,13.9000,13.9000
2025-11-06,5225,Packplatz,Packplatz,0.0000,0.0000,0.0000,28.8700,28.8700
2025-11-06,5230,Springer,PRÜFER BS,0.0000,0.0000,0.0000,7.7000,7.7000
2025-11-06,5900,Qualifizierung,Qualifizierung,0.0000,0.0000,0.0000,7.7000,7.7000
2025-11-06,5223,WA,WA BS,0.0000,0.0000,0.0000,22.2300,22.2300
2025-11-06,5222,WE,WE BS,0.0000,7.7000,7.7000,46.0800,61.4800
2025-11-07,5240,AV,Arbeitsvorbereitung BS,0.0000,6.0000,23.1000,58.9700,88.0700
2025-11-07,5231,MR1,MR 1 Endmaße,0.0000,0.0000,0.0000,18.1000,18.1000
2025-11-07,5211,MR11,MR 11 KMG,0.0000,0.0000,0.0000,12.3600,12.3600
2025-11-07,5234,MR2,MR 2 Drehmomente,0.0000,7.7000,0.0000,32.6400,40.3400
2025-11-07,5236,MR3,MR 3 Messuhren,0.0000,0.0000,0.0000,18.3800,18.3800
2025-11-07,5233,MR4,MR 4 Lohnmessung,0.0000,0.0000,0.0000,8.1200,8.1200
2025-11-07,5239,MR5,MR 5 Bügelmessschrauben,0.0000,0.0000,15.4000,22.6500,38.0500
2025-11-07,5235,MR6,MR 6 Messschieber,0.0000,0.0000,0.0000,21.7200,21.7200
2025-11-07,5232,MR7,MR 7 Lehren,0.0000,7.7000,7.7000,46.7200,62.1200
2025-11-07,5238,MR8,MR 8 Temperatur,0.0000,0.0000,0.0000,7.7000,7.7000
2025-11-07,5237,MR9,MR 9 Elektro BS,0.0000,0.0000,0.0000,8.3500,8.3500
2025-11-07,5225,Packplatz,Packplatz,0.0000,0.0000,0.0000,28.8600,28.8600
2025-11-07,5230,Springer,PRÜFER BS,0.0000,0.0000,0.0000,0.8300,0.8300
2025-11-07,5900,Qualifizierung,Qualifizierung,0.0000,0.0000,0.0000,39.5900,39.5900
2025-11-07,5223,WA,WA BS,0.0000,0.0000,0.0000,15.9000,15.9000
2025-11-07,5222,WE,WE BS,0.0000,7.7000,7.7000,46.1500,61.5500
2025-11-10,5240,AV,Arbeitsvorbereitung BS,0.0000,7.7000,15.4000,53.8000,76.9000
2025-11-10,5231,MR1,MR 1 Endmaße,0.0000,0.0000,0.0000,25.4500,25.4500
2025-11-10,5211,MR11,MR 11 KMG,0.0000,0.0000,0.0000,21.0000,21.0000
2025-11-10,5234,MR2,MR 2 Drehmomente,0.0000,0.0000,0.0000,46.4500,46.4500
2025-11-10,5236,MR3,MR 3 Messuhren,0.0000,0.0000,0.0000,23.0000,23.0000
2025-11-10,5233,MR4,MR 4 Lohnmessung,0.0000,0.0000,0.0000,7.7000,7.7000
2025-11-10,5239,MR5,MR 5 Bügelmessschrauben,0.0000,0.0000,7.7000,39.5300,47.2300
2025-11-10,5235,MR6,MR 6 Messschieber,0.0000,0.0000,7.7000,14.9900,22.6900
2025-11-10,5232,MR7,MR 7 Lehren,31.2700,7.7000,0.0000,23.0500,62.0200
2025-11-10,5238,MR8,MR 8 Temperatur,0.0000,0.0000,0.0000,0.2800,0.2800
2025-11-10,5237,MR9,MR 9 Elektro BS,7.7000,0.0000,0.0000,7.7000,15.4000
2025-11-10,5225,Packplatz,Packplatz,0.0000,0.0000,0.0000,28.5900,28.5900
2025-11-10,5230,Springer,PRÜFER BS,0.0000,0.0000,0.0000,7.7000,7.7000
2025-11-10,5900,Qualifizierung,Qualifizierung,0.0000,0.0000,0.0000,28.2500,28.2500
2025-11-10,5223,WA,WA BS,0.0000,0.0000,7.7000,21.0200,28.7200
2025-11-10,5222,WE,WE BS,0.0000,7.7000,0.0000,53.6000,61.3000
2025-11-11,5240,AV,Arbeitsvorbereitung BS,0.0000,7.7000,7.7000,60.4800,75.8800
2025-11-11,5231,MR1,MR 1 Endmaße,0.0000,0.0000,0.0000,19.1200,19.1200
2025-11-11,5211,MR11,MR 11 KMG,0.0000,0.0000,0.0000,13.5800,13.5800
2025-11-11,5234,MR2,MR 2 Drehmomente,0.0000,0.0000,0.0000,45.6400,45.6400
2025-11-11,5236,MR3,MR 3 Messuhren,0.0000,0.0000,0.0000,20.1000,20.1000
2025-11-11,5233,MR4,MR 4 Lohnmessung,0.0000,0.0000,0.0000,7.7000,7.7000
2025-11-11,5239,MR5,MR 5 Bügelmessschrauben,0.0000,0.0000,0.0000,50.2700,50.2700
2025-11-11,5235,MR6,MR 6 Messschieber,0.0000,0.0000,7.7000,15.5000,23.2000
2025-11-11,5232,MR7,MR 7 Lehren,0.0000,7.7000,0.0000,48.9000,56.6000
2025-11-11,5238,MR8,MR 8 Temperatur,0.0000,0.0000,0.0000,7.5000,7.5000
2025-11-11,5237,MR9,MR 9 Elektro BS,0.0000,0.0000,0.0000,8.2700,8.2700
2025-11-11,5225,Packplatz,Packplatz,0.0000,0.0000,0.0000,29.1000,29.1000
2025-11-11,5230,Springer,PRÜFER BS,0.0000,0.0000,0.0000,7.7000,7.7000
2025-11-11,5900,Qualifizierung,Qualifizierung,0.0000,0.0000,0.0000,24.5700,24.5700
2025-11-11,5223,WA,WA BS,0.0000,0.0000,7.7000,19.0500,26.7500
2025-11-11,5222,WE,WE BS,0.0000,7.7000,7.7000,49.8500,65.2500
2025-11-12,5240,AV,Arbeitsvorbereitung BS,0.0000,0.0000,7.7000,60.7500,68.4500
2025-11-12,5231,MR1,MR 1 Endmaße,0.0000,0.0000,0.0000,19.9200,19.9200
2025-11-12,5211,MR11,MR 11 KMG,0.0000,0.0000,4.0000,8.6000,12.6000
2025-11-12,5234,MR2,MR 2 Drehmomente,0.0000,0.0000,0.0000,32.7500,32.7500
2025-11-12,5236,MR3,MR 3 Messuhren,0.0000,0.0000,7.7000,12.2900,19.9900
2025-11-12,5233,MR4,MR 4 Lohnmessung,0.0000,7.7000,0.0000,,7.7000
2025-11-12,5239,MR5,MR 5 Bügelmessschrauben,0.0000,0.0000,0.0000,35.6500,35.6500
2025-11-12,5235,MR6,MR 6 Messschieber,0.0000,0.0000,7.7000,10.8000,18.5000
2025-11-12,5232,MR7,MR 7 Lehren,0.0000,7.7000,0.0000,60.2100,67.9100
2025-11-12,5238,MR8,MR 8 Temperatur,0.0000,0.0000,0.0000,7.7000,7.7000
2025-11-12,5237,MR9,MR 9 Elektro BS,0.0000,7.7000,0.0000,7.6500,15.3500
2025-11-12,5225,Packplatz,Packplatz,0.0000,0.0000,0.0000,29.0800,29.0800
2025-11-12,5230,Springer,PRÜFER BS,0.0000,0.0000,0.0000,7.8700,7.8700
2025-11-12,5900,Qualifizierung,Qualifizierung,0.0000,0.0000,0.0000,42.1100,42.1100
2025-11-12,5223,WA,WA BS,0.0000,0.0000,7.7000,20.6500,28.3500
2025-11-12,5222,WE,WE BS,0.0000,7.7000,7.7000,47.3300,62.7300
2025-11-13,5240,AV,Arbeitsvorbereitung BS,0.0000,0.0000,7.7000,59.6900,67.3900
2025-11-13,5231,MR1,MR 1 Endmaße,0.0000,0.0000,0.0000,20.3400,20.3400
2025-11-13,5211,MR11,MR 11 KMG,0.0000,0.0000,0.0000,14.0800,14.0800
2025-11-13,5234,MR2,MR 2 Drehmomente,0.0000,0.0000,0.0000,38.3700,38.3700
2025-11-13,5236,MR3,MR 3 Messuhren,0.0000,7.7000,7.7000,19.2100,34.6100
2025-11-13,5233,MR4,MR 4 Lohnmessung,0.0000,0.0000,0.0000,7.7000,7.7000
2025-11-13,5239,MR5,MR 5 Bügelmessschrauben,0.0000,0.0000,0.0000,47.0100,47.0100
2025-11-13,5235,MR6,MR 6 Messschieber,0.0000,0.0000,7.7000,15.8800,23.5800
2025-11-13,5232,MR7,MR 7 Lehren,0.0000,7.7000,0.0000,53.8200,61.5200
2025-11-13,5238,MR8,MR 8 Temperatur,0.0000,0.0000,0.0000,7.7000,7.7000
2025-11-13,5237,MR9,MR 9 Elektro BS,0.0000,7.7000,0.0000,7.7000,15.4000
2025-11-13,5225,Packplatz,Packplatz,0.0000,0.0000,0.0000,29.9100,29.9100
2025-11-13,5230,Springer,PRÜFER BS,0.0000,0.0000,0.0000,7.8500,7.8500
2025-11-13,5900,Qualifizierung,Qualifizierung,0.0000,0.0000,0.0000,19.9300,19.9300
2025-11-13,5223,WA,WA BS,0.0000,0.0000,7.7000,15.3000,23.0000
2025-11-13,5222,WE,WE BS,0.0000,7.7000,0.0000,61.3800,69.0800
2025-11-14,5240,AV,Arbeitsvorbereitung BS,0.0000,0.0000,7.7000,66.8000,74.5000
2025-11-14,5231,MR1,MR 1 Endmaße,0.0000,0.0000,0.0000,16.9300,16.9300
2025-11-14,5211,MR11,MR 11 KMG,0.0000,0.0000,0.0000,15.3200,15.3200
2025-11-14,5234,MR2,MR 2 Drehmomente,0.0000,0.0000,0.0000,36.9500,36.9500
2025-11-14,5236,MR3,MR 3 Messuhren,0.0000,7.7000,7.7000,6.9700,22.3700
2025-11-14,5233,MR4,MR 4 Lohnmessung,0.0000,0.0000,0.0000,8.0300,8.0300
2025-11-14,5239,MR5,MR 5 Bügelmessschrauben,0.0000,0.0000,0.0000,35.9900,35.9900
2025-11-14,5235,MR6,MR 6 Messschieber,0.0000,0.0000,7.7000,15.8800,23.5800
2025-11-14,5232,MR7,MR 7 Lehren,0.0000,7.7000,0.0000,61.4300,69.1300
2025-11-14,5238,MR8,MR 8 Temperatur,0.0000,0.0000,0.0000,7.3200,7.3200
2025-11-14,5237,MR9,MR 9 Elektro BS,0.0000,7.7000,0.0000,7.7000,15.4000
2025-11-14,5225,Packplatz,Packplatz,0.0000,0.0000,0.0000,27.5600,27.5600
2025-11-14,5230,Springer,PRÜFER BS,0.0000,0.0000,0.0000,7.8700,7.8700
2025-11-14,5900,Qualifizierung,Qualifizierung,0.0000,0.0000,0.0000,32.4500,32.4500
2025-11-14,5223,WA,WA BS,0.0000,0.0000,7.7000,8.3200,16.0200
2025-11-14,5222,WE,WE BS,0.0000,0.0000,7.7000,53.5800,61.2800
2025-11-15,5240,AV,Arbeitsvorbereitung BS,0.0000,0.0000,0.0000,18.2500,18.2500
2025-11-15,5234,MR2,MR 2 Drehmomente,0.0000,0.0000,0.0000,12.6000,12.6000
2025-11-15,5236,MR3,MR 3 Messuhren,0.0000,0.0000,0.0000,6.0000,6.0000
2025-11-15,5239,MR5,MR 5 Bügelmessschrauben,0.0000,0.0000,0.0000,5.4700,5.4700
2025-11-15,5235,MR6,MR 6 Messschieber,0.0000,0.0000,0.0000,3.7700,3.7700
2025-11-15,5232,MR7,MR 7 Lehren,0.0000,0.0000,0.0000,5.9800,5.9800
2025-11-17,5240,AV,Arbeitsvorbereitung BS,0.0000,5.0000,7.7000,60.9100,73.6100
2025-11-17,5231,MR1,MR 1 Endmaße,0.0000,0.0000,0.0000,12.3500,12.3500
2025-11-17,5211,MR11,MR 11 KMG,0.0000,0.0000,0.0000,7.7200,7.7200
2025-11-17,5214,MR14,MR 14 Waage,0.0000,0.0000,0.0000,2.1500,2.1500
2025-11-17,5234,MR2,MR 2 Drehmomente,0.0000,0.0000,7.7000,31.0500,38.7500
2025-11-17,5236,MR3,MR 3 Messuhren,0.0000,0.0000,7.7000,22.2200,29.9200
2025-11-17,5233,MR4,MR 4 Lohnmessung,0.0000,0.0000,0.0000,7.7000,7.7000
2025-11-17,5239,MR5,MR 5 Bügelmessschrauben,0.0000,0.0000,0.0000,26.7000,26.7000
2025-11-17,5235,MR6,MR 6 Messschieber,0.0000,0.0000,0.0000,23.3000,23.3000
2025-11-17,5232,MR7,MR 7 Lehren,0.0000,15.4000,0.0000,46.5800,61.9800
2025-11-17,5238,MR8,MR 8 Temperatur,0.0000,0.0000,0.0000,7.7000,7.7000
2025-11-17,5237,MR9,MR 9 Elektro BS,0.0000,7.7000,0.0000,7.7000,15.4000
2025-11-17,5225,Packplatz,Packplatz,0.0000,6.0000,0.0000,23.1200,29.1200
2025-11-17,5230,Springer,PRÜFER BS,0.0000,0.0000,0.0000,7.7000,7.7000
2025-11-17,5900,Qualifizierung,Qualifizierung,0.0000,0.0000,0.0000,38.2100,38.2100
2025-11-17,5223,WA,WA BS,0.0000,0.0000,7.7000,22.3300,30.0300
2025-11-17,5222,WE,WE BS,0.0000,7.7000,15.4000,30.7200,53.8200
2025-11-18,5240,AV,Arbeitsvorbereitung BS,0.0000,5.0000,7.7000,63.2200,75.9200
2025-11-18,5231,MR1,MR 1 Endmaße,0.0000,0.0000,0.0000,6.8000,6.8000
2025-11-18,5211,MR11,MR 11 KMG,0.0000,0.0000,0.0000,10.6200,10.6200
2025-11-18,5214,MR14,MR 14 Waage,0.0000,0.0000,0.0000,3.9800,3.9800
2025-11-18,5234,MR2,MR 2 Drehmomente,0.0000,0.0000,7.7000,22.8300,30.5300
2025-11-18,5236,MR3,MR 3 Messuhren,0.0000,0.0000,7.7000,9.6300,17.3300
2025-11-18,5233,MR4,MR 4 Lohnmessung,0.0000,0.0000,0.0000,4.7500,4.7500
2025-11-18,5239,MR5,MR 5 Bügelmessschrauben,0.0000,0.0000,0.0000,24.2400,24.2400
2025-11-18,5235,MR6,MR 6 Messschieber,0.0000,0.0000,0.0000,14.2400,14.2400
2025-11-18,5232,MR7,MR 7 Lehren,0.0000,15.4000,0.0000,35.9300,51.3300
2025-11-18,5238,MR8,MR 8 Temperatur,0.0000,0.0000,0.0000,4.8000,4.8000
2025-11-18,5237,MR9,MR 9 Elektro BS,0.0000,7.7000,0.0000,5.3800,13.0800
2025-11-18,5225,Packplatz,Packplatz,0.0000,13.7000,0.0000,20.4000,34.1000
2025-11-18,5230,Springer,PRÜFER BS,0.0000,0.0000,0.0000,7.8800,7.8800
2025-11-18,5900,Qualifizierung,Qualifizierung,0.0000,0.0000,0.0000,87.1400,87.1400
2025-11-18,5223,WA,WA BS,0.0000,0.0000,7.7000,21.3300,29.0300
2025-11-18,5222,WE,WE BS,0.0000,0.0000,7.7000,48.8800,56.5800
2025-11-19,5240,AV,Arbeitsvorbereitung BS,0.0000,0.0000,15.3500,61.8800,77.2300
2025-11-19,5231,MR1,MR 1 Endmaße,0.0000,0.0000,0.0000,12.6700,12.6700
2025-11-19,5211,MR11,MR 11 KMG,0.0000,0.0000,0.0000,15.3000,15.3000
2025-11-19,5212,MR12,MR 12 Druck,0.0000,0.0000,0.0000,5.4700,5.4700
2025-11-19,5214,MR14,MR 14 Waage,0.0000,0.0000,0.0000,1.9700,1.9700
2025-11-19,5234,MR2,MR 2 Drehmomente,0.0000,0.0000,7.7000,24.3500,32.0500
2025-11-19,5236,MR3,MR 3 Messuhren,0.0000,0.0000,15.3500,15.4000,30.7500
2025-11-19,5233,MR4,MR 4 Lohnmessung,0.0000,0.0000,0.0000,7.7000,7.7000
2025-11-19,5239,MR5,MR 5 Bügelmessschrauben,0.0000,0.0000,0.0000,30.7700,30.7700
2025-11-19,5235,MR6,MR 6 Messschieber,0.0000,0.0000,0.0000,15.9800,15.9800
2025-11-19,5232,MR7,MR 7 Lehren,0.0000,15.4000,0.0000,61.4100,76.8100
2025-11-19,5238,MR8,MR 8 Temperatur,0.0000,0.0000,0.0000,2.2300,2.2300
2025-11-19,5237,MR9,MR 9 Elektro BS,0.0000,7.7000,0.0000,7.7000,15.4000
2025-11-19,5225,Packplatz,Packplatz,0.0000,13.7000,0.0000,18.1500,31.8500
2025-11-19,5230,Springer,PRÜFER BS,0.0000,0.0000,0.0000,7.7000,7.7000
2025-11-19,5900,Qualifizierung,Qualifizierung,0.0000,0.0000,7.7000,25.2500,32.9500
2025-11-19,5223,WA,WA BS,0.0000,0.0000,7.7000,21.4700,29.1700
2025-11-19,5222,WE,WE BS,0.0000,0.0000,7.7000,48.2500,55.9500
2025-11-20,5240,AV,Arbeitsvorbereitung BS,0.0000,0.0000,15.4000,56.9200,72.3200
2025-11-20,5231,MR1,MR 1 Endmaße,0.0000,0.0000,7.7000,13.6700,21.3700
2025-11-20,5211,MR11,MR 11 KMG,0.0000,0.0000,0.0000,19.3200,19.3200
2025-11-20,5212,MR12,MR 12 Druck,0.0000,0.0000,0.0000,2.9200,2.9200
2025-11-20,5214,MR14,MR 14 Waage,0.0000,0.0000,0.0000,2.1000,2.1000
2025-11-20,5234,MR2,MR 2 Drehmomente,0.0000,0.0000,7.7000,29.3200,37.0200
2025-11-20,5236,MR3,MR 3 Messuhren,0.0000,0.0000,15.4000,15.4000,30.8000
2025-11-20,5233,MR4,MR 4 Lohnmessung,0.0000,0.0000,0.0000,7.7000,7.7000
2025-11-20,5239,MR5,MR 5 Bügelmessschrauben,0.0000,0.0000,0.0000,29.5700,29.5700
2025-11-20,5235,MR6,MR 6 Messschieber,0.0000,0.0000,0.0000,18.3300,18.3300
2025-11-20,5232,MR7,MR 7 Lehren,0.0000,15.4000,0.0000,61.3700,76.7700
2025-11-20,5238,MR8,MR 8 Temperatur,0.0000,0.0000,0.0000,4.7800,4.7800
2025-11-20,5237,MR9,MR 9 Elektro BS,0.0000,7.7000,0.0000,7.4200,15.1200
2025-11-20,5225,Packplatz,Packplatz,0.0000,13.7000,0.0000,18.4500,32.1500
2025-11-20,5230,Springer,PRÜFER BS,0.0000,0.0000,0.0000,8.0200,8.0200
2025-11-20,5900,Qualifizierung,Qualifizierung,0.0000,0.0000,15.4000,8.6700,24.0700
2025-11-20,5223,WA,WA BS,0.0000,7.7000,7.7000,14.4500,29.8500
2025-11-20,5222,WE,WE BS,0.0000,0.0000,7.7000,42.2300,49.9300
2025-11-21,5240,AV,Arbeitsvorbereitung BS,0.0000,0.0000,15.4000,58.1600,73.5600
2025-11-21,5231,MR1,MR 1 Endmaße,0.0000,0.0000,7.7000,13.7000,21.4000
2025-11-21,5211,MR11,MR 11 KMG,0.0000,4.0000,0.0000,15.3300,19.3300
2025-11-21,5214,MR14,MR 14 Waage,0.0000,0.0000,0.0000,0.7800,0.7800
2025-11-21,5234,MR2,MR 2 Drehmomente,0.0000,0.0000,7.7000,27.1300,34.8300
2025-11-21,5236,MR3,MR 3 Messuhren,0.0000,0.0000,15.4000,15.3800,30.7800
2025-11-21,5233,MR4,MR 4 Lohnmessung,0.0000,0.0000,0.0000,7.7000,7.7000
2025-11-21,5239,MR5,MR 5 Bügelmessschrauben,0.0000,0.0000,0.0000,30.4600,30.4600
2025-11-21,5235,MR6,MR 6 Messschieber,0.0000,5.0000,0.0000,21.7200,26.7200
2025-11-21,5232,MR7,MR 7 Lehren,0.0000,15.4000,0.0000,60.1000,75.5000
2025-11-21,5238,MR8,MR 8 Temperatur,0.0000,0.0000,0.0000,7.6700,7.6700
2025-11-21,5237,MR9,MR 9 Elektro BS,0.0000,7.7000,0.0000,7.7000,15.4000
2025-11-21,5225,Packplatz,Packplatz,0.0000,13.7000,0.0000,18.4000,32.1000
2025-11-21,5230,Springer,PRÜFER BS,0.0000,0.0000,0.0000,8.0000,8.0000
2025-11-21,5900,Qualifizierung,Qualifizierung,0.0000,0.0000,15.4000,,15.4000
2025-11-21,5223,WA,WA BS,0.0000,0.0000,7.7000,19.0500,26.7500
2025-11-21,5222,WE,WE BS,0.0000,0.0000,7.7000,40.9500,48.6500
2025-11-24,5240,AV,Arbeitsvorbereitung BS,0.0000,0.0000,6.0000,66.5100,72.5100
2025-11-24,5231,MR1,MR 1 Endmaße,0.0000,0.0000,7.7000,12.8500,20.5500
2025-11-24,5211,MR11,MR 11 KMG,0.0000,0.0000,0.0000,12.7800,12.7800
2025-11-24,5214,MR14,MR 14 Waage,0.0000,0.0000,0.0000,0.8200,0.8200
2025-11-24,5234,MR2,MR 2 Drehmomente,7.7000,0.0000,0.0000,23.4300,31.1300
2025-11-24,5236,MR3,MR 3 Messuhren,0.0000,0.0000,15.4000,15.4000,30.8000
2025-11-24,5233,MR4,MR 4 Lohnmessung,0.0000,0.0000,0.0000,7.7000,7.7000
2025-11-24,5239,MR5,MR 5 Bügelmessschrauben,0.0000,0.0000,0.0000,30.5700,30.5700
2025-11-24,5235,MR6,MR 6 Messschieber,0.0000,0.0000,0.0000,19.1600,19.1600
2025-11-24,5232,MR7,MR 7 Lehren,0.0000,15.4000,0.0000,53.8800,69.2800
2025-11-24,5238,MR8,MR 8 Temperatur,0.0000,0.0000,0.0000,7.7000,7.7000
2025-11-24,5237,MR9,MR 9 Elektro BS,0.0000,7.7000,0.0000,7.7000,15.4000
2025-11-24,5225,Packplatz,Packplatz,0.0000,0.0000,0.0000,29.0000,29.0000
2025-11-24,5230,Springer,PRÜFER BS,0.0000,0.0000,0.0000,7.7000,7.7000
2025-11-24,5900,Qualifizierung,Qualifizierung,0.0000,0.0000,7.7000,22.5000,30.2000
2025-11-24,5223,WA,WA BS,0.0000,0.0000,0.0000,21.2800,21.2800
2025-11-24,5222,WE,WE BS,0.0000,0.0000,0.0000,52.8200,52.8200
2025-11-25,5240,AV,Arbeitsvorbereitung BS,0.0000,0.0000,6.0000,67.3700,73.3700
2025-11-25,5231,MR1,MR 1 Endmaße,0.0000,0.0000,0.0000,21.4000,21.4000
2025-11-25,5211,MR11,MR 11 KMG,0.0000,0.0000,0.0000,19.2300,19.2300
2025-11-25,5214,MR14,MR 14 Waage,0.0000,0.0000,0.0000,0.6700,0.6700
2025-11-25,5234,MR2,MR 2 Drehmomente,7.7000,0.0000,0.0000,28.3800,36.0800
2025-11-25,5236,MR3,MR 3 Messuhren,0.0000,0.0000,7.7000,23.1000,30.8000
2025-11-25,5233,MR4,MR 4 Lohnmessung,0.0000,0.0000,0.0000,7.7000,7.7000
2025-11-25,5239,MR5,MR 5 Bügelmessschrauben,0.0000,0.0000,7.7000,28.7400,36.4400
2025-11-25,5235,MR6,MR 6 Messschieber,0.0000,0.0000,0.0000,15.8500,15.8500
2025-11-25,5232,MR7,MR 7 Lehren,0.0000,15.4000,0.0000,53.7800,69.1800
2025-11-25,5238,MR8,MR 8 Temperatur,0.0000,0.0000,0.0000,7.7000,7.7000
2025-11-25,5237,MR9,MR 9 Elektro BS,0.0000,7.7000,0.0000,7.7000,15.4000
2025-11-25,5225,Packplatz,Packplatz,0.0000,0.0000,0.0000,29.1700,29.1700
2025-11-25,5230,Springer,PRÜFER BS,0.0000,0.0000,0.0000,7.7000,7.7000
2025-11-25,5900,Qualifizierung,Qualifizierung,0.0000,0.0000,0.0000,21.3500,21.3500
2025-11-25,5223,WA,WA BS,0.0000,0.0000,0.0000,29.2000,29.2000
2025-11-25,5222,WE,WE BS,0.0000,0.0000,0.0000,54.0100,54.0100
2025-11-26,5240,AV,Arbeitsvorbereitung BS,0.0000,0.0000,0.0000,56.7900,56.7900
2025-11-26,5231,MR1,MR 1 Endmaße,0.0000,0.0000,0.0000,19.9200,19.9200
2025-11-26,5211,MR11,MR 11 KMG,0.0000,0.0000,0.0000,19.1700,19.1700
2025-11-26,5212,MR12,MR 12 Druck,0.0000,0.0000,0.0000,3.4300,3.4300
2025-11-26,5214,MR14,MR 14 Waage,0.0000,0.0000,0.0000,1.9800,1.9800
2025-11-26,5234,MR2,MR 2 Drehmomente,7.7000,0.0000,0.0000,30.7700,38.4700
2025-11-26,5236,MR3,MR 3 Messuhren,0.0000,0.0000,0.0000,21.3200,21.3200
2025-11-26,5233,MR4,MR 4 Lohnmessung,0.0000,0.0000,0.0000,7.7000,7.7000
2025-11-26,5239,MR5,MR 5 Bügelmessschrauben,0.0000,0.0000,0.0000,30.7500,30.7500
2025-11-26,5235,MR6,MR 6 Messschieber,0.0000,7.7000,0.0000,16.5100,24.2100
2025-11-26,5232,MR7,MR 7 Lehren,0.0000,15.4000,7.7000,46.1600,69.2600
2025-11-26,5238,MR8,MR 8 Temperatur,0.0000,0.0000,0.0000,2.4800,2.4800
2025-11-26,5237,MR9,MR 9 Elektro BS,0.0000,7.7000,0.0000,7.7000,15.4000
2025-11-26,5225,Packplatz,Packplatz,0.0000,0.0000,0.0000,28.8800,28.8800
2025-11-26,5230,Springer,PRÜFER BS,0.0000,0.0000,0.0000,8.7700,8.7700
2025-11-26,5900,Qualifizierung,Qualifizierung,0.0000,0.0000,0.0000,25.0500,25.0500
2025-11-26,5223,WA,WA BS,0.0000,0.0000,0.0000,28.3600,28.3600
2025-11-26,5222,WE,WE BS,0.0000,0.0000,0.0000,50.7200,50.7200
2025-11-27,5240,AV,Arbeitsvorbereitung BS,0.0000,0.0000,0.0000,71.1600,71.1600
2025-11-27,5231,MR1,MR 1 Endmaße,0.0000,0.0000,0.0000,17.7800,17.7800
2025-11-27,5211,MR11,MR 11 KMG,0.0000,0.0000,0.0000,13.1800,13.1800
2025-11-27,5214,MR14,MR 14 Waage,0.0000,0.0000,0.0000,1.3300,1.3300
2025-11-27,5234,MR2,MR 2 Drehmomente,0.0000,0.0000,0.0000,34.3300,34.3300
2025-11-27,5236,MR3,MR 3 Messuhren,0.0000,0.0000,0.0000,15.3300,15.3300
2025-11-27,5233,MR4,MR 4 Lohnmessung,0.0000,0.0000,0.0000,7.7000,7.7000
2025-11-27,5239,MR5,MR 5 Bügelmessschrauben,0.0000,0.0000,0.0000,30.8800,30.8800
2025-11-27,5235,MR6,MR 6 Messschieber,0.0000,0.0000,0.0000,24.1900,24.1900
2025-11-27,5232,MR7,MR 7 Lehren,0.0000,15.4000,7.7000,53.8600,76.9600
2025-11-27,5238,MR8,MR 8 Temperatur,0.0000,0.0000,0.0000,7.7000,7.7000
2025-11-27,5237,MR9,MR 9 Elektro BS,0.0000,7.7000,0.0000,7.7000,15.4000
2025-11-27,5225,Packplatz,Packplatz,0.0000,0.0000,0.0000,28.9700,28.9700
2025-11-27,5230,Springer,PRÜFER BS,0.0000,0.0000,7.7000,,7.7000
2025-11-27,5900,Qualifizierung,Qualifizierung,0.0000,0.0000,0.0000,29.4300,29.4300
2025-11-27,5223,WA,WA BS,0.0000,0.0000,0.0000,24.0800,24.0800
2025-11-27,5222,WE,WE BS,0.0000,0.0000,0.0000,53.3500,53.3500
2025-11-28,5240,AV,Arbeitsvorbereitung BS,0.0000,0.0000,0.0000,61.5400,61.5400
2025-11-28,5231,MR1,MR 1 Endmaße,0.0000,0.0000,0.0000,18.8800,18.8800
2025-11-28,5211,MR11,MR 11 KMG,0.0000,0.0000,0.0000,18.6200,18.6200
2025-11-28,5234,MR2,MR 2 Drehmomente,0.0000,0.0000,0.0000,23.2600,23.2600
2025-11-28,5236,MR3,MR 3 Messuhren,0.0000,0.0000,0.0000,16.4500,16.4500
2025-11-28,5233,MR4,MR 4 Lohnmessung,0.0000,0.0000,0.0000,7.2000,7.2000
2025-11-28,5239,MR5,MR 5 Bügelmessschrauben,0.0000,0.0000,0.0000,30.3800,30.3800
2025-11-28,5235,MR6,MR 6 Messschieber,0.0000,0.0000,7.7000,14.2000,21.9000
2025-11-28,5232,MR7,MR 7 Lehren,0.0000,15.4000,23.1000,39.0300,77.5300
2025-11-28,5237,MR9,MR 9 Elektro BS,0.0000,7.7000,0.0000,7.6700,15.3700
2025-11-28,5225,Packplatz,Packplatz,0.0000,0.0000,0.0000,36.5700,36.5700
2025-11-28,5230,Springer,PRÜFER BS,0.0000,0.0000,7.7000,,7.7000
2025-11-28,5900,Qualifizierung,Qualifizierung,0.0000,0.0000,0.0000,34.0100,34.0100
2025-11-28,5223,WA,WA BS,0.0000,0.0000,0.0000,22.0700,22.0700
2025-11-28,5222,WE,WE BS,0.0000,0.0000,0.0000,45.8300,45.8300
2025-12-01,5240,AV,Arbeitsvorbereitung BS,0.0000,0.0000,0.0000,63.4200,63.4200
2025-12-01,5231,MR1,MR 1 Endmaße,0.0000,0.0000,7.7000,13.7000,21.4000
2025-12-01,5211,MR11,MR 11 KMG,0.0000,7.7000,0.0000,11.9800,19.6800
2025-12-01,5214,MR14,MR 14 Waage,0.0000,0.0000,0.0000,2.4700,2.4700
2025-12-01,5234,MR2,MR 2 Drehmomente,21.0000,0.0000,0.0000,23.0800,44.0800
2025-12-01,5236,MR3,MR 3 Messuhren,0.0000,0.0000,0.0000,22.3300,22.3300
2025-12-01,5233,MR4,MR 4 Lohnmessung,0.0000,0.0000,0.0000,7.7000,7.7000
2025-12-01,5239,MR5,MR 5 Bügelmessschrauben,0.0000,0.0000,0.0000,38.4700,38.4700
2025-12-01,5235,MR6,MR 6 Messschieber,0.0000,0.0000,0.0000,25.8400,25.8400
2025-12-01,5232,MR7,MR 7 Lehren,0.0000,15.4000,15.4000,38.5000,69.3000
2025-12-01,5238,MR8,MR 8 Temperatur,0.0000,0.0000,0.0000,7.7000,7.7000
2025-12-01,5237,MR9,MR 9 Elektro BS,0.0000,7.7000,0.0000,8.1800,15.8800
2025-12-01,5225,Packplatz,Packplatz,0.0000,0.0000,0.0000,28.1700,28.1700
2025-12-01,5230,Springer,PRÜFER BS,0.0000,0.0000,0.0000,7.7000,7.7000
2025-12-01,5900,Qualifizierung,Qualifizierung,0.0000,0.0000,0.0000,23.1000,23.1000
2025-12-01,5223,WA,WA BS,0.0000,0.0000,0.0000,30.6800,30.6800
2025-12-01,5222,WE,WE BS,0.0000,0.0000,0.0000,53.8000,53.8000
2025-12-02,5240,AV,Arbeitsvorbereitung BS,0.0000,7.7000,0.0000,61.1800,68.8800
2025-12-02,5231,MR1,MR 1 Endmaße,0.0000,0.0000,7.7000,13.7000,21.4000
2025-12-02,5211,MR11,MR 11 KMG,0.0000,7.7000,0.0000,11.7000,19.4000
2025-12-02,5214,MR14,MR 14 Waage,0.0000,0.0000,0.0000,1.1000,1.1000
2025-12-02,5234,MR2,MR 2 Drehmomente,18.0000,0.0000,0.0000,23.0500,41.0500
2025-12-02,5236,MR3,MR 3 Messuhren,0.0000,0.0000,0.0000,23.1000,23.1000
2025-12-02,5233,MR4,MR 4 Lohnmessung,0.0000,0.0000,0.0000,7.7000,7.7000
2025-12-02,5239,MR5,MR 5 Bügelmessschrauben,0.0000,0.0000,0.0000,29.6000,29.6000
2025-12-02,5235,MR6,MR 6 Messschieber,0.0000,0.0000,0.0000,30.4000,30.4000
2025-12-02,5232,MR7,MR 7 Lehren,0.0000,15.4000,15.4000,38.0600,68.8600
2025-12-02,5238,MR8,MR 8 Temperatur,0.0000,0.0000,0.0000,8.9300,8.9300
2025-12-02,5237,MR9,MR 9 Elektro BS,0.0000,7.7000,0.0000,7.7000,15.4000
2025-12-02,5225,Packplatz,Packplatz,0.0000,0.0000,0.0000,28.8200,28.8200
2025-12-02,5230,Springer,PRÜFER BS,0.0000,0.0000,0.0000,7.7000,7.7000
2025-12-02,5900,Qualifizierung,Qualifizierung,0.0000,0.0000,0.0000,29.6800,29.6800
2025-12-02,5223,WA,WA BS,0.0000,0.0000,0.0000,28.4900,28.4900
2025-12-02,5222,WE,WE BS,0.0000,0.0000,0.0000,55.8300,55.8300
2025-12-03,5240,AV,Arbeitsvorbereitung BS,0.0000,7.7000,0.0000,59.9200,67.6200
2025-12-03,5231,MR1,MR 1 Endmaße,0.0000,0.0000,0.0000,19.4300,19.4300
2025-12-03,5211,MR11,MR 11 KMG,0.0000,0.0000,0.0000,26.4000,26.4000
2025-12-03,5212,MR12,MR 12 Druck,0.0000,0.0000,0.0000,3.0700,3.0700
2025-12-03,5214,MR14,MR 14 Waage,0.0000,0.0000,0.0000,1.1500,1.1500
2025-12-03,5234,MR2,MR 2 Drehmomente,16.0000,0.0000,0.0000,15.4200,31.4200
2025-12-03,5236,MR3,MR 3 Messuhren,0.0000,0.0000,0.0000,23.0500,23.0500
2025-12-03,5233,MR4,MR 4 Lohnmessung,0.0000,0.0000,0.0000,7.7000,7.7000
2025-12-03,5239,MR5,MR 5 Bügelmessschrauben,0.0000,0.0000,0.0000,37.1700,37.1700
2025-12-03,5235,MR6,MR 6 Messschieber,0.0000,0.0000,0.0000,24.1500,24.1500
2025-12-03,5232,MR7,MR 7 Lehren,0.0000,15.4000,0.0000,45.6300,61.0300
2025-12-03,5238,MR8,MR 8 Temperatur,0.0000,0.0000,0.0000,4.6300,4.6300
2025-12-03,5237,MR9,MR 9 Elektro BS,0.0000,7.7000,0.0000,7.7000,15.4000
2025-12-03,5225,Packplatz,Packplatz,0.0000,7.7000,0.0000,21.2300,28.9300
2025-12-03,5230,Springer,PRÜFER BS,0.0000,0.0000,0.0000,7.7000,7.7000
2025-12-03,5900,Qualifizierung,Qualifizierung,0.0000,0.0000,0.0000,24.9500,24.9500
2025-12-03,5223,WA,WA BS,0.0000,0.0000,0.0000,22.4200,22.4200
2025-12-03,5222,WE,WE BS,0.0000,0.0000,0.0000,61.3900,61.3900
2025-12-04,5240,AV,Arbeitsvorbereitung BS,0.0000,7.7000,6.0000,57.9900,71.6900
2025-12-04,5231,MR1,MR 1 Endmaße,0.0000,0.0000,0.0000,21.4000,21.4000
2025-12-04,5211,MR11,MR 11 KMG,0.0000,0.0000,8.5300,11.7000,20.2300
2025-12-04,5214,MR14,MR 14 Waage,0.0000,0.0000,0.0000,1.6300,1.6300
2025-12-04,5234,MR2,MR 2 Drehmomente,7.7000,0.0000,0.0000,21.9300,29.6300
2025-12-04,5236,MR3,MR 3 Messuhren,0.0000,7.7000,0.0000,19.3500,27.0500
2025-12-04,5233,MR4,MR 4 Lohnmessung,0.0000,0.0000,0.0000,7.7000,7.7000
2025-12-04,5239,MR5,MR 5 Bügelmessschrauben,0.0000,0.0000,0.0000,38.3000,38.3000
2025-12-04,5235,MR6,MR 6 Messschieber,0.0000,0.0000,0.0000,24.4200,24.4200
2025-12-04,5232,MR7,MR 7 Lehren,0.0000,23.1000,0.0000,46.8600,69.9600
2025-12-04,5238,MR8,MR 8 Temperatur,0.0000,0.0000,0.0000,7.7000,7.7000
2025-12-04,5237,MR9,MR 9 Elektro BS,0.0000,7.7000,0.0000,7.7000,15.4000
2025-12-04,5225,Packplatz,Packplatz,0.0000,7.7000,0.0000,24.3000,32.0000
2025-12-04,5230,Springer,PRÜFER BS,0.0000,0.0000,0.0000,7.6500,7.6500
2025-12-04,5900,Qualifizierung,Qualifizierung,0.0000,0.0000,0.0000,27.4500,27.4500
2025-12-04,5223,WA,WA BS,0.0000,0.0000,0.0000,22.8700,22.8700
2025-12-04,5222,WE,WE BS,7.7000,0.0000,0.0000,50.7500,58.4500
2025-12-05,5240,AV,Arbeitsvorbereitung BS,0.0000,7.7000,6.0000,58.4900,72.1900
2025-12-05,5231,MR1,MR 1 Endmaße,0.0000,0.0000,0.0000,21.2300,21.2300
2025-12-05,5211,MR11,MR 11 KMG,0.0000,0.0000,0.0000,19.3500,19.3500
2025-12-05,5234,MR2,MR 2 Drehmomente,7.7000,0.0000,0.0000,28.6900,36.3900
2025-12-05,5236,MR3,MR 3 Messuhren,0.0000,7.7000,0.0000,23.0500,30.7500
2025-12-05,5233,MR4,MR 4 Lohnmessung,0.0000,0.0000,0.0000,8.1500,8.1500
2025-12-05,5239,MR5,MR 5 Bügelmessschrauben,0.0000,0.0000,0.0000,29.9200,29.9200
2025-12-05,5235,MR6,MR 6 Messschieber,0.0000,0.0000,0.0000,25.4500,25.4500
2025-12-05,5232,MR7,MR 7 Lehren,0.0000,7.7000,0.0000,52.1600,59.8600
2025-12-05,5238,MR8,MR 8 Temperatur,0.0000,0.0000,0.0000,7.6800,7.6800
2025-12-05,5237,MR9,MR 9 Elektro BS,0.0000,7.7000,7.7000,,15.4000
2025-12-05,5225,Packplatz,Packplatz,0.0000,7.7000,0.0000,21.3500,29.0500
2025-12-05,5230,Springer,PRÜFER BS,0.0000,0.0000,0.0000,7.6500,7.6500
2025-12-05,5900,Qualifizierung,Qualifizierung,0.0000,0.0000,0.0000,24.6300,24.6300
2025-12-05,5223,WA,WA BS,0.0000,0.0000,0.0000,16.2500,16.2500
2025-12-05,5222,WE,WE BS,7.7000,0.0000,7.7000,44.3700,59.7700
2025-12-08,5240,AV,Arbeitsvorbereitung BS,0.0000,0.0000,6.0000,66.5500,72.5500
2025-12-08,5231,MR1,MR 1 Endmaße,0.0000,0.0000,0.0000,21.4000,21.4000
2025-12-08,5211,MR11,MR 11 KMG,0.0000,0.0000,7.7000,7.4200,15.1200
2025-12-08,5214,MR14,MR 14 Waage,0.0000,0.0000,0.0000,1.1500,1.1500
2025-12-08,5234,MR2,MR 2 Drehmomente,0.0000,7.7000,0.0000,23.0200,30.7200
2025-12-08,5236,MR3,MR 3 Messuhren,0.0000,0.0000,0.0000,29.8000,29.8000
2025-12-08,5233,MR4,MR 4 Lohnmessung,0.0000,0.0000,0.0000,7.5200,7.5200
2025-12-08,5239,MR5,MR 5 Bügelmessschrauben,0.0000,0.0000,0.0000,38.4700,38.4700
2025-12-08,5235,MR6,MR 6 Messschieber,0.0000,0.0000,0.0000,24.2300,24.2300
2025-12-08,5232,MR7,MR 7 Lehren,0.0000,7.7000,0.0000,46.2000,53.9000
2025-12-08,5238,MR8,MR 8 Temperatur,0.0000,0.0000,0.0000,7.7000,7.7000
2025-12-08,5237,MR9,MR 9 Elektro BS,0.0000,0.0000,0.0000,15.4000,15.4000
2025-12-08,5225,Packplatz,Packplatz,0.0000,7.7000,0.0000,21.3200,29.0200
2025-12-08,5230,Springer,PRÜFER BS,0.0000,0.0000,3.8500,,3.8500
2025-12-08,5900,Qualifizierung,Qualifizierung,0.0000,0.0000,0.0000,35.1500,35.1500
2025-12-08,5223,WA,WA BS,0.0000,0.0000,0.0000,24.0200,24.0200
2025-12-08,5222,WE,WE BS,0.0000,0.0000,7.7000,56.4000,64.1000
2025-12-09,5240,AV,Arbeitsvorbereitung BS,0.0000,15.4000,0.0000,50.1700,65.5700
2025-12-09,5231,MR1,MR 1 Endmaße,7.7000,0.0000,0.0000,13.7000,21.4000
2025-12-09,5211,MR11,MR 11 KMG,15.4000,0.0000,0.0000,3.7200,19.1200
2025-12-09,5234,MR2,MR 2 Drehmomente,0.0000,7.7000,0.0000,23.1300,30.8300
2025-12-09,5236,MR3,MR 3 Messuhren,7.7000,0.0000,0.0000,23.1000,30.8000
2025-12-09,5233,MR4,MR 4 Lohnmessung,0.0000,0.0000,0.0000,7.7000,7.7000
2025-12-09,5239,MR5,MR 5 Bügelmessschrauben,0.0000,0.0000,0.0000,30.0700,30.0700
2025-12-09,5235,MR6,MR 6 Messschieber,23.1000,0.0000,0.0000,12.7000,35.8000
2025-12-09,5232,MR7,MR 7 Lehren,0.0000,7.7000,0.0000,46.2000,53.9000
2025-12-09,5238,MR8,MR 8 Temperatur,0.0000,0.0000,0.0000,7.7000,7.7000
2025-12-09,5237,MR9,MR 9 Elektro BS,0.0000,0.0000,0.0000,12.9200,12.9200
2025-12-09,5225,Packplatz,Packplatz,0.0000,7.7000,0.0000,19.0700,26.7700
2025-12-09,5900,Qualifizierung,Qualifizierung,15.4000,0.0000,0.0000,33.4700,48.8700
2025-12-09,5223,WA,WA BS,0.0000,0.0000,0.0000,15.0500,15.0500
2025-12-09,5222,WE,WE BS,23.1000,0.0000,0.0000,37.9700,61.0700
2025-12-10,5240,AV,Arbeitsvorbereitung BS,0.0000,23.1000,0.0000,44.3200,67.4200
2025-12-10,5231,MR1,MR 1 Endmaße,0.0000,0.0000,0.0000,16.9000,16.9000
2025-12-10,5211,MR11,MR 11 KMG,0.0000,0.0000,0.0000,16.2200,16.2200
2025-12-10,5234,MR2,MR 2 Drehmomente,0.0000,7.7000,0.0000,14.0500,21.7500
2025-12-10,5236,MR3,MR 3 Messuhren,0.0000,0.0000,0.0000,17.3600,17.3600
2025-12-10,5233,MR4,MR 4 Lohnmessung,0.0000,0.0000,0.0000,6.4500,6.4500
2025-12-10,5239,MR5,MR 5 Bügelmessschrauben,0.0000,0.0000,0.0000,29.5200,29.5200
2025-12-10,5235,MR6,MR 6 Messschieber,0.0000,0.0000,0.0000,16.0300,16.0300
2025-12-10,5232,MR7,MR 7 Lehren,0.0000,7.7000,3.8500,36.6600,48.2100
2025-12-10,5238,MR8,MR 8 Temperatur,0.0000,0.0000,0.0000,6.3000,6.3000
2025-12-10,5237,MR9,MR 9 Elektro BS,0.0000,0.0000,0.0000,13.5000,13.5000
2025-12-10,5225,Packplatz,Packplatz,0.0000,15.4000,0.0000,16.9200,32.3200
2025-12-10,5230,Springer,PRÜFER BS,0.0000,0.0000,7.7000,,7.7000
2025-12-10,5900,Qualifizierung,Qualifizierung,0.0000,0.0000,0.0000,107.0900,107.0900
2025-12-10,5223,WA,WA BS,0.0000,0.0000,0.0000,24.2100,24.2100
2025-12-10,5222,WE,WE BS,0.0000,0.0000,0.0000,35.6400,35.6400
2025-12-11,5240,AV,Arbeitsvorbereitung BS,0.0000,7.7000,0.0000,53.4800,61.1800
2025-12-11,5231,MR1,MR 1 Endmaße,0.0000,0.0000,0.0000,19.2200,19.2200
2025-12-11,5211,MR11,MR 11 KMG,0.0000,0.0000,0.0000,19.2300,19.2300
2025-12-11,5214,MR14,MR 14 Waage,0.0000,0.0000,0.0000,1.2300,1.2300
2025-12-11,5234,MR2,MR 2 Drehmomente,0.0000,7.7000,0.0000,23.2200,30.9200
2025-12-11,5236,MR3,MR 3 Messuhren,0.0000,0.0000,0.0000,23.1500,23.1500
2025-12-11,5233,MR4,MR 4 Lohnmessung,0.0000,0.0000,0.0000,7.7000,7.7000
2025-12-11,5239,MR5,MR 5 Bügelmessschrauben,0.0000,0.0000,0.0000,33.8500,33.8500
2025-12-11,5235,MR6,MR 6 Messschieber,0.0000,0.0000,0.0000,23.7000,23.7000
2025-12-11,5232,MR7,MR 7 Lehren,0.0000,7.7000,0.0000,54.3700,62.0700
2025-12-11,5238,MR8,MR 8 Temperatur,0.0000,0.0000,0.0000,4.8800,4.8800
2025-12-11,5237,MR9,MR 9 Elektro BS,0.0000,0.0000,0.0000,15.9200,15.9200
2025-12-11,5225,Packplatz,Packplatz,0.0000,0.0000,0.0000,26.8100,26.8100
2025-12-11,5230,Springer,PRÜFER BS,0.0000,0.0000,7.7000,,7.7000
2025-12-11,5900,Qualifizierung,Qualifizierung,0.0000,0.0000,0.0000,65.9500,65.9500
2025-12-11,5223,WA,WA BS,0.0000,0.0000,0.0000,20.8500,20.8500
2025-12-11,5222,WE,WE BS,0.0000,0.0000,0.0000,54.5400,54.5400
2025-12-12,5240,AV,Arbeitsvorbereitung BS,0.0000,7.7000,0.0000,64.6500,72.3500
2025-12-12,5231,MR1,MR 1 Endmaße,0.0000,0.0000,0.0000,21.4000,21.4000
2025-12-12,5211,MR11,MR 11 KMG,0.0000,0.0000,0.0000,12.5700,12.5700
2025-12-12,5234,MR2,MR 2 Drehmomente,0.0000,7.7000,0.0000,22.7200,30.4200
2025-12-12,5236,MR3,MR 3 Messuhren,0.0000,7.7000,7.7000,15.2700,30.6700
2025-12-12,5233,MR4,MR 4 Lohnmessung,0.0000,0.0000,0.0000,7.2000,7.2000
2025-12-12,5239,MR5,MR 5 Bügelmessschrauben,0.0000,0.0000,7.7000,22.2300,29.9300
2025-12-12,5235,MR6,MR 6 Messschieber,0.0000,0.0000,7.7000,20.4500,28.1500
2025-12-12,5232,MR7,MR 7 Lehren,0.0000,7.7000,0.0000,54.2000,61.9000
2025-12-12,5238,MR8,MR 8 Temperatur,0.0000,0.0000,0.0000,7.7000,7.7000
2025-12-12,5237,MR9,MR 9 Elektro BS,0.0000,0.0000,0.0000,15.4000,15.4000
2025-12-12,5225,Packplatz,Packplatz,0.0000,0.0000,0.0000,28.9600,28.9600
2025-12-12,5230,Springer,PRÜFER BS,0.0000,0.0000,7.7000,,7.7000
2025-12-12,5900,Qualifizierung,Qualifizierung,0.0000,0.0000,0.0000,37.2500,37.2500
2025-12-12,5223,WA,WA BS,0.0000,0.0000,0.0000,16.2200,16.2200
2025-12-12,5222,WE,WE BS,0.0000,0.0000,0.0000,61.3200,61.3200
2025-12-15,5240,AV,Arbeitsvorbereitung BS,0.0000,0.0000,0.0000,61.3500,61.3500
2025-12-15,5231,MR1,MR 1 Endmaße,0.0000,0.0000,0.0000,19.7700,19.7700
2025-12-15,5211,MR11,MR 11 KMG,0.0000,0.0000,0.0000,7.7000,7.7000
2025-12-15,5212,MR12,MR 12 Druck,0.0000,0.0000,0.0000,2.4000,2.4000
2025-12-15,5214,MR14,MR 14 Waage,0.0000,0.0000,0.0000,2.6700,2.6700
2025-12-15,5234,MR2,MR 2 Drehmomente,9.5000,0.0000,0.0000,15.5300,25.0300
2025-12-15,5236,MR3,MR 3 Messuhren,0.0000,0.0000,0.0000,22.9500,22.9500
2025-12-15,5233,MR4,MR 4 Lohnmessung,0.0000,0.0000,0.0000,7.7000,7.7000
2025-12-15,5239,MR5,MR 5 Bügelmessschrauben,0.0000,0.0000,15.4000,27.4500,42.8500
2025-12-15,5235,MR6,MR 6 Messschieber,0.0000,0.0000,7.7000,16.1300,23.8300
2025-12-15,5232,MR7,MR 7 Lehren,0.0000,15.4000,0.0000,46.2000,61.6000
2025-12-15,5238,MR8,MR 8 Temperatur,0.0000,0.0000,0.0000,7.7000,7.7000
2025-12-15,5237,MR9,MR 9 Elektro BS,0.0000,0.0000,0.0000,8.0000,8.0000
2025-12-15,5225,Packplatz,Packplatz,0.0000,0.0000,0.0000,28.9400,28.9400
2025-12-15,5230,Springer,PRÜFER BS,0.0000,0.0000,0.0000,7.7000,7.7000
2025-12-15,5900,Qualifizierung,Qualifizierung,0.0000,0.0000,0.0000,37.0700,37.0700
2025-12-15,5223,WA,WA BS,0.0000,7.7000,0.0000,14.5300,22.2300
2025-12-15,5222,WE,WE BS,0.0000,7.7000,0.0000,48.1700,55.8700
2025-12-16,5240,AV,Arbeitsvorbereitung BS,0.0000,6.0000,0.0000,57.6700,63.6700
2025-12-16,5231,MR1,MR 1 Endmaße,0.0000,0.0000,0.0000,19.1200,19.1200
2025-12-16,5211,MR11,MR 11 KMG,0.0000,0.0000,0.0000,14.0500,14.0500
2025-12-16,5212,MR12,MR 12 Druck,0.0000,0.0000,0.0000,5.5000,5.5000
2025-12-16,5214,MR14,MR 14 Waage,0.0000,0.0000,0.0000,0.4500,0.4500
2025-12-16,5234,MR2,MR 2 Drehmomente,9.0800,0.0000,0.0000,10.1000,19.1800
2025-12-16,5236,MR3,MR 3 Messuhren,0.0000,0.0000,0.0000,23.1700,23.1700
2025-12-16,5233,MR4,MR 4 Lohnmessung,0.0000,0.0000,0.0000,7.7000,7.7000
2025-12-16,5239,MR5,MR 5 Bügelmessschrauben,0.0000,0.0000,7.7000,36.6700,44.3700
2025-12-16,5235,MR6,MR 6 Messschieber,0.0000,0.0000,0.0000,21.4400,21.4400
2025-12-16,5232,MR7,MR 7 Lehren,0.0000,15.4000,0.0000,51.0200,66.4200
2025-12-16,5238,MR8,MR 8 Temperatur,0.0000,0.0000,0.0000,8.8300,8.8300
2025-12-16,5237,MR9,MR 9 Elektro BS,0.0000,0.0000,0.0000,13.2700,13.2700
2025-12-16,5225,Packplatz,Packplatz,0.0000,0.0000,0.0000,29.2700,29.2700
2025-12-16,5230,Springer,PRÜFER BS,0.0000,0.0000,0.0000,7.7000,7.7000
2025-12-16,5900,Qualifizierung,Qualifizierung,0.0000,0.0000,0.0000,43.8400,43.8400
2025-12-16,5223,WA,WA BS,0.0000,7.7000,0.0000,19.3100,27.0100
2025-12-16,5222,WE,WE BS,0.0000,0.0000,0.0000,56.4600,56.4600
2025-12-17,5240,AV,Arbeitsvorbereitung BS,0.0000,6.0000,7.7000,53.5300,67.2300
2025-12-17,5231,MR1,MR 1 Endmaße,0.0000,0.0000,0.0000,21.3800,21.3800
2025-12-17,5211,MR11,MR 11 KMG,0.0000,0.0000,0.0000,15.4000,15.4000
2025-12-17,5212,MR12,MR 12 Druck,0.0000,0.0000,0.0000,7.7000,7.7000
2025-12-17,5214,MR14,MR 14 Waage,0.0000,0.0000,0.0000,0.1800,0.1800
2025-12-17,5234,MR2,MR 2 Drehmomente,9.0000,0.0000,0.0000,15.6800,24.6800
2025-12-17,5236,MR3,MR 3 Messuhren,0.0000,0.0000,0.0000,15.4000,15.4000
2025-12-17,5233,MR4,MR 4 Lohnmessung,0.0000,0.0000,0.0000,7.7000,7.7000
2025-12-17,5239,MR5,MR 5 Bügelmessschrauben,0.0000,0.0000,7.7000,38.2800,45.9800
2025-12-17,5235,MR6,MR 6 Messschieber,0.0000,0.0000,0.0000,24.1200,24.1200
2025-12-17,5232,MR7,MR 7 Lehren,0.0000,15.4000,7.7000,47.2000,70.3000
2025-12-17,5238,MR8,MR 8 Temperatur,0.0000,0.0000,0.0000,7.4300,7.4300
2025-12-17,5237,MR9,MR 9 Elektro BS,0.0000,0.0000,7.7000,7.7000,15.4000
2025-12-17,5225,Packplatz,Packplatz,0.0000,0.0000,0.0000,28.3400,28.3400
2025-12-17,5230,Springer,PRÜFER BS,0.0000,0.0000,0.0000,7.7000,7.7000
2025-12-17,5900,Qualifizierung,Qualifizierung,0.0000,0.0000,0.0000,26.9200,26.9200
2025-12-17,5223,WA,WA BS,0.0000,7.7000,0.0000,21.4500,29.1500
2025-12-17,5222,WE,WE BS,0.0000,0.0000,0.0000,55.8600,55.8600
2025-12-18,5240,AV,Arbeitsvorbereitung BS,0.0000,6.0000,7.7000,56.1100,69.8100
2025-12-18,5231,MR1,MR 1 Endmaße,0.0000,0.0000,0.0000,21.4000,21.4000
2025-12-18,5211,MR11,MR 11 KMG,0.0000,0.0000,0.0000,15.3500,15.3500
2025-12-18,5234,MR2,MR 2 Drehmomente,8.5000,0.0000,0.0000,9.5500,18.0500
2025-12-18,5236,MR3,MR 3 Messuhren,0.0000,0.0000,7.7000,18.7700,26.4700
2025-12-18,5233,MR4,MR 4 Lohnmessung,0.0000,0.0000,0.0000,7.7000,7.7000
2025-12-18,5239,MR5,MR 5 Bügelmessschrauben,0.0000,0.0000,7.7000,33.3600,41.0600
2025-12-18,5235,MR6,MR 6 Messschieber,0.0000,0.0000,7.7000,19.0500,26.7500
2025-12-18,5232,MR7,MR 7 Lehren,0.0000,15.4000,23.1000,34.5200,73.0200
2025-12-18,5238,MR8,MR 8 Temperatur,0.0000,0.0000,7.7000,,7.7000
2025-12-18,5237,MR9,MR 9 Elektro BS,0.0000,0.0000,7.7000,7.7000,15.4000
2025-12-18,5225,Packplatz,Packplatz,0.0000,0.0000,0.0000,28.1600,28.1600
2025-12-18,5230,Springer,PRÜFER BS,0.0000,0.0000,0.0000,7.7000,7.7000
2025-12-18,5900,Qualifizierung,Qualifizierung,0.0000,0.0000,0.0000,31.3500,31.3500
2025-12-18,5223,WA,WA BS,0.0000,7.7000,0.0000,20.9800,28.6800
2025-12-18,5222,WE,WE BS,0.0000,0.0000,0.0000,55.1800,55.1800
2025-12-19,5240,AV,Arbeitsvorbereitung BS,0.0000,6.0000,23.1000,36.0500,65.1500
2025-12-19,5231,MR1,MR 1 Endmaße,0.0000,0.0000,0.0000,18.8000,18.8000
2025-12-19,5211,MR11,MR 11 KMG,0.0000,0.0000,0.0000,14.8300,14.8300
2025-12-19,5214,MR14,MR 14 Waage,0.0000,0.0000,0.0000,0.5800,0.5800
2025-12-19,5234,MR2,MR 2 Drehmomente,0.0000,0.0000,0.0000,15.4000,15.4000
2025-12-19,5236,MR3,MR 3 Messuhren,0.0000,0.0000,7.7000,14.5700,22.2700
2025-12-19,5233,MR4,MR 4 Lohnmessung,0.0000,0.0000,0.0000,7.2000,7.2000
2025-12-19,5239,MR5,MR 5 Bügelmessschrauben,0.0000,0.0000,15.4000,29.1700,44.5700
2025-12-19,5235,MR6,MR 6 Messschieber,0.0000,0.0000,0.0000,20.9900,20.9900
2025-12-19,5232,MR7,MR 7 Lehren,0.0000,15.4000,23.1000,36.2700,74.7700
2025-12-19,5238,MR8,MR 8 Temperatur,0.0000,0.0000,7.7000,,7.7000
2025-12-19,5237,MR9,MR 9 Elektro BS,0.0000,0.0000,7.7000,7.7000,15.4000
2025-12-19,5225,Packplatz,Packplatz,0.0000,0.0000,0.0000,28.5200,28.5200
2025-12-19,5230,Springer,PRÜFER BS,0.0000,0.0000,0.0000,7.7000,7.7000
2025-12-19,5900,Qualifizierung,Qualifizierung,0.0000,0.0000,0.0000,15.9700,15.9700
2025-12-19,5223,WA,WA BS,0.0000,0.0000,0.0000,16.5700,16.5700
2025-12-19,5222,WE,WE BS,0.0000,0.0000,0.0000,56.4500,56.4500
2025-12-22,5240,AV,Arbeitsvorbereitung BS,0.0000,6.0000,28.1000,30.4000,64.5000
2025-12-22,5231,MR1,MR 1 Endmaße,0.0000,0.0000,6.0000,15.4000,21.4000
2025-12-22,5211,MR11,MR 11 KMG,0.0000,0.0000,19.8800,,19.8800
2025-12-22,5234,MR2,MR 2 Drehmomente,0.0000,0.0000,23.1000,15.4000,38.5000
2025-12-22,5236,MR3,MR 3 Messuhren,0.0000,0.0000,15.4000,7.7000,23.1000
2025-12-22,5233,MR4,MR 4 Lohnmessung,0.0000,0.0000,7.7000,,7.7000
2025-12-22,5239,MR5,MR 5 Bügelmessschrauben,0.0000,0.0000,23.1000,15.4000,38.5000
2025-12-22,5235,MR6,MR 6 Messschieber,0.0000,0.0000,12.7000,15.4000,28.1000
2025-12-22,5232,MR7,MR 7 Lehren,0.0000,7.7000,46.2000,15.4000,69.3000
2025-12-22,5238,MR8,MR 8 Temperatur,0.0000,0.0000,7.7000,,7.7000
2025-12-22,5237,MR9,MR 9 Elektro BS,0.0000,0.0000,7.7000,7.7000,15.4000
2025-12-22,5225,Packplatz,Packplatz,0.0000,0.0000,7.7000,19.9500,27.6500
2025-12-22,5230,Springer,PRÜFER BS,0.0000,7.7000,0.0000,7.7000,15.4000
2025-12-22,5900,Qualifizierung,Qualifizierung,0.0000,0.0000,7.7000,7.7000,15.4000
2025-12-22,5223,WA,WA BS,0.0000,0.0000,0.0000,15.3200,15.3200
2025-12-22,5222,WE,WE BS,0.0000,0.0000,15.4000,38.0300,53.4300
2025-12-23,5240,AV,Arbeitsvorbereitung BS,0.0000,6.0000,31.9500,18.2000,56.1500
2025-12-23,5231,MR1,MR 1 Endmaße,0.0000,0.0000,6.0000,14.8500,20.8500
2025-12-23,5211,MR11,MR 11 KMG,0.0000,0.0000,20.1000,,20.1000
2025-12-23,5214,MR14,MR 14 Waage,0.0000,0.0000,0.0000,0.2700,0.2700
2025-12-23,5234,MR2,MR 2 Drehmomente,0.0000,0.0000,23.1000,18.5600,41.6600
2025-12-23,5236,MR3,MR 3 Messuhren,7.7000,0.0000,7.7000,7.0300,22.4300
2025-12-23,5233,MR4,MR 4 Lohnmessung,0.0000,0.0000,7.7000,,7.7000
2025-12-23,5239,MR5,MR 5 Bügelmessschrauben,0.0000,0.0000,23.1000,5.7500,28.8500
2025-12-23,5235,MR6,MR 6 Messschieber,0.0000,0.0000,12.7000,7.4600,20.1600
2025-12-23,5232,MR7,MR 7 Lehren,0.0000,7.7000,53.9000,15.4000,77.0000
2025-12-23,5238,MR8,MR 8 Temperatur,0.0000,0.0000,7.7000,,7.7000
2025-12-23,5237,MR9,MR 9 Elektro BS,0.0000,0.0000,7.7000,7.4000,15.1000
2025-12-23,5225,Packplatz,Packplatz,0.0000,0.0000,7.7000,16.3300,24.0300
2025-12-23,5230,Springer,PRÜFER BS,0.0000,7.7000,0.0000,7.5200,15.2200
2025-12-23,5900,Qualifizierung,Qualifizierung,0.0000,0.0000,7.7000,7.4200,15.1200
2025-12-23,5223,WA,WA BS,0.0000,0.0000,0.0000,8.1500,8.1500
2025-12-23,5222,WE,WE BS,0.0000,0.0000,15.4000,33.7500,49.1500
2025-12-24,5240,AV,Arbeitsvorbereitung BS,0.0000,0.0000,67.6000,,67.6000
2025-12-24,5231,MR1,MR 1 Endmaße,0.0000,0.0000,21.4000,,21.4000
2025-12-24,5211,MR11,MR 11 KMG,0.0000,0.0000,19.4000,,19.4000
2025-12-24,5234,MR2,MR 2 Drehmomente,0.0000,0.0000,38.5000,,38.5000
2025-12-24,5236,MR3,MR 3 Messuhren,0.0000,0.0000,23.1000,,23.1000
2025-12-24,5233,MR4,MR 4 Lohnmessung,0.0000,0.0000,7.7000,,7.7000
2025-12-24,5239,MR5,MR 5 Bügelmessschrauben,0.0000,0.0000,38.5000,,38.5000
2025-12-24,5235,MR6,MR 6 Messschieber,0.0000,0.0000,35.8000,,35.8000
2025-12-24,5232,MR7,MR 7 Lehren,0.0000,0.0000,77.0000,,77.0000
2025-12-24,5238,MR8,MR 8 Temperatur,0.0000,0.0000,7.7000,,7.7000
2025-12-24,5237,MR9,MR 9 Elektro BS,0.0000,0.0000,15.4000,,15.4000
2025-12-24,5225,Packplatz,Packplatz,0.0000,0.0000,29.1000,,29.1000
2025-12-24,5230,Springer,PRÜFER BS,0.0000,7.7000,7.7000,,15.4000
2025-12-24,5900,Qualifizierung,Qualifizierung,0.0000,0.0000,15.4000,,15.4000
2025-12-24,5223,WA,WA BS,0.0000,0.0000,23.1000,,23.1000
2025-12-24,5222,WE,WE BS,0.0000,0.0000,61.6000,,61.6000
2025-12-25,5230,Springer,PRÜFER BS,0.0000,7.7000,0.0000,,7.7000
2025-12-26,5230,Springer,PRÜFER BS,0.0000,7.7000,0.0000,,7.7000
2025-12-29,5240,AV,Arbeitsvorbereitung BS,0.0000,0.0000,72.6000,,72.6000
2025-12-29,5231,MR1,MR 1 Endmaße,0.0000,0.0000,21.4000,,21.4000
2025-12-29,5211,MR11,MR 11 KMG,0.0000,0.0000,19.4000,,19.4000
2025-12-29,5234,MR2,MR 2 Drehmomente,0.0000,7.7000,30.8000,,38.5000
2025-12-29,5236,MR3,MR 3 Messuhren,0.0000,0.0000,23.1000,,23.1000
2025-12-29,5233,MR4,MR 4 Lohnmessung,0.0000,0.0000,7.7000,,7.7000
2025-12-29,5239,MR5,MR 5 Bügelmessschrauben,0.0000,0.0000,30.8000,,30.8000
2025-12-29,5235,MR6,MR 6 Messschieber,0.0000,0.0000,35.8000,,35.8000
2025-12-29,5232,MR7,MR 7 Lehren,0.0000,0.0000,69.3000,,69.3000
2025-12-29,5238,MR8,MR 8 Temperatur,0.0000,0.0000,7.7000,,7.7000
2025-12-29,5237,MR9,MR 9 Elektro BS,0.0000,0.0000,15.4000,,15.4000
2025-12-29,5225,Packplatz,Packplatz,0.0000,0.0000,29.1000,,29.1000
2025-12-29,5230,Springer,PRÜFER BS,0.0000,7.7000,7.7000,,15.4000
2025-12-29,5900,Qualifizierung,Qualifizierung,0.0000,0.0000,15.4000,,15.4000
2025-12-29,5223,WA,WA BS,0.0000,0.0000,23.1000,,23.1000
2025-12-29,5222,WE,WE BS,0.0000,0.0000,61.6000,,61.6000
2025-12-30,5240,AV,Arbeitsvorbereitung BS,0.0000,0.0000,72.6000,,72.6000
2025-12-30,5231,MR1,MR 1 Endmaße,0.0000,0.0000,21.4000,,21.4000
2025-12-30,5211,MR11,MR 11 KMG,0.0000,0.0000,19.4000,,19.4000
2025-12-30,5234,MR2,MR 2 Drehmomente,0.0000,7.7000,30.8000,,38.5000
2025-12-30,5236,MR3,MR 3 Messuhren,0.0000,0.0000,23.1000,,23.1000
2025-12-30,5233,MR4,MR 4 Lohnmessung,0.0000,0.0000,7.7000,,7.7000
2025-12-30,5239,MR5,MR 5 Bügelmessschrauben,0.0000,0.0000,30.8000,,30.8000
2025-12-30,5235,MR6,MR 6 Messschieber,0.0000,0.0000,35.8000,,35.8000
2025-12-30,5232,MR7,MR 7 Lehren,0.0000,0.0000,77.0000,,77.0000
2025-12-30,5238,MR8,MR 8 Temperatur,0.0000,0.0000,7.7000,,7.7000
2025-12-30,5237,MR9,MR 9 Elektro BS,0.0000,0.0000,15.4000,,15.4000
2025-12-30,5225,Packplatz,Packplatz,0.0000,0.0000,29.1000,,29.1000
2025-12-30,5230,Springer,PRÜFER BS,0.0000,7.7000,7.7000,,15.4000
2025-12-30,5900,Qualifizierung,Qualifizierung,0.0000,0.0000,15.4000,,15.4000
2025-12-30,5223,WA,WA BS,0.0000,0.0000,23.1000,,23.1000
2025-12-30,5222,WE,WE BS,0.0000,0.0000,61.6000,,61.6000
2025-12-31,5240,AV,Arbeitsvorbereitung BS,0.0000,0.0000,67.6000,,67.6000
2025-12-31,5231,MR1,MR 1 Endmaße,0.0000,0.0000,21.4000,,21.4000
2025-12-31,5211,MR11,MR 11 KMG,0.0000,0.0000,19.4000,,19.4000
2025-12-31,5234,MR2,MR 2 Drehmomente,0.0000,7.7000,30.8000,,38.5000
2025-12-31,5236,MR3,MR 3 Messuhren,0.0000,0.0000,23.1000,,23.1000
2025-12-31,5233,MR4,MR 4 Lohnmessung,0.0000,0.0000,7.7000,,7.7000
2025-12-31,5239,MR5,MR 5 Bügelmessschrauben,0.0000,0.0000,30.8000,,30.8000
2025-12-31,5235,MR6,MR 6 Messschieber,0.0000,0.0000,35.8000,,35.8000
2025-12-31,5232,MR7,MR 7 Lehren,0.0000,0.0000,77.0000,,77.0000
2025-12-31,5238,MR8,MR 8 Temperatur,0.0000,0.0000,7.7000,,7.7000
2025-12-31,5237,MR9,MR 9 Elektro BS,0.0000,0.0000,15.4000,,15.4000
2025-12-31,5225,Packplatz,Packplatz,0.0000,0.0000,29.1000,,29.1000
2025-12-31,5230,Springer,PRÜFER BS,0.0000,7.7000,7.7000,,15.4000
2025-12-31,5900,Qualifizierung,Qualifizierung,0.0000,0.0000,15.4000,,15.4000
2025-12-31,5223,WA,WA BS,0.0000,0.0000,23.1000,,23.1000
2025-12-31,5222,WE,WE BS,0.0000,0.0000,61.6000,,61.6000
2026-01-01,5234,MR2,MR 2 Drehmomente,0.0000,15.4000,0.0000,,15.4000
2026-01-02,5240,AV,Arbeitsvorbereitung BS,0.0000,0.0000,72.4300,,72.4300
2026-01-02,5231,MR1,MR 1 Endmaße,0.0000,0.0000,29.0300,,29.0300
2026-01-02,5211,MR11,MR 11 KMG,0.0000,0.0000,19.3000,,19.3000
2026-01-02,5234,MR2,MR 2 Drehmomente,0.0000,15.4000,38.4000,,53.8000
2026-01-02,5236,MR3,MR 3 Messuhren,0.0000,0.0000,23.1000,,23.1000
2026-01-02,5233,MR4,MR 4 Lohnmessung,0.0000,0.0000,7.6000,,7.6000
2026-01-02,5239,MR5,MR 5 Bügelmessschrauben,0.0000,0.0000,30.6000,,30.6000
2026-01-02,5235,MR6,MR 6 Messschieber,0.0000,0.0000,30.8000,,30.8000
2026-01-02,5232,MR7,MR 7 Lehren,0.0000,0.0000,69.2000,,69.2000
2026-01-02,5238,MR8,MR 8 Temperatur,0.0000,0.0000,7.7000,,7.7000
2026-01-02,5237,MR9,MR 9 Elektro BS,0.0000,0.0000,30.7000,,30.7000
2026-01-02,5225,Packplatz,Packplatz,0.0000,0.0000,29.1000,,29.1000
2026-01-02,5900,Qualifizierung,Qualifizierung,0.0000,0.0000,23.1000,,23.1000
2026-01-02,5223,WA,WA BS,0.0000,0.0000,15.3000,,15.3000
2026-01-02,5222,WE,WE BS,0.0000,0.0000,61.5000,,61.5000
2026-01-05,5240,AV,Arbeitsvorbereitung BS,0.0000,15.4000,23.1000,36.0600,74.5600
2026-01-05,5231,MR1,MR 1 Endmaße,0.0000,0.0000,0.0000,21.5400,21.5400
2026-01-05,5211,MR11,MR 11 KMG,0.0000,0.0000,0.0000,17.3000,17.3000
2026-01-05,5214,MR14,MR 14 Waage,0.0000,0.0000,0.0000,2.6000,2.6000
2026-01-05,5234,MR2,MR 2 Drehmomente,0.0000,15.4000,15.3000,23.1500,53.8500
2026-01-05,5236,MR3,MR 3 Messuhren,0.0000,0.0000,0.0000,23.1400,23.1400
2026-01-05,5233,MR4,MR 4 Lohnmessung,0.0000,0.0000,0.0000,7.7000,7.7000
2026-01-05,5239,MR5,MR 5 Bügelmessschrauben,0.0000,0.0000,0.0000,31.2100,31.2100
2026-01-05,5235,MR6,MR 6 Messschieber,0.0000,7.7000,7.7000,20.4900,35.8900
2026-01-05,5232,MR7,MR 7 Lehren,0.0000,15.3000,0.0000,45.6200,60.9200
2026-01-05,5238,MR8,MR 8 Temperatur,0.0000,0.0000,0.0000,6.5300,6.5300
2026-01-05,5237,MR9,MR 9 Elektro BS,0.0000,7.7000,0.0000,23.2300,30.9300
2026-01-05,5225,Packplatz,Packplatz,0.0000,0.0000,13.7000,15.4300,29.1300
2026-01-05,5900,Qualifizierung,Qualifizierung,0.0000,0.0000,0.0000,5.9200,5.9200
2026-01-05,5223,WA,WA BS,0.0000,0.0000,7.7000,15.5500,23.2500
2026-01-05,5222,WE,WE BS,0.0000,0.0000,0.0000,58.9400,58.9400
2026-01-06,5240,AV,Arbeitsvorbereitung BS,0.0000,15.4000,15.4000,47.6100,78.4100
2026-01-06,5231,MR1,MR 1 Endmaße,0.0000,0.0000,0.0000,21.4400,21.4400
2026-01-06,5211,MR11,MR 11 KMG,0.0000,0.0000,0.0000,12.2500,12.2500
2026-01-06,5212,MR12,MR 12 Druck,0.0000,0.0000,0.0000,1.1700,1.1700
2026-01-06,5214,MR14,MR 14 Waage,0.0000,0.0000,0.0000,2.0800,2.0800
2026-01-06,5234,MR2,MR 2 Drehmomente,0.0000,15.4000,7.6000,27.3200,50.3200
2026-01-06,5236,MR3,MR 3 Messuhren,0.0000,0.0000,0.0000,24.0100,24.0100
2026-01-06,5233,MR4,MR 4 Lohnmessung,0.0000,0.0000,0.0000,7.7000,7.7000
2026-01-06,5239,MR5,MR 5 Bügelmessschrauben,0.0000,0.0000,0.0000,31.2700,31.2700
2026-01-06,5235,MR6,MR 6 Messschieber,0.0000,7.7000,7.7000,16.0300,31.4300
2026-01-06,5232,MR7,MR 7 Lehren,0.0000,15.3000,0.0000,46.5900,61.8900
2026-01-06,5238,MR8,MR 8 Temperatur,0.0000,7.7000,0.0000,,7.7000
2026-01-06,5237,MR9,MR 9 Elektro BS,0.0000,7.7000,0.0000,23.2300,30.9300
2026-01-06,5225,Packplatz,Packplatz,0.0000,0.0000,13.7000,15.3500,29.0500
2026-01-06,5900,Qualifizierung,Qualifizierung,0.0000,0.0000,0.0000,7.7300,7.7300
2026-01-06,5223,WA,WA BS,0.0000,0.0000,7.7000,15.6300,23.3300
2026-01-06,5222,WE,WE BS,0.0000,0.0000,0.0000,61.9000,61.9000
2026-01-07,5240,AV,Arbeitsvorbereitung BS,0.0000,7.7000,7.7000,57.3500,72.7500
2026-01-07,5231,MR1,MR 1 Endmaße,0.0000,0.0000,0.0000,21.4400,21.4400
2026-01-07,5211,MR11,MR 11 KMG,0.0000,0.0000,0.0000,14.9700,14.9700
2026-01-07,5214,MR14,MR 14 Waage,0.0000,0.0000,0.0000,1.4200,1.4200
2026-01-07,5234,MR2,MR 2 Drehmomente,0.0000,15.4000,7.6000,30.8700,53.8700
2026-01-07,5236,MR3,MR 3 Messuhren,0.0000,0.0000,0.0000,23.3900,23.3900
2026-01-07,5233,MR4,MR 4 Lohnmessung,0.0000,0.0000,0.0000,7.7000,7.7000
2026-01-07,5239,MR5,MR 5 Bügelmessschrauben,0.0000,0.0000,0.0000,28.4300,28.4300
2026-01-07,5235,MR6,MR 6 Messschieber,0.0000,7.7000,7.7000,14.1700,29.5700
2026-01-07,5232,MR7,MR 7 Lehren,0.0000,15.3000,0.0000,46.4600,61.7600
2026-01-07,5238,MR8,MR 8 Temperatur,0.0000,0.0000,0.0000,7.7500,7.7500
2026-01-07,5237,MR9,MR 9 Elektro BS,0.0000,7.7000,0.0000,23.2100,30.9100
2026-01-07,5225,Packplatz,Packplatz,0.0000,0.0000,7.7000,21.4000,29.1000
2026-01-07,5900,Qualifizierung,Qualifizierung,0.0000,0.0000,0.0000,10.6400,10.6400
2026-01-07,5223,WA,WA BS,0.0000,0.0000,7.7000,15.7800,23.4800
2026-01-07,5222,WE,WE BS,0.0000,0.0000,0.0000,61.6200,61.6200
2026-01-08,5240,AV,Arbeitsvorbereitung BS,0.0000,12.7000,7.7000,52.0800,72.4800
2026-01-08,5231,MR1,MR 1 Endmaße,0.0000,7.7000,0.0000,11.3800,19.0800
2026-01-08,5211,MR11,MR 11 KMG,0.0000,0.0000,0.0000,6.8800,6.8800
2026-01-08,5234,MR2,MR 2 Drehmomente,0.0000,7.7000,0.0000,38.6400,46.3400
2026-01-08,5236,MR3,MR 3 Messuhren,0.0000,0.0000,0.0000,23.2800,23.2800
2026-01-08,5233,MR4,MR 4 Lohnmessung,0.0000,0.0000,0.0000,7.7000,7.7000
2026-01-08,5239,MR5,MR 5 Bügelmessschrauben,0.0000,0.0000,0.0000,31.3600,31.3600
2026-01-08,5235,MR6,MR 6 Messschieber,0.0000,7.7000,7.7000,20.2900,35.6900
2026-01-08,5232,MR7,MR 7 Lehren,0.0000,7.7000,0.0000,54.0600,61.7600
2026-01-08,5238,MR8,MR 8 Temperatur,0.0000,0.0000,0.0000,7.7200,7.7200
2026-01-08,5237,MR9,MR 9 Elektro BS,0.0000,23.0000,0.0000,7.7000,30.7000
2026-01-08,5225,Packplatz,Packplatz,0.0000,0.0000,7.7000,20.7700,28.4700
2026-01-08,5900,Qualifizierung,Qualifizierung,0.0000,0.0000,0.0000,17.5700,17.5700
2026-01-08,5223,WA,WA BS,0.0000,0.0000,7.7000,15.0300,22.7300
2026-01-08,5222,WE,WE BS,0.0000,7.7000,0.0000,53.9200,61.6200
2026-01-09,5240,AV,Arbeitsvorbereitung BS,0.0000,12.7000,15.4000,19.6900,47.7900
2026-01-09,5231,MR1,MR 1 Endmaße,0.0000,7.7000,7.7000,0.1800,15.5800
2026-01-09,5211,MR11,MR 11 KMG,0.0000,0.0000,0.0000,6.3700,6.3700
2026-01-09,5234,MR2,MR 2 Drehmomente,0.0000,7.7000,7.7000,18.3300,33.7300
2026-01-09,5236,MR3,MR 3 Messuhren,0.0000,0.0000,26.3700,,26.3700
2026-01-09,5239,MR5,MR 5 Bügelmessschrauben,0.0000,0.0000,0.0000,21.5500,21.5500
2026-01-09,5235,MR6,MR 6 Messschieber,0.0000,7.7000,7.7000,19.2000,34.6000
2026-01-09,5232,MR7,MR 7 Lehren,0.0000,7.7000,15.4000,18.6200,41.7200
2026-01-09,5238,MR8,MR 8 Temperatur,0.0000,0.0000,0.0000,5.3000,5.3000
2026-01-09,5237,MR9,MR 9 Elektro BS,0.0000,15.4000,15.3000,,30.7000
2026-01-09,5225,Packplatz,Packplatz,0.0000,0.0000,21.4000,7.9000,29.3000
2026-01-09,5900,Qualifizierung,Qualifizierung,0.0000,0.0000,7.7000,,7.7000
2026-01-09,5223,WA,WA BS,0.0000,0.0000,7.7000,,7.7000
2026-01-09,5222,WE,WE BS,0.0000,7.7000,23.1000,25.5100,56.3100
2026-01-12,5240,AV,Arbeitsvorbereitung BS,0.0000,13.6200,16.1500,34.2900,64.0600
2026-01-12,5231,MR1,MR 1 Endmaße,0.0000,0.0000,0.0000,6.4300,6.4300
2026-01-12,5211,MR11,MR 11 KMG,0.0000,0.0000,0.0000,16.1100,16.1100
2026-01-12,5234,MR2,MR 2 Drehmomente,0.0000,15.3000,0.0000,38.3700,53.6700
2026-01-12,5236,MR3,MR 3 Messuhren,0.0000,0.0000,7.7000,15.5500,23.2500
2026-01-12,5233,MR4,MR 4 Lohnmessung,0.0000,0.0000,0.0000,7.7000,7.7000
2026-01-12,5239,MR5,MR 5 Bügelmessschrauben,0.0000,0.0000,0.0000,23.1900,23.1900
2026-01-12,5235,MR6,MR 6 Messschieber,0.0000,0.0000,0.0000,23.2300,23.2300
2026-01-12,5232,MR7,MR 7 Lehren,0.0000,0.0000,0.0000,61.6600,61.6600
2026-01-12,5238,MR8,MR 8 Temperatur,0.0000,0.0000,0.0000,4.6800,4.6800
2026-01-12,5237,MR9,MR 9 Elektro BS,0.0000,30.7000,0.0000,,30.7000
2026-01-12,5225,Packplatz,Packplatz,0.0000,0.0000,7.1700,21.2000,28.3700
2026-01-12,5900,Qualifizierung,Qualifizierung,0.0000,0.0000,0.0000,9.0700,9.0700
2026-01-12,5223,WA,WA BS,0.0000,7.6000,0.0000,7.7000,15.3000
2026-01-12,5222,WE,WE BS,0.0000,15.4000,0.0000,46.5200,61.9200
2026-01-13,5240,AV,Arbeitsvorbereitung BS,0.0000,15.4000,0.0000,63.4100,78.8100
2026-01-13,5231,MR1,MR 1 Endmaße,0.0000,0.0000,0.0000,11.5200,11.5200
2026-01-13,5211,MR11,MR 11 KMG,0.0000,0.0000,0.0000,10.7200,10.7200
2026-01-13,5234,MR2,MR 2 Drehmomente,0.0000,15.3000,7.7000,31.3100,54.3100
2026-01-13,5236,MR3,MR 3 Messuhren,0.0000,0.0000,0.0000,23.1600,23.1600
2026-01-13,5233,MR4,MR 4 Lohnmessung,0.0000,0.0000,0.0000,7.7000,7.7000
2026-01-13,5239,MR5,MR 5 Bügelmessschrauben,0.0000,0.0000,0.0000,31.7900,31.7900
2026-01-13,5235,MR6,MR 6 Messschieber,0.0000,0.0000,0.0000,19.6400,19.6400
2026-01-13,5232,MR7,MR 7 Lehren,0.0000,7.7000,0.0000,58.5200,66.2200
2026-01-13,5238,MR8,MR 8 Temperatur,0.0000,7.7000,0.0000,,7.7000
2026-01-13,5237,MR9,MR 9 Elektro BS,0.0000,23.1000,0.0000,7.7000,30.8000
2026-01-13,5225,Packplatz,Packplatz,0.0000,0.0000,7.7500,18.0500,25.8000
2026-01-13,5900,Qualifizierung,Qualifizierung,0.0000,0.0000,0.0000,10.7800,10.7800
2026-01-13,5223,WA,WA BS,0.0000,7.6000,0.0000,8.7200,16.3200
2026-01-13,5222,WE,WE BS,0.0000,15.4000,0.0000,42.0900,57.4900
2026-01-14,5240,AV,Arbeitsvorbereitung BS,0.0000,7.7000,0.0000,59.6300,67.3300
2026-01-14,5231,MR1,MR 1 Endmaße,0.0000,0.0000,0.0000,18.4400,18.4400
2026-01-14,5211,MR11,MR 11 KMG,0.0000,0.0000,0.0000,10.4500,10.4500
2026-01-14,5234,MR2,MR 2 Drehmomente,0.0000,15.3000,0.0000,38.3000,53.6000
2026-01-14,5236,MR3,MR 3 Messuhren,0.0000,0.0000,0.0000,21.2200,21.2200
2026-01-14,5233,MR4,MR 4 Lohnmessung,0.0000,0.0000,0.0000,7.7000,7.7000
2026-01-14,5239,MR5,MR 5 Bügelmessschrauben,0.0000,0.0000,0.0000,38.6200,38.6200
2026-01-14,5235,MR6,MR 6 Messschieber,0.0000,0.0000,0.0000,16.1000,16.1000
2026-01-14,5232,MR7,MR 7 Lehren,0.0000,7.7000,0.0000,57.4400,65.1400
2026-01-14,5238,MR8,MR 8 Temperatur,0.0000,7.7000,0.0000,,7.7000
2026-01-14,5237,MR9,MR 9 Elektro BS,0.0000,23.1000,0.0000,7.7000,30.8000
2026-01-14,5225,Packplatz,Packplatz,0.0000,0.0000,0.0000,28.8400,28.8400
2026-01-14,5900,Qualifizierung,Qualifizierung,0.0000,0.0000,0.0000,13.6200,13.6200
2026-01-14,5223,WA,WA BS,0.0000,7.6000,0.0000,7.7300,15.3300
2026-01-14,5222,WE,WE BS,0.0000,23.1000,0.0000,34.8300,57.9300
2026-01-15,5240,AV,Arbeitsvorbereitung BS,0.0000,7.7000,0.0000,63.9700,71.6700
2026-01-15,5231,MR1,MR 1 Endmaße,0.0000,0.0000,0.0000,19.6000,19.6000
2026-01-15,5211,MR11,MR 11 KMG,0.0000,0.0000,4.0000,7.5500,11.5500
2026-01-15,5212,MR12,MR 12 Druck,0.0000,0.0000,0.0000,6.6800,6.6800
2026-01-15,5214,MR14,MR 14 Waage,0.0000,0.0000,0.0000,1.8700,1.8700
2026-01-15,5234,MR2,MR 2 Drehmomente,0.0000,15.3000,0.0000,32.5500,47.8500
2026-01-15,5236,MR3,MR 3 Messuhren,0.0000,0.0000,0.0000,23.5200,23.5200
2026-01-15,5233,MR4,MR 4 Lohnmessung,0.0000,0.0000,0.0000,7.7000,7.7000
2026-01-15,5239,MR5,MR 5 Bügelmessschrauben,0.0000,0.0000,0.0000,31.3200,31.3200
2026-01-15,5235,MR6,MR 6 Messschieber,0.0000,0.0000,0.0000,14.3500,14.3500
2026-01-15,5232,MR7,MR 7 Lehren,0.0000,7.7000,0.0000,54.2200,61.9200
2026-01-15,5238,MR8,MR 8 Temperatur,0.0000,7.7000,0.0000,,7.7000
2026-01-15,5237,MR9,MR 9 Elektro BS,0.0000,23.1000,0.0000,7.7200,30.8200
2026-01-15,5225,Packplatz,Packplatz,0.0000,0.0000,7.7000,21.2800,28.9800
2026-01-15,5900,Qualifizierung,Qualifizierung,0.0000,0.0000,0.0000,15.5500,15.5500
2026-01-15,5223,WA,WA BS,0.0000,7.6000,0.0000,7.8700,15.4700
2026-01-15,5222,WE,WE BS,0.0000,23.1000,7.7000,40.2000,71.0000
2026-01-16,5240,AV,Arbeitsvorbereitung BS,0.0000,7.7000,0.0000,64.3200,72.0200
2026-01-16,5231,MR1,MR 1 Endmaße,0.0000,0.0000,0.0000,21.2000,21.2000
2026-01-16,5211,MR11,MR 11 KMG,0.0000,7.6000,0.0000,10.9300,18.5300
2026-01-16,5212,MR12,MR 12 Druck,0.0000,0.0000,0.0000,0.8500,0.8500
2026-01-16,5234,MR2,MR 2 Drehmomente,0.0000,15.3000,0.0000,34.4000,49.7000
2026-01-16,5236,MR3,MR 3 Messuhren,0.0000,0.0000,7.7000,15.4700,23.1700
2026-01-16,5233,MR4,MR 4 Lohnmessung,0.0000,0.0000,0.0000,7.7000,7.7000
2026-01-16,5239,MR5,MR 5 Bügelmessschrauben,0.0000,0.0000,0.0000,25.6500,25.6500
2026-01-16,5235,MR6,MR 6 Messschieber,0.0000,0.0000,0.0000,17.2100,17.2100
2026-01-16,5232,MR7,MR 7 Lehren,0.0000,7.7000,0.0000,46.6300,54.3300
2026-01-16,5238,MR8,MR 8 Temperatur,0.0000,7.7000,0.0000,,7.7000
2026-01-16,5237,MR9,MR 9 Elektro BS,0.0000,23.2700,0.0000,7.7000,30.9700
2026-01-16,5225,Packplatz,Packplatz,0.0000,0.0000,7.7000,20.2400,27.9400
2026-01-16,5900,Qualifizierung,Qualifizierung,0.0000,0.0000,0.0000,12.2300,12.2300
2026-01-16,5223,WA,WA BS,0.0000,7.6000,0.0000,1.7300,9.3300
2026-01-16,5222,WE,WE BS,0.0000,23.1000,7.7000,36.7000,67.5000
2026-01-19,5240,AV,Arbeitsvorbereitung BS,0.0000,7.7000,0.0000,65.2800,72.9800
2026-01-19,5231,MR1,MR 1 Endmaße,0.0000,0.0000,0.0000,28.1100,28.1100
2026-01-19,5211,MR11,MR 11 KMG,0.0000,0.0000,0.0000,13.1700,13.1700
2026-01-19,5212,MR12,MR 12 Druck,0.0000,0.0000,0.0000,7.5300,7.5300
2026-01-19,5214,MR14,MR 14 Waage,0.0000,0.0000,0.0000,0.9000,0.9000
2026-01-19,5234,MR2,MR 2 Drehmomente,0.0000,7.7000,0.0000,33.1500,40.8500
2026-01-19,5236,MR3,MR 3 Messuhren,0.0000,0.0000,0.0000,23.1700,23.1700
2026-01-19,5233,MR4,MR 4 Lohnmessung,0.0000,0.0000,0.0000,7.7200,7.7200
2026-01-19,5239,MR5,MR 5 Bügelmessschrauben,0.0000,0.0000,0.0000,27.7900,27.7900
2026-01-19,5235,MR6,MR 6 Messschieber,0.0000,0.0000,0.0000,16.1300,16.1300
2026-01-19,5232,MR7,MR 7 Lehren,0.0000,15.4000,0.0000,46.5000,61.9000
2026-01-19,5238,MR8,MR 8 Temperatur,0.0000,7.7000,0.0000,,7.7000
2026-01-19,5237,MR9,MR 9 Elektro BS,0.0000,0.0000,0.0000,30.8000,30.8000
2026-01-19,5225,Packplatz,Packplatz,0.0000,7.7000,0.0000,21.6300,29.3300
2026-01-19,5900,Qualifizierung,Qualifizierung,0.0000,0.0000,0.0000,23.7200,23.7200
2026-01-19,5223,WA,WA BS,0.0000,7.6000,0.0000,7.7200,15.3200
2026-01-19,5222,WE,WE BS,0.0000,15.4000,0.0000,55.4300,70.8300
2026-01-20,5240,AV,Arbeitsvorbereitung BS,0.0000,7.7000,0.0000,65.2200,72.9200
2026-01-20,5231,MR1,MR 1 Endmaße,0.0000,0.0000,0.0000,23.4500,23.4500
2026-01-20,5211,MR11,MR 11 KMG,0.0000,0.0000,0.0000,10.0300,10.0300
2026-01-20,5212,MR12,MR 12 Druck,0.0000,0.0000,0.0000,7.4800,7.4800
2026-01-20,5214,MR14,MR 14 Waage,0.0000,0.0000,0.0000,0.8000,0.8000
2026-01-20,5234,MR2,MR 2 Drehmomente,0.0000,7.7000,0.0000,31.3200,39.0200
2026-01-20,5236,MR3,MR 3 Messuhren,0.0000,0.0000,0.0000,26.7800,26.7800
2026-01-20,5233,MR4,MR 4 Lohnmessung,0.0000,0.0000,0.0000,7.7000,7.7000
2026-01-20,5239,MR5,MR 5 Bügelmessschrauben,0.0000,0.0000,0.0000,29.1600,29.1600
2026-01-20,5235,MR6,MR 6 Messschieber,0.0000,0.0000,0.0000,18.1200,18.1200
2026-01-20,5232,MR7,MR 7 Lehren,0.0000,7.7000,0.0000,51.9200,59.6200
2026-01-20,5238,MR8,MR 8 Temperatur,0.0000,7.7000,0.0000,,7.7000
2026-01-20,5237,MR9,MR 9 Elektro BS,0.0000,0.0000,0.0000,31.2500,31.2500
2026-01-20,5225,Packplatz,Packplatz,0.0000,7.7000,0.0000,20.8800,28.5800
2026-01-20,5900,Qualifizierung,Qualifizierung,0.0000,0.0000,0.0000,21.3300,21.3300
2026-01-20,5223,WA,WA BS,0.0000,7.6000,0.0000,7.7800,15.3800
2026-01-20,5222,WE,WE BS,0.0000,15.4000,0.0000,54.7100,70.1100
2026-01-21,5240,AV,Arbeitsvorbereitung BS,0.0000,7.7000,0.0000,59.6100,67.3100
2026-01-21,5231,MR1,MR 1 Endmaße,0.0000,0.0000,0.0000,21.5600,21.5600
2026-01-21,5211,MR11,MR 11 KMG,0.0000,0.0000,0.0000,13.3100,13.3100
2026-01-21,5212,MR12,MR 12 Druck,0.0000,0.0000,0.0000,7.6300,7.6300
2026-01-21,5234,MR2,MR 2 Drehmomente,0.0000,7.7000,0.0000,31.2200,38.9200
2026-01-21,5236,MR3,MR 3 Messuhren,0.0000,0.0000,0.0000,25.1800,25.1800
2026-01-21,5233,MR4,MR 4 Lohnmessung,0.0000,0.0000,0.0000,7.7000,7.7000
2026-01-21,5239,MR5,MR 5 Bügelmessschrauben,0.0000,0.0000,0.0000,27.6300,27.6300
2026-01-21,5235,MR6,MR 6 Messschieber,0.0000,0.0000,0.0000,22.3400,22.3400
2026-01-21,5232,MR7,MR 7 Lehren,0.0000,7.7000,0.0000,54.2200,61.9200
2026-01-21,5238,MR8,MR 8 Temperatur,0.0000,7.7000,0.0000,,7.7000
2026-01-21,5237,MR9,MR 9 Elektro BS,0.0000,0.0000,0.0000,30.8200,30.8200
2026-01-21,5225,Packplatz,Packplatz,0.0000,0.0000,0.0000,28.8200,28.8200
2026-01-21,5900,Qualifizierung,Qualifizierung,0.0000,0.0000,0.0000,17.4700,17.4700
2026-01-21,5223,WA,WA BS,0.0000,7.6000,0.0000,7.7200,15.3200
2026-01-21,5222,WE,WE BS,0.0000,15.4000,0.0000,51.7400,67.1400
2026-01-22,5240,AV,Arbeitsvorbereitung BS,0.0000,7.7000,0.0000,64.6300,72.3300
2026-01-22,5231,MR1,MR 1 Endmaße,0.0000,0.0000,0.0000,18.7600,18.7600
2026-01-22,5211,MR11,MR 11 KMG,0.0000,0.0000,0.0000,12.1500,12.1500
2026-01-22,5212,MR12,MR 12 Druck,0.0000,0.0000,0.0000,7.6700,7.6700
2026-01-22,5214,MR14,MR 14 Waage,0.0000,0.0000,0.0000,3.9700,3.9700
2026-01-22,5234,MR2,MR 2 Drehmomente,0.0000,7.7000,0.0000,31.1800,38.8800
2026-01-22,5236,MR3,MR 3 Messuhren,0.0000,0.0000,0.0000,23.3200,23.3200
2026-01-22,5233,MR4,MR 4 Lohnmessung,0.0000,0.0000,0.0000,7.7000,7.7000
2026-01-22,5239,MR5,MR 5 Bügelmessschrauben,0.0000,0.0000,0.0000,34.2600,34.2600
2026-01-22,5235,MR6,MR 6 Messschieber,0.0000,0.0000,0.0000,17.0300,17.0300
2026-01-22,5232,MR7,MR 7 Lehren,0.0000,7.7000,0.0000,54.0300,61.7300
2026-01-22,5238,MR8,MR 8 Temperatur,0.0000,7.7000,0.0000,,7.7000
2026-01-22,5237,MR9,MR 9 Elektro BS,0.0000,0.0000,0.0000,30.9600,30.9600
2026-01-22,5225,Packplatz,Packplatz,0.0000,0.0000,0.0000,28.6400,28.6400
2026-01-22,5900,Qualifizierung,Qualifizierung,0.0000,0.0000,0.0000,18.5200,18.5200
2026-01-22,5223,WA,WA BS,0.0000,0.0000,0.0000,15.5200,15.5200
2026-01-22,5222,WE,WE BS,0.0000,7.7000,7.7000,54.1300,69.5300
2026-01-23,5240,AV,Arbeitsvorbereitung BS,0.0000,7.7000,0.0000,62.6800,70.3800
2026-01-23,5231,MR1,MR 1 Endmaße,0.0000,0.0000,0.0000,22.3400,22.3400
2026-01-23,5211,MR11,MR 11 KMG,0.0000,4.0000,0.0000,4.5200,8.5200
2026-01-23,5212,MR12,MR 12 Druck,0.0000,0.0000,0.0000,6.7800,6.7800
2026-01-23,5214,MR14,MR 14 Waage,0.0000,0.0000,0.0000,7.6200,7.6200
2026-01-23,5234,MR2,MR 2 Drehmomente,0.0000,7.7000,0.0000,17.9600,25.6600
2026-01-23,5236,MR3,MR 3 Messuhren,0.0000,0.0000,0.0000,22.1200,22.1200
2026-01-23,5233,MR4,MR 4 Lohnmessung,0.0000,0.0000,0.0000,6.7000,6.7000
2026-01-23,5239,MR5,MR 5 Bügelmessschrauben,0.0000,0.0000,0.0000,33.2500,33.2500
2026-01-23,5235,MR6,MR 6 Messschieber,0.0000,0.0000,0.0000,11.1800,11.1800
2026-01-23,5232,MR7,MR 7 Lehren,0.0000,7.7000,0.0000,54.0600,61.7600
2026-01-23,5238,MR8,MR 8 Temperatur,0.0000,7.7000,0.0000,,7.7000
2026-01-23,5237,MR9,MR 9 Elektro BS,0.0000,0.0000,0.0000,30.8600,30.8600
2026-01-23,5225,Packplatz,Packplatz,0.0000,0.0000,0.0000,28.0200,28.0200
2026-01-23,5900,Qualifizierung,Qualifizierung,0.0000,0.0000,7.7000,21.9200,29.6200
2026-01-23,5223,WA,WA BS,0.0000,0.0000,0.0000,15.0500,15.0500
2026-01-23,5222,WE,WE BS,0.0000,7.7000,0.0000,53.8000,61.5000
2026-01-26,5240,AV,Arbeitsvorbereitung BS,0.0000,7.7000,0.0000,60.0900,67.7900
2026-01-26,5231,MR1,MR 1 Endmaße,0.0000,0.0000,0.0000,21.6400,21.6400
2026-01-26,5211,MR11,MR 11 KMG,0.0000,0.0000,0.0000,8.6100,8.6100
2026-01-26,5214,MR14,MR 14 Waage,0.0000,0.0000,0.0000,7.6700,7.6700
2026-01-26,5234,MR2,MR 2 Drehmomente,0.0000,0.0000,0.0000,38.3500,38.3500
2026-01-26,5236,MR3,MR 3 Messuhren,0.0000,0.0000,0.0000,31.2500,31.2500
2026-01-26,5233,MR4,MR 4 Lohnmessung,0.0000,0.0000,0.0000,7.7000,7.7000
2026-01-26,5239,MR5,MR 5 Bügelmessschrauben,0.0000,0.0000,0.0000,27.6900,27.6900
2026-01-26,5235,MR6,MR 6 Messschieber,0.0000,0.0000,0.0000,15.4000,15.4000
2026-01-26,5232,MR7,MR 7 Lehren,0.0000,7.7000,0.0000,53.5300,61.2300
2026-01-26,5238,MR8,MR 8 Temperatur,0.0000,7.7000,0.0000,,7.7000
2026-01-26,5237,MR9,MR 9 Elektro BS,0.0000,0.0000,0.0000,30.8600,30.8600
2026-01-26,5225,Packplatz,Packplatz,0.0000,7.7000,0.0000,25.1500,32.8500
2026-01-26,5900,Qualifizierung,Qualifizierung,0.0000,0.0000,0.0000,21.8100,21.8100
2026-01-26,5223,WA,WA BS,0.0000,0.0000,0.0000,14.7200,14.7200
2026-01-26,5222,WE,WE BS,0.0000,7.7000,7.7000,46.6300,62.0300
2026-01-27,5240,AV,Arbeitsvorbereitung BS,0.0000,0.0000,3.9500,64.2300,68.1800
2026-01-27,5231,MR1,MR 1 Endmaße,0.0000,0.0000,0.0000,29.5300,29.5300
2026-01-27,5211,MR11,MR 11 KMG,0.0000,0.0000,0.0000,14.6400,14.6400
2026-01-27,5234,MR2,MR 2 Drehmomente,0.0000,0.0000,0.0000,46.3900,46.3900
2026-01-27,5236,MR3,MR 3 Messuhren,0.0000,0.0000,0.0000,23.2000,23.2000
2026-01-27,5233,MR4,MR 4 Lohnmessung,0.0000,0.0000,0.0000,1.2800,1.2800
2026-01-27,5239,MR5,MR 5 Bügelmessschrauben,0.0000,7.6000,0.0000,18.9300,26.5300
2026-01-27,5235,MR6,MR 6 Messschieber,0.0000,0.0000,0.0000,22.1700,22.1700
2026-01-27,5232,MR7,MR 7 Lehren,0.0000,7.7000,0.0000,54.0700,61.7700
2026-01-27,5238,MR8,MR 8 Temperatur,0.0000,7.7000,0.0000,5.9300,13.6300
2026-01-27,5237,MR9,MR 9 Elektro BS,0.0000,0.0000,0.0000,23.9100,23.9100
2026-01-27,5225,Packplatz,Packplatz,0.0000,7.7000,3.7200,20.9300,32.3500
2026-01-27,5900,Qualifizierung,Qualifizierung,0.0000,0.0000,0.0000,26.6400,26.6400
2026-01-27,5223,WA,WA BS,0.0000,0.0000,0.0000,18.0000,18.0000
2026-01-27,5222,WE,WE BS,0.0000,7.7000,7.7000,52.1400,67.5400
2026-01-28,5240,AV,Arbeitsvorbereitung BS,0.0000,7.7000,0.0000,60.6500,68.3500
2026-01-28,5231,MR1,MR 1 Endmaße,0.0000,0.0000,0.0000,26.4600,26.4600
2026-01-28,5211,MR11,MR 11 KMG,0.0000,0.0000,0.0000,14.3700,14.3700
2026-01-28,5214,MR14,MR 14 Waage,0.0000,0.0000,0.0000,7.7700,7.7700
2026-01-28,5234,MR2,MR 2 Drehmomente,0.0000,0.0000,0.0000,38.1100,38.1100
2026-01-28,5236,MR3,MR 3 Messuhren,0.0000,0.0000,0.0000,18.9000,18.9000
2026-01-28,5233,MR4,MR 4 Lohnmessung,0.0000,0.0000,0.0000,3.6300,3.6300
2026-01-28,5239,MR5,MR 5 Bügelmessschrauben,0.0000,7.6000,0.0000,24.0400,31.6400
2026-01-28,5235,MR6,MR 6 Messschieber,0.0000,0.0000,0.0000,9.1000,9.1000
2026-01-28,5232,MR7,MR 7 Lehren,0.0000,7.7000,0.0000,54.1800,61.8800
2026-01-28,5238,MR8,MR 8 Temperatur,0.0000,7.7000,0.0000,6.4500,14.1500
2026-01-28,5237,MR9,MR 9 Elektro BS,0.0000,0.0000,0.0000,24.3600,24.3600
2026-01-28,5225,Packplatz,Packplatz,0.0000,0.0000,0.0000,29.0800,29.0800
2026-01-28,5900,Qualifizierung,Qualifizierung,0.0000,0.0000,0.0000,39.6200,39.6200
2026-01-28,5223,WA,WA BS,0.0000,0.0000,0.0000,22.4600,22.4600
2026-01-28,5222,WE,WE BS,0.0000,7.7000,7.7000,39.6700,55.0700
2026-01-29,5240,AV,Arbeitsvorbereitung BS,0.0000,7.7000,7.7000,58.6200,74.0200
2026-01-29,5231,MR1,MR 1 Endmaße,0.0000,0.0000,0.0000,22.5900,22.5900
2026-01-29,5211,MR11,MR 11 KMG,0.0000,0.0000,0.0000,18.6900,18.6900
2026-01-29,5234,MR2,MR 2 Drehmomente,0.0000,0.0000,0.0000,36.0700,36.0700
2026-01-29,5236,MR3,MR 3 Messuhren,0.0000,0.0000,0.0000,15.5300,15.5300
2026-01-29,5239,MR5,MR 5 Bügelmessschrauben,0.0000,7.6000,0.0000,23.1700,30.7700
2026-01-29,5235,MR6,MR 6 Messschieber,0.0000,0.0000,0.0000,19.0300,19.0300
2026-01-29,5232,MR7,MR 7 Lehren,0.0000,7.7000,0.0000,54.1400,61.8400
2026-01-29,5238,MR8,MR 8 Temperatur,0.0000,7.7000,0.0000,2.0500,9.7500
2026-01-29,5237,MR9,MR 9 Elektro BS,0.0000,0.0000,0.0000,26.0200,26.0200
2026-01-29,5225,Packplatz,Packplatz,0.0000,0.0000,7.7000,21.2000,28.9000
2026-01-29,5900,Qualifizierung,Qualifizierung,0.0000,0.0000,0.0000,53.0600,53.0600
2026-01-29,5223,WA,WA BS,0.0000,7.6000,0.0000,10.6000,18.2000
2026-01-29,5222,WE,WE BS,0.0000,7.7000,7.7000,45.3400,60.7400
2026-01-30,5240,AV,Arbeitsvorbereitung BS,0.0000,7.7000,7.7000,61.7300,77.1300
2026-01-30,5231,MR1,MR 1 Endmaße,0.0000,0.0000,0.0000,15.6700,15.6700
2026-01-30,5211,MR11,MR 11 KMG,0.0000,0.0000,4.0000,8.5700,12.5700
2026-01-30,5214,MR14,MR 14 Waage,0.0000,0.0000,0.0000,1.0000,1.0000
2026-01-30,5234,MR2,MR 2 Drehmomente,0.0000,0.0000,0.0000,29.1000,29.1000
2026-01-30,5236,MR3,MR 3 Messuhren,0.0000,0.0000,0.0000,15.4000,15.4000
2026-01-30,5233,MR4,MR 4 Lohnmessung,0.0000,0.0000,0.0000,7.7000,7.7000
2026-01-30,5239,MR5,MR 5 Bügelmessschrauben,0.0000,7.6000,0.0000,12.8000,20.4000
2026-01-30,5235,MR6,MR 6 Messschieber,0.0000,0.0000,0.0000,14.9100,14.9100
2026-01-30,5232,MR7,MR 7 Lehren,0.0000,7.7000,0.0000,46.5800,54.2800
2026-01-30,5238,MR8,MR 8 Temperatur,0.0000,7.7000,0.0000,4.8500,12.5500
2026-01-30,5237,MR9,MR 9 Elektro BS,0.0000,0.0000,0.0000,25.7600,25.7600
2026-01-30,5225,Packplatz,Packplatz,0.0000,0.0000,0.0000,28.7700,28.7700
2026-01-30,5900,Qualifizierung,Qualifizierung,0.0000,0.0000,0.0000,62.0400,62.0400
2026-01-30,5223,WA,WA BS,0.0000,7.6000,0.0000,7.2700,14.8700
2026-01-30,5222,WE,WE BS,0.0000,7.7000,7.7000,46.5400,61.9400
2026-02-02,5240,AV,Arbeitsvorbereitung BS,0.0000,13.6200,0.0000,59.7500,73.3700
2026-02-02,5231,MR1,MR 1 Endmaße,0.0000,0.0000,0.0000,20.8800,20.8800
2026-02-02,5211,MR11,MR 11 KMG,0.0000,0.0000,7.7000,11.8400,19.5400
2026-02-02,5212,MR12,MR 12 Druck,0.0000,0.0000,0.0000,7.3200,7.3200
2026-02-02,5214,MR14,MR 14 Waage,0.0000,0.0000,0.0000,7.2000,7.2000
2026-02-02,5234,MR2,MR 2 Drehmomente,0.0000,7.7000,0.0000,24.3300,32.0300
2026-02-02,5236,MR3,MR 3 Messuhren,0.0000,0.0000,7.7000,7.7800,15.4800
2026-02-02,5233,MR4,MR 4 Lohnmessung,0.0000,0.0000,0.0000,7.7000,7.7000
2026-02-02,5239,MR5,MR 5 Bügelmessschrauben,0.0000,0.0000,0.0000,43.3900,43.3900
2026-02-02,5235,MR6,MR 6 Messschieber,0.0000,0.0000,0.0000,23.4400,23.4400
2026-02-02,5232,MR7,MR 7 Lehren,0.0000,7.7000,0.0000,47.1200,54.8200
2026-02-02,5238,MR8,MR 8 Temperatur,0.0000,7.7000,0.0000,7.6300,15.3300
2026-02-02,5237,MR9,MR 9 Elektro BS,0.0000,0.0000,0.0000,15.9200,15.9200
2026-02-02,5225,Packplatz,Packplatz,0.0000,6.0000,0.0000,23.1200,29.1200
2026-02-02,5900,Qualifizierung,Qualifizierung,0.0000,0.0000,0.0000,34.0000,34.0000
2026-02-02,5223,WA,WA BS,0.0000,0.0000,0.0000,15.8800,15.8800
2026-02-02,5222,WE,WE BS,0.0000,0.0000,7.7000,54.0100,61.7100
2026-02-03,5240,AV,Arbeitsvorbereitung BS,0.0000,29.0200,0.0000,46.0700,75.0900
2026-02-03,5231,MR1,MR 1 Endmaße,0.0000,0.0000,0.0000,17.1800,17.1800
2026-02-03,5211,MR11,MR 11 KMG,0.0000,4.0000,7.7000,5.3500,17.0500
2026-02-03,5214,MR14,MR 14 Waage,0.0000,0.0000,0.0000,6.6000,6.6000
2026-02-03,5234,MR2,MR 2 Drehmomente,0.0000,7.7000,0.0000,29.5900,37.2900
2026-02-03,5236,MR3,MR 3 Messuhren,0.0000,0.0000,7.7000,7.9300,15.6300
2026-02-03,5233,MR4,MR 4 Lohnmessung,0.0000,0.0000,0.0000,7.7000,7.7000
2026-02-03,5239,MR5,MR 5 Bügelmessschrauben,0.0000,0.0000,0.0000,38.9900,38.9900
2026-02-03,5235,MR6,MR 6 Messschieber,0.0000,0.0000,0.0000,23.0900,23.0900
2026-02-03,5232,MR7,MR 7 Lehren,0.0000,7.7000,0.0000,50.5500,58.2500
2026-02-03,5238,MR8,MR 8 Temperatur,0.0000,7.7000,0.0000,3.1300,10.8300
2026-02-03,5237,MR9,MR 9 Elektro BS,0.0000,0.0000,0.0000,16.5400,16.5400
2026-02-03,5225,Packplatz,Packplatz,0.0000,6.0000,7.8200,16.6800,30.5000
2026-02-03,5900,Qualifizierung,Qualifizierung,0.0000,0.0000,0.0000,39.3100,39.3100
2026-02-03,5223,WA,WA BS,0.0000,0.0000,0.0000,15.7200,15.7200
2026-02-03,5222,WE,WE BS,0.0000,7.7000,0.0000,54.2300,61.9300
2026-02-04,5240,AV,Arbeitsvorbereitung BS,0.0000,29.0200,0.0000,43.9000,72.9200
2026-02-04,5231,MR1,MR 1 Endmaße,0.0000,0.0000,0.0000,15.9700,15.9700
2026-02-04,5211,MR11,MR 11 KMG,0.0000,4.0000,0.0000,8.3100,12.3100
2026-02-04,5234,MR2,MR 2 Drehmomente,0.0000,7.7000,0.0000,31.4200,39.1200
2026-02-04,5236,MR3,MR 3 Messuhren,0.0000,0.0000,7.7000,10.4500,18.1500
2026-02-04,5233,MR4,MR 4 Lohnmessung,0.0000,0.0000,0.0000,7.7000,7.7000
2026-02-04,5239,MR5,MR 5 Bügelmessschrauben,0.0000,7.7000,0.0000,37.4200,45.1200
2026-02-04,5235,MR6,MR 6 Messschieber,0.0000,0.0000,0.0000,23.1500,23.1500
2026-02-04,5232,MR7,MR 7 Lehren,0.0000,7.7000,0.0000,39.2000,46.9000
2026-02-04,5238,MR8,MR 8 Temperatur,0.0000,7.7000,0.0000,7.7700,15.4700
2026-02-04,5237,MR9,MR 9 Elektro BS,0.0000,0.0000,0.0000,23.3900,23.3900
2026-02-04,5225,Packplatz,Packplatz,0.0000,6.0000,0.0000,21.8500,27.8500
2026-02-04,5900,Qualifizierung,Qualifizierung,0.0000,0.0000,0.0000,42.4700,42.4700
2026-02-04,5223,WA,WA BS,0.0000,0.0000,0.0000,22.7800,22.7800
2026-02-04,5222,WE,WE BS,0.0000,7.7000,0.0000,46.7500,54.4500
2026-02-05,5240,AV,Arbeitsvorbereitung BS,0.0000,29.0200,0.0000,47.6000,76.6200
2026-02-05,5231,MR1,MR 1 Endmaße,0.0000,0.0000,0.0000,16.0900,16.0900
2026-02-05,5211,MR11,MR 11 KMG,0.0000,4.0000,5.0500,7.9500,17.0000
2026-02-05,5234,MR2,MR 2 Drehmomente,0.0000,7.7000,0.0000,27.8700,35.5700
2026-02-05,5236,MR3,MR 3 Messuhren,0.0000,0.0000,7.7000,8.4700,16.1700
2026-02-05,5233,MR4,MR 4 Lohnmessung,0.0000,0.0000,0.0000,7.7000,7.7000
2026-02-05,5239,MR5,MR 5 Bügelmessschrauben,0.0000,7.7000,0.0000,28.8800,36.5800
2026-02-05,5235,MR6,MR 6 Messschieber,0.0000,0.0000,0.0000,23.1400,23.1400
2026-02-05,5232,MR7,MR 7 Lehren,0.0000,7.7000,0.0000,41.4500,49.1500
2026-02-05,5238,MR8,MR 8 Temperatur,0.0000,7.7000,0.0000,3.0100,10.7100
2026-02-05,5237,MR9,MR 9 Elektro BS,0.0000,0.0000,0.0000,23.1900,23.1900
2026-02-05,5225,Packplatz,Packplatz,0.0000,6.0000,7.7000,16.0800,29.7800
2026-02-05,5900,Qualifizierung,Qualifizierung,0.0000,0.0000,3.8800,47.6100,51.4900
2026-02-05,5223,WA,WA BS,0.0000,7.6000,0.0000,14.8500,22.4500
2026-02-05,5222,WE,WE BS,0.0000,7.7000,0.0000,46.9400,54.6400
2026-02-06,5240,AV,Arbeitsvorbereitung BS,0.0000,29.0300,0.0000,45.3000,74.3300
2026-02-06,5231,MR1,MR 1 Endmaße,0.0000,0.0000,0.0000,16.9800,16.9800
2026-02-06,5211,MR11,MR 11 KMG,0.0000,4.0000,0.0000,13.7000,17.7000
2026-02-06,5234,MR2,MR 2 Drehmomente,0.0000,15.4000,7.7000,22.1400,45.2400
2026-02-06,5236,MR3,MR 3 Messuhren,0.0000,0.0000,7.7000,13.6500,21.3500
2026-02-06,5233,MR4,MR 4 Lohnmessung,0.0000,0.0000,0.0000,6.7000,6.7000
2026-02-06,5239,MR5,MR 5 Bügelmessschrauben,0.0000,7.7000,0.0000,21.3700,29.0700
2026-02-06,5235,MR6,MR 6 Messschieber,0.0000,0.0000,0.0000,23.2600,23.2600
2026-02-06,5232,MR7,MR 7 Lehren,0.0000,7.7000,0.0000,47.9700,55.6700
2026-02-06,5238,MR8,MR 8 Temperatur,0.0000,7.7000,0.0000,7.8300,15.5300
2026-02-06,5237,MR9,MR 9 Elektro BS,0.0000,0.0000,0.0000,23.2000,23.2000
2026-02-06,5225,Packplatz,Packplatz,0.0000,6.0000,7.7000,14.5000,28.2000
2026-02-06,5900,Qualifizierung,Qualifizierung,0.0000,0.0000,0.0000,31.6900,31.6900
2026-02-06,5223,WA,WA BS,0.0000,0.0000,0.0000,8.2300,8.2300
2026-02-06,5222,WE,WE BS,0.0000,7.7000,0.0000,51.5800,59.2800
2026-02-09,5240,AV,Arbeitsvorbereitung BS,0.0000,7.7000,0.0000,60.7200,68.4200
2026-02-09,5231,MR1,MR 1 Endmaße,0.0000,0.0000,0.0000,15.7500,15.7500
2026-02-09,5211,MR11,MR 11 KMG,0.0000,4.0000,0.0000,14.8500,18.8500
2026-02-09,5212,MR12,MR 12 Druck,0.0000,0.0000,0.0000,7.5300,7.5300
2026-02-09,5234,MR2,MR 2 Drehmomente,0.0000,0.0000,7.7000,29.5300,37.2300
2026-02-09,5236,MR3,MR 3 Messuhren,0.0000,0.0000,0.0000,15.4700,15.4700
2026-02-09,5233,MR4,MR 4 Lohnmessung,0.0000,0.0000,0.0000,7.7000,7.7000
2026-02-09,5239,MR5,MR 5 Bügelmessschrauben,0.0000,0.0000,0.0000,32.1800,32.1800
2026-02-09,5235,MR6,MR 6 Messschieber,0.0000,0.0000,0.0000,22.6300,22.6300
2026-02-09,5232,MR7,MR 7 Lehren,0.0000,0.0000,0.0000,59.9000,59.9000
2026-02-09,5238,MR8,MR 8 Temperatur,0.0000,7.7000,0.0000,7.7800,15.4800
2026-02-09,5237,MR9,MR 9 Elektro BS,0.0000,0.0000,0.0000,23.0600,23.0600
2026-02-09,5225,Packplatz,Packplatz,0.0000,0.0000,0.0000,28.1100,28.1100
2026-02-09,5900,Qualifizierung,Qualifizierung,0.0000,0.0000,0.0000,31.6400,31.6400
2026-02-09,5223,WA,WA BS,0.0000,7.6000,0.0000,21.0500,28.6500
2026-02-09,5222,WE,WE BS,0.0000,7.7000,0.0000,53.9700,61.6700
2026-02-10,5240,AV,Arbeitsvorbereitung BS,0.0000,7.7000,0.0000,65.5600,73.2600
2026-02-10,5231,MR1,MR 1 Endmaße,0.0000,0.0000,0.0000,11.8600,11.8600
2026-02-10,5211,MR11,MR 11 KMG,0.0000,19.3000,0.0000,7.2200,26.5200
2026-02-10,5212,MR12,MR 12 Druck,0.0000,0.0000,0.0000,7.7000,7.7000
2026-02-10,5214,MR14,MR 14 Waage,0.0000,0.0000,0.0000,7.0800,7.0800
2026-02-10,5234,MR2,MR 2 Drehmomente,0.0000,0.0000,7.7000,31.9000,39.6000
2026-02-10,5236,MR3,MR 3 Messuhren,0.0000,0.0000,0.0000,23.4800,23.4800
2026-02-10,5233,MR4,MR 4 Lohnmessung,0.0000,0.0000,0.0000,7.7000,7.7000
2026-02-10,5239,MR5,MR 5 Bügelmessschrauben,0.0000,0.0000,0.0000,25.2300,25.2300
2026-02-10,5235,MR6,MR 6 Messschieber,0.0000,0.0000,0.0000,22.7800,22.7800
2026-02-10,5232,MR7,MR 7 Lehren,0.0000,0.0000,0.0000,52.3300,52.3300
2026-02-10,5238,MR8,MR 8 Temperatur,0.0000,7.7000,0.0000,7.2200,14.9200
2026-02-10,5237,MR9,MR 9 Elektro BS,0.0000,0.0000,0.0000,16.0700,16.0700
2026-02-10,5225,Packplatz,Packplatz,0.0000,0.0000,0.0000,27.7200,27.7200
2026-02-10,5900,Qualifizierung,Qualifizierung,0.0000,0.0000,0.0000,30.2100,30.2100
2026-02-10,5223,WA,WA BS,0.0000,7.6000,0.0000,15.3200,22.9200
2026-02-10,5222,WE,WE BS,0.0000,7.7000,0.0000,54.0500,61.7500
2026-02-11,5240,AV,Arbeitsvorbereitung BS,0.0000,7.7000,0.0000,43.4200,51.1200
2026-02-11,5231,MR1,MR 1 Endmaße,0.0000,0.0000,0.0000,13.0700,13.0700
2026-02-11,5211,MR11,MR 11 KMG,0.0000,19.3000,0.0000,5.9500,25.2500
2026-02-11,5234,MR2,MR 2 Drehmomente,0.0000,0.0000,7.7000,19.4300,27.1300
2026-02-11,5236,MR3,MR 3 Messuhren,0.0000,0.0000,0.0000,26.4900,26.4900
2026-02-11,5239,MR5,MR 5 Bügelmessschrauben,0.0000,0.0000,0.0000,22.8700,22.8700
2026-02-11,5235,MR6,MR 6 Messschieber,0.0000,0.0000,0.0000,17.6900,17.6900
2026-02-11,5232,MR7,MR 7 Lehren,0.0000,0.0000,0.0000,41.4200,41.4200
2026-02-11,5238,MR8,MR 8 Temperatur,0.0000,7.7000,0.0000,5.2800,12.9800
2026-02-11,5237,MR9,MR 9 Elektro BS,0.0000,0.0000,0.0000,20.5800,20.5800
2026-02-11,5225,Packplatz,Packplatz,0.0000,4.6500,0.0000,22.9700,27.6200
2026-02-11,5900,Qualifizierung,Qualifizierung,0.0000,0.0000,0.0000,130.1400,130.1400
2026-02-11,5223,WA,WA BS,0.0000,10.6500,0.0000,8.2200,18.8700
2026-02-11,5222,WE,WE BS,0.0000,7.7000,0.0000,41.5700,49.2700
2026-02-12,5240,AV,Arbeitsvorbereitung BS,0.0000,7.7000,0.0000,60.4000,68.1000
2026-02-12,5231,MR1,MR 1 Endmaße,0.0000,0.0000,0.0000,22.2700,22.2700
2026-02-12,5211,MR11,MR 11 KMG,0.0000,19.3000,0.0000,,19.3000
2026-02-12,5214,MR14,MR 14 Waage,0.0000,0.0000,0.0000,5.5000,5.5000
2026-02-12,5234,MR2,MR 2 Drehmomente,0.0000,0.0000,7.7000,34.1900,41.8900
2026-02-12,5236,MR3,MR 3 Messuhren,0.0000,7.7000,0.0000,25.9900,33.6900
2026-02-12,5233,MR4,MR 4 Lohnmessung,0.0000,0.0000,0.0000,7.7000,7.7000
2026-02-12,5239,MR5,MR 5 Bügelmessschrauben,0.0000,0.0000,0.0000,28.9600,28.9600
2026-02-12,5235,MR6,MR 6 Messschieber,0.0000,0.0000,0.0000,19.7300,19.7300
2026-02-12,5232,MR7,MR 7 Lehren,0.0000,0.0000,0.0000,54.1700,54.1700
2026-02-12,5238,MR8,MR 8 Temperatur,0.0000,7.7000,0.0000,7.9200,15.6200
2026-02-12,5237,MR9,MR 9 Elektro BS,0.0000,0.0000,7.7000,11.5000,19.2000
2026-02-12,5225,Packplatz,Packplatz,0.0000,7.7000,0.0000,24.5700,32.2700
2026-02-12,5900,Qualifizierung,Qualifizierung,0.0000,0.0000,0.0000,27.4700,27.4700
2026-02-12,5223,WA,WA BS,0.0000,7.6000,0.0000,11.3800,18.9800
2026-02-12,5222,WE,WE BS,0.0000,0.0000,0.0000,55.1500,55.1500
2026-02-13,5240,AV,Arbeitsvorbereitung BS,0.0000,0.0000,8.0300,52.3300,60.3600
2026-02-13,5231,MR1,MR 1 Endmaße,0.0000,0.0000,0.0000,19.2000,19.2000
2026-02-13,5211,MR11,MR 11 KMG,0.0000,19.3000,0.0000,1.7300,21.0300
2026-02-13,5212,MR12,MR 12 Druck,0.0000,0.0000,0.0000,5.5000,5.5000
2026-02-13,5214,MR14,MR 14 Waage,0.0000,0.0000,0.0000,2.4500,2.4500
2026-02-13,5234,MR2,MR 2 Drehmomente,0.0000,0.0000,7.7000,23.9100,31.6100
2026-02-13,5236,MR3,MR 3 Messuhren,0.0000,7.7000,0.0000,18.1400,25.8400
2026-02-13,5233,MR4,MR 4 Lohnmessung,0.0000,0.0000,0.0000,7.6700,7.6700
2026-02-13,5239,MR5,MR 5 Bügelmessschrauben,0.0000,0.0000,0.0000,27.4300,27.4300
2026-02-13,5235,MR6,MR 6 Messschieber,0.0000,0.0000,7.7000,19.6500,27.3500
2026-02-13,5232,MR7,MR 7 Lehren,0.0000,0.0000,0.0000,50.1200,50.1200
2026-02-13,5238,MR8,MR 8 Temperatur,0.0000,7.7000,0.0000,7.3900,15.0900
2026-02-13,5237,MR9,MR 9 Elektro BS,0.0000,0.0000,0.0000,23.0700,23.0700
2026-02-13,5225,Packplatz,Packplatz,0.0000,7.7000,0.0000,27.4200,35.1200
2026-02-13,5900,Qualifizierung,Qualifizierung,0.0000,0.0000,0.0000,28.7900,28.7900
2026-02-13,5223,WA,WA BS,0.0000,0.0000,0.0000,13.5000,13.5000
2026-02-13,5222,WE,WE BS,0.0000,0.0000,0.0000,57.6300,57.6300
2026-02-16,5240,AV,Arbeitsvorbereitung BS,0.0000,7.7000,0.0000,64.6500,72.3500
2026-02-16,5231,MR1,MR 1 Endmaße,0.0000,0.0000,0.0000,21.7800,21.7800
2026-02-16,5211,MR11,MR 11 KMG,0.0000,7.7000,0.0000,16.9800,24.6800
2026-02-16,5234,MR2,MR 2 Drehmomente,0.0000,0.0000,0.0000,26.6900,26.6900
2026-02-16,5236,MR3,MR 3 Messuhren,0.0000,7.7000,0.0000,18.7000,26.4000
2026-02-16,5233,MR4,MR 4 Lohnmessung,0.0000,0.0000,0.0000,7.7000,7.7000
2026-02-16,5239,MR5,MR 5 Bügelmessschrauben,0.0000,0.0000,0.0000,29.7800,29.7800
2026-02-16,5235,MR6,MR 6 Messschieber,0.0000,0.0000,15.4000,22.0300,37.4300
2026-02-16,5232,MR7,MR 7 Lehren,0.0000,0.0000,7.7000,45.6600,53.3600
2026-02-16,5238,MR8,MR 8 Temperatur,0.0000,7.7000,0.0000,0.1500,7.8500
2026-02-16,5237,MR9,MR 9 Elektro BS,0.0000,0.0000,0.0000,23.5700,23.5700
2026-02-16,5225,Packplatz,Packplatz,0.0000,0.0000,0.0000,29.1100,29.1100
2026-02-16,5900,Qualifizierung,Qualifizierung,0.0000,0.0000,0.0000,30.8000,30.8000
2026-02-16,5223,WA,WA BS,0.0000,0.0000,0.0000,16.3200,16.3200
2026-02-16,5222,WE,WE BS,0.0000,0.0000,0.0000,59.5700,59.5700
2026-02-17,5240,AV,Arbeitsvorbereitung BS,0.0000,15.4000,0.0000,57.0100,72.4100
2026-02-17,5231,MR1,MR 1 Endmaße,0.0000,0.0000,0.0000,14.1000,14.1000
2026-02-17,5211,MR11,MR 11 KMG,0.0000,7.7000,0.0000,19.7900,27.4900
2026-02-17,5214,MR14,MR 14 Waage,0.0000,0.0000,0.0000,1.5800,1.5800
2026-02-17,5234,MR2,MR 2 Drehmomente,0.0000,0.0000,0.0000,34.2500,34.2500
2026-02-17,5236,MR3,MR 3 Messuhren,0.0000,7.7000,0.0000,20.9800,28.6800
2026-02-17,5233,MR4,MR 4 Lohnmessung,0.0000,0.0000,0.0000,7.7000,7.7000
2026-02-17,5239,MR5,MR 5 Bügelmessschrauben,0.0000,0.0000,0.0000,29.1200,29.1200
2026-02-17,5235,MR6,MR 6 Messschieber,0.0000,6.7300,7.7000,14.8500,29.2800
2026-02-17,5232,MR7,MR 7 Lehren,0.0000,0.0000,0.0000,55.7800,55.7800
2026-02-17,5238,MR8,MR 8 Temperatur,0.0000,7.7000,0.0000,8.3300,16.0300
2026-02-17,5237,MR9,MR 9 Elektro BS,0.0000,0.0000,0.0000,23.2000,23.2000
2026-02-17,5225,Packplatz,Packplatz,0.0000,0.0000,0.0000,26.8100,26.8100
2026-02-17,5900,Qualifizierung,Qualifizierung,0.0000,0.9700,0.0000,27.3200,28.2900
2026-02-17,5223,WA,WA BS,0.0000,0.0000,0.0000,15.7500,15.7500
2026-02-17,5222,WE,WE BS,0.0000,0.0000,0.0000,57.4200,57.4200
2026-02-18,5240,AV,Arbeitsvorbereitung BS,0.0000,15.4000,8.1000,44.4200,67.9200
2026-02-18,5231,MR1,MR 1 Endmaße,0.0000,0.0000,0.0000,20.1300,20.1300
2026-02-18,5211,MR11,MR 11 KMG,0.0000,7.7000,0.0000,13.2000,20.9000
2026-02-18,5212,MR12,MR 12 Druck,0.0000,0.0000,0.0000,7.3200,7.3200
2026-02-18,5214,MR14,MR 14 Waage,0.0000,0.0000,0.0000,1.9300,1.9300
2026-02-18,5234,MR2,MR 2 Drehmomente,0.0000,0.0000,0.0000,32.0500,32.0500
2026-02-18,5236,MR3,MR 3 Messuhren,0.0000,0.0000,0.0000,26.9300,26.9300
2026-02-18,5233,MR4,MR 4 Lohnmessung,0.0000,0.0000,0.0000,7.7000,7.7000
2026-02-18,5239,MR5,MR 5 Bügelmessschrauben,0.0000,0.0000,0.0000,31.8300,31.8300
2026-02-18,5235,MR6,MR 6 Messschieber,0.0000,7.7000,7.7000,15.6100,31.0100
2026-02-18,5232,MR7,MR 7 Lehren,0.0000,0.0000,0.0000,54.3100,54.3100
2026-02-18,5238,MR8,MR 8 Temperatur,0.0000,7.7000,0.0000,8.0700,15.7700
2026-02-18,5237,MR9,MR 9 Elektro BS,0.0000,0.0000,0.0000,24.3400,24.3400
2026-02-18,5225,Packplatz,Packplatz,0.0000,0.0000,0.0000,29.0900,29.0900
2026-02-18,5900,Qualifizierung,Qualifizierung,0.0000,0.0000,0.0000,21.3900,21.3900
2026-02-18,5223,WA,WA BS,0.0000,0.0000,0.0000,15.4200,15.4200
2026-02-18,5222,WE,WE BS,0.0000,0.0000,0.0000,56.5900,56.5900
2026-02-19,5240,AV,Arbeitsvorbereitung BS,0.0000,7.7000,0.0000,60.2800,67.9800
2026-02-19,5231,MR1,MR 1 Endmaße,0.0000,0.0000,0.0000,19.4100,19.4100
2026-02-19,5211,MR11,MR 11 KMG,0.0000,7.7000,0.0000,12.7800,20.4800
2026-02-19,5212,MR12,MR 12 Druck,0.0000,0.0000,0.0000,7.5700,7.5700
2026-02-19,5214,MR14,MR 14 Waage,0.0000,0.0000,0.0000,0.6000,0.6000
2026-02-19,5234,MR2,MR 2 Drehmomente,0.0000,7.7000,0.0000,16.8700,24.5700
2026-02-19,5236,MR3,MR 3 Messuhren,0.0000,7.7000,0.0000,18.6700,26.3700
2026-02-19,5233,MR4,MR 4 Lohnmessung,0.0000,0.0000,0.0000,7.6700,7.6700
2026-02-19,5239,MR5,MR 5 Bügelmessschrauben,0.0000,0.0000,0.0000,28.1300,28.1300
2026-02-19,5235,MR6,MR 6 Messschieber,0.0000,7.7000,7.7000,23.5600,38.9600
2026-02-19,5232,MR7,MR 7 Lehren,0.0000,0.0000,0.0000,46.9100,46.9100
2026-02-19,5238,MR8,MR 8 Temperatur,0.0000,7.7000,0.0000,8.1300,15.8300
2026-02-19,5237,MR9,MR 9 Elektro BS,0.0000,0.0000,0.0000,24.4000,24.4000
2026-02-19,5225,Packplatz,Packplatz,0.0000,0.0000,0.0000,30.4700,30.4700
2026-02-19,5900,Qualifizierung,Qualifizierung,0.0000,0.0000,0.0000,33.6800,33.6800
2026-02-19,5223,WA,WA BS,0.0000,0.0000,0.0000,15.0200,15.0200
2026-02-19,5222,WE,WE BS,0.0000,0.0000,0.0000,59.2700,59.2700
2026-02-20,5240,AV,Arbeitsvorbereitung BS,0.0000,21.3300,0.0000,52.8500,74.1800
2026-02-20,5231,MR1,MR 1 Endmaße,0.0000,0.0000,0.0000,14.6500,14.6500
2026-02-20,5211,MR11,MR 11 KMG,0.0000,7.7000,4.0000,9.8700,21.5700
2026-02-20,5214,MR14,MR 14 Waage,0.0000,0.0000,0.0000,0.2500,0.2500
2026-02-20,5234,MR2,MR 2 Drehmomente,0.0000,7.7000,0.0000,36.0500,43.7500
2026-02-20,5236,MR3,MR 3 Messuhren,0.0000,7.7000,0.0000,15.9400,23.6400
2026-02-20,5233,MR4,MR 4 Lohnmessung,0.0000,0.0000,0.0000,6.7000,6.7000
2026-02-20,5239,MR5,MR 5 Bügelmessschrauben,0.0000,0.0000,0.0000,28.7900,28.7900
2026-02-20,5235,MR6,MR 6 Messschieber,0.0000,7.7000,7.7000,19.0100,34.4100
2026-02-20,5232,MR7,MR 7 Lehren,0.0000,0.0000,7.7000,47.3300,55.0300
2026-02-20,5238,MR8,MR 8 Temperatur,0.0000,7.7000,0.0000,7.7300,15.4300
2026-02-20,5237,MR9,MR 9 Elektro BS,0.0000,0.0000,0.0000,24.1500,24.1500
2026-02-20,5225,Packplatz,Packplatz,0.0000,0.0000,7.6300,17.7300,25.3600
2026-02-20,5900,Qualifizierung,Qualifizierung,0.0000,0.0000,0.0000,18.3100,18.3100
2026-02-20,5223,WA,WA BS,0.0000,0.0000,0.0000,10.9200,10.9200
2026-02-20,5222,WE,WE BS,0.0000,7.7000,0.0000,51.6500,59.3500
2026-02-21,5240,AV,Arbeitsvorbereitung BS,0.0000,0.0000,0.0000,27.5500,27.5500
2026-02-21,5231,MR1,MR 1 Endmaße,0.0000,0.0000,0.0000,0.1000,0.1000
2026-02-21,5234,MR2,MR 2 Drehmomente,0.0000,0.0000,0.0000,16.8000,16.8000
2026-02-21,5236,MR3,MR 3 Messuhren,0.0000,0.0000,0.0000,8.9800,8.9800
2026-02-21,5239,MR5,MR 5 Bügelmessschrauben,0.0000,0.0000,0.0000,13.8000,13.8000
2026-02-21,5235,MR6,MR 6 Messschieber,0.0000,0.0000,0.0000,4.4300,4.4300
2026-02-21,5232,MR7,MR 7 Lehren,0.0000,0.0000,0.0000,15.9400,15.9400
2026-02-21,5225,Packplatz,Packplatz,0.0000,0.0000,0.0000,5.1000,5.1000
2026-02-21,5900,Qualifizierung,Qualifizierung,0.0000,0.0000,0.0000,2.5200,2.5200
2026-02-23,5240,AV,Arbeitsvorbereitung BS,0.0000,0.0000,7.7000,65.3100,73.0100
2026-02-23,5231,MR1,MR 1 Endmaße,0.0000,5.9200,0.0000,13.7300,19.6500
2026-02-23,5211,MR11,MR 11 KMG,0.0000,0.0000,0.0000,14.4400,14.4400
2026-02-23,5214,MR14,MR 14 Waage,0.0000,0.0000,0.0000,1.7700,1.7700
2026-02-23,5234,MR2,MR 2 Drehmomente,0.0000,7.7000,0.0000,31.6700,39.3700
2026-02-23,5236,MR3,MR 3 Messuhren,0.0000,0.0000,0.0000,25.0500,25.0500
2026-02-23,5233,MR4,MR 4 Lohnmessung,0.0000,0.0000,0.0000,16.8300,16.8300
2026-02-23,5239,MR5,MR 5 Bügelmessschrauben,0.0000,0.0000,0.0000,30.9000,30.9000
2026-02-23,5235,MR6,MR 6 Messschieber,0.0000,0.0000,0.0000,29.7500,29.7500
2026-02-23,5232,MR7,MR 7 Lehren,0.0000,7.6000,7.7000,53.3700,68.6700
2026-02-23,5238,MR8,MR 8 Temperatur,0.0000,0.0000,0.0000,9.0200,9.0200
2026-02-23,5237,MR9,MR 9 Elektro BS,0.0000,0.0000,0.0000,15.4600,15.4600
2026-02-23,5225,Packplatz,Packplatz,0.0000,0.0000,0.0000,29.0700,29.0700
2026-02-23,5900,Qualifizierung,Qualifizierung,0.0000,7.7000,0.0000,15.4800,23.1800
2026-02-23,5223,WA,WA BS,0.0000,0.0000,0.0000,22.1400,22.1400
2026-02-23,5222,WE,WE BS,0.0000,7.7000,0.0000,47.6900,55.3900
2026-02-24,5240,AV,Arbeitsvorbereitung BS,0.0000,0.0000,7.7000,63.3700,71.0700
2026-02-24,5231,MR1,MR 1 Endmaße,0.0000,5.9200,0.0000,15.3200,21.2400
2026-02-24,5211,MR11,MR 11 KMG,0.0000,0.0000,0.0000,21.2800,21.2800
2026-02-24,5214,MR14,MR 14 Waage,0.0000,0.0000,0.0000,1.4300,1.4300
2026-02-24,5234,MR2,MR 2 Drehmomente,0.0000,7.7000,0.0000,28.6100,36.3100
2026-02-24,5236,MR3,MR 3 Messuhren,0.0000,0.0000,0.0000,31.3200,31.3200
2026-02-24,5233,MR4,MR 4 Lohnmessung,0.0000,7.6000,0.0000,1.4500,9.0500
2026-02-24,5239,MR5,MR 5 Bügelmessschrauben,0.0000,7.7000,0.0000,26.2200,33.9200
2026-02-24,5235,MR6,MR 6 Messschieber,0.0000,0.0000,0.0000,25.6600,25.6600
2026-02-24,5232,MR7,MR 7 Lehren,0.0000,7.6000,7.7000,46.9200,62.2200
2026-02-24,5238,MR8,MR 8 Temperatur,0.0000,0.0000,0.0000,9.2700,9.2700
2026-02-24,5237,MR9,MR 9 Elektro BS,0.0000,0.0000,0.0000,23.6400,23.6400
2026-02-24,5225,Packplatz,Packplatz,0.0000,0.0000,0.0000,30.5700,30.5700
2026-02-24,5900,Qualifizierung,Qualifizierung,0.0000,7.7000,0.0000,5.7300,13.4300
2026-02-24,5223,WA,WA BS,0.0000,0.0000,0.0000,21.4800,21.4800
2026-02-24,5222,WE,WE BS,0.0000,7.7000,0.0000,46.0900,53.7900
2026-02-25,5240,AV,Arbeitsvorbereitung BS,0.0000,5.9200,0.0000,60.1500,66.0700
2026-02-25,5231,MR1,MR 1 Endmaße,0.0000,5.9200,7.7000,15.2700,28.8900
2026-02-25,5211,MR11,MR 11 KMG,0.0000,0.0000,0.0000,17.1800,17.1800
2026-02-25,5212,MR12,MR 12 Druck,0.0000,0.0000,0.0000,3.7500,3.7500
2026-02-25,5214,MR14,MR 14 Waage,0.0000,0.0000,0.0000,1.3700,1.3700
2026-02-25,5234,MR2,MR 2 Drehmomente,0.0000,7.7000,0.0000,28.9000,36.6000
2026-02-25,5236,MR3,MR 3 Messuhren,0.0000,0.0000,0.0000,30.2500,30.2500
2026-02-25,5233,MR4,MR 4 Lohnmessung,0.0000,0.0000,0.0000,7.7000,7.7000
2026-02-25,5239,MR5,MR 5 Bügelmessschrauben,0.0000,7.7000,0.0000,26.8800,34.5800
2026-02-25,5235,MR6,MR 6 Messschieber,0.0000,7.7000,0.0000,21.1400,28.8400
2026-02-25,5232,MR7,MR 7 Lehren,0.0000,7.6000,7.7000,34.7300,50.0300
2026-02-25,5238,MR8,MR 8 Temperatur,0.0000,0.0000,0.0000,4.4500,4.4500
2026-02-25,5237,MR9,MR 9 Elektro BS,0.0000,0.0000,0.0000,23.9100,23.9100
2026-02-25,5225,Packplatz,Packplatz,0.0000,0.0000,7.6000,23.1200,30.7200
2026-02-25,5900,Qualifizierung,Qualifizierung,0.0000,7.7000,0.0000,11.4800,19.1800
2026-02-25,5223,WA,WA BS,0.0000,0.0000,0.0000,12.7200,12.7200
2026-02-25,5222,WE,WE BS,0.0000,7.7000,0.0000,50.4800,58.1800
2026-02-26,5240,AV,Arbeitsvorbereitung BS,0.0000,13.6200,0.0000,60.4400,74.0600
2026-02-26,5231,MR1,MR 1 Endmaße,0.0000,5.9200,0.0000,14.0000,19.9200
2026-02-26,5211,MR11,MR 11 KMG,0.0000,0.0000,0.0000,21.0300,21.0300
2026-02-26,5214,MR14,MR 14 Waage,0.0000,0.0000,0.0000,0.8000,0.8000
2026-02-26,5234,MR2,MR 2 Drehmomente,0.0000,0.0000,0.0000,38.7200,38.7200
2026-02-26,5236,MR3,MR 3 Messuhren,0.0000,0.0000,0.0000,23.0700,23.0700
2026-02-26,5233,MR4,MR 4 Lohnmessung,0.0000,0.0000,0.0000,7.7000,7.7000
2026-02-26,5239,MR5,MR 5 Bügelmessschrauben,0.0000,7.7000,0.0000,38.5000,46.2000
2026-02-26,5235,MR6,MR 6 Messschieber,0.0000,7.7000,0.0000,20.9800,28.6800
2026-02-26,5232,MR7,MR 7 Lehren,0.0000,7.6000,7.7000,40.0200,55.3200
2026-02-26,5238,MR8,MR 8 Temperatur,0.0000,0.0000,0.0000,15.5300,15.5300
2026-02-26,5237,MR9,MR 9 Elektro BS,0.0000,0.0000,0.0000,23.6800,23.6800
2026-02-26,5225,Packplatz,Packplatz,0.0000,0.0000,0.0000,26.4900,26.4900
2026-02-26,5900,Qualifizierung,Qualifizierung,0.0000,0.0000,0.0000,8.7000,8.7000
2026-02-26,5223,WA,WA BS,0.0000,0.0000,0.0000,15.4000,15.4000
2026-02-26,5222,WE,WE BS,0.0000,7.7000,0.0000,51.9400,59.6400
2026-02-27,5240,AV,Arbeitsvorbereitung BS,0.0000,13.6300,15.6300,41.9200,71.1800
2026-02-27,5231,MR1,MR 1 Endmaße,0.0000,5.9300,0.0000,8.1200,14.0500
2026-02-27,5211,MR11,MR 11 KMG,0.0000,0.0000,0.0000,5.5900,5.5900
2026-02-27,5212,MR12,MR 12 Druck,0.0000,0.0000,0.0000,3.3200,3.3200
2026-02-27,5214,MR14,MR 14 Waage,0.0000,0.0000,0.0000,0.9300,0.9300
2026-02-27,5234,MR2,MR 2 Drehmomente,0.0000,0.0000,0.0000,36.3400,36.3400
2026-02-27,5236,MR3,MR 3 Messuhren,0.0000,0.0000,0.0000,27.6700,27.6700
2026-02-27,5233,MR4,MR 4 Lohnmessung,0.0000,0.0000,0.0000,7.7000,7.7000
2026-02-27,5239,MR5,MR 5 Bügelmessschrauben,0.0000,7.7000,0.0000,30.9600,38.6600
2026-02-27,5235,MR6,MR 6 Messschieber,0.0000,7.7000,0.0000,19.3200,27.0200
2026-02-27,5232,MR7,MR 7 Lehren,0.0000,7.6000,15.4000,41.1500,64.1500
2026-02-27,5238,MR8,MR 8 Temperatur,0.0000,0.0000,0.0000,4.3800,4.3800
2026-02-27,5237,MR9,MR 9 Elektro BS,0.0000,0.0000,0.0000,23.9300,23.9300
2026-02-27,5225,Packplatz,Packplatz,0.0000,0.0000,7.9300,21.4700,29.4000
2026-02-27,5900,Qualifizierung,Qualifizierung,0.0000,0.0000,0.0000,23.8700,23.8700
2026-02-27,5223,WA,WA BS,0.0000,0.0000,0.0000,20.2300,20.2300
2026-02-27,5222,WE,WE BS,0.0000,7.7000,0.0000,40.9300,48.6300
2026-03-02,5240,AV,Arbeitsvorbereitung BS,0.0000,5.9200,0.0000,65.0100,70.9300
2026-03-02,5231,MR1,MR 1 Endmaße,0.0000,5.9200,0.0000,16.1800,22.1000
2026-03-02,5211,MR11,MR 11 KMG,0.0000,0.0000,0.0000,13.9600,13.9600
2026-03-02,5212,MR12,MR 12 Druck,0.0000,0.0000,0.0000,7.2800,7.2800
2026-03-02,5234,MR2,MR 2 Drehmomente,0.0000,0.0000,0.0000,32.2900,32.2900
2026-03-02,5236,MR3,MR 3 Messuhren,0.0000,0.0000,0.0000,22.8600,22.8600
2026-03-02,5233,MR4,MR 4 Lohnmessung,0.0000,0.0000,0.0000,13.3500,13.3500
2026-03-02,5239,MR5,MR 5 Bügelmessschrauben,0.0000,0.0000,0.0000,39.9500,39.9500
2026-03-02,5235,MR6,MR 6 Messschieber,0.0000,0.0000,0.0000,34.0600,34.0600
2026-03-02,5232,MR7,MR 7 Lehren,0.0000,0.0000,7.7000,45.1800,52.8800
2026-03-02,5238,MR8,MR 8 Temperatur,0.0000,0.0000,0.0000,0.4200,0.4200
2026-03-02,5237,MR9,MR 9 Elektro BS,0.0000,0.0000,0.0000,31.4300,31.4300
2026-03-02,5225,Packplatz,Packplatz,0.0000,0.0000,0.0000,22.9200,22.9200
2026-03-02,5900,Qualifizierung,Qualifizierung,0.0000,0.0000,0.0000,19.1600,19.1600
2026-03-02,5223,WA,WA BS,0.0000,0.0000,0.0000,15.4800,15.4800
2026-03-02,5222,WE,WE BS,0.0000,0.0000,8.6500,59.6700,68.3200
2026-03-03,5240,AV,Arbeitsvorbereitung BS,0.0000,5.9200,0.0000,59.3000,65.2200
2026-03-03,5231,MR1,MR 1 Endmaße,0.0000,5.9200,0.0000,15.9400,21.8600
2026-03-03,5211,MR11,MR 11 KMG,0.0000,0.0000,0.0000,15.1800,15.1800
2026-03-03,5212,MR12,MR 12 Druck,0.0000,0.0000,0.0000,6.9200,6.9200
2026-03-03,5214,MR14,MR 14 Waage,0.0000,0.0000,0.0000,1.7700,1.7700
2026-03-03,5234,MR2,MR 2 Drehmomente,0.0000,0.0000,0.0000,38.1400,38.1400
2026-03-03,5236,MR3,MR 3 Messuhren,0.0000,7.7000,0.0000,12.3000,20.0000
2026-03-03,5239,MR5,MR 5 Bügelmessschrauben,0.0000,0.0000,0.0000,35.8500,35.8500
2026-03-03,5235,MR6,MR 6 Messschieber,0.0000,0.0000,0.0000,35.3500,35.3500
2026-03-03,5232,MR7,MR 7 Lehren,0.0000,0.0000,7.7000,44.0400,51.7400
2026-03-03,5238,MR8,MR 8 Temperatur,0.0000,0.0000,0.0000,0.7800,0.7800
2026-03-03,5237,MR9,MR 9 Elektro BS,0.0000,7.7000,0.0000,23.9800,31.6800
2026-03-03,5225,Packplatz,Packplatz,0.0000,0.0000,0.0000,15.4300,15.4300
2026-03-03,5900,Qualifizierung,Qualifizierung,0.0000,0.0000,0.0000,25.7700,25.7700
2026-03-03,5223,WA,WA BS,0.0000,15.2000,0.0000,17.4500,32.6500
2026-03-03,5222,WE,WE BS,0.0000,0.0000,0.0000,61.8300,61.8300
2026-03-04,5240,AV,Arbeitsvorbereitung BS,0.0000,5.9200,0.0000,59.7600,65.6800
2026-03-04,5231,MR1,MR 1 Endmaße,0.0000,5.9200,0.0000,16.4500,22.3700
2026-03-04,5211,MR11,MR 11 KMG,0.0000,0.0000,0.0000,13.0500,13.0500
2026-03-04,5214,MR14,MR 14 Waage,0.0000,0.0000,0.0000,1.5000,1.5000
2026-03-04,5234,MR2,MR 2 Drehmomente,0.0000,0.0000,0.0000,42.5900,42.5900
2026-03-04,5236,MR3,MR 3 Messuhren,0.0000,7.7000,0.0000,19.9900,27.6900
2026-03-04,5233,MR4,MR 4 Lohnmessung,0.0000,0.0000,0.0000,7.7000,7.7000
2026-03-04,5239,MR5,MR 5 Bügelmessschrauben,0.0000,0.0000,0.0000,34.5500,34.5500
2026-03-04,5235,MR6,MR 6 Messschieber,0.0000,0.0000,0.0000,27.9500,27.9500
2026-03-04,5232,MR7,MR 7 Lehren,0.0000,0.0000,7.7000,45.0300,52.7300
2026-03-04,5238,MR8,MR 8 Temperatur,0.0000,0.0000,0.0000,7.7000,7.7000
2026-03-04,5237,MR9,MR 9 Elektro BS,0.0000,7.7000,0.0000,19.5000,27.2000
2026-03-04,5225,Packplatz,Packplatz,0.0000,0.0000,0.0000,23.0000,23.0000
2026-03-04,5900,Qualifizierung,Qualifizierung,0.0000,0.0000,0.0000,32.2700,32.2700
2026-03-04,5223,WA,WA BS,0.0000,7.6000,0.0000,15.2700,22.8700
2026-03-04,5222,WE,WE BS,0.0000,0.0000,0.0000,58.8800,58.8800
2026-03-05,5240,AV,Arbeitsvorbereitung BS,0.0000,10.9200,0.0000,59.3400,70.2600
2026-03-05,5231,MR1,MR 1 Endmaße,0.0000,5.9200,7.7000,15.4500,29.0700
2026-03-05,5211,MR11,MR 11 KMG,0.0000,0.0000,0.0000,8.0800,8.0800
2026-03-05,5214,MR14,MR 14 Waage,0.0000,0.0000,0.0000,0.6700,0.6700
2026-03-05,5234,MR2,MR 2 Drehmomente,0.0000,0.0000,0.0000,27.2500,27.2500
2026-03-05,5236,MR3,MR 3 Messuhren,0.0000,7.7000,0.0000,11.2000,18.9000
2026-03-05,5233,MR4,MR 4 Lohnmessung,0.0000,0.0000,0.0000,7.7000,7.7000
2026-03-05,5239,MR5,MR 5 Bügelmessschrauben,0.0000,0.0000,0.0000,29.1000,29.1000
2026-03-05,5235,MR6,MR 6 Messschieber,0.0000,0.0000,0.0000,30.0200,30.0200
2026-03-05,5232,MR7,MR 7 Lehren,0.0000,0.0000,7.7000,43.1700,50.8700
2026-03-05,5238,MR8,MR 8 Temperatur,0.0000,0.0000,0.0000,7.7700,7.7700
2026-03-05,5237,MR9,MR 9 Elektro BS,0.0000,7.7000,0.0000,21.0800,28.7800
2026-03-05,5225,Packplatz,Packplatz,7.7000,0.0000,0.0000,15.2300,22.9300
2026-03-05,5900,Qualifizierung,Qualifizierung,0.0000,0.0000,0.0000,46.6500,46.6500
2026-03-05,5223,WA,WA BS,0.0000,0.0000,0.0000,35.2400,35.2400
2026-03-05,5222,WE,WE BS,0.0000,0.0000,0.0000,46.3900,46.3900
2026-03-06,5240,AV,Arbeitsvorbereitung BS,0.0000,10.9300,7.9700,52.0900,70.9900
2026-03-06,5231,MR1,MR 1 Endmaße,0.0000,5.9300,0.0000,20.8500,26.7800
2026-03-06,5211,MR11,MR 11 KMG,0.0000,0.0000,0.0000,14.9700,14.9700
2026-03-06,5214,MR14,MR 14 Waage,0.0000,0.0000,0.0000,2.2500,2.2500
2026-03-06,5234,MR2,MR 2 Drehmomente,0.0000,0.0000,0.0000,28.8700,28.8700
2026-03-06,5236,MR3,MR 3 Messuhren,0.0000,7.7000,0.0000,5.8500,13.5500
2026-03-06,5233,MR4,MR 4 Lohnmessung,0.0000,0.0000,0.0000,7.2200,7.2200
2026-03-06,5239,MR5,MR 5 Bügelmessschrauben,0.0000,0.0000,0.0000,25.0700,25.0700
2026-03-06,5235,MR6,MR 6 Messschieber,0.0000,0.0000,0.0000,32.3300,32.3300
2026-03-06,5232,MR7,MR 7 Lehren,0.0000,0.0000,15.4000,33.2300,48.6300
2026-03-06,5238,MR8,MR 8 Temperatur,0.0000,0.0000,0.0000,7.7000,7.7000
2026-03-06,5237,MR9,MR 9 Elektro BS,0.0000,0.0000,0.0000,27.5000,27.5000
2026-03-06,5225,Packplatz,Packplatz,7.7000,0.0000,0.0000,15.3800,23.0800
2026-03-06,5900,Qualifizierung,Qualifizierung,0.0000,0.0000,0.0000,32.1600,32.1600
2026-03-06,5223,WA,WA BS,0.0000,0.0000,0.0000,26.2300,26.2300
2026-03-06,5222,WE,WE BS,0.0000,0.0000,0.0000,47.9400,47.9400
2026-03-09,5240,AV,Arbeitsvorbereitung BS,0.0000,13.6200,7.9500,49.6900,71.2600
2026-03-09,5231,MR1,MR 1 Endmaße,0.0000,0.0000,7.7000,21.3700,29.0700
2026-03-09,5211,MR11,MR 11 KMG,0.0000,0.0000,0.0000,8.3300,8.3300
2026-03-09,5214,MR14,MR 14 Waage,0.0000,0.0000,0.0000,2.2000,2.2000
2026-03-09,5234,MR2,MR 2 Drehmomente,7.7000,0.0000,0.0000,31.7400,39.4400
2026-03-09,5236,MR3,MR 3 Messuhren,0.0000,7.7000,7.7000,11.6600,27.0600
2026-03-09,5233,MR4,MR 4 Lohnmessung,0.0000,0.0000,0.0000,7.7000,7.7000
2026-03-09,5239,MR5,MR 5 Bügelmessschrauben,0.0000,0.0000,0.0000,27.9500,27.9500
2026-03-09,5235,MR6,MR 6 Messschieber,7.7000,0.0000,0.0000,29.9200,37.6200
2026-03-09,5232,MR7,MR 7 Lehren,0.0000,0.0000,7.7000,43.0500,50.7500
2026-03-09,5238,MR8,MR 8 Temperatur,0.0000,0.0000,0.0000,7.7000,7.7000
2026-03-09,5237,MR9,MR 9 Elektro BS,0.0000,0.0000,0.0000,25.5000,25.5000
2026-03-09,5225,Packplatz,Packplatz,7.7000,0.0000,0.0000,15.4200,23.1200
2026-03-09,5900,Qualifizierung,Qualifizierung,0.0000,0.0000,0.0000,25.1300,25.1300
2026-03-09,5223,WA,WA BS,0.0000,0.0000,0.0000,15.4500,15.4500
2026-03-09,5222,WE,WE BS,0.0000,0.0000,0.0000,67.4600,67.4600
2026-03-10,5240,AV,Arbeitsvorbereitung BS,0.0000,13.6200,0.0000,57.0200,70.6400
2026-03-10,5231,MR1,MR 1 Endmaße,0.0000,7.7000,7.7000,13.7900,29.1900
2026-03-10,5211,MR11,MR 11 KMG,0.0000,0.0000,0.0000,10.7600,10.7600
2026-03-10,5234,MR2,MR 2 Drehmomente,7.7000,0.0000,0.0000,31.0100,38.7100
2026-03-10,5236,MR3,MR 3 Messuhren,0.0000,7.7000,7.7000,13.6200,29.0200
2026-03-10,5233,MR4,MR 4 Lohnmessung,0.0000,0.0000,0.0000,7.7000,7.7000
2026-03-10,5239,MR5,MR 5 Bügelmessschrauben,0.0000,0.0000,0.0000,27.1500,27.1500
2026-03-10,5235,MR6,MR 6 Messschieber,7.7000,7.7000,0.0000,27.0400,42.4400
2026-03-10,5232,MR7,MR 7 Lehren,0.0000,0.0000,7.7000,42.8000,50.5000
2026-03-10,5238,MR8,MR 8 Temperatur,0.0000,0.0000,0.0000,0.6300,0.6300
2026-03-10,5237,MR9,MR 9 Elektro BS,0.0000,0.0000,0.0000,24.1500,24.1500
2026-03-10,5225,Packplatz,Packplatz,0.0000,0.0000,0.0000,22.8800,22.8800
2026-03-10,5900,Qualifizierung,Qualifizierung,0.0000,0.0000,0.0000,21.6600,21.6600
2026-03-10,5223,WA,WA BS,0.0000,0.0000,0.0000,21.7700,21.7700
2026-03-10,5222,WE,WE BS,0.0000,0.0000,6.0000,55.3200,61.3200
2026-03-11,5240,AV,Arbeitsvorbereitung BS,0.0000,5.9200,0.0000,61.7300,67.6500
2026-03-11,5231,MR1,MR 1 Endmaße,0.0000,7.7000,7.7000,14.0000,29.4000
2026-03-11,5211,MR11,MR 11 KMG,0.0000,0.0000,0.0000,9.3900,9.3900
2026-03-11,5234,MR2,MR 2 Drehmomente,7.7000,0.0000,0.0000,31.0500,38.7500
2026-03-11,5236,MR3,MR 3 Messuhren,0.0000,7.7000,7.7000,14.4000,29.8000
2026-03-11,5233,MR4,MR 4 Lohnmessung,0.0000,0.0000,0.0000,7.7000,7.7000
2026-03-11,5239,MR5,MR 5 Bügelmessschrauben,0.0000,0.0000,0.0000,25.6300,25.6300
2026-03-11,5235,MR6,MR 6 Messschieber,7.7000,0.0000,0.0000,32.8000,40.5000
2026-03-11,5232,MR7,MR 7 Lehren,0.0000,0.0000,15.9200,35.0500,50.9700
2026-03-11,5238,MR8,MR 8 Temperatur,0.0000,0.0000,0.0000,1.7000,1.7000
2026-03-11,5237,MR9,MR 9 Elektro BS,0.0000,0.0000,0.0000,24.6300,24.6300
2026-03-11,5225,Packplatz,Packplatz,0.0000,0.0000,7.7000,15.4700,23.1700
2026-03-11,5900,Qualifizierung,Qualifizierung,0.0000,0.0000,0.0000,24.3600,24.3600
2026-03-11,5223,WA,WA BS,0.0000,0.0000,0.0000,20.0000,20.0000
2026-03-11,5222,WE,WE BS,0.0000,0.0000,0.0000,61.3900,61.3900
2026-03-12,5240,AV,Arbeitsvorbereitung BS,0.0000,5.9200,0.0000,67.1100,73.0300
2026-03-12,5231,MR1,MR 1 Endmaße,0.0000,7.7000,7.7000,13.7400,29.1400
2026-03-12,5211,MR11,MR 11 KMG,0.0000,0.0000,0.0000,10.5700,10.5700
2026-03-12,5214,MR14,MR 14 Waage,0.0000,0.0000,0.0000,1.7200,1.7200
2026-03-12,5234,MR2,MR 2 Drehmomente,7.7000,0.0000,0.0000,36.6900,44.3900
2026-03-12,5236,MR3,MR 3 Messuhren,0.0000,7.7000,7.7000,15.2000,30.6000
2026-03-12,5233,MR4,MR 4 Lohnmessung,0.0000,0.0000,0.0000,7.7000,7.7000
2026-03-12,5239,MR5,MR 5 Bügelmessschrauben,0.0000,0.0000,0.0000,29.2400,29.2400
2026-03-12,5235,MR6,MR 6 Messschieber,7.7000,0.0000,0.0000,25.4200,33.1200
2026-03-12,5232,MR7,MR 7 Lehren,0.0000,0.0000,0.0000,46.8300,46.8300
2026-03-12,5238,MR8,MR 8 Temperatur,0.0000,0.0000,0.0000,9.4800,9.4800
2026-03-12,5237,MR9,MR 9 Elektro BS,0.0000,0.0000,0.0000,23.9900,23.9900
2026-03-12,5225,Packplatz,Packplatz,0.0000,0.0000,0.0000,23.0500,23.0500
2026-03-12,5900,Qualifizierung,Qualifizierung,0.0000,0.0000,0.0000,13.0000,13.0000
2026-03-12,5223,WA,WA BS,0.0000,0.0000,0.0000,15.0200,15.0200
2026-03-12,5222,WE,WE BS,0.0000,0.0000,0.0000,67.0200,67.0200
2026-03-13,5240,AV,Arbeitsvorbereitung BS,0.0000,5.9300,0.0000,64.2500,70.1800
2026-03-13,5231,MR1,MR 1 Endmaße,0.0000,7.7000,7.7000,13.2700,28.6700
2026-03-13,5211,MR11,MR 11 KMG,0.0000,0.0000,0.0000,11.2500,11.2500
2026-03-13,5234,MR2,MR 2 Drehmomente,15.4000,0.0000,0.0000,25.7100,41.1100
2026-03-13,5236,MR3,MR 3 Messuhren,0.0000,7.7000,7.7000,7.6700,23.0700
2026-03-13,5233,MR4,MR 4 Lohnmessung,0.0000,0.0000,0.0000,7.6200,7.6200
2026-03-13,5239,MR5,MR 5 Bügelmessschrauben,0.0000,0.0000,0.0000,32.3900,32.3900
2026-03-13,5235,MR6,MR 6 Messschieber,7.7000,0.0000,0.0000,32.1000,39.8000
2026-03-13,5232,MR7,MR 7 Lehren,0.0000,7.7000,0.0000,36.4100,44.1100
2026-03-13,5237,MR9,MR 9 Elektro BS,0.0000,0.0000,0.0000,23.8600,23.8600
2026-03-13,5225,Packplatz,Packplatz,0.0000,0.0000,7.8500,15.3300,23.1800
2026-03-13,5900,Qualifizierung,Qualifizierung,0.0000,0.0000,0.0000,20.4300,20.4300
2026-03-13,5223,WA,WA BS,0.0000,0.0000,0.0000,13.8700,13.8700
2026-03-13,5222,WE,WE BS,0.0000,0.0000,0.0000,60.2000,60.2000
2026-03-16,5240,AV,Arbeitsvorbereitung BS,0.0000,5.9200,0.0000,67.0200,72.9400
2026-03-16,5231,MR1,MR 1 Endmaße,0.0000,0.0000,7.7000,21.7000,29.4000
2026-03-16,5211,MR11,MR 11 KMG,0.0000,0.0000,0.0000,20.1300,20.1300
2026-03-16,5214,MR14,MR 14 Waage,0.0000,0.0000,0.0000,0.9700,0.9700
2026-03-16,5234,MR2,MR 2 Drehmomente,0.0000,0.0000,0.0000,39.5900,39.5900
2026-03-16,5236,MR3,MR 3 Messuhren,0.0000,0.0000,7.7000,15.5800,23.2800
2026-03-16,5233,MR4,MR 4 Lohnmessung,0.0000,0.0000,0.0000,7.7000,7.7000
2026-03-16,5239,MR5,MR 5 Bügelmessschrauben,0.0000,0.0000,0.0000,32.3300,32.3300
2026-03-16,5235,MR6,MR 6 Messschieber,15.4000,0.0000,0.0000,25.6600,41.0600
2026-03-16,5232,MR7,MR 7 Lehren,0.0000,7.7000,0.0000,45.8300,53.5300
2026-03-16,5237,MR9,MR 9 Elektro BS,0.0000,0.0000,0.0000,27.6100,27.6100
2026-03-16,5225,Packplatz,Packplatz,0.0000,0.0000,0.0000,16.2700,16.2700
2026-03-16,5900,Qualifizierung,Qualifizierung,0.0000,0.0000,0.0000,17.1300,17.1300
2026-03-16,5223,WA,WA BS,0.0000,7.6000,0.0000,22.0100,29.6100
2026-03-16,5222,WE,WE BS,0.0000,6.0000,7.7000,45.7800,59.4800
2026-03-17,5240,AV,Arbeitsvorbereitung BS,0.0000,5.9200,0.0000,67.4800,73.4000
2026-03-17,5231,MR1,MR 1 Endmaße,0.0000,0.0000,0.0000,29.1300,29.1300
2026-03-17,5211,MR11,MR 11 KMG,0.0000,0.0000,0.0000,20.1200,20.1200
2026-03-17,5212,MR12,MR 12 Druck,0.0000,0.0000,0.0000,7.4500,7.4500
2026-03-17,5214,MR14,MR 14 Waage,0.0000,0.0000,0.0000,1.0700,1.0700
2026-03-17,5234,MR2,MR 2 Drehmomente,0.0000,0.0000,0.0000,31.6300,31.6300
2026-03-17,5236,MR3,MR 3 Messuhren,0.0000,0.0000,0.0000,18.0500,18.0500
2026-03-17,5233,MR4,MR 4 Lohnmessung,0.0000,0.0000,0.0000,7.7000,7.7000
2026-03-17,5239,MR5,MR 5 Bügelmessschrauben,0.0000,0.0000,0.0000,30.5700,30.5700
2026-03-17,5235,MR6,MR 6 Messschieber,15.4000,0.0000,0.0000,27.3000,42.7000
2026-03-17,5232,MR7,MR 7 Lehren,0.0000,0.0000,0.0000,51.5100,51.5100
2026-03-17,5237,MR9,MR 9 Elektro BS,0.0000,0.0000,0.0000,25.4800,25.4800
2026-03-17,5225,Packplatz,Packplatz,0.0000,0.0000,0.0000,18.0700,18.0700
2026-03-17,5900,Qualifizierung,Qualifizierung,0.0000,0.0000,0.0000,25.2600,25.2600
2026-03-17,5223,WA,WA BS,0.0000,7.6000,0.0000,27.7500,35.3500
2026-03-17,5222,WE,WE BS,0.0000,6.0000,0.0000,41.0700,47.0700
2026-03-18,5240,AV,Arbeitsvorbereitung BS,0.0000,5.9200,0.0000,61.4500,67.3700
2026-03-18,5231,MR1,MR 1 Endmaße,0.0000,0.0000,0.0000,29.7600,29.7600
2026-03-18,5211,MR11,MR 11 KMG,0.0000,0.0000,0.0000,16.4500,16.4500
2026-03-18,5212,MR12,MR 12 Druck,0.0000,0.0000,0.0000,7.6700,7.6700
2026-03-18,5214,MR14,MR 14 Waage,0.0000,0.0000,0.0000,0.7000,0.7000
2026-03-18,5234,MR2,MR 2 Drehmomente,0.0000,0.0000,0.0000,34.9900,34.9900
2026-03-18,5236,MR3,MR 3 Messuhren,0.0000,0.0000,0.0000,21.3100,21.3100
2026-03-18,5233,MR4,MR 4 Lohnmessung,0.0000,0.0000,0.0000,7.7000,7.7000
2026-03-18,5239,MR5,MR 5 Bügelmessschrauben,0.0000,0.0000,0.0000,28.1100,28.1100
2026-03-18,5235,MR6,MR 6 Messschieber,15.4000,0.0000,0.0000,28.4500,43.8500
2026-03-18,5232,MR7,MR 7 Lehren,0.0000,0.0000,0.0000,51.8200,51.8200
2026-03-18,5238,MR8,MR 8 Temperatur,0.0000,0.0000,0.0000,2.0000,2.0000
2026-03-18,5237,MR9,MR 9 Elektro BS,0.0000,7.7000,0.0000,23.5600,31.2600
2026-03-18,5225,Packplatz,Packplatz,0.0000,0.0000,0.0000,24.0700,24.0700
2026-03-18,5900,Qualifizierung,Qualifizierung,0.0000,0.0000,0.0000,19.9700,19.9700
2026-03-18,5223,WA,WA BS,0.0000,7.6000,0.0000,21.1900,28.7900
2026-03-18,5222,WE,WE BS,0.0000,6.0000,0.0000,45.8100,51.8100
2026-03-19,5240,AV,Arbeitsvorbereitung BS,0.0000,13.5200,7.7000,51.2700,72.4900
2026-03-19,5231,MR1,MR 1 Endmaße,0.0000,0.0000,0.0000,29.4400,29.4400
2026-03-19,5211,MR11,MR 11 KMG,0.0000,0.0000,0.0000,12.1800,12.1800
2026-03-19,5212,MR12,MR 12 Druck,0.0000,0.0000,0.0000,7.5000,7.5000
2026-03-19,5234,MR2,MR 2 Drehmomente,0.0000,0.0000,0.0000,38.8500,38.8500
2026-03-19,5236,MR3,MR 3 Messuhren,0.0000,7.7000,0.0000,19.0500,26.7500
2026-03-19,5233,MR4,MR 4 Lohnmessung,0.0000,0.0000,0.0000,7.7000,7.7000
2026-03-19,5239,MR5,MR 5 Bügelmessschrauben,0.0000,0.0000,0.0000,28.9100,28.9100
2026-03-19,5235,MR6,MR 6 Messschieber,15.4000,0.0000,0.0000,27.0900,42.4900
2026-03-19,5232,MR7,MR 7 Lehren,0.0000,0.0000,0.0000,50.1600,50.1600
2026-03-19,5237,MR9,MR 9 Elektro BS,0.0000,7.7000,0.0000,23.5100,31.2100
2026-03-19,5225,Packplatz,Packplatz,0.0000,0.0000,0.0000,21.3900,21.3900
2026-03-19,5900,Qualifizierung,Qualifizierung,0.0000,0.0000,0.0000,23.0800,23.0800
2026-03-19,5223,WA,WA BS,0.0000,7.6000,0.0000,22.6500,30.2500
2026-03-19,5222,WE,WE BS,0.0000,6.0000,0.0000,46.6000,52.6000
2026-03-20,5240,AV,Arbeitsvorbereitung BS,0.0000,5.9300,7.7000,55.8800,69.5100
2026-03-20,5231,MR1,MR 1 Endmaße,0.0000,0.0000,0.0000,25.2000,25.2000
2026-03-20,5211,MR11,MR 11 KMG,0.0000,0.0000,0.0000,16.5000,16.5000
2026-03-20,5214,MR14,MR 14 Waage,0.0000,0.0000,0.0000,3.1200,3.1200
2026-03-20,5234,MR2,MR 2 Drehmomente,0.0000,0.0000,7.7000,37.0100,44.7100
2026-03-20,5236,MR3,MR 3 Messuhren,0.0000,7.7000,0.0000,15.2400,22.9400
2026-03-20,5233,MR4,MR 4 Lohnmessung,0.0000,0.0000,0.0000,9.8800,9.8800
2026-03-20,5239,MR5,MR 5 Bügelmessschrauben,0.0000,0.0000,0.0000,28.8000,28.8000
2026-03-20,5235,MR6,MR 6 Messschieber,15.4000,0.0000,0.0000,20.0100,35.4100
2026-03-20,5232,MR7,MR 7 Lehren,0.0000,0.0000,0.0000,60.2500,60.2500
2026-03-20,5237,MR9,MR 9 Elektro BS,0.0000,7.7000,0.0000,22.3000,30.0000
2026-03-20,5225,Packplatz,Packplatz,0.0000,0.0000,7.7000,15.0200,22.7200
2026-03-20,5900,Qualifizierung,Qualifizierung,0.0000,0.0000,0.0000,15.0800,15.0800
2026-03-20,5223,WA,WA BS,0.0000,0.0000,0.0000,19.0500,19.0500
2026-03-20,5222,WE,WE BS,0.0000,6.0000,7.6000,41.9300,55.5300
2026-03-23,5240,AV,Arbeitsvorbereitung BS,0.0000,5.9200,0.0000,65.6900,71.6100
2026-03-23,5231,MR1,MR 1 Endmaße,0.0000,0.0000,7.7000,21.5800,29.2800
2026-03-23,5211,MR11,MR 11 KMG,0.0000,0.0000,7.7000,13.1000,20.8000
2026-03-23,5212,MR12,MR 12 Druck,0.0000,0.0000,0.0000,4.4200,4.4200
2026-03-23,5214,MR14,MR 14 Waage,0.0000,0.0000,0.0000,1.3000,1.3000
2026-03-23,5234,MR2,MR 2 Drehmomente,0.0000,0.0000,15.4000,26.5900,41.9900
2026-03-23,5236,MR3,MR 3 Messuhren,0.0000,0.0000,0.0000,23.1000,23.1000
2026-03-23,5233,MR4,MR 4 Lohnmessung,0.0000,0.0000,7.6000,,7.6000
2026-03-23,5239,MR5,MR 5 Bügelmessschrauben,0.0000,0.0000,7.6000,33.2700,40.8700
2026-03-23,5235,MR6,MR 6 Messschieber,0.0000,0.0000,0.0000,18.5700,18.5700
2026-03-23,5232,MR7,MR 7 Lehren,0.0000,0.0000,0.0000,54.9800,54.9800
2026-03-23,5238,MR8,MR 8 Temperatur,0.0000,0.0000,0.0000,4.0300,4.0300
2026-03-23,5237,MR9,MR 9 Elektro BS,0.0000,7.7000,0.0000,15.4200,23.1200
2026-03-23,5225,Packplatz,Packplatz,0.0000,0.0000,7.6700,15.1500,22.8200
2026-03-23,5900,Qualifizierung,Qualifizierung,0.0000,0.0000,0.0000,10.3100,10.3100
2026-03-23,5223,WA,WA BS,0.0000,7.6000,0.0000,17.0100,24.6100
2026-03-23,5222,WE,WE BS,0.0000,0.0000,15.3000,44.6300,59.9300
2026-03-24,5240,AV,Arbeitsvorbereitung BS,0.0000,5.9200,0.0000,68.4900,74.4100
2026-03-24,5231,MR1,MR 1 Endmaße,0.0000,0.0000,7.7000,19.1500,26.8500
2026-03-24,5211,MR11,MR 11 KMG,0.0000,0.0000,7.7000,19.7600,27.4600
2026-03-24,5212,MR12,MR 12 Druck,0.0000,0.0000,0.0000,7.4800,7.4800
2026-03-24,5214,MR14,MR 14 Waage,0.0000,0.0000,0.0000,1.9800,1.9800
2026-03-24,5234,MR2,MR 2 Drehmomente,0.0000,0.0000,7.7000,27.8500,35.5500
2026-03-24,5236,MR3,MR 3 Messuhren,0.0000,0.0000,0.0000,23.1800,23.1800
2026-03-24,5233,MR4,MR 4 Lohnmessung,0.0000,0.0000,0.0000,7.7000,7.7000
2026-03-24,5239,MR5,MR 5 Bügelmessschrauben,0.0000,0.0000,7.6000,31.5800,39.1800
2026-03-24,5235,MR6,MR 6 Messschieber,0.0000,0.0000,0.0000,23.6300,23.6300
2026-03-24,5232,MR7,MR 7 Lehren,0.0000,0.0000,0.0000,47.3500,47.3500
2026-03-24,5238,MR8,MR 8 Temperatur,0.0000,0.0000,0.0000,8.1800,8.1800
2026-03-24,5237,MR9,MR 9 Elektro BS,0.0000,0.0000,0.0000,31.3600,31.3600
2026-03-24,5225,Packplatz,Packplatz,0.0000,0.0000,0.0000,22.8700,22.8700
2026-03-24,5900,Qualifizierung,Qualifizierung,0.0000,0.0000,0.0000,11.5700,11.5700
2026-03-24,5223,WA,WA BS,0.0000,7.6000,0.0000,22.8300,30.4300
2026-03-24,5222,WE,WE BS,0.0000,0.0000,15.3000,35.2400,50.5400
2026-03-25,5240,AV,Arbeitsvorbereitung BS,0.0000,5.9200,0.0000,61.8600,67.7800
2026-03-25,5231,MR1,MR 1 Endmaße,0.0000,5.9200,7.7000,15.4300,29.0500
2026-03-25,5211,MR11,MR 11 KMG,0.0000,0.0000,7.7000,13.2000,20.9000
2026-03-25,5212,MR12,MR 12 Druck,0.0000,0.0000,0.0000,7.5800,7.5800
2026-03-25,5234,MR2,MR 2 Drehmomente,0.0000,0.0000,7.7000,31.2100,38.9100
2026-03-25,5236,MR3,MR 3 Messuhren,0.0000,0.0000,0.0000,15.8200,15.8200
2026-03-25,5233,MR4,MR 4 Lohnmessung,0.0000,0.0000,0.0000,7.7000,7.7000
2026-03-25,5239,MR5,MR 5 Bügelmessschrauben,0.0000,0.0000,7.6000,38.1200,45.7200
2026-03-25,5235,MR6,MR 6 Messschieber,0.0000,0.0000,0.0000,15.6700,15.6700
2026-03-25,5232,MR7,MR 7 Lehren,0.0000,0.0000,7.7000,48.4800,56.1800
2026-03-25,5238,MR8,MR 8 Temperatur,0.0000,0.0000,0.0000,7.7200,7.7200
2026-03-25,5237,MR9,MR 9 Elektro BS,0.0000,0.0000,0.0000,31.2200,31.2200
2026-03-25,5225,Packplatz,Packplatz,0.0000,0.0000,0.0000,23.7400,23.7400
2026-03-25,5900,Qualifizierung,Qualifizierung,0.0000,0.0000,0.0000,18.8300,18.8300
2026-03-25,5223,WA,WA BS,0.0000,7.6000,0.0000,15.4300,23.0300
2026-03-25,5222,WE,WE BS,0.0000,0.0000,15.3000,44.7700,60.0700
2026-03-26,5240,AV,Arbeitsvorbereitung BS,0.0000,10.9200,0.0000,63.5900,74.5100
2026-03-26,5231,MR1,MR 1 Endmaße,0.0000,0.0000,7.7000,19.0800,26.7800
2026-03-26,5211,MR11,MR 11 KMG,0.0000,0.0000,7.7000,13.3000,21.0000
2026-03-26,5212,MR12,MR 12 Druck,0.0000,0.0000,0.0000,7.6500,7.6500
2026-03-26,5214,MR14,MR 14 Waage,0.0000,0.0000,0.0000,1.6000,1.6000
2026-03-26,5234,MR2,MR 2 Drehmomente,0.0000,0.0000,7.7000,31.0600,38.7600
2026-03-26,5236,MR3,MR 3 Messuhren,0.0000,0.0000,0.0000,23.9600,23.9600
2026-03-26,5233,MR4,MR 4 Lohnmessung,0.0000,0.0000,0.0000,7.7000,7.7000
2026-03-26,5239,MR5,MR 5 Bügelmessschrauben,0.0000,0.0000,7.6000,38.7000,46.3000
2026-03-26,5235,MR6,MR 6 Messschieber,0.0000,0.0000,0.0000,27.9400,27.9400
2026-03-26,5232,MR7,MR 7 Lehren,0.0000,0.0000,0.0000,43.7200,43.7200
2026-03-26,5237,MR9,MR 9 Elektro BS,0.0000,0.0000,0.0000,28.1500,28.1500
2026-03-26,5225,Packplatz,Packplatz,0.0000,0.0000,0.0000,22.7400,22.7400
2026-03-26,5900,Qualifizierung,Qualifizierung,0.0000,0.0000,0.0000,17.8600,17.8600
2026-03-26,5223,WA,WA BS,0.0000,7.6000,0.0000,16.3400,23.9400
2026-03-26,5222,WE,WE BS,0.0000,0.0000,15.3000,43.7700,59.0700
2026-03-27,5240,AV,Arbeitsvorbereitung BS,0.0000,10.9300,7.9200,52.4200,71.2700
2026-03-27,5231,MR1,MR 1 Endmaße,0.0000,0.0000,7.7000,20.5500,28.2500
2026-03-27,5211,MR11,MR 11 KMG,0.0000,0.0000,7.7000,12.1300,19.8300
2026-03-27,5212,MR12,MR 12 Druck,0.0000,0.0000,0.0000,5.5800,5.5800
2026-03-27,5214,MR14,MR 14 Waage,0.0000,0.0000,0.0000,1.9200,1.9200
2026-03-27,5234,MR2,MR 2 Drehmomente,0.0000,0.0000,7.7000,30.9000,38.6000
2026-03-27,5236,MR3,MR 3 Messuhren,0.0000,0.0000,0.0000,16.9700,16.9700
2026-03-27,5233,MR4,MR 4 Lohnmessung,0.0000,0.0000,0.0000,7.5000,7.5000
2026-03-27,5239,MR5,MR 5 Bügelmessschrauben,0.0000,0.0000,7.6000,32.8400,40.4400
2026-03-27,5235,MR6,MR 6 Messschieber,0.0000,0.0000,0.0000,24.0000,24.0000
2026-03-27,5232,MR7,MR 7 Lehren,0.0000,0.0000,0.0000,49.5900,49.5900
2026-03-27,5237,MR9,MR 9 Elektro BS,0.0000,0.0000,7.7000,24.0000,31.7000
2026-03-27,5225,Packplatz,Packplatz,0.0000,0.0000,0.0000,19.4000,19.4000
2026-03-27,5900,Qualifizierung,Qualifizierung,0.0000,0.0000,0.0000,20.6000,20.6000
2026-03-27,5223,WA,WA BS,0.0000,0.0000,0.0000,7.6700,7.6700
2026-03-27,5222,WE,WE BS,0.0000,0.0000,15.3000,51.1200,66.4200
2026-03-28,5240,AV,Arbeitsvorbereitung BS,0.0000,0.0000,0.0000,15.4700,15.4700
2026-03-28,5239,MR5,MR 5 Bügelmessschrauben,0.0000,0.0000,0.0000,14.1900,14.1900
2026-03-28,5235,MR6,MR 6 Messschieber,0.0000,0.0000,0.0000,5.6800,5.6800
2026-03-28,5232,MR7,MR 7 Lehren,0.0000,0.0000,0.0000,12.1800,12.1800
2026-03-28,5237,MR9,MR 9 Elektro BS,0.0000,0.0000,0.0000,12.4700,12.4700
2026-03-28,5900,Qualifizierung,Qualifizierung,0.0000,0.0000,0.0000,4.5200,4.5200
2026-03-28,5223,WA,WA BS,0.0000,0.0000,0.0000,7.1000,7.1000
2026-03-28,5222,WE,WE BS,0.0000,0.0000,0.0000,1.6500,1.6500
2026-03-30,5240,AV,Arbeitsvorbereitung BS,0.0000,5.9200,20.4000,47.2900,73.6100
2026-03-30,5231,MR1,MR 1 Endmaße,0.0000,0.0000,0.0000,21.5900,21.5900
2026-03-30,5211,MR11,MR 11 KMG,0.0000,0.0000,11.6000,7.4500,19.0500
2026-03-30,5214,MR14,MR 14 Waage,0.0000,0.0000,0.0000,1.6000,1.6000
2026-03-30,5234,MR2,MR 2 Drehmomente,0.0000,0.0000,11.5500,31.4400,42.9900
2026-03-30,5236,MR3,MR 3 Messuhren,0.0000,0.0000,0.0000,23.6600,23.6600
2026-03-30,5233,MR4,MR 4 Lohnmessung,0.0000,0.0000,0.0000,7.7000,7.7000
2026-03-30,5239,MR5,MR 5 Bügelmessschrauben,0.0000,0.0000,7.6000,33.6300,41.2300
2026-03-30,5235,MR6,MR 6 Messschieber,0.0000,0.0000,7.7000,15.6600,23.3600
2026-03-30,5232,MR7,MR 7 Lehren,0.0000,0.0000,13.7000,54.2000,67.9000
2026-03-30,5237,MR9,MR 9 Elektro BS,0.0000,0.0000,0.0000,20.3500,20.3500
2026-03-30,5225,Packplatz,Packplatz,0.0000,0.0000,7.7000,15.4000,23.1000
2026-03-30,5900,Qualifizierung,Qualifizierung,0.0000,0.0000,0.0000,12.4700,12.4700
2026-03-30,5223,WA,WA BS,0.0000,7.6000,0.0000,30.2900,37.8900
2026-03-30,5222,WE,WE BS,0.0000,0.0000,15.3000,35.9400,51.2400
2026-03-31,5240,AV,Arbeitsvorbereitung BS,0.0000,5.9200,20.4000,46.4300,72.7500
2026-03-31,5231,MR1,MR 1 Endmaße,0.0000,0.0000,0.0000,21.3700,21.3700
2026-03-31,5211,MR11,MR 11 KMG,0.0000,0.0000,11.6000,2.2200,13.8200
2026-03-31,5214,MR14,MR 14 Waage,0.0000,0.0000,0.0000,1.2500,1.2500
2026-03-31,5234,MR2,MR 2 Drehmomente,0.0000,0.0000,7.7000,38.6800,46.3800
2026-03-31,5236,MR3,MR 3 Messuhren,0.0000,0.0000,0.0000,15.4000,15.4000
2026-03-31,5233,MR4,MR 4 Lohnmessung,0.0000,0.0000,0.0000,7.7000,7.7000
2026-03-31,5239,MR5,MR 5 Bügelmessschrauben,0.0000,0.0000,15.3000,31.1300,46.4300
2026-03-31,5235,MR6,MR 6 Messschieber,0.0000,0.0000,7.7000,14.3400,22.0400
2026-03-31,5232,MR7,MR 7 Lehren,0.0000,0.0000,13.7000,50.9100,64.6100
2026-03-31,5238,MR8,MR 8 Temperatur,0.0000,0.0000,0.0000,5.3700,5.3700
2026-03-31,5237,MR9,MR 9 Elektro BS,0.0000,0.0000,0.0000,19.7200,19.7200
2026-03-31,5225,Packplatz,Packplatz,0.0000,0.0000,7.7000,15.2700,22.9700
2026-03-31,5900,Qualifizierung,Qualifizierung,0.0000,0.0000,0.0000,28.0000,28.0000
2026-03-31,5223,WA,WA BS,0.0000,7.6000,0.0000,15.9000,23.5000
2026-03-31,5222,WE,WE BS,0.0000,0.0000,7.7000,52.6800,60.3800
2026-04-01,5240,AV,Arbeitsvorbereitung BS,0.0000,5.9200,15.4000,45.9600,67.2800
2026-04-01,5231,MR1,MR 1 Endmaße,0.0000,0.0000,0.0000,21.3600,21.3600
2026-04-01,5211,MR11,MR 11 KMG,0.0000,0.0000,11.6000,8.5500,20.1500
2026-04-01,5214,MR14,MR 14 Waage,0.0000,0.0000,0.0000,0.8800,0.8800
2026-04-01,5234,MR2,MR 2 Drehmomente,0.0000,0.0000,7.7000,36.2600,43.9600
2026-04-01,5236,MR3,MR 3 Messuhren,0.0000,0.0000,0.0000,23.0200,23.0200
2026-04-01,5233,MR4,MR 4 Lohnmessung,0.0000,0.0000,0.0000,7.7000,7.7000
2026-04-01,5239,MR5,MR 5 Bügelmessschrauben,0.0000,0.0000,15.3000,38.9100,54.2100
2026-04-01,5235,MR6,MR 6 Messschieber,0.0000,0.0000,7.7000,13.5800,21.2800
2026-04-01,5232,MR7,MR 7 Lehren,0.0000,7.7000,15.4000,41.8900,64.9900
2026-04-01,5238,MR8,MR 8 Temperatur,0.0000,0.0000,0.0000,3.7300,3.7300
2026-04-01,5237,MR9,MR 9 Elektro BS,0.0000,0.0000,0.0000,22.4300,22.4300
2026-04-01,5225,Packplatz,Packplatz,0.0000,0.0000,7.7000,15.3500,23.0500
2026-04-01,5900,Qualifizierung,Qualifizierung,0.0000,0.0000,0.0000,8.3500,8.3500
2026-04-01,5223,WA,WA BS,0.0000,7.6000,7.6000,14.9000,30.1000
2026-04-01,5222,WE,WE BS,0.0000,0.0000,7.7000,44.8200,52.5200
2026-04-02,5240,AV,Arbeitsvorbereitung BS,0.0000,5.9200,20.4000,36.1700,62.4900
2026-04-02,5231,MR1,MR 1 Endmaße,0.0000,0.0000,0.0000,20.7600,20.7600
2026-04-02,5211,MR11,MR 11 KMG,0.0000,0.0000,11.6000,7.7500,19.3500
2026-04-02,5234,MR2,MR 2 Drehmomente,0.0000,0.0000,7.7000,32.7300,40.4300
2026-04-02,5236,MR3,MR 3 Messuhren,0.0000,0.0000,15.3200,7.7500,23.0700
2026-04-02,5233,MR4,MR 4 Lohnmessung,0.0000,0.0000,0.0000,7.0000,7.0000
2026-04-02,5239,MR5,MR 5 Bügelmessschrauben,0.0000,0.0000,23.0000,30.0800,53.0800
2026-04-02,5235,MR6,MR 6 Messschieber,0.0000,0.0000,7.7000,15.4800,23.1800
2026-04-02,5232,MR7,MR 7 Lehren,0.0000,7.7000,15.4000,46.4100,69.5100
2026-04-02,5237,MR9,MR 9 Elektro BS,0.0000,0.0000,0.0000,14.9000,14.9000
2026-04-02,5225,Packplatz,Packplatz,0.0000,0.0000,7.7000,15.2700,22.9700
2026-04-02,5900,Qualifizierung,Qualifizierung,0.0000,0.0000,0.0000,12.1000,12.1000
2026-04-02,5223,WA,WA BS,0.0000,7.6000,7.6000,14.8400,30.0400
2026-04-02,5222,WE,WE BS,0.0000,0.0000,7.7000,44.7600,52.4600
2026-04-03,5240,AV,Arbeitsvorbereitung BS,0.0000,5.9300,0.0000,,5.9300
2026-04-06,5240,AV,Arbeitsvorbereitung BS,0.0000,5.9200,0.0000,,5.9200
2026-04-06,5223,WA,WA BS,0.0000,7.6000,0.0000,,7.6000
2026-04-07,5240,AV,Arbeitsvorbereitung BS,0.0000,13.6200,26.9500,36.5400,77.1100
2026-04-07,5231,MR1,MR 1 Endmaße,0.0000,0.0000,5.9200,15.5400,21.4600
2026-04-07,5211,MR11,MR 11 KMG,0.0000,0.0000,4.0000,8.2600,12.2600
2026-04-07,5212,MR12,MR 12 Druck,0.0000,0.0000,0.0000,1.3200,1.3200
2026-04-07,5214,MR14,MR 14 Waage,0.0000,0.0000,0.0000,1.9700,1.9700
2026-04-07,5234,MR2,MR 2 Drehmomente,0.0000,7.7000,0.0000,18.6600,26.3600
2026-04-07,5236,MR3,MR 3 Messuhren,0.0000,0.0000,7.7000,17.7000,25.4000
2026-04-07,5233,MR4,MR 4 Lohnmessung,0.0000,0.0000,7.6000,,7.6000
2026-04-07,5239,MR5,MR 5 Bügelmessschrauben,0.0000,15.3000,7.6000,23.6200,46.5200
2026-04-07,5235,MR6,MR 6 Messschieber,0.0000,0.0000,7.7000,13.7600,21.4600
2026-04-07,5232,MR7,MR 7 Lehren,0.0000,0.0000,30.7000,38.6600,69.3600
2026-04-07,5238,MR8,MR 8 Temperatur,0.0000,0.0000,0.0000,6.2200,6.2200
2026-04-07,5237,MR9,MR 9 Elektro BS,0.0000,0.0000,7.7000,16.9700,24.6700
2026-04-07,5225,Packplatz,Packplatz,0.0000,0.0000,0.0000,15.5700,15.5700
2026-04-07,5900,Qualifizierung,Qualifizierung,0.0000,0.0000,0.0000,32.0700,32.0700
2026-04-07,5223,WA,WA BS,0.0000,7.6000,0.0000,13.3500,20.9500
2026-04-07,5222,WE,WE BS,0.0000,0.0000,5.9200,61.1200,67.0400
2026-04-08,5240,AV,Arbeitsvorbereitung BS,0.0000,7.7000,23.1000,23.1200,53.9200
2026-04-08,5231,MR1,MR 1 Endmaße,0.0000,0.0000,5.9200,15.4500,21.3700
2026-04-08,5211,MR11,MR 11 KMG,0.0000,0.0000,0.0000,19.6800,19.6800
2026-04-08,5212,MR12,MR 12 Druck,0.0000,0.0000,0.0000,7.0300,7.0300
2026-04-08,5234,MR2,MR 2 Drehmomente,0.0000,7.7000,0.0000,25.3600,33.0600
2026-04-08,5236,MR3,MR 3 Messuhren,0.0000,0.0000,7.7000,30.1100,37.8100
2026-04-08,5233,MR4,MR 4 Lohnmessung,0.0000,0.0000,7.6000,,7.6000
2026-04-08,5239,MR5,MR 5 Bügelmessschrauben,0.0000,15.3000,0.0000,21.7900,37.0900
2026-04-08,5235,MR6,MR 6 Messschieber,0.0000,0.0000,7.7000,14.5800,22.2800
2026-04-08,5232,MR7,MR 7 Lehren,0.0000,7.6000,7.7000,47.4500,62.7500
2026-04-08,5238,MR8,MR 8 Temperatur,0.0000,0.0000,0.0000,0.6700,0.6700
2026-04-08,5237,MR9,MR 9 Elektro BS,0.0000,0.0000,7.7000,16.9800,24.6800
2026-04-08,5225,Packplatz,Packplatz,0.0000,0.0000,0.0000,23.0900,23.0900
2026-04-08,5900,Qualifizierung,Qualifizierung,0.0000,0.0000,0.0000,23.2700,23.2700
2026-04-08,5223,WA,WA BS,0.0000,7.6000,0.0000,7.7200,15.3200
2026-04-08,5222,WE,WE BS,0.0000,0.0000,13.6200,51.4300,65.0500
2026-04-09,5240,AV,Arbeitsvorbereitung BS,0.0000,7.7000,23.1000,41.5300,72.3300
2026-04-09,5231,MR1,MR 1 Endmaße,0.0000,0.0000,5.9200,14.0500,19.9700
2026-04-09,5211,MR11,MR 11 KMG,0.0000,0.0000,0.0000,19.9700,19.9700
2026-04-09,5212,MR12,MR 12 Druck,0.0000,0.0000,0.0000,2.7500,2.7500
2026-04-09,5234,MR2,MR 2 Drehmomente,0.0000,7.7000,0.0000,31.2400,38.9400
2026-04-09,5236,MR3,MR 3 Messuhren,0.0000,0.0000,7.7000,18.4800,26.1800
2026-04-09,5233,MR4,MR 4 Lohnmessung,0.0000,0.0000,7.6000,,7.6000
2026-04-09,5239,MR5,MR 5 Bügelmessschrauben,0.0000,15.3000,0.0000,32.5700,47.8700
2026-04-09,5235,MR6,MR 6 Messschieber,0.0000,0.0000,0.0000,20.2000,20.2000
2026-04-09,5232,MR7,MR 7 Lehren,0.0000,7.6000,15.4000,47.6500,70.6500
2026-04-09,5238,MR8,MR 8 Temperatur,0.0000,0.0000,0.0000,0.5300,0.5300
2026-04-09,5237,MR9,MR 9 Elektro BS,0.0000,0.0000,7.7000,15.7500,23.4500
2026-04-09,5225,Packplatz,Packplatz,0.0000,0.0000,0.0000,17.1900,17.1900
2026-04-09,5900,Qualifizierung,Qualifizierung,0.0000,0.0000,0.0000,19.5400,19.5400
2026-04-09,5223,WA,WA BS,0.0000,7.6000,0.0000,26.7100,34.3100
2026-04-09,5222,WE,WE BS,0.0000,0.0000,5.9200,50.3000,56.2200
2026-04-10,5240,AV,Arbeitsvorbereitung BS,0.0000,12.7000,23.1000,39.7400,75.5400
2026-04-10,5231,MR1,MR 1 Endmaße,0.0000,0.0000,5.9300,11.2300,17.1600
2026-04-10,5211,MR11,MR 11 KMG,0.0000,0.0000,0.0000,13.5600,13.5600
2026-04-10,5214,MR14,MR 14 Waage,0.0000,0.0000,0.0000,0.5800,0.5800
2026-04-10,5234,MR2,MR 2 Drehmomente,0.0000,7.7000,0.0000,22.8600,30.5600
2026-04-10,5236,MR3,MR 3 Messuhren,0.0000,0.0000,7.7000,17.7100,25.4100
2026-04-10,5233,MR4,MR 4 Lohnmessung,0.0000,0.0000,7.6000,,7.6000
2026-04-10,5239,MR5,MR 5 Bügelmessschrauben,0.0000,15.3000,0.0000,29.3500,44.6500
2026-04-10,5235,MR6,MR 6 Messschieber,0.0000,0.0000,0.0000,22.7800,22.7800
2026-04-10,5232,MR7,MR 7 Lehren,0.0000,7.6000,7.7000,46.9500,62.2500
2026-04-10,5238,MR8,MR 8 Temperatur,0.0000,0.0000,0.0000,0.1700,0.1700
2026-04-10,5237,MR9,MR 9 Elektro BS,0.0000,0.0000,7.7000,17.1100,24.8100
2026-04-10,5225,Packplatz,Packplatz,0.0000,0.0000,7.7000,15.4300,23.1300
2026-04-10,5900,Qualifizierung,Qualifizierung,0.0000,0.0000,0.0000,21.4300,21.4300
2026-04-10,5223,WA,WA BS,0.0000,0.0000,0.0000,15.2500,15.2500
2026-04-10,5222,WE,WE BS,0.0000,0.0000,13.6500,38.2400,51.8900
2026-04-11,5240,AV,Arbeitsvorbereitung BS,0.0000,0.0000,0.0000,38.9100,38.9100
2026-04-11,5223,WA,WA BS,0.0000,0.0000,0.0000,5.3000,5.3000
2026-04-13,5240,AV,Arbeitsvorbereitung BS,0.0000,7.7000,7.7000,64.1500,79.5500
2026-04-13,5231,MR1,MR 1 Endmaße,0.0000,0.0000,0.0000,14.1300,14.1300
2026-04-13,5211,MR11,MR 11 KMG,0.0000,0.0000,0.0000,16.1400,16.1400
2026-04-13,5212,MR12,MR 12 Druck,0.0000,0.0000,0.0000,7.6500,7.6500
2026-04-13,5214,MR14,MR 14 Waage,0.0000,0.0000,0.0000,2.6700,2.6700
2026-04-13,5234,MR2,MR 2 Drehmomente,0.0000,7.7000,0.0000,25.9100,33.6100
2026-04-13,5236,MR3,MR 3 Messuhren,0.0000,7.7000,0.0000,18.8000,26.5000
2026-04-13,5233,MR4,MR 4 Lohnmessung,0.0000,0.0000,0.0000,7.7000,7.7000
2026-04-13,5239,MR5,MR 5 Bügelmessschrauben,0.0000,0.0000,0.0000,38.5500,38.5500
2026-04-13,5235,MR6,MR 6 Messschieber,0.0000,7.7000,0.0000,13.0200,20.7200
2026-04-13,5232,MR7,MR 7 Lehren,0.0000,15.3000,0.0000,53.7900,69.0900
2026-04-13,5237,MR9,MR 9 Elektro BS,0.0000,7.7000,0.0000,23.3000,31.0000
2026-04-13,5225,Packplatz,Packplatz,0.0000,0.0000,0.0000,22.9300,22.9300
2026-04-13,5900,Qualifizierung,Qualifizierung,0.0000,0.0000,0.0000,16.6200,16.6200
2026-04-13,5223,WA,WA BS,0.0000,0.0000,0.0000,23.5000,23.5000
2026-04-13,5222,WE,WE BS,0.0000,0.0000,7.6000,52.3300,59.9300
2026-04-14,5240,AV,Arbeitsvorbereitung BS,0.0000,7.7000,0.0000,62.5800,70.2800
2026-04-14,5231,MR1,MR 1 Endmaße,0.0000,0.0000,0.0000,17.0200,17.0200
2026-04-14,5211,MR11,MR 11 KMG,0.0000,0.0000,0.0000,11.7600,11.7600
2026-04-14,5212,MR12,MR 12 Druck,0.0000,0.0000,0.0000,0.8300,0.8300
2026-04-14,5214,MR14,MR 14 Waage,0.0000,0.0000,0.0000,1.8000,1.8000
2026-04-14,5234,MR2,MR 2 Drehmomente,0.0000,7.7000,0.0000,31.8300,39.5300
2026-04-14,5236,MR3,MR 3 Messuhren,0.0000,7.7000,0.0000,22.7600,30.4600
2026-04-14,5233,MR4,MR 4 Lohnmessung,0.0000,0.0000,0.0000,7.7000,7.7000
2026-04-14,5239,MR5,MR 5 Bügelmessschrauben,0.0000,0.0000,0.0000,36.7300,36.7300
2026-04-14,5235,MR6,MR 6 Messschieber,7.7000,7.7000,0.0000,21.4600,36.8600
2026-04-14,5232,MR7,MR 7 Lehren,0.0000,15.3000,0.0000,45.3000,60.6000
2026-04-14,5237,MR9,MR 9 Elektro BS,0.0000,7.7000,0.0000,22.7300,30.4300
2026-04-14,5225,Packplatz,Packplatz,0.0000,0.0000,0.0000,23.0200,23.0200
2026-04-14,5900,Qualifizierung,Qualifizierung,0.0000,0.0000,0.0000,12.2300,12.2300
2026-04-14,5223,WA,WA BS,0.0000,0.0000,0.0000,23.7900,23.7900
2026-04-14,5222,WE,WE BS,0.0000,7.6000,0.0000,51.9400,59.5400
2026-04-15,5240,AV,Arbeitsvorbereitung BS,0.0000,7.7000,0.0000,67.1800,74.8800
2026-04-15,5231,MR1,MR 1 Endmaße,0.0000,0.0000,0.0000,16.0500,16.0500
2026-04-15,5211,MR11,MR 11 KMG,0.0000,0.0000,0.0000,20.1300,20.1300
2026-04-15,5234,MR2,MR 2 Drehmomente,0.0000,7.7000,0.0000,29.7200,37.4200
2026-04-15,5236,MR3,MR 3 Messuhren,0.0000,7.7000,0.0000,9.2500,16.9500
2026-04-15,5233,MR4,MR 4 Lohnmessung,0.0000,0.0000,0.0000,7.7000,7.7000
2026-04-15,5239,MR5,MR 5 Bügelmessschrauben,0.0000,0.0000,0.0000,38.3500,38.3500
2026-04-15,5235,MR6,MR 6 Messschieber,7.7000,7.7000,0.0000,23.5500,38.9500
2026-04-15,5232,MR7,MR 7 Lehren,0.0000,15.3000,0.0000,45.6800,60.9800
2026-04-15,5238,MR8,MR 8 Temperatur,0.0000,0.0000,0.0000,7.1000,7.1000
2026-04-15,5237,MR9,MR 9 Elektro BS,0.0000,7.7000,0.0000,16.4500,24.1500
2026-04-15,5225,Packplatz,Packplatz,0.0000,0.0000,0.0000,16.0100,16.0100
2026-04-15,5900,Qualifizierung,Qualifizierung,0.0000,0.0000,0.0000,13.8800,13.8800
2026-04-15,5223,WA,WA BS,0.0000,0.0000,0.0000,22.9300,22.9300
2026-04-15,5222,WE,WE BS,0.0000,7.6000,0.0000,51.7100,59.3100
2026-04-16,5240,AV,Arbeitsvorbereitung BS,0.0000,7.7000,0.0000,64.5600,72.2600
2026-04-16,5231,MR1,MR 1 Endmaße,0.0000,0.0000,0.0000,17.1500,17.1500
2026-04-16,5211,MR11,MR 11 KMG,0.0000,7.7000,0.0000,11.9300,19.6300
2026-04-16,5212,MR12,MR 12 Druck,0.0000,0.0000,0.0000,7.5800,7.5800
2026-04-16,5214,MR14,MR 14 Waage,0.0000,0.0000,0.0000,0.8000,0.8000
2026-04-16,5234,MR2,MR 2 Drehmomente,7.7000,7.7000,0.0000,31.5700,46.9700
2026-04-16,5236,MR3,MR 3 Messuhren,0.0000,7.7000,0.0000,15.3900,23.0900
2026-04-16,5233,MR4,MR 4 Lohnmessung,0.0000,0.0000,0.0000,7.7000,7.7000
2026-04-16,5239,MR5,MR 5 Bügelmessschrauben,0.0000,0.0000,0.0000,33.5200,33.5200
2026-04-16,5235,MR6,MR 6 Messschieber,0.0000,7.7000,0.0000,12.5000,20.2000
2026-04-16,5232,MR7,MR 7 Lehren,0.0000,23.0000,0.0000,41.4200,64.4200
2026-04-16,5238,MR8,MR 8 Temperatur,0.0000,0.0000,0.0000,7.4000,7.4000
2026-04-16,5237,MR9,MR 9 Elektro BS,0.0000,7.7000,0.0000,15.9400,23.6400
2026-04-16,5225,Packplatz,Packplatz,0.0000,0.0000,0.0000,17.9500,17.9500
2026-04-16,5900,Qualifizierung,Qualifizierung,0.0000,0.0000,0.0000,25.9800,25.9800
2026-04-16,5223,WA,WA BS,0.0000,0.0000,0.0000,21.1100,21.1100
2026-04-16,5222,WE,WE BS,0.0000,7.6000,0.0000,52.3200,59.9200
2026-04-17,5240,AV,Arbeitsvorbereitung BS,0.0000,7.7000,0.0000,61.7400,69.4400
2026-04-17,5231,MR1,MR 1 Endmaße,0.0000,0.0000,0.0000,17.3200,17.3200
2026-04-17,5211,MR11,MR 11 KMG,0.0000,0.0000,0.0000,11.6600,11.6600
2026-04-17,5234,MR2,MR 2 Drehmomente,0.0000,7.7000,7.7000,24.0800,39.4800
2026-04-17,5236,MR3,MR 3 Messuhren,0.0000,7.7000,0.0000,6.1500,13.8500
2026-04-17,5233,MR4,MR 4 Lohnmessung,0.0000,0.0000,0.0000,7.2000,7.2000
2026-04-17,5239,MR5,MR 5 Bügelmessschrauben,0.0000,7.6000,0.0000,22.2800,29.8800
2026-04-17,5235,MR6,MR 6 Messschieber,0.0000,7.7000,0.0000,15.1700,22.8700
2026-04-17,5232,MR7,MR 7 Lehren,0.0000,15.3000,0.0000,52.5500,67.8500
2026-04-17,5237,MR9,MR 9 Elektro BS,0.0000,7.7000,0.0000,22.9700,30.6700
2026-04-17,5225,Packplatz,Packplatz,0.0000,0.0000,0.0000,22.2500,22.2500
2026-04-17,5900,Qualifizierung,Qualifizierung,0.0000,0.0000,0.0000,36.1300,36.1300
2026-04-17,5223,WA,WA BS,0.0000,0.0000,0.0000,13.1000,13.1000
2026-04-17,5222,WE,WE BS,0.0000,7.6000,23.1000,35.8300,66.5300
2026-04-20,5240,AV,Arbeitsvorbereitung BS,0.0000,15.3000,0.0000,51.1600,66.4600
2026-04-20,5231,MR1,MR 1 Endmaße,0.0000,0.0000,0.0000,16.1200,16.1200
2026-04-20,5211,MR11,MR 11 KMG,0.0000,4.0000,0.0000,8.4900,12.4900
2026-04-20,5212,MR12,MR 12 Druck,0.0000,0.0000,0.0000,6.8500,6.8500
2026-04-20,5214,MR14,MR 14 Waage,0.0000,0.0000,0.0000,1.0000,1.0000
2026-04-20,5234,MR2,MR 2 Drehmomente,0.0000,7.7000,7.7000,31.3700,46.7700
2026-04-20,5236,MR3,MR 3 Messuhren,0.0000,7.7000,0.0000,18.8400,26.5400
2026-04-20,5233,MR4,MR 4 Lohnmessung,0.0000,0.0000,0.0000,9.6300,9.6300
2026-04-20,5239,MR5,MR 5 Bügelmessschrauben,0.0000,7.6000,0.0000,24.1000,31.7000
2026-04-20,5235,MR6,MR 6 Messschieber,0.0000,7.7000,0.0000,31.2000,38.9000
2026-04-20,5232,MR7,MR 7 Lehren,7.7000,7.6000,7.7000,42.3000,65.3000
2026-04-20,5238,MR8,MR 8 Temperatur,0.0000,0.0000,0.0000,7.9000,7.9000
2026-04-20,5237,MR9,MR 9 Elektro BS,0.0000,7.7000,0.0000,9.3000,17.0000
2026-04-20,5225,Packplatz,Packplatz,0.0000,15.4000,0.0000,11.7500,27.1500
2026-04-20,5900,Qualifizierung,Qualifizierung,0.0000,0.0000,0.0000,8.5000,8.5000
2026-04-20,5223,WA,WA BS,0.0000,7.6000,0.0000,13.3000,20.9000
2026-04-20,5222,WE,WE BS,0.0000,0.0000,15.4000,53.1700,68.5700
2026-04-21,5240,AV,Arbeitsvorbereitung BS,0.0000,7.7000,0.0000,63.2400,70.9400
2026-04-21,5231,MR1,MR 1 Endmaße,0.0000,0.0000,0.0000,13.8700,13.8700
2026-04-21,5211,MR11,MR 11 KMG,0.0000,4.0000,0.0000,12.3500,16.3500
2026-04-21,5212,MR12,MR 12 Druck,0.0000,0.0000,0.0000,4.5500,4.5500
2026-04-21,5234,MR2,MR 2 Drehmomente,0.0000,7.7000,7.7000,30.6700,46.0700
2026-04-21,5236,MR3,MR 3 Messuhren,0.0000,7.7000,0.0000,18.3900,26.0900
2026-04-21,5233,MR4,MR 4 Lohnmessung,0.0000,0.0000,0.0000,7.7000,7.7000
2026-04-21,5239,MR5,MR 5 Bügelmessschrauben,0.0000,0.0000,0.0000,34.6100,34.6100
2026-04-21,5235,MR6,MR 6 Messschieber,0.0000,7.7000,0.0000,23.6700,31.3700
2026-04-21,5232,MR7,MR 7 Lehren,7.7000,7.6000,7.7000,45.1700,68.1700
2026-04-21,5238,MR8,MR 8 Temperatur,0.0000,0.0000,0.0000,3.1200,3.1200
2026-04-21,5237,MR9,MR 9 Elektro BS,0.0000,7.7000,0.0000,22.3300,30.0300
2026-04-21,5225,Packplatz,Packplatz,0.0000,7.7000,0.0000,15.7200,23.4200
2026-04-21,5900,Qualifizierung,Qualifizierung,0.0000,0.0000,0.0000,6.6200,6.6200
2026-04-21,5223,WA,WA BS,0.0000,0.0000,0.0000,15.8800,15.8800
2026-04-21,5222,WE,WE BS,0.0000,0.0000,7.7000,59.4200,67.1200
2026-04-22,5240,AV,Arbeitsvorbereitung BS,0.0000,0.0000,0.0000,63.3300,63.3300
2026-04-22,5231,MR1,MR 1 Endmaße,0.0000,7.7000,0.0000,7.8200,15.5200
2026-04-22,5211,MR11,MR 11 KMG,0.0000,4.0000,0.0000,8.6700,12.6700
2026-04-22,5212,MR12,MR 12 Druck,0.0000,0.0000,0.0000,6.8200,6.8200
2026-04-22,5214,MR14,MR 14 Waage,0.0000,0.0000,0.0000,7.3000,7.3000
2026-04-22,5234,MR2,MR 2 Drehmomente,0.0000,7.7000,7.7000,31.1100,46.5100
2026-04-22,5236,MR3,MR 3 Messuhren,0.0000,7.7000,0.0000,18.3600,26.0600
2026-04-22,5233,MR4,MR 4 Lohnmessung,0.0000,0.0000,0.0000,12.2200,12.2200
2026-04-22,5239,MR5,MR 5 Bügelmessschrauben,0.0000,0.0000,0.0000,31.0800,31.0800
2026-04-22,5235,MR6,MR 6 Messschieber,0.0000,7.7000,0.0000,23.3800,31.0800
2026-04-22,5232,MR7,MR 7 Lehren,7.7000,7.6000,7.7000,44.4400,67.4400
2026-04-22,5238,MR8,MR 8 Temperatur,0.0000,0.0000,0.0000,0.8700,0.8700
2026-04-22,5237,MR9,MR 9 Elektro BS,0.0000,7.7000,0.0000,16.0500,23.7500
2026-04-22,5225,Packplatz,Packplatz,0.0000,0.0000,0.0000,22.8800,22.8800
2026-04-22,5900,Qualifizierung,Qualifizierung,0.0000,0.0000,0.0000,8.0200,8.0200
2026-04-22,5223,WA,WA BS,0.0000,0.0000,0.0000,30.3100,30.3100
2026-04-22,5222,WE,WE BS,0.0000,0.0000,7.7000,56.5800,64.2800
2026-04-23,5240,AV,Arbeitsvorbereitung BS,0.0000,0.0000,0.0000,67.8600,67.8600
2026-04-23,5231,MR1,MR 1 Endmaße,0.0000,7.7000,0.0000,11.3200,19.0200
2026-04-23,5211,MR11,MR 11 KMG,0.0000,4.0000,0.0000,10.6600,14.6600
2026-04-23,5214,MR14,MR 14 Waage,0.0000,0.0000,0.0000,7.4000,7.4000
2026-04-23,5234,MR2,MR 2 Drehmomente,0.0000,7.7000,7.7000,38.1400,53.5400
2026-04-23,5236,MR3,MR 3 Messuhren,0.0000,7.7000,0.0000,15.4500,23.1500
2026-04-23,5233,MR4,MR 4 Lohnmessung,0.0000,0.0000,0.0000,7.7000,7.7000
2026-04-23,5239,MR5,MR 5 Bügelmessschrauben,0.0000,0.0000,0.0000,31.5900,31.5900
2026-04-23,5235,MR6,MR 6 Messschieber,0.0000,7.7000,0.0000,15.6300,23.3300
2026-04-23,5232,MR7,MR 7 Lehren,7.7000,7.6000,7.7000,49.1400,72.1400
2026-04-23,5238,MR8,MR 8 Temperatur,0.0000,0.0000,0.0000,7.6700,7.6700
2026-04-23,5237,MR9,MR 9 Elektro BS,0.0000,7.7000,0.0000,15.6200,23.3200
2026-04-23,5225,Packplatz,Packplatz,0.0000,0.0000,0.0000,23.1200,23.1200
2026-04-23,5900,Qualifizierung,Qualifizierung,0.0000,0.0000,0.0000,6.6500,6.6500
2026-04-23,5223,WA,WA BS,0.0000,0.0000,0.0000,21.1500,21.1500
2026-04-23,5222,WE,WE BS,0.0000,0.0000,7.7000,53.9700,61.6700
2026-04-24,5240,AV,Arbeitsvorbereitung BS,0.0000,7.7000,0.0000,46.3000,54.0000
2026-04-24,5231,MR1,MR 1 Endmaße,0.0000,7.7000,0.0000,12.5300,20.2300
2026-04-24,5211,MR11,MR 11 KMG,0.0000,4.0000,0.0000,8.0600,12.0600
2026-04-24,5234,MR2,MR 2 Drehmomente,0.0000,15.4000,7.7000,27.3400,50.4400
2026-04-24,5236,MR3,MR 3 Messuhren,0.0000,7.7000,0.0000,14.9000,22.6000
2026-04-24,5233,MR4,MR 4 Lohnmessung,0.0000,0.0000,0.0000,14.6700,14.6700
2026-04-24,5239,MR5,MR 5 Bügelmessschrauben,0.0000,0.0000,0.0000,22.2300,22.2300
2026-04-24,5235,MR6,MR 6 Messschieber,0.0000,7.7000,0.0000,14.7900,22.4900
2026-04-24,5232,MR7,MR 7 Lehren,7.7000,7.6000,15.4000,32.5600,63.2600
2026-04-24,5238,MR8,MR 8 Temperatur,0.0000,0.0000,0.0000,5.6300,5.6300
2026-04-24,5237,MR9,MR 9 Elektro BS,0.0000,15.3000,0.0000,15.5000,30.8000
2026-04-24,5225,Packplatz,Packplatz,0.0000,0.0000,0.0000,22.4500,22.4500
2026-04-24,5900,Qualifizierung,Qualifizierung,0.0000,0.0000,0.0000,17.5900,17.5900
2026-04-24,5223,WA,WA BS,0.0000,0.0000,0.0000,14.6800,14.6800
2026-04-24,5222,WE,WE BS,0.0000,0.0000,7.7000,50.7300,58.4300
2026-04-27,5240,AV,Arbeitsvorbereitung BS,0.0000,0.0000,0.0000,65.2800,65.2800
2026-04-27,5231,MR1,MR 1 Endmaße,0.0000,0.0000,0.0000,13.7400,13.7400
2026-04-27,5211,MR11,MR 11 KMG,0.0000,0.0000,0.0000,20.1300,20.1300
2026-04-27,5212,MR12,MR 12 Druck,0.0000,0.0000,0.0000,4.3700,4.3700
2026-04-27,5214,MR14,MR 14 Waage,0.0000,0.0000,0.0000,6.4000,6.4000
2026-04-27,5234,MR2,MR 2 Drehmomente,0.0000,0.0000,7.7000,34.9700,42.6700
2026-04-27,5236,MR3,MR 3 Messuhren,0.0000,7.7000,0.0000,15.4400,23.1400
2026-04-27,5233,MR4,MR 4 Lohnmessung,0.0000,0.0000,0.0000,7.7000,7.7000
2026-04-27,5239,MR5,MR 5 Bügelmessschrauben,0.0000,0.0000,7.7000,29.1800,36.8800
2026-04-27,5235,MR6,MR 6 Messschieber,7.7000,15.4000,0.0000,15.0000,38.1000
2026-04-27,5232,MR7,MR 7 Lehren,0.0000,7.6000,15.4000,46.3000,69.3000
2026-04-27,5238,MR8,MR 8 Temperatur,0.0000,0.0000,0.0000,6.0700,6.0700
2026-04-27,5237,MR9,MR 9 Elektro BS,0.0000,0.0000,0.0000,17.2500,17.2500
2026-04-27,5225,Packplatz,Packplatz,0.0000,0.0000,7.7000,15.3000,23.0000
2026-04-27,5900,Qualifizierung,Qualifizierung,0.0000,0.0000,0.0000,11.9100,11.9100
2026-04-27,5223,WA,WA BS,0.0000,0.0000,0.0000,15.4300,15.4300
2026-04-27,5222,WE,WE BS,0.0000,0.0000,15.4000,52.1100,67.5100
2026-04-28,5240,AV,Arbeitsvorbereitung BS,0.0000,0.0000,0.0000,66.7800,66.7800
2026-04-28,5231,MR1,MR 1 Endmaße,0.0000,0.0000,0.0000,13.8200,13.8200
2026-04-28,5211,MR11,MR 11 KMG,0.0000,0.0000,0.0000,14.8400,14.8400
2026-04-28,5234,MR2,MR 2 Drehmomente,0.0000,0.0000,7.7000,38.6600,46.3600
2026-04-28,5236,MR3,MR 3 Messuhren,0.0000,7.7000,0.0000,12.1200,19.8200
2026-04-28,5233,MR4,MR 4 Lohnmessung,0.0000,0.0000,0.0000,7.7000,7.7000
2026-04-28,5239,MR5,MR 5 Bügelmessschrauben,0.0000,0.0000,7.7000,31.1000,38.8000
2026-04-28,5235,MR6,MR 6 Messschieber,7.7000,15.4000,0.0000,23.9200,47.0200
2026-04-28,5232,MR7,MR 7 Lehren,0.0000,7.6000,7.7000,46.5500,61.8500
2026-04-28,5237,MR9,MR 9 Elektro BS,0.0000,0.0000,0.0000,31.2300,31.2300
2026-04-28,5225,Packplatz,Packplatz,0.0000,0.0000,7.7000,15.3200,23.0200
2026-04-28,5900,Qualifizierung,Qualifizierung,0.0000,0.0000,0.0000,16.6400,16.6400
2026-04-28,5223,WA,WA BS,0.0000,0.0000,0.0000,16.0300,16.0300
2026-04-28,5222,WE,WE BS,0.0000,0.0000,15.4000,52.3600,67.7600
2026-04-29,5240,AV,Arbeitsvorbereitung BS,0.0000,0.0000,0.0000,59.1000,59.1000
2026-04-29,5231,MR1,MR 1 Endmaße,0.0000,0.0000,0.0000,10.9000,10.9000
2026-04-29,5211,MR11,MR 11 KMG,0.0000,0.0000,0.0000,19.0000,19.0000
2026-04-29,5214,MR14,MR 14 Waage,0.0000,0.0000,0.0000,2.7200,2.7200
2026-04-29,5234,MR2,MR 2 Drehmomente,0.0000,0.0000,7.7000,39.5800,47.2800
2026-04-29,5236,MR3,MR 3 Messuhren,0.0000,7.7000,7.7000,0.8300,16.2300
2026-04-29,5233,MR4,MR 4 Lohnmessung,0.0000,0.0000,0.0000,7.7000,7.7000
2026-04-29,5239,MR5,MR 5 Bügelmessschrauben,0.0000,0.0000,7.7000,31.5700,39.2700
2026-04-29,5235,MR6,MR 6 Messschieber,7.7000,15.4000,0.0000,22.7600,45.8600
2026-04-29,5232,MR7,MR 7 Lehren,0.0000,7.6000,15.4000,38.6700,61.6700
2026-04-29,5237,MR9,MR 9 Elektro BS,0.0000,0.0000,0.0000,28.6500,28.6500
2026-04-29,5225,Packplatz,Packplatz,0.0000,0.0000,7.7000,15.4500,23.1500
2026-04-29,5900,Qualifizierung,Qualifizierung,0.0000,0.0000,0.0000,14.9900,14.9900
2026-04-29,5223,WA,WA BS,0.0000,0.0000,0.0000,16.0000,16.0000
2026-04-29,5222,WE,WE BS,0.0000,7.7000,23.0000,36.6000,67.3000
2026-04-30,5240,AV,Arbeitsvorbereitung BS,0.0000,7.7000,0.0000,58.4800,66.1800
2026-04-30,5231,MR1,MR 1 Endmaße,0.0000,0.0000,0.0000,13.7000,13.7000
2026-04-30,5211,MR11,MR 11 KMG,0.0000,0.0000,7.7000,10.9200,18.6200
2026-04-30,5234,MR2,MR 2 Drehmomente,0.0000,0.0000,7.7000,38.4900,46.1900
2026-04-30,5236,MR3,MR 3 Messuhren,0.0000,7.7000,7.7000,15.2800,30.6800
2026-04-30,5233,MR4,MR 4 Lohnmessung,0.0000,0.0000,0.0000,7.3000,7.3000
2026-04-30,5239,MR5,MR 5 Bügelmessschrauben,0.0000,0.0000,7.7000,30.2700,37.9700
2026-04-30,5235,MR6,MR 6 Messschieber,7.7000,15.4000,0.0000,22.9800,46.0800
2026-04-30,5232,MR7,MR 7 Lehren,0.0000,7.6000,7.7000,29.8900,45.1900
2026-04-30,5237,MR9,MR 9 Elektro BS,0.0000,0.0000,7.7000,23.3500,31.0500
2026-04-30,5225,Packplatz,Packplatz,0.0000,0.0000,7.7000,15.3300,23.0300
2026-04-30,5223,WA,WA BS,0.0000,0.0000,7.6000,7.6300,15.2300
2026-04-30,5222,WE,WE BS,0.0000,0.0000,23.0000,43.8500,66.8500
2026-05-01,5236,MR3,MR 3 Messuhren,0.0000,7.7000,0.0000,,7.7000
2026-05-01,5232,MR7,MR 7 Lehren,0.0000,7.6000,0.0000,,7.6000
2026-05-04,5240,AV,Arbeitsvorbereitung BS,5.0000,0.0000,0.0000,63.9300,68.9300
2026-05-04,5231,MR1,MR 1 Endmaße,0.0000,0.0000,0.0000,21.5900,21.5900
2026-05-04,5211,MR11,MR 11 KMG,0.0000,0.0000,0.0000,19.9300,19.9300
2026-05-04,5214,MR14,MR 14 Waage,0.0000,0.0000,0.0000,7.1700,7.1700
2026-05-04,5234,MR2,MR 2 Drehmomente,0.0000,7.7000,7.7000,32.3800,47.7800
2026-05-04,5236,MR3,MR 3 Messuhren,0.0000,7.7000,0.0000,24.9100,32.6100
2026-05-04,5233,MR4,MR 4 Lohnmessung,0.0000,0.0000,0.0000,7.7000,7.7000
2026-05-04,5239,MR5,MR 5 Bügelmessschrauben,0.0000,0.0000,0.0000,38.9500,38.9500
2026-05-04,5235,MR6,MR 6 Messschieber,0.0000,0.0000,7.7000,24.1800,31.8800
2026-05-04,5232,MR7,MR 7 Lehren,0.0000,15.3000,7.7000,31.5900,54.5900
2026-05-04,5238,MR8,MR 8 Temperatur,0.0000,0.0000,0.0000,8.2000,8.2000
2026-05-04,5237,MR9,MR 9 Elektro BS,0.0000,0.0000,0.0000,22.9300,22.9300
2026-05-04,5225,Packplatz,Packplatz,0.0000,0.0000,7.7000,15.3700,23.0700
2026-05-04,5900,Qualifizierung,Qualifizierung,0.0000,0.0000,0.0000,7.7700,7.7700
2026-05-04,5223,WA,WA BS,0.0000,0.0000,0.0000,15.4300,15.4300
2026-05-04,5222,WE,WE BS,0.0000,0.0000,15.3000,52.0700,67.3700
2026-05-05,5240,AV,Arbeitsvorbereitung BS,5.0000,0.0000,3.8500,58.0600,66.9100
2026-05-05,5231,MR1,MR 1 Endmaße,0.0000,0.0000,0.0000,21.5500,21.5500
2026-05-05,5211,MR11,MR 11 KMG,0.0000,0.0000,0.0000,12.8000,12.8000
2026-05-05,5212,MR12,MR 12 Druck,0.0000,0.0000,0.0000,7.7300,7.7300
2026-05-05,5234,MR2,MR 2 Drehmomente,0.0000,7.7000,0.0000,38.1000,45.8000
2026-05-05,5236,MR3,MR 3 Messuhren,0.0000,7.7000,0.0000,18.8700,26.5700
2026-05-05,5233,MR4,MR 4 Lohnmessung,0.0000,0.0000,0.0000,7.7000,7.7000
2026-05-05,5239,MR5,MR 5 Bügelmessschrauben,0.0000,0.0000,0.0000,39.6200,39.6200
2026-05-05,5235,MR6,MR 6 Messschieber,0.0000,0.0000,0.0000,35.3900,35.3900
2026-05-05,5232,MR7,MR 7 Lehren,0.0000,15.3000,7.7000,32.0800,55.0800
2026-05-05,5238,MR8,MR 8 Temperatur,7.7000,0.0000,0.0000,,7.7000
2026-05-05,5237,MR9,MR 9 Elektro BS,0.0000,0.0000,0.0000,23.4500,23.4500
2026-05-05,5225,Packplatz,Packplatz,0.0000,0.0000,7.7000,15.5200,23.2200
2026-05-05,5900,Qualifizierung,Qualifizierung,0.0000,0.0000,0.0000,18.7200,18.7200
2026-05-05,5223,WA,WA BS,0.0000,0.0000,0.0000,15.4800,15.4800
2026-05-05,5222,WE,WE BS,0.0000,0.0000,15.3000,52.3000,67.6000
2026-05-06,5240,AV,Arbeitsvorbereitung BS,0.0000,0.0000,0.0000,68.1600,68.1600
2026-05-06,5231,MR1,MR 1 Endmaße,0.0000,0.0000,0.0000,21.5400,21.5400
2026-05-06,5211,MR11,MR 11 KMG,0.0000,4.0000,0.0000,11.4300,15.4300
2026-05-06,5212,MR12,MR 12 Druck,0.0000,0.0000,0.0000,7.7200,7.7200
2026-05-06,5214,MR14,MR 14 Waage,0.0000,0.0000,0.0000,4.1200,4.1200
2026-05-06,5234,MR2,MR 2 Drehmomente,0.0000,7.7000,0.0000,33.2500,40.9500
2026-05-06,5236,MR3,MR 3 Messuhren,0.0000,7.7000,0.0000,15.9100,23.6100
2026-05-06,5233,MR4,MR 4 Lohnmessung,0.0000,0.0000,0.0000,7.7000,7.7000
2026-05-06,5239,MR5,MR 5 Bügelmessschrauben,0.0000,0.0000,0.0000,32.9800,32.9800
2026-05-06,5235,MR6,MR 6 Messschieber,0.0000,0.0000,0.0000,34.9500,34.9500
2026-05-06,5232,MR7,MR 7 Lehren,0.0000,15.3000,7.7000,31.6100,54.6100
2026-05-06,5238,MR8,MR 8 Temperatur,0.0000,0.0000,0.0000,7.7800,7.7800
2026-05-06,5237,MR9,MR 9 Elektro BS,0.0000,0.0000,0.0000,18.9500,18.9500
2026-05-06,5225,Packplatz,Packplatz,0.0000,0.0000,7.7000,15.3800,23.0800
2026-05-06,5900,Qualifizierung,Qualifizierung,0.0000,0.0000,0.0000,25.2700,25.2700
2026-05-06,5223,WA,WA BS,0.0000,0.0000,0.0000,20.4700,20.4700
2026-05-06,5222,WE,WE BS,0.0000,0.0000,15.3000,45.7400,61.0400
2026-05-07,5240,AV,Arbeitsvorbereitung BS,5.0000,0.0000,0.0000,67.4500,72.4500
2026-05-07,5231,MR1,MR 1 Endmaße,0.0000,0.0000,0.0000,21.6300,21.6300
2026-05-07,5211,MR11,MR 11 KMG,0.0000,0.0000,0.0000,12.6800,12.6800
2026-05-07,5212,MR12,MR 12 Druck,0.0000,0.0000,0.0000,7.6000,7.6000
2026-05-07,5214,MR14,MR 14 Waage,0.0000,0.0000,0.0000,0.9800,0.9800
2026-05-07,5234,MR2,MR 2 Drehmomente,0.0000,7.7000,0.0000,34.4800,42.1800
2026-05-07,5236,MR3,MR 3 Messuhren,0.0000,7.7000,0.0000,16.5700,24.2700
2026-05-07,5233,MR4,MR 4 Lohnmessung,0.0000,0.0000,0.0000,7.7000,7.7000
2026-05-07,5239,MR5,MR 5 Bügelmessschrauben,0.0000,0.0000,0.0000,36.1800,36.1800
2026-05-07,5235,MR6,MR 6 Messschieber,0.0000,0.0000,0.0000,32.0300,32.0300
2026-05-07,5232,MR7,MR 7 Lehren,0.0000,15.3000,7.7000,33.0100,56.0100
2026-05-07,5238,MR8,MR 8 Temperatur,0.0000,0.0000,0.0000,7.9800,7.9800
2026-05-07,5237,MR9,MR 9 Elektro BS,0.0000,0.0000,0.0000,22.0700,22.0700
2026-05-07,5225,Packplatz,Packplatz,0.0000,0.0000,7.7000,21.0600,28.7600
2026-05-07,5900,Qualifizierung,Qualifizierung,0.0000,0.0000,0.0000,17.0200,17.0200
2026-05-07,5223,WA,WA BS,0.0000,0.0000,0.0000,16.0500,16.0500
2026-05-07,5222,WE,WE BS,0.0000,0.0000,7.6000,51.7500,59.3500
2026-05-08,5240,AV,Arbeitsvorbereitung BS,5.0000,0.0000,7.7000,59.6200,72.3200
2026-05-08,5231,MR1,MR 1 Endmaße,0.0000,0.0000,0.0000,21.0000,21.0000
2026-05-08,5211,MR11,MR 11 KMG,0.0000,0.0000,0.0000,15.2100,15.2100
2026-05-08,5214,MR14,MR 14 Waage,0.0000,0.0000,0.0000,1.3200,1.3200
2026-05-08,5234,MR2,MR 2 Drehmomente,0.0000,7.7000,7.7000,33.8600,49.2600
2026-05-08,5236,MR3,MR 3 Messuhren,0.0000,7.7000,0.0000,14.9100,22.6100
2026-05-08,5233,MR4,MR 4 Lohnmessung,0.0000,0.0000,0.0000,7.7000,7.7000
2026-05-08,5239,MR5,MR 5 Bügelmessschrauben,0.0000,0.0000,0.0000,34.6100,34.6100
2026-05-08,5235,MR6,MR 6 Messschieber,0.0000,0.0000,0.0000,30.4700,30.4700
2026-05-08,5232,MR7,MR 7 Lehren,0.0000,15.3000,7.7000,34.1800,57.1800
2026-05-08,5238,MR8,MR 8 Temperatur,0.0000,0.0000,0.0000,7.7000,7.7000
2026-05-08,5237,MR9,MR 9 Elektro BS,0.0000,0.0000,0.0000,21.8300,21.8300
2026-05-08,5225,Packplatz,Packplatz,0.0000,0.0000,7.7000,22.3800,30.0800
2026-05-08,5900,Qualifizierung,Qualifizierung,0.0000,0.0000,0.0000,11.6900,11.6900
2026-05-08,5223,WA,WA BS,0.0000,0.0000,0.0000,13.4200,13.4200
2026-05-08,5222,WE,WE BS,0.0000,0.0000,7.6000,51.8500,59.4500
2026-05-09,5240,AV,Arbeitsvorbereitung BS,0.0000,0.0000,0.0000,30.7400,30.7400
2026-05-09,5211,MR11,MR 11 KMG,0.0000,0.0000,0.0000,4.0200,4.0200
2026-05-09,5234,MR2,MR 2 Drehmomente,0.0000,0.0000,0.0000,15.3200,15.3200
2026-05-09,5236,MR3,MR 3 Messuhren,0.0000,0.0000,0.0000,8.5700,8.5700
2026-05-09,5239,MR5,MR 5 Bügelmessschrauben,0.0000,0.0000,0.0000,15.0500,15.0500
2026-05-09,5235,MR6,MR 6 Messschieber,0.0000,0.0000,0.0000,5.9000,5.9000
2026-05-09,5232,MR7,MR 7 Lehren,0.0000,0.0000,0.0000,5.9700,5.9700
2026-05-09,5237,MR9,MR 9 Elektro BS,0.0000,0.0000,0.0000,5.9800,5.9800
2026-05-09,5225,Packplatz,Packplatz,0.0000,0.0000,0.0000,5.5300,5.5300
2026-05-09,5900,Qualifizierung,Qualifizierung,0.0000,0.0000,0.0000,4.9500,4.9500
2026-05-11,5240,AV,Arbeitsvorbereitung BS,0.0000,0.0000,7.7000,65.1000,72.8000
2026-05-11,5231,MR1,MR 1 Endmaße,0.0000,0.0000,0.0000,21.5900,21.5900
2026-05-11,5211,MR11,MR 11 KMG,0.0000,0.0000,0.0000,20.0200,20.0200
2026-05-11,5214,MR14,MR 14 Waage,0.0000,0.0000,0.0000,0.4800,0.4800
2026-05-11,5234,MR2,MR 2 Drehmomente,0.0000,7.7000,7.7000,46.2100,61.6100
2026-05-11,5236,MR3,MR 3 Messuhren,0.0000,7.7000,7.7000,12.6100,28.0100
2026-05-11,5233,MR4,MR 4 Lohnmessung,0.0000,0.0000,0.0000,7.7000,7.7000
2026-05-11,5239,MR5,MR 5 Bügelmessschrauben,0.0000,0.0000,0.0000,39.5800,39.5800
2026-05-11,5235,MR6,MR 6 Messschieber,0.0000,0.0000,0.0000,30.9400,30.9400
2026-05-11,5232,MR7,MR 7 Lehren,0.0000,7.7000,7.7000,38.8700,54.2700
2026-05-11,5238,MR8,MR 8 Temperatur,0.0000,0.0000,0.0000,7.6200,7.6200
2026-05-11,5237,MR9,MR 9 Elektro BS,0.0000,0.0000,7.6000,15.4000,23.0000
2026-05-11,5225,Packplatz,Packplatz,0.0000,0.0000,7.7000,14.6500,22.3500
2026-05-11,5900,Qualifizierung,Qualifizierung,0.0000,0.0000,0.0000,4.1500,4.1500
2026-05-11,5223,WA,WA BS,0.0000,0.0000,0.0000,15.6700,15.6700
2026-05-11,5222,WE,WE BS,0.0000,7.7000,0.0000,59.9000,67.6000
2026-05-12,5240,AV,Arbeitsvorbereitung BS,0.0000,0.0000,7.7000,63.5800,71.2800
2026-05-12,5231,MR1,MR 1 Endmaße,0.0000,0.0000,0.0000,20.5500,20.5500
2026-05-12,5211,MR11,MR 11 KMG,0.0000,0.0000,0.0000,19.9200,19.9200
2026-05-12,5212,MR12,MR 12 Druck,0.0000,0.0000,0.0000,1.9300,1.9300
2026-05-12,5214,MR14,MR 14 Waage,0.0000,0.0000,0.0000,0.6800,0.6800
2026-05-12,5234,MR2,MR 2 Drehmomente,0.0000,0.0000,7.7000,51.4800,59.1800
2026-05-12,5236,MR3,MR 3 Messuhren,0.0000,0.0000,7.7000,23.5200,31.2200
2026-05-12,5233,MR4,MR 4 Lohnmessung,0.0000,0.0000,0.0000,7.7000,7.7000
2026-05-12,5239,MR5,MR 5 Bügelmessschrauben,0.0000,0.0000,0.0000,39.4900,39.4900
2026-05-12,5235,MR6,MR 6 Messschieber,0.0000,0.0000,0.0000,28.3400,28.3400
2026-05-12,5232,MR7,MR 7 Lehren,0.0000,7.7000,7.7000,38.8300,54.2300
2026-05-12,5238,MR8,MR 8 Temperatur,0.0000,0.0000,0.0000,5.1000,5.1000
2026-05-12,5237,MR9,MR 9 Elektro BS,0.0000,0.0000,7.6000,15.7300,23.3300
2026-05-12,5225,Packplatz,Packplatz,0.0000,0.0000,7.7000,14.0800,21.7800
2026-05-12,5900,Qualifizierung,Qualifizierung,0.0000,0.0000,0.0000,16.0800,16.0800
2026-05-12,5223,WA,WA BS,0.0000,0.0000,0.0000,12.7500,12.7500
2026-05-12,5222,WE,WE BS,0.0000,7.7000,7.6000,46.8900,62.1900
2026-05-13,5240,AV,Arbeitsvorbereitung BS,0.0000,7.7000,7.7000,49.6000,65.0000
2026-05-13,5231,MR1,MR 1 Endmaße,0.0000,0.0000,0.0000,21.6500,21.6500
2026-05-13,5211,MR11,MR 11 KMG,0.0000,0.0000,0.0000,12.6200,12.6200
2026-05-13,5234,MR2,MR 2 Drehmomente,0.0000,0.0000,15.4000,32.0900,47.4900
2026-05-13,5236,MR3,MR 3 Messuhren,0.0000,0.0000,7.7000,23.0800,30.7800
2026-05-13,5233,MR4,MR 4 Lohnmessung,0.0000,0.0000,0.0000,6.9000,6.9000
2026-05-13,5239,MR5,MR 5 Bügelmessschrauben,0.0000,7.7000,0.0000,25.8500,33.5500
2026-05-13,5235,MR6,MR 6 Messschieber,0.0000,0.0000,0.0000,21.9900,21.9900
2026-05-13,5232,MR7,MR 7 Lehren,0.0000,7.7000,7.7000,30.7700,46.1700
2026-05-13,5238,MR8,MR 8 Temperatur,0.0000,0.0000,0.0000,7.8200,7.8200
2026-05-13,5237,MR9,MR 9 Elektro BS,0.0000,0.0000,7.6000,15.6800,23.2800
2026-05-13,5225,Packplatz,Packplatz,0.0000,0.0000,7.7000,15.4900,23.1900
2026-05-13,5900,Qualifizierung,Qualifizierung,0.0000,0.0000,0.0000,18.3900,18.3900
2026-05-13,5223,WA,WA BS,0.0000,0.0000,0.0000,20.6100,20.6100
2026-05-13,5222,WE,WE BS,0.0000,7.7000,0.0000,53.7700,61.4700
2026-05-14,5232,MR7,MR 7 Lehren,0.0000,7.7000,0.0000,,7.7000
2026-05-14,5222,WE,WE BS,0.0000,7.7000,0.0000,,7.7000
2026-05-15,5240,AV,Arbeitsvorbereitung BS,0.0000,0.0000,38.4000,34.0100,72.4100
2026-05-15,5231,MR1,MR 1 Endmaße,0.0000,7.7000,13.6300,,21.3300
2026-05-15,5211,MR11,MR 11 KMG,0.0000,0.0000,11.7000,7.3700,19.0700
2026-05-15,5234,MR2,MR 2 Drehmomente,0.0000,0.0000,30.8000,9.1600,39.9600
2026-05-15,5236,MR3,MR 3 Messuhren,0.0000,7.7000,7.7000,15.5400,30.9400
2026-05-15,5233,MR4,MR 4 Lohnmessung,0.0000,0.0000,7.6000,,7.6000
2026-05-15,5239,MR5,MR 5 Bügelmessschrauben,0.0000,0.0000,15.3000,17.6300,32.9300
2026-05-15,5235,MR6,MR 6 Messschieber,0.0000,0.0000,23.0000,7.7200,30.7200
2026-05-15,5232,MR7,MR 7 Lehren,0.0000,7.7000,23.1000,23.0100,53.8100
2026-05-15,5238,MR8,MR 8 Temperatur,0.0000,0.0000,0.0000,7.8500,7.8500
2026-05-15,5237,MR9,MR 9 Elektro BS,0.0000,0.0000,23.0000,,23.0000
2026-05-15,5225,Packplatz,Packplatz,0.0000,0.0000,7.7000,15.4000,23.1000
2026-05-15,5900,Qualifizierung,Qualifizierung,0.0000,0.0000,0.0000,18.7000,18.7000
2026-05-15,5223,WA,WA BS,0.0000,0.0000,0.0000,7.7300,7.7300
2026-05-15,5222,WE,WE BS,0.0000,7.7000,29.0500,30.5400,67.2900
2026-05-18,5240,AV,Arbeitsvorbereitung BS,0.0000,0.0000,7.6000,65.3000,72.9000
2026-05-18,5231,MR1,MR 1 Endmaße,0.0000,0.0000,0.0000,21.5800,21.5800
2026-05-18,5211,MR11,MR 11 KMG,0.0000,0.0000,0.0000,19.8400,19.8400
2026-05-18,5234,MR2,MR 2 Drehmomente,7.7000,0.0000,0.0000,39.0400,46.7400
2026-05-18,5236,MR3,MR 3 Messuhren,0.0000,15.4000,0.0000,15.4000,30.8000
2026-05-18,5233,MR4,MR 4 Lohnmessung,0.0000,0.0000,0.0000,7.7000,7.7000
2026-05-18,5239,MR5,MR 5 Bügelmessschrauben,0.0000,0.0000,7.7000,28.3700,36.0700
2026-05-18,5235,MR6,MR 6 Messschieber,0.0000,0.0000,15.4000,23.6200,39.0200
2026-05-18,5232,MR7,MR 7 Lehren,0.0000,7.7000,7.7000,38.8900,54.2900
2026-05-18,5238,MR8,MR 8 Temperatur,0.0000,0.0000,0.0000,7.7000,7.7000
2026-05-18,5237,MR9,MR 9 Elektro BS,0.0000,0.0000,7.6000,15.6200,23.2200
2026-05-18,5225,Packplatz,Packplatz,0.0000,7.7000,0.0000,15.3500,23.0500
2026-05-18,5900,Qualifizierung,Qualifizierung,0.0000,0.0000,0.0000,12.0700,12.0700
2026-05-18,5223,WA,WA BS,0.0000,7.6000,0.0000,15.3000,22.9000
2026-05-18,5222,WE,WE BS,0.0000,7.7000,7.7000,52.2900,67.6900
2026-05-19,5240,AV,Arbeitsvorbereitung BS,0.0000,0.0000,7.6000,64.8800,72.4800
2026-05-19,5231,MR1,MR 1 Endmaße,0.0000,0.0000,0.0000,19.8700,19.8700
2026-05-19,5211,MR11,MR 11 KMG,0.0000,0.0000,0.0000,13.0900,13.0900
2026-05-19,5234,MR2,MR 2 Drehmomente,7.7000,0.0000,0.0000,43.3100,51.0100
2026-05-19,5236,MR3,MR 3 Messuhren,0.0000,15.4000,0.0000,15.6700,31.0700
2026-05-19,5233,MR4,MR 4 Lohnmessung,0.0000,0.0000,0.0000,7.7000,7.7000
2026-05-19,5239,MR5,MR 5 Bügelmessschrauben,0.0000,0.0000,7.7000,18.3800,26.0800
2026-05-19,5235,MR6,MR 6 Messschieber,0.0000,0.0000,15.4000,23.7500,39.1500
2026-05-19,5232,MR7,MR 7 Lehren,0.0000,7.7000,7.7000,38.2800,53.6800
2026-05-19,5238,MR8,MR 8 Temperatur,0.0000,0.0000,0.0000,7.9000,7.9000
2026-05-19,5237,MR9,MR 9 Elektro BS,0.0000,0.0000,7.6000,15.5000,23.1000
2026-05-19,5225,Packplatz,Packplatz,0.0000,7.7000,0.0000,15.2500,22.9500
2026-05-19,5900,Qualifizierung,Qualifizierung,0.0000,0.0000,0.0000,17.3400,17.3400
2026-05-19,5223,WA,WA BS,0.0000,0.0000,0.0000,15.7500,15.7500
2026-05-19,5222,WE,WE BS,0.0000,7.7000,7.7000,52.1700,67.5700
2026-05-20,5240,AV,Arbeitsvorbereitung BS,0.0000,0.0000,15.3200,50.9200,66.2400
2026-05-20,5231,MR1,MR 1 Endmaße,0.0000,0.0000,0.0000,13.8300,13.8300
2026-05-20,5211,MR11,MR 11 KMG,0.0000,0.0000,0.0000,12.3000,12.3000
2026-05-20,5212,MR12,MR 12 Druck,0.0000,0.0000,0.0000,4.0000,4.0000
2026-05-20,5234,MR2,MR 2 Drehmomente,8.9200,0.0000,0.0000,37.0000,45.9200
2026-05-20,5236,MR3,MR 3 Messuhren,0.0000,15.4000,0.0000,22.6800,38.0800
2026-05-20,5233,MR4,MR 4 Lohnmessung,0.0000,0.0000,0.0000,7.7000,7.7000
2026-05-20,5239,MR5,MR 5 Bügelmessschrauben,0.0000,0.0000,7.7000,20.9600,28.6600
2026-05-20,5235,MR6,MR 6 Messschieber,0.0000,0.0000,7.7000,31.4400,39.1400
2026-05-20,5232,MR7,MR 7 Lehren,0.0000,7.7000,7.7000,46.1200,61.5200
2026-05-20,5238,MR8,MR 8 Temperatur,0.0000,0.0000,0.0000,7.9200,7.9200
2026-05-20,5237,MR9,MR 9 Elektro BS,0.0000,0.0000,7.6000,15.6300,23.2300
2026-05-20,5225,Packplatz,Packplatz,0.0000,0.0000,0.0000,22.9500,22.9500
2026-05-20,5900,Qualifizierung,Qualifizierung,0.0000,0.0000,0.0000,4.0700,4.0700
2026-05-20,5223,WA,WA BS,0.0000,0.0000,0.0000,15.5000,15.5000
2026-05-20,5222,WE,WE BS,0.0000,15.3000,7.7000,44.4600,67.4600
2026-05-21,5240,AV,Arbeitsvorbereitung BS,0.0000,0.0000,15.3000,55.3800,70.6800
2026-05-21,5231,MR1,MR 1 Endmaße,0.0000,0.0000,0.0000,13.8200,13.8200
2026-05-21,5211,MR11,MR 11 KMG,0.0000,0.0000,0.0000,13.1300,13.1300
2026-05-21,5234,MR2,MR 2 Drehmomente,0.0000,0.0000,0.0000,43.8700,43.8700
2026-05-21,5236,MR3,MR 3 Messuhren,0.0000,15.4000,0.0000,22.3000,37.7000
2026-05-21,5233,MR4,MR 4 Lohnmessung,0.0000,0.0000,0.0000,7.7000,7.7000
2026-05-21,5239,MR5,MR 5 Bügelmessschrauben,0.0000,0.0000,7.7000,32.9800,40.6800
2026-05-21,5235,MR6,MR 6 Messschieber,0.0000,0.0000,7.7000,27.6000,35.3000
2026-05-21,5232,MR7,MR 7 Lehren,0.0000,7.7000,7.7000,46.5100,61.9100
2026-05-21,5238,MR8,MR 8 Temperatur,0.0000,0.0000,0.0000,7.8500,7.8500
2026-05-21,5237,MR9,MR 9 Elektro BS,0.0000,0.0000,7.6000,15.5800,23.1800
2026-05-21,5225,Packplatz,Packplatz,0.0000,0.0000,6.9200,15.1800,22.1000
2026-05-21,5900,Qualifizierung,Qualifizierung,0.0000,0.0000,0.0000,11.0500,11.0500
2026-05-21,5223,WA,WA BS,0.0000,0.0000,0.8800,14.9200,15.8000
2026-05-21,5222,WE,WE BS,0.0000,7.7000,7.7000,41.9500,57.3500
2026-05-22,5240,AV,Arbeitsvorbereitung BS,0.0000,0.0000,7.6000,59.4600,67.0600
2026-05-22,5231,MR1,MR 1 Endmaße,0.0000,0.0000,0.0000,13.3800,13.3800
2026-05-22,5211,MR11,MR 11 KMG,0.0000,0.0000,0.0000,13.5500,13.5500
2026-05-22,5234,MR2,MR 2 Drehmomente,0.0000,0.0000,7.7000,43.4100,51.1100
2026-05-22,5236,MR3,MR 3 Messuhren,0.0000,15.4000,7.7000,13.3000,36.4000
2026-05-22,5233,MR4,MR 4 Lohnmessung,0.0000,0.0000,0.0000,7.7000,7.7000
2026-05-22,5239,MR5,MR 5 Bügelmessschrauben,0.0000,0.0000,7.7000,29.8100,37.5100
2026-05-22,5235,MR6,MR 6 Messschieber,0.0000,0.0000,7.7000,23.7600,31.4600
2026-05-22,5232,MR7,MR 7 Lehren,0.0000,7.7000,7.7000,30.7300,46.1300
2026-05-22,5238,MR8,MR 8 Temperatur,0.0000,0.0000,0.0000,7.8200,7.8200
2026-05-22,5237,MR9,MR 9 Elektro BS,0.0000,0.0000,7.6000,15.8200,23.4200
2026-05-22,5225,Packplatz,Packplatz,0.0000,7.7000,0.0000,15.1700,22.8700
2026-05-22,5223,WA,WA BS,0.0000,0.0000,0.0000,14.0700,14.0700
2026-05-22,5222,WE,WE BS,0.0000,7.7000,7.7000,51.4800,66.8800
2026-05-23,5211,MR11,MR 11 KMG,0.0000,0.0000,0.0000,4.2300,4.2300
2026-05-23,5234,MR2,MR 2 Drehmomente,0.0000,0.0000,0.0000,11.8400,11.8400
2026-05-23,5236,MR3,MR 3 Messuhren,0.0000,0.0000,0.0000,1.3000,1.3000
2026-05-23,5235,MR6,MR 6 Messschieber,0.0000,0.0000,0.0000,10.9000,10.9000
2026-05-23,5232,MR7,MR 7 Lehren,0.0000,0.0000,0.0000,6.1700,6.1700
2026-05-23,5238,MR8,MR 8 Temperatur,0.0000,0.0000,0.0000,3.4800,3.4800
2026-05-23,5237,MR9,MR 9 Elektro BS,0.0000,0.0000,0.0000,5.9800,5.9800
2026-05-23,5225,Packplatz,Packplatz,0.0000,0.0000,0.0000,5.1200,5.1200
2026-05-25,5236,MR3,MR 3 Messuhren,0.0000,7.7000,0.0000,,7.7000
2026-05-25,5232,MR7,MR 7 Lehren,0.0000,15.4000,0.0000,,15.4000
2026-05-25,5222,WE,WE BS,0.0000,7.7000,0.0000,,7.7000
2026-05-26,5240,AV,Arbeitsvorbereitung BS,0.0000,0.0000,15.4000,55.2400,70.6400
2026-05-26,5231,MR1,MR 1 Endmaße,0.0000,7.7000,7.7000,6.6700,22.0700
2026-05-26,5211,MR11,MR 11 KMG,0.0000,0.0000,7.6000,8.0800,15.6800
2026-05-26,5214,MR14,MR 14 Waage,0.0000,0.0000,0.0000,2.0700,2.0700
2026-05-26,5234,MR2,MR 2 Drehmomente,7.6000,0.0000,7.7000,38.6500,53.9500
2026-05-26,5236,MR3,MR 3 Messuhren,0.0000,7.7000,7.7000,1.9800,17.3800
2026-05-26,5233,MR4,MR 4 Lohnmessung,0.0000,0.0000,0.0000,7.7000,7.7000
2026-05-26,5239,MR5,MR 5 Bügelmessschrauben,0.0000,0.0000,0.0000,34.2200,34.2200
2026-05-26,5235,MR6,MR 6 Messschieber,0.0000,0.0000,7.7000,23.1000,30.8000
2026-05-26,5232,MR7,MR 7 Lehren,0.0000,23.1000,23.1000,33.5400,79.7400
2026-05-26,5238,MR8,MR 8 Temperatur,0.0000,0.0000,0.0000,2.6300,2.6300
2026-05-26,5237,MR9,MR 9 Elektro BS,0.0000,0.0000,0.0000,21.1000,21.1000
2026-05-26,5225,Packplatz,Packplatz,0.0000,0.0000,0.0000,22.7000,22.7000
2026-05-26,5900,Qualifizierung,Qualifizierung,0.0000,0.0000,0.0000,7.9100,7.9100
2026-05-26,5223,WA,WA BS,0.0000,0.0000,0.0000,20.2600,20.2600
2026-05-26,5222,WE,WE BS,0.0000,7.7000,7.7000,47.3400,62.7400
2026-05-27,5240,AV,Arbeitsvorbereitung BS,0.0000,0.0000,30.8700,35.5200,66.3900
2026-05-27,5231,MR1,MR 1 Endmaße,0.0000,7.7000,7.7000,6.0200,21.4200
2026-05-27,5211,MR11,MR 11 KMG,0.0000,0.0000,7.6000,0.4800,8.0800
2026-05-27,5214,MR14,MR 14 Waage,0.0000,0.0000,0.0000,2.7500,2.7500
2026-05-27,5234,MR2,MR 2 Drehmomente,7.6000,0.0000,7.7000,34.9200,50.2200
2026-05-27,5236,MR3,MR 3 Messuhren,0.0000,7.7000,0.0000,8.6800,16.3800
2026-05-27,5233,MR4,MR 4 Lohnmessung,0.0000,0.0000,0.0000,9.0500,9.0500
2026-05-27,5239,MR5,MR 5 Bügelmessschrauben,0.0000,0.0000,0.0000,32.2600,32.2600
2026-05-27,5235,MR6,MR 6 Messschieber,0.0000,0.0000,7.7000,17.9200,25.6200
2026-05-27,5232,MR7,MR 7 Lehren,0.0000,23.1000,15.4000,42.5800,81.0800
2026-05-27,5238,MR8,MR 8 Temperatur,0.0000,0.0000,0.0000,0.1800,0.1800
2026-05-27,5237,MR9,MR 9 Elektro BS,0.0000,0.0000,0.0000,20.4600,20.4600
2026-05-27,5225,Packplatz,Packplatz,0.0000,0.0000,0.0000,23.0000,23.0000
2026-05-27,5900,Qualifizierung,Qualifizierung,0.0000,0.0000,0.0000,30.7900,30.7900
2026-05-27,5223,WA,WA BS,0.0000,0.0000,0.0000,15.4500,15.4500
2026-05-27,5222,WE,WE BS,0.0000,7.7000,0.0000,59.7200,67.4200
2026-05-28,5240,AV,Arbeitsvorbereitung BS,0.0000,0.0000,15.4000,58.0300,73.4300
2026-05-28,5231,MR1,MR 1 Endmaße,0.0000,7.7000,7.7000,14.2200,29.6200
2026-05-28,5211,MR11,MR 11 KMG,0.0000,0.0000,7.6000,0.2700,7.8700
2026-05-28,5212,MR12,MR 12 Druck,0.0000,0.0000,0.0000,2.8700,2.8700
2026-05-28,5214,MR14,MR 14 Waage,0.0000,0.0000,0.0000,7.0200,7.0200
2026-05-28,5234,MR2,MR 2 Drehmomente,7.6000,0.0000,7.7000,21.1600,36.4600
2026-05-28,5236,MR3,MR 3 Messuhren,0.0000,7.7000,0.0000,15.9600,23.6600
2026-05-28,5233,MR4,MR 4 Lohnmessung,0.0000,0.0000,0.0000,7.7000,7.7000
2026-05-28,5239,MR5,MR 5 Bügelmessschrauben,0.0000,0.0000,0.0000,35.1600,35.1600
2026-05-28,5235,MR6,MR 6 Messschieber,0.0000,0.0000,7.7000,23.4700,31.1700
2026-05-28,5232,MR7,MR 7 Lehren,0.0000,23.1000,15.4000,27.3600,65.8600
2026-05-28,5238,MR8,MR 8 Temperatur,0.0000,0.0000,0.0000,2.4200,2.4200
2026-05-28,5237,MR9,MR 9 Elektro BS,0.0000,0.0000,0.0000,16.1300,16.1300
2026-05-28,5225,Packplatz,Packplatz,0.0000,0.0000,0.0000,22.5000,22.5000
2026-05-28,5900,Qualifizierung,Qualifizierung,0.0000,0.0000,0.0000,27.6400,27.6400
2026-05-28,5223,WA,WA BS,0.0000,0.0000,0.0000,13.5700,13.5700
2026-05-28,5222,WE,WE BS,0.0000,15.4000,0.0000,49.9300,65.3300
2026-05-29,5240,AV,Arbeitsvorbereitung BS,0.0000,0.0000,15.4000,56.8600,72.2600
2026-05-29,5231,MR1,MR 1 Endmaße,0.0000,7.7000,7.7000,13.3400,28.7400
2026-05-29,5211,MR11,MR 11 KMG,0.0000,0.0000,7.6000,7.6500,15.2500
2026-05-29,5234,MR2,MR 2 Drehmomente,0.0000,0.0000,7.7000,33.3600,41.0600
2026-05-29,5236,MR3,MR 3 Messuhren,0.0000,7.7000,0.0000,16.0000,23.7000
2026-05-29,5233,MR4,MR 4 Lohnmessung,0.0000,0.0000,0.0000,6.6200,6.6200
2026-05-29,5239,MR5,MR 5 Bügelmessschrauben,0.0000,0.0000,0.0000,29.8000,29.8000
2026-05-29,5235,MR6,MR 6 Messschieber,0.0000,0.0000,7.7000,29.9300,37.6300
2026-05-29,5232,MR7,MR 7 Lehren,0.0000,15.4000,15.4000,34.4500,65.2500
2026-05-29,5238,MR8,MR 8 Temperatur,0.0000,0.0000,0.0000,7.1700,7.1700
2026-05-29,5237,MR9,MR 9 Elektro BS,0.0000,0.0000,0.0000,23.1200,23.1200
2026-05-29,5225,Packplatz,Packplatz,0.0000,0.0000,0.0000,21.5000,21.5000
2026-05-29,5900,Qualifizierung,Qualifizierung,0.0000,0.0000,0.0000,3.6300,3.6300
2026-05-29,5223,WA,WA BS,0.0000,0.0000,0.0000,14.5300,14.5300
2026-05-29,5222,WE,WE BS,0.0000,15.4000,0.0000,39.4000,54.8000
2026-06-01,5240,AV,Arbeitsvorbereitung BS,0.0000,0.0000,0.0000,66.0300,66.0300
2026-06-01,5231,MR1,MR 1 Endmaße,0.0000,7.7000,0.0000,19.5000,27.2000
2026-06-01,5211,MR11,MR 11 KMG,0.0000,0.0000,0.0000,8.5000,8.5000
2026-06-01,5212,MR12,MR 12 Druck,0.0000,0.0000,0.0000,7.4800,7.4800
2026-06-01,5214,MR14,MR 14 Waage,0.0000,0.0000,0.0000,6.4000,6.4000
2026-06-01,5234,MR2,MR 2 Drehmomente,0.0000,0.0000,7.6000,23.5600,31.1600
2026-06-01,5236,MR3,MR 3 Messuhren,0.0000,7.7000,7.7000,15.8800,31.2800
2026-06-01,5233,MR4,MR 4 Lohnmessung,0.0000,0.0000,0.0000,7.7000,7.7000
2026-06-01,5239,MR5,MR 5 Bügelmessschrauben,0.0000,0.0000,0.0000,37.7200,37.7200
2026-06-01,5235,MR6,MR 6 Messschieber,0.0000,7.6000,0.0000,20.4100,28.0100
2026-06-01,5232,MR7,MR 7 Lehren,0.0000,15.4000,0.0000,42.1600,57.5600
2026-06-01,5238,MR8,MR 8 Temperatur,0.0000,0.0000,0.0000,7.8200,7.8200
2026-06-01,5237,MR9,MR 9 Elektro BS,0.0000,0.0000,0.0000,15.9600,15.9600
2026-06-01,5225,Packplatz,Packplatz,0.0000,0.0000,0.0000,22.0000,22.0000
2026-06-01,5900,Qualifizierung,Qualifizierung,0.0000,0.0000,0.0000,26.3600,26.3600
2026-06-01,5223,WA,WA BS,0.0000,0.0000,7.6000,15.4000,23.0000
2026-06-01,5222,WE,WE BS,0.0000,7.7000,0.0000,51.2300,58.9300
2026-06-02,5240,AV,Arbeitsvorbereitung BS,0.0000,0.0000,0.0000,59.4300,59.4300
2026-06-02,5231,MR1,MR 1 Endmaße,0.0000,7.7000,0.0000,21.6500,29.3500
2026-06-02,5211,MR11,MR 11 KMG,0.0000,0.0000,0.0000,8.3800,8.3800
2026-06-02,5214,MR14,MR 14 Waage,0.0000,0.0000,0.0000,7.4500,7.4500
2026-06-02,5234,MR2,MR 2 Drehmomente,0.0000,0.0000,7.6000,31.3000,38.9000
2026-06-02,5236,MR3,MR 3 Messuhren,0.0000,7.7000,0.0000,13.5600,21.2600
2026-06-02,5233,MR4,MR 4 Lohnmessung,0.0000,0.0000,0.0000,7.6800,7.6800
2026-06-02,5239,MR5,MR 5 Bügelmessschrauben,0.0000,0.0000,0.0000,30.3900,30.3900
2026-06-02,5235,MR6,MR 6 Messschieber,0.0000,7.6000,0.0000,22.6200,30.2200
2026-06-02,5232,MR7,MR 7 Lehren,0.0000,15.4000,0.0000,41.3000,56.7000
2026-06-02,5238,MR8,MR 8 Temperatur,0.0000,0.0000,0.0000,6.9800,6.9800
2026-06-02,5237,MR9,MR 9 Elektro BS,0.0000,0.0000,0.0000,15.7500,15.7500
2026-06-02,5225,Packplatz,Packplatz,0.0000,0.0000,0.0000,20.8200,20.8200
2026-06-02,5900,Qualifizierung,Qualifizierung,0.0000,0.0000,0.0000,40.0200,40.0200
2026-06-02,5223,WA,WA BS,0.0000,0.0000,7.6000,15.2300,22.8300
2026-06-02,5222,WE,WE BS,0.0000,7.7000,0.0000,45.2900,52.9900
2026-06-03,5240,AV,Arbeitsvorbereitung BS,0.0000,0.0000,0.0000,58.5900,58.5900
2026-06-03,5231,MR1,MR 1 Endmaße,0.0000,7.7000,0.0000,19.6500,27.3500
2026-06-03,5211,MR11,MR 11 KMG,0.0000,0.0000,0.0000,7.7000,7.7000
2026-06-03,5214,MR14,MR 14 Waage,0.0000,0.0000,0.0000,5.8500,5.8500
2026-06-03,5234,MR2,MR 2 Drehmomente,0.0000,0.0000,7.6000,31.1000,38.7000
2026-06-03,5236,MR3,MR 3 Messuhren,0.0000,7.7000,0.0000,11.6700,19.3700
2026-06-03,5239,MR5,MR 5 Bügelmessschrauben,0.0000,0.0000,0.0000,31.0500,31.0500
2026-06-03,5235,MR6,MR 6 Messschieber,0.0000,7.6000,0.0000,19.6000,27.2000
2026-06-03,5232,MR7,MR 7 Lehren,0.0000,15.4000,0.0000,43.5000,58.9000
2026-06-03,5238,MR8,MR 8 Temperatur,0.0000,0.0000,0.0000,8.0800,8.0800
2026-06-03,5237,MR9,MR 9 Elektro BS,0.0000,0.0000,0.0000,17.6900,17.6900
2026-06-03,5225,Packplatz,Packplatz,0.0000,0.0000,7.7000,15.2400,22.9400
2026-06-03,5900,Qualifizierung,Qualifizierung,0.0000,0.0000,0.0000,42.6600,42.6600
2026-06-03,5223,WA,WA BS,0.0000,0.0000,7.6000,22.9200,30.5200
2026-06-03,5222,WE,WE BS,0.0000,7.7000,0.0000,47.5300,55.2300
2026-06-04,5240,AV,Arbeitsvorbereitung BS,0.0000,0.0000,0.0000,65.8700,65.8700
2026-06-04,5231,MR1,MR 1 Endmaße,0.0000,7.7000,0.0000,21.5500,29.2500
2026-06-04,5211,MR11,MR 11 KMG,0.0000,0.0000,0.0000,12.2600,12.2600
2026-06-04,5212,MR12,MR 12 Druck,0.0000,0.0000,0.0000,0.5800,0.5800
2026-06-04,5234,MR2,MR 2 Drehmomente,0.0000,0.0000,7.6000,25.6200,33.2200
2026-06-04,5236,MR3,MR 3 Messuhren,0.0000,7.7000,0.0000,16.5300,24.2300
2026-06-04,5233,MR4,MR 4 Lohnmessung,0.0000,0.0000,0.0000,7.7000,7.7000
2026-06-04,5239,MR5,MR 5 Bügelmessschrauben,0.0000,0.0000,0.0000,47.5800,47.5800
2026-06-04,5235,MR6,MR 6 Messschieber,0.0000,7.6000,0.0000,15.6800,23.2800
2026-06-04,5232,MR7,MR 7 Lehren,0.0000,15.4000,0.0000,43.9200,59.3200
2026-06-04,5238,MR8,MR 8 Temperatur,0.0000,0.0000,0.0000,7.9800,7.9800
2026-06-04,5237,MR9,MR 9 Elektro BS,0.0000,0.0000,0.0000,22.8500,22.8500
2026-06-04,5225,Packplatz,Packplatz,0.0000,0.0000,7.7000,15.1000,22.8000
2026-06-04,5900,Qualifizierung,Qualifizierung,0.0000,0.0000,0.0000,28.0400,28.0400
2026-06-04,5223,WA,WA BS,0.0000,0.0000,7.6000,15.2500,22.8500
2026-06-04,5222,WE,WE BS,0.0000,7.7000,0.0000,43.0400,50.7400
2026-06-05,5240,AV,Arbeitsvorbereitung BS,0.0000,0.0000,0.0000,63.4200,63.4200
2026-06-05,5231,MR1,MR 1 Endmaße,0.0000,7.7000,0.0000,20.2400,27.9400
2026-06-05,5211,MR11,MR 11 KMG,0.0000,0.0000,0.0000,11.4200,11.4200
2026-06-05,5234,MR2,MR 2 Drehmomente,0.0000,0.0000,7.6000,28.2100,35.8100
2026-06-05,5236,MR3,MR 3 Messuhren,0.0000,15.4000,0.0000,15.9200,31.3200
2026-06-05,5233,MR4,MR 4 Lohnmessung,0.0000,0.0000,0.0000,7.6200,7.6200
2026-06-05,5239,MR5,MR 5 Bügelmessschrauben,0.0000,0.0000,7.7000,33.5900,41.2900
2026-06-05,5235,MR6,MR 6 Messschieber,0.0000,7.6000,0.0000,14.3400,21.9400
2026-06-05,5232,MR7,MR 7 Lehren,0.0000,15.4000,0.0000,43.5500,58.9500
2026-06-05,5238,MR8,MR 8 Temperatur,0.0000,0.0000,0.0000,6.8000,6.8000
2026-06-05,5237,MR9,MR 9 Elektro BS,0.0000,0.0000,0.0000,23.1800,23.1800
2026-06-05,5225,Packplatz,Packplatz,0.0000,0.0000,7.7000,15.1500,22.8500
2026-06-05,5900,Qualifizierung,Qualifizierung,0.0000,0.0000,0.0000,16.2400,16.2400
2026-06-05,5223,WA,WA BS,0.0000,0.0000,0.0000,13.2500,13.2500
2026-06-05,5222,WE,WE BS,0.0000,7.7000,0.0000,50.6200,58.3200
2026-06-06,5240,AV,Arbeitsvorbereitung BS,0.0000,0.0000,0.0000,15.9600,15.9600
2026-06-06,5231,MR1,MR 1 Endmaße,0.0000,0.0000,0.0000,8.8000,8.8000
2026-06-06,5239,MR5,MR 5 Bügelmessschrauben,0.0000,0.0000,0.0000,5.3500,5.3500
2026-06-06,5232,MR7,MR 7 Lehren,0.0000,0.0000,0.0000,19.6200,19.6200
2026-06-08,5240,AV,Arbeitsvorbereitung BS,0.0000,0.0000,0.0000,66.0600,66.0600
2026-06-08,5231,MR1,MR 1 Endmaße,0.0000,7.7000,0.0000,15.4700,23.1700
2026-06-08,5211,MR11,MR 11 KMG,0.0000,7.6000,0.0000,7.7800,15.3800
2026-06-08,5212,MR12,MR 12 Druck,0.0000,0.0000,0.0000,7.5000,7.5000
2026-06-08,5214,MR14,MR 14 Waage,0.0000,0.0000,0.0000,1.9800,1.9800
2026-06-08,5234,MR2,MR 2 Drehmomente,0.0000,0.0000,0.0000,31.5200,31.5200
2026-06-08,5236,MR3,MR 3 Messuhren,0.0000,0.0000,7.7000,23.8300,31.5300
2026-06-08,5233,MR4,MR 4 Lohnmessung,0.0000,0.0000,0.0000,7.7000,7.7000
2026-06-08,5239,MR5,MR 5 Bügelmessschrauben,0.0000,0.0000,15.4000,28.2300,43.6300
2026-06-08,5235,MR6,MR 6 Messschieber,0.0000,7.6000,7.7000,22.0400,37.3400
2026-06-08,5232,MR7,MR 7 Lehren,0.0000,7.7000,4.0000,46.8300,58.5300
2026-06-08,5238,MR8,MR 8 Temperatur,0.0000,0.0000,7.7000,8.0200,15.7200
2026-06-08,5237,MR9,MR 9 Elektro BS,0.0000,0.0000,0.0000,13.5600,13.5600
2026-06-08,5225,Packplatz,Packplatz,0.0000,0.0000,7.7000,15.0800,22.7800
2026-06-08,5900,Qualifizierung,Qualifizierung,0.0000,0.0000,0.0000,8.4500,8.4500
2026-06-08,5223,WA,WA BS,0.0000,0.0000,7.6000,15.2400,22.8400
2026-06-08,5222,WE,WE BS,0.0000,7.7000,7.7000,41.1100,56.5100
2026-06-09,5240,AV,Arbeitsvorbereitung BS,0.0000,0.0000,0.0000,59.6700,59.6700
2026-06-09,5231,MR1,MR 1 Endmaße,0.0000,0.0000,7.7000,14.1200,21.8200
2026-06-09,5211,MR11,MR 11 KMG,0.0000,0.0000,0.0000,7.3500,7.3500
2026-06-09,5212,MR12,MR 12 Druck,0.0000,0.0000,0.0000,7.0800,7.0800
2026-06-09,5234,MR2,MR 2 Drehmomente,0.0000,0.0000,0.0000,32.0100,32.0100
2026-06-09,5236,MR3,MR 3 Messuhren,0.0000,0.0000,7.7000,17.6900,25.3900
2026-06-09,5233,MR4,MR 4 Lohnmessung,0.0000,0.0000,0.0000,7.7000,7.7000
2026-06-09,5239,MR5,MR 5 Bügelmessschrauben,0.0000,0.0000,15.4000,30.3300,45.7300
2026-06-09,5235,MR6,MR 6 Messschieber,0.0000,7.6000,7.7000,20.7500,36.0500
2026-06-09,5232,MR7,MR 7 Lehren,0.0000,11.7000,0.0000,44.8100,56.5100
2026-06-09,5238,MR8,MR 8 Temperatur,0.0000,0.0000,7.7000,7.0200,14.7200
2026-06-09,5237,MR9,MR 9 Elektro BS,0.0000,0.0000,0.0000,15.8500,15.8500
2026-06-09,5225,Packplatz,Packplatz,0.0000,0.0000,7.7000,17.6500,25.3500
2026-06-09,5900,Qualifizierung,Qualifizierung,0.0000,0.0000,0.0000,26.2300,26.2300
2026-06-09,5223,WA,WA BS,0.0000,0.0000,7.6000,8.2300,15.8300
2026-06-09,5222,WE,WE BS,0.0000,7.7000,0.0000,47.9300,55.6300
2026-06-10,5240,AV,Arbeitsvorbereitung BS,0.0000,0.0000,0.0000,59.4000,59.4000
2026-06-10,5231,MR1,MR 1 Endmaße,0.0000,0.0000,7.7000,13.7600,21.4600
2026-06-10,5211,MR11,MR 11 KMG,0.0000,0.0000,0.0000,15.7100,15.7100
2026-06-10,5214,MR14,MR 14 Waage,0.0000,0.0000,0.0000,1.8800,1.8800
2026-06-10,5234,MR2,MR 2 Drehmomente,0.0000,0.0000,0.0000,31.2600,31.2600
2026-06-10,5236,MR3,MR 3 Messuhren,0.0000,0.0000,7.7000,31.3200,39.0200
2026-06-10,5233,MR4,MR 4 Lohnmessung,0.0000,0.0000,0.0000,7.7000,7.7000
2026-06-10,5239,MR5,MR 5 Bügelmessschrauben,0.0000,7.7000,7.7000,30.0200,45.4200
2026-06-10,5235,MR6,MR 6 Messschieber,0.0000,7.6000,7.7000,24.8100,40.1100
2026-06-10,5232,MR7,MR 7 Lehren,0.0000,7.7000,0.0000,51.4300,59.1300
2026-06-10,5238,MR8,MR 8 Temperatur,0.0000,0.0000,7.7000,7.8000,15.5000
2026-06-10,5237,MR9,MR 9 Elektro BS,0.0000,0.0000,0.0000,13.9200,13.9200
2026-06-10,5225,Packplatz,Packplatz,0.0000,0.0000,0.0000,21.7600,21.7600
2026-06-10,5900,Qualifizierung,Qualifizierung,0.0000,0.0000,0.0000,7.5800,7.5800
2026-06-10,5223,WA,WA BS,0.0000,0.0000,7.6000,7.8200,15.4200
2026-06-10,5222,WE,WE BS,0.0000,7.7000,0.0000,57.0900,64.7900
2026-06-11,5240,AV,Arbeitsvorbereitung BS,0.0000,0.0000,0.0000,60.2400,60.2400
2026-06-11,5231,MR1,MR 1 Endmaße,0.0000,0.0000,7.7000,13.8000,21.5000
2026-06-11,5211,MR11,MR 11 KMG,0.0000,0.0000,0.0000,9.9100,9.9100
2026-06-11,5212,MR12,MR 12 Druck,0.0000,0.0000,0.0000,0.6200,0.6200
2026-06-11,5214,MR14,MR 14 Waage,0.0000,1.3700,0.0000,,1.3700
2026-06-11,5234,MR2,MR 2 Drehmomente,0.0000,0.0000,0.0000,28.8300,28.8300
2026-06-11,5236,MR3,MR 3 Messuhren,0.0000,0.0000,7.7000,30.7900,38.4900
2026-06-11,5233,MR4,MR 4 Lohnmessung,0.0000,0.0000,0.0000,7.7000,7.7000
2026-06-11,5239,MR5,MR 5 Bügelmessschrauben,0.0000,0.0000,7.7000,37.7400,45.4400
2026-06-11,5235,MR6,MR 6 Messschieber,0.0000,7.6000,7.7000,20.5400,35.8400
2026-06-11,5232,MR7,MR 7 Lehren,0.0000,7.7000,0.0000,50.9300,58.6300
2026-06-11,5238,MR8,MR 8 Temperatur,0.0000,0.0000,7.7000,7.7800,15.4800
2026-06-11,5237,MR9,MR 9 Elektro BS,0.0000,6.2300,0.0000,7.9800,14.2100
2026-06-11,5225,Packplatz,Packplatz,0.0000,0.0000,0.0000,22.7200,22.7200
2026-06-11,5900,Qualifizierung,Qualifizierung,0.0000,0.0000,0.0000,21.8800,21.8800
2026-06-11,5223,WA,WA BS,0.0000,0.0000,7.6000,7.8500,15.4500
2026-06-11,5222,WE,WE BS,0.0000,7.7000,0.0000,59.2000,66.9000
2026-06-12,5240,AV,Arbeitsvorbereitung BS,0.0000,23.0000,0.0000,44.4300,67.4300
2026-06-12,5231,MR1,MR 1 Endmaße,0.0000,0.0000,7.7000,13.3000,21.0000
2026-06-12,5211,MR11,MR 11 KMG,0.0000,0.0000,0.0000,15.3900,15.3900
2026-06-12,5212,MR12,MR 12 Druck,0.0000,0.0000,0.0000,3.1000,3.1000
2026-06-12,5214,MR14,MR 14 Waage,0.0000,0.0000,0.0000,0.5500,0.5500
2026-06-12,5234,MR2,MR 2 Drehmomente,0.0000,0.0000,0.0000,29.0200,29.0200
2026-06-12,5236,MR3,MR 3 Messuhren,0.0000,0.0000,7.7000,28.8100,36.5100
2026-06-12,5233,MR4,MR 4 Lohnmessung,0.0000,0.0000,0.0000,6.6200,6.6200
2026-06-12,5239,MR5,MR 5 Bügelmessschrauben,0.0000,0.0000,15.3000,25.5800,40.8800
2026-06-12,5235,MR6,MR 6 Messschieber,0.0000,7.6000,15.4000,16.2400,39.2400
2026-06-12,5232,MR7,MR 7 Lehren,0.0000,7.7000,0.0000,50.5500,58.2500
2026-06-12,5238,MR8,MR 8 Temperatur,0.0000,0.0000,7.7000,4.3000,12.0000
2026-06-12,5237,MR9,MR 9 Elektro BS,0.0000,7.6000,0.0000,8.9000,16.5000
2026-06-12,5225,Packplatz,Packplatz,0.0000,0.0000,0.0000,22.5600,22.5600
2026-06-12,5900,Qualifizierung,Qualifizierung,0.0000,0.0000,0.0000,3.0200,3.0200
2026-06-12,5223,WA,WA BS,0.0000,0.0000,0.0000,15.3500,15.3500
2026-06-12,5222,WE,WE BS,0.0000,7.7000,0.0000,58.8000,66.5000
2026-06-15,5240,AV,Arbeitsvorbereitung BS,0.0000,7.7000,0.0000,65.7600,73.4600
2026-06-15,5231,MR1,MR 1 Endmaße,0.0000,0.0000,7.7000,22.0000,29.7000
2026-06-15,5211,MR11,MR 11 KMG,0.0000,0.0000,0.0000,9.5700,9.5700
2026-06-15,5212,MR12,MR 12 Druck,0.0000,0.0000,0.0000,4.8500,4.8500
2026-06-15,5214,MR14,MR 14 Waage,0.0000,0.0000,0.0000,2.3000,2.3000
2026-06-15,5234,MR2,MR 2 Drehmomente,7.7000,0.0000,0.0000,30.9700,38.6700
2026-06-15,5236,MR3,MR 3 Messuhren,0.0000,0.0000,15.4000,22.1300,37.5300
2026-06-15,5233,MR4,MR 4 Lohnmessung,0.0000,0.0000,0.0000,7.7000,7.7000
2026-06-15,5239,MR5,MR 5 Bügelmessschrauben,0.0000,0.0000,7.7000,30.1200,37.8200
2026-06-15,5235,MR6,MR 6 Messschieber,0.0000,0.0000,15.4000,23.3500,38.7500
2026-06-15,5232,MR7,MR 7 Lehren,0.0000,7.7000,0.0000,47.3600,55.0600
2026-06-15,5238,MR8,MR 8 Temperatur,0.0000,0.0000,0.0000,8.2400,8.2400
2026-06-15,5237,MR9,MR 9 Elektro BS,0.0000,7.6000,7.7000,,15.3000
2026-06-15,5225,Packplatz,Packplatz,0.0000,0.0000,0.0000,22.8000,22.8000
2026-06-15,5223,WA,WA BS,0.0000,0.0000,0.0000,15.4200,15.4200
2026-06-15,5222,WE,WE BS,0.0000,7.6000,15.4000,44.4200,67.4200
2026-06-16,5240,AV,Arbeitsvorbereitung BS,0.0000,7.7000,0.0000,64.4400,72.1400
2026-06-16,5231,MR1,MR 1 Endmaße,0.0000,0.0000,7.7000,21.8300,29.5300
2026-06-16,5211,MR11,MR 11 KMG,0.0000,0.0000,0.0000,8.3400,8.3400
2026-06-16,5212,MR12,MR 12 Druck,0.0000,0.0000,0.0000,7.6500,7.6500
2026-06-16,5234,MR2,MR 2 Drehmomente,7.7000,0.0000,0.0000,23.0900,30.7900
2026-06-16,5236,MR3,MR 3 Messuhren,0.0000,0.0000,15.4000,23.3600,38.7600
2026-06-16,5233,MR4,MR 4 Lohnmessung,0.0000,0.0000,0.0000,7.7000,7.7000
2026-06-16,5239,MR5,MR 5 Bügelmessschrauben,0.0000,0.0000,7.7000,31.9600,39.6600
2026-06-16,5235,MR6,MR 6 Messschieber,0.0000,0.0000,15.4000,23.3800,38.7800
2026-06-16,5232,MR7,MR 7 Lehren,0.0000,7.7000,0.0000,46.1200,53.8200
2026-06-16,5238,MR8,MR 8 Temperatur,0.0000,0.0000,0.0000,2.3800,2.3800
2026-06-16,5237,MR9,MR 9 Elektro BS,0.0000,7.6000,7.7000,,15.3000
2026-06-16,5225,Packplatz,Packplatz,0.0000,0.0000,0.0000,21.9400,21.9400
2026-06-16,5900,Qualifizierung,Qualifizierung,0.0000,0.0000,0.0000,8.1200,8.1200
2026-06-16,5223,WA,WA BS,0.0000,7.6000,0.0000,15.6800,23.2800
2026-06-16,5222,WE,WE BS,0.0000,7.6000,15.4000,37.5300,60.5300
2026-06-17,5240,AV,Arbeitsvorbereitung BS,0.0000,7.7000,0.0000,60.8000,68.5000
2026-06-17,5231,MR1,MR 1 Endmaße,0.0000,0.0000,7.7000,19.9500,27.6500
2026-06-17,5211,MR11,MR 11 KMG,0.0000,0.0000,0.0000,15.4700,15.4700
2026-06-17,5212,MR12,MR 12 Druck,0.0000,0.0000,0.0000,7.4800,7.4800
2026-06-17,5234,MR2,MR 2 Drehmomente,0.0000,0.0000,0.0000,31.3100,31.3100
2026-06-17,5236,MR3,MR 3 Messuhren,0.0000,0.0000,15.4000,14.4500,29.8500
2026-06-17,5233,MR4,MR 4 Lohnmessung,0.0000,0.0000,0.0000,7.7000,7.7000
2026-06-17,5239,MR5,MR 5 Bügelmessschrauben,0.0000,0.0000,7.7000,39.1100,46.8100
2026-06-17,5235,MR6,MR 6 Messschieber,0.0000,0.0000,7.7000,20.9300,28.6300
2026-06-17,5232,MR7,MR 7 Lehren,0.0000,15.4000,0.0000,39.4300,54.8300
2026-06-17,5238,MR8,MR 8 Temperatur,0.0000,0.0000,0.0000,6.9500,6.9500
2026-06-17,5237,MR9,MR 9 Elektro BS,0.0000,7.6000,7.7000,,15.3000
2026-06-17,5225,Packplatz,Packplatz,0.0000,0.0000,0.0000,22.5000,22.5000
2026-06-17,5900,Qualifizierung,Qualifizierung,0.0000,0.0000,0.0000,12.5200,12.5200
2026-06-17,5223,WA,WA BS,0.0000,0.0000,0.0000,19.7800,19.7800
2026-06-17,5222,WE,WE BS,5.9200,7.6000,15.4000,37.5200,66.4400
2026-06-18,5240,AV,Arbeitsvorbereitung BS,0.0000,7.7000,8.1800,57.2300,73.1100
2026-06-18,5231,MR1,MR 1 Endmaße,0.0000,0.0000,7.7000,21.3800,29.0800
2026-06-18,5211,MR11,MR 11 KMG,0.0000,0.0000,0.0000,14.1800,14.1800
2026-06-18,5234,MR2,MR 2 Drehmomente,0.0000,0.0000,0.0000,39.2400,39.2400
2026-06-18,5236,MR3,MR 3 Messuhren,0.0000,0.0000,15.4000,15.8800,31.2800
2026-06-18,5233,MR4,MR 4 Lohnmessung,0.0000,0.0000,0.0000,7.7000,7.7000
2026-06-18,5239,MR5,MR 5 Bügelmessschrauben,0.0000,0.0000,7.7000,39.5500,47.2500
2026-06-18,5235,MR6,MR 6 Messschieber,0.0000,7.7000,7.7000,15.5600,30.9600
2026-06-18,5232,MR7,MR 7 Lehren,0.0000,19.4000,0.0000,39.6800,59.0800
2026-06-18,5238,MR8,MR 8 Temperatur,0.0000,0.0000,0.0000,12.1200,12.1200
2026-06-18,5237,MR9,MR 9 Elektro BS,0.0000,7.6000,7.7000,3.4500,18.7500
2026-06-18,5225,Packplatz,Packplatz,0.0000,0.0000,0.0000,22.3500,22.3500
2026-06-18,5223,WA,WA BS,0.0000,0.0000,0.0000,15.4500,15.4500
2026-06-18,5222,WE,WE BS,0.0000,7.6000,15.4000,44.3300,67.3300
2026-06-19,5240,AV,Arbeitsvorbereitung BS,0.0000,7.7000,7.7000,56.1700,71.5700
2026-06-19,5231,MR1,MR 1 Endmaße,0.0000,0.0000,7.7000,13.4200,21.1200
2026-06-19,5211,MR11,MR 11 KMG,0.0000,0.0000,0.0000,15.0200,15.0200
2026-06-19,5234,MR2,MR 2 Drehmomente,0.0000,7.6000,0.0000,30.9200,38.5200
2026-06-19,5236,MR3,MR 3 Messuhren,0.0000,0.0000,15.4000,15.3200,30.7200
2026-06-19,5233,MR4,MR 4 Lohnmessung,0.0000,0.0000,0.0000,7.5800,7.5800
2026-06-19,5239,MR5,MR 5 Bügelmessschrauben,0.0000,0.0000,7.7000,36.5700,44.2700
2026-06-19,5235,MR6,MR 6 Messschieber,0.0000,7.7000,7.7000,22.0500,37.4500
2026-06-19,5232,MR7,MR 7 Lehren,0.0000,19.4000,7.7000,31.1500,58.2500
2026-06-19,5238,MR8,MR 8 Temperatur,0.0000,0.0000,0.0000,3.7600,3.7600
2026-06-19,5237,MR9,MR 9 Elektro BS,0.0000,7.6000,7.7000,4.1300,19.4300
2026-06-19,5225,Packplatz,Packplatz,0.0000,7.7000,0.0000,15.0000,22.7000
2026-06-19,5900,Qualifizierung,Qualifizierung,0.0000,0.0000,0.0000,3.0500,3.0500
2026-06-19,5223,WA,WA BS,0.0000,0.0000,0.0000,14.2600,14.2600
2026-06-19,5222,WE,WE BS,0.0000,7.6000,15.4000,37.5100,60.5100
2026-06-22,5240,AV,Arbeitsvorbereitung BS,0.0000,7.7000,0.0000,67.0700,74.7700
2026-06-22,5231,MR1,MR 1 Endmaße,0.0000,0.0000,0.0000,21.5100,21.5100
2026-06-22,5211,MR11,MR 11 KMG,0.0000,0.0000,0.0000,4.5500,4.5500
2026-06-22,5214,MR14,MR 14 Waage,0.0000,0.0000,0.0000,2.3200,2.3200
2026-06-22,5234,MR2,MR 2 Drehmomente,0.0000,0.0000,7.7000,31.1800,38.8800
2026-06-22,5236,MR3,MR 3 Messuhren,0.0000,0.0000,7.7000,23.7300,31.4300
2026-06-22,5233,MR4,MR 4 Lohnmessung,0.0000,0.0000,0.0000,6.2400,6.2400
2026-06-22,5239,MR5,MR 5 Bügelmessschrauben,0.0000,0.0000,7.7000,39.1800,46.8800
2026-06-22,5235,MR6,MR 6 Messschieber,0.0000,0.0000,15.4000,15.5500,30.9500
2026-06-22,5232,MR7,MR 7 Lehren,0.0000,15.4000,7.7000,43.7400,66.8400
2026-06-22,5237,MR9,MR 9 Elektro BS,0.0000,0.0000,15.4000,13.1500,28.5500
2026-06-22,5225,Packplatz,Packplatz,0.0000,7.7000,0.0000,14.9800,22.6800
2026-06-22,5223,WA,WA BS,0.0000,0.0000,0.0000,15.5300,15.5300
2026-06-22,5222,WE,WE BS,0.0000,7.6000,15.4000,44.5000,67.5000
2026-06-23,5240,AV,Arbeitsvorbereitung BS,0.0000,7.7000,0.0000,58.6400,66.3400
2026-06-23,5231,MR1,MR 1 Endmaße,0.0000,0.0000,0.0000,21.5700,21.5700
2026-06-23,5211,MR11,MR 11 KMG,0.0000,0.0000,0.0000,7.8300,7.8300
2026-06-23,5212,MR12,MR 12 Druck,0.0000,0.0000,0.0000,5.1800,5.1800
2026-06-23,5214,MR14,MR 14 Waage,0.0000,0.0000,0.0000,2.3500,2.3500
2026-06-23,5234,MR2,MR 2 Drehmomente,0.0000,0.0000,7.7000,25.5800,33.2800
2026-06-23,5236,MR3,MR 3 Messuhren,0.0000,0.0000,7.7000,16.0300,23.7300
2026-06-23,5233,MR4,MR 4 Lohnmessung,0.0000,0.0000,0.0000,7.7000,7.7000
2026-06-23,5239,MR5,MR 5 Bügelmessschrauben,0.0000,0.0000,7.7000,39.1500,46.8500
2026-06-23,5235,MR6,MR 6 Messschieber,0.0000,0.0000,15.4000,15.9800,31.3800
2026-06-23,5232,MR7,MR 7 Lehren,0.0000,15.4000,7.7000,41.7000,64.8000
2026-06-23,5237,MR9,MR 9 Elektro BS,0.0000,0.0000,15.4000,13.0900,28.4900
2026-06-23,5225,Packplatz,Packplatz,0.0000,7.7000,0.0000,15.1400,22.8400
2026-06-23,5223,WA,WA BS,0.0000,0.0000,0.0000,15.4800,15.4800
2026-06-23,5222,WE,WE BS,0.0000,7.6000,15.4000,43.7300,66.7300
2026-06-24,5240,AV,Arbeitsvorbereitung BS,0.0000,7.7000,0.0000,59.9700,67.6700
2026-06-24,5231,MR1,MR 1 Endmaße,0.0000,0.0000,7.7000,21.6100,29.3100
2026-06-24,5211,MR11,MR 11 KMG,0.0000,0.0000,0.0000,7.7300,7.7300
2026-06-24,5212,MR12,MR 12 Druck,0.0000,0.0000,0.0000,7.4300,7.4300
2026-06-24,5234,MR2,MR 2 Drehmomente,0.0000,0.0000,7.7000,23.3600,31.0600
2026-06-24,5236,MR3,MR 3 Messuhren,0.0000,0.0000,7.7000,23.1900,30.8900
2026-06-24,5233,MR4,MR 4 Lohnmessung,0.0000,0.0000,0.0000,7.7000,7.7000
2026-06-24,5239,MR5,MR 5 Bügelmessschrauben,0.0000,0.0000,7.7000,39.5700,47.2700
2026-06-24,5235,MR6,MR 6 Messschieber,0.0000,0.0000,7.7000,16.2300,23.9300
2026-06-24,5232,MR7,MR 7 Lehren,0.0000,15.4000,7.7000,35.3700,58.4700
2026-06-24,5238,MR8,MR 8 Temperatur,0.0000,0.0000,0.0000,6.9700,6.9700
2026-06-24,5237,MR9,MR 9 Elektro BS,0.0000,0.0000,15.4000,15.4200,30.8200
2026-06-24,5225,Packplatz,Packplatz,0.0000,7.7000,7.5500,10.2200,25.4700
2026-06-24,5900,Qualifizierung,Qualifizierung,0.0000,0.0000,0.0000,7.5700,7.5700
2026-06-24,5223,WA,WA BS,0.0000,0.0000,0.0000,15.6100,15.6100
2026-06-24,5222,WE,WE BS,0.0000,0.0000,15.4000,44.9300,60.3300
2026-06-25,5240,AV,Arbeitsvorbereitung BS,0.0000,7.7000,0.0000,65.4800,73.1800
2026-06-25,5231,MR1,MR 1 Endmaße,0.0000,0.0000,7.7000,21.5200,29.2200
2026-06-25,5211,MR11,MR 11 KMG,0.0000,0.0000,0.0000,7.9000,7.9000
2026-06-25,5212,MR12,MR 12 Druck,0.0000,0.0000,0.0000,7.0200,7.0200
2026-06-25,5234,MR2,MR 2 Drehmomente,0.0000,0.0000,7.7000,23.6900,31.3900
2026-06-25,5236,MR3,MR 3 Messuhren,0.0000,0.0000,7.7000,21.2200,28.9200
2026-06-25,5233,MR4,MR 4 Lohnmessung,0.0000,0.0000,0.0000,3.9000,3.9000
2026-06-25,5239,MR5,MR 5 Bügelmessschrauben,0.0000,0.0000,7.7000,40.6500,48.3500
2026-06-25,5235,MR6,MR 6 Messschieber,0.0000,0.0000,7.7000,15.9500,23.6500
2026-06-25,5232,MR7,MR 7 Lehren,0.0000,15.4000,7.7000,47.5000,70.6000
2026-06-25,5238,MR8,MR 8 Temperatur,0.0000,0.0000,0.0000,3.5300,3.5300
2026-06-25,5237,MR9,MR 9 Elektro BS,0.0000,0.0000,15.4000,16.3500,31.7500
2026-06-25,5225,Packplatz,Packplatz,0.0000,7.7000,0.0000,15.2100,22.9100
2026-06-25,5900,Qualifizierung,Qualifizierung,0.0000,0.0000,0.0000,0.6300,0.6300
2026-06-25,5223,WA,WA BS,0.0000,7.6000,0.0000,12.9300,20.5300
2026-06-25,5222,WE,WE BS,0.0000,0.0000,15.4000,39.3300,54.7300
2026-06-26,5240,AV,Arbeitsvorbereitung BS,0.0000,7.7000,13.0800,40.6600,61.4400
2026-06-26,5231,MR1,MR 1 Endmaße,0.0000,0.0000,7.7000,20.9700,28.6700
2026-06-26,5211,MR11,MR 11 KMG,0.0000,0.0000,0.0000,6.2300,6.2300
2026-06-26,5212,MR12,MR 12 Druck,0.0000,0.0000,0.0000,6.1800,6.1800
2026-06-26,5234,MR2,MR 2 Drehmomente,0.0000,0.0000,7.7000,12.2800,19.9800
2026-06-26,5236,MR3,MR 3 Messuhren,0.0000,0.0000,15.2800,4.1800,19.4600
2026-06-26,5233,MR4,MR 4 Lohnmessung,0.0000,0.0000,0.0000,2.5500,2.5500
2026-06-26,5239,MR5,MR 5 Bügelmessschrauben,0.0000,0.0000,7.7000,33.8900,41.5900
2026-06-26,5235,MR6,MR 6 Messschieber,0.0000,0.0000,7.7000,20.9300,28.6300
2026-06-26,5232,MR7,MR 7 Lehren,0.0000,15.4000,7.7000,36.2800,59.3800
2026-06-26,5237,MR9,MR 9 Elektro BS,7.7000,0.0000,7.7000,16.4000,31.8000
2026-06-26,5225,Packplatz,Packplatz,0.0000,7.7000,0.0000,15.0400,22.7400
2026-06-26,5900,Qualifizierung,Qualifizierung,0.0000,0.0000,0.0000,1.3000,1.3000
2026-06-26,5223,WA,WA BS,0.0000,0.0000,0.0000,10.7600,10.7600
2026-06-26,5222,WE,WE BS,0.0000,0.0000,21.3500,38.9700,60.3200
2026-06-29,5240,AV,Arbeitsvorbereitung BS,0.0000,7.7000,7.7000,54.7200,70.1200
2026-06-29,5231,MR1,MR 1 Endmaße,0.0000,5.9200,7.7000,15.4700,29.0900
2026-06-29,5211,MR11,MR 11 KMG,0.0000,0.0000,0.0000,16.7200,16.7200
2026-06-29,5212,MR12,MR 12 Druck,0.0000,0.0000,0.0000,6.0200,6.0200
2026-06-29,5214,MR14,MR 14 Waage,0.0000,0.0000,0.0000,5.4000,5.4000
2026-06-29,5234,MR2,MR 2 Drehmomente,0.0000,0.0000,7.7000,31.4900,39.1900
2026-06-29,5236,MR3,MR 3 Messuhren,0.0000,7.7000,0.0000,15.7700,23.4700
2026-06-29,5233,MR4,MR 4 Lohnmessung,0.0000,0.0000,0.0000,7.7000,7.7000
2026-06-29,5239,MR5,MR 5 Bügelmessschrauben,0.0000,0.0000,0.0000,40.0500,40.0500
2026-06-29,5235,MR6,MR 6 Messschieber,0.0000,0.0000,0.0000,29.3300,29.3300
2026-06-29,5232,MR7,MR 7 Lehren,0.0000,7.7000,7.6000,42.7800,58.0800
2026-06-29,5238,MR8,MR 8 Temperatur,0.0000,0.0000,0.0000,1.8500,1.8500
2026-06-29,5237,MR9,MR 9 Elektro BS,0.0000,0.0000,15.4000,10.3300,25.7300
2026-06-29,5225,Packplatz,Packplatz,0.0000,7.7000,0.0000,19.6000,27.3000
2026-06-29,5900,Qualifizierung,Qualifizierung,0.0000,0.0000,0.0000,0.8000,0.8000
2026-06-29,5223,WA,WA BS,0.0000,0.0000,0.0000,15.5100,15.5100
2026-06-29,5222,WE,WE BS,0.0000,0.0000,15.4000,48.6000,64.0000
2026-06-30,5240,AV,Arbeitsvorbereitung BS,0.0000,7.7000,7.7000,56.5600,71.9600
2026-06-30,5231,MR1,MR 1 Endmaße,0.0000,0.0000,7.7000,19.9200,27.6200
2026-06-30,5211,MR11,MR 11 KMG,0.0000,0.0000,0.0000,9.9000,9.9000
2026-06-30,5234,MR2,MR 2 Drehmomente,0.0000,0.0000,7.7000,30.6600,38.3600
2026-06-30,5236,MR3,MR 3 Messuhren,0.0000,7.7000,0.0000,18.0800,25.7800
2026-06-30,5233,MR4,MR 4 Lohnmessung,0.0000,0.0000,0.0000,7.7000,7.7000
2026-06-30,5239,MR5,MR 5 Bügelmessschrauben,0.0000,0.0000,0.0000,36.7400,36.7400
2026-06-30,5235,MR6,MR 6 Messschieber,0.0000,0.0000,0.0000,31.4200,31.4200
2026-06-30,5232,MR7,MR 7 Lehren,0.0000,15.4000,7.6000,40.9300,63.9300
2026-06-30,5238,MR8,MR 8 Temperatur,0.0000,0.0000,0.0000,7.7700,7.7700
2026-06-30,5237,MR9,MR 9 Elektro BS,0.0000,0.0000,15.4000,14.2900,29.6900
2026-06-30,5225,Packplatz,Packplatz,0.0000,7.7000,0.0000,15.2700,22.9700
2026-06-30,5900,Qualifizierung,Qualifizierung,0.0000,0.0000,0.0000,5.4700,5.4700
2026-06-30,5223,WA,WA BS,0.0000,0.0000,0.0000,15.6000,15.6000
2026-06-30,5222,WE,WE BS,0.0000,0.0000,15.4000,52.4900,67.8900
2026-07-01,5240,AV,Arbeitsvorbereitung BS,0.0000,7.7000,23.1000,37.7200,68.5200
2026-07-01,5231,MR1,MR 1 Endmaße,0.0000,0.0000,0.0000,19.2000,19.2000
2026-07-01,5211,MR11,MR 11 KMG,0.0000,0.0000,0.0000,11.9500,11.9500
2026-07-01,5234,MR2,MR 2 Drehmomente,0.0000,0.0000,7.7000,30.8700,38.5700
2026-07-01,5236,MR3,MR 3 Messuhren,0.0000,0.0000,0.0000,20.3700,20.3700
2026-07-01,5233,MR4,MR 4 Lohnmessung,0.0000,0.0000,0.0000,7.7000,7.7000
2026-07-01,5239,MR5,MR 5 Bügelmessschrauben,0.0000,0.0000,0.0000,38.0800,38.0800
2026-07-01,5235,MR6,MR 6 Messschieber,0.0000,0.0000,0.0000,31.4400,31.4400
2026-07-01,5232,MR7,MR 7 Lehren,0.0000,23.1000,7.6000,40.8700,71.5700
2026-07-01,5238,MR8,MR 8 Temperatur,0.0000,0.0000,0.0000,7.8700,7.8700
2026-07-01,5237,MR9,MR 9 Elektro BS,0.0000,0.0000,15.4000,15.0300,30.4300
2026-07-01,5225,Packplatz,Packplatz,0.0000,7.7000,0.0000,21.0800,28.7800
2026-07-01,5900,Qualifizierung,Qualifizierung,0.0000,0.0000,0.0000,3.0300,3.0300
2026-07-01,5223,WA,WA BS,0.0000,0.0000,0.0000,15.4500,15.4500
2026-07-01,5222,WE,WE BS,0.0000,0.0000,15.4000,37.2700,52.6700
2026-07-02,5240,AV,Arbeitsvorbereitung BS,0.0000,7.7000,15.4000,49.3900,72.4900
2026-07-02,5231,MR1,MR 1 Endmaße,0.0000,0.0000,0.0000,21.5600,21.5600
2026-07-02,5211,MR11,MR 11 KMG,0.0000,0.0000,0.0000,8.6400,8.6400
2026-07-02,5214,MR14,MR 14 Waage,0.0000,0.0000,0.0000,7.8200,7.8200
2026-07-02,5234,MR2,MR 2 Drehmomente,0.0000,7.6000,15.4000,15.5500,38.5500
2026-07-02,5236,MR3,MR 3 Messuhren,0.0000,0.0000,0.0000,30.9600,30.9600
2026-07-02,5233,MR4,MR 4 Lohnmessung,0.0000,0.0000,0.0000,7.7000,7.7000
2026-07-02,5239,MR5,MR 5 Bügelmessschrauben,0.0000,0.0000,7.7000,36.7100,44.4100
2026-07-02,5235,MR6,MR 6 Messschieber,0.0000,0.0000,0.0000,22.4800,22.4800
2026-07-02,5232,MR7,MR 7 Lehren,0.0000,23.1000,7.6000,37.5500,68.2500
2026-07-02,5238,MR8,MR 8 Temperatur,0.0000,0.0000,0.0000,7.7300,7.7300
2026-07-02,5237,MR9,MR 9 Elektro BS,0.0000,0.0000,15.4000,8.1700,23.5700
2026-07-02,5225,Packplatz,Packplatz,0.0000,7.7000,0.0000,16.7200,24.4200
2026-07-02,5900,Qualifizierung,Qualifizierung,0.0000,0.0000,0.0000,10.9000,10.9000
2026-07-02,5223,WA,WA BS,0.0000,0.0000,0.0000,15.1300,15.1300
2026-07-02,5222,WE,WE BS,0.0000,0.0000,15.4000,48.4500,63.8500
2026-07-03,5240,AV,Arbeitsvorbereitung BS,0.0000,7.7000,15.4000,48.7800,71.8800
2026-07-03,5231,MR1,MR 1 Endmaße,0.0000,0.0000,0.0000,21.2000,21.2000
2026-07-03,5211,MR11,MR 11 KMG,0.0000,0.0000,0.0000,11.3000,11.3000
2026-07-03,5212,MR12,MR 12 Druck,0.0000,0.0000,0.0000,7.5200,7.5200
2026-07-03,5234,MR2,MR 2 Drehmomente,0.0000,0.0000,15.4000,22.1500,37.5500
2026-07-03,5236,MR3,MR 3 Messuhren,0.0000,0.0000,0.0000,24.0300,24.0300
2026-07-03,5233,MR4,MR 4 Lohnmessung,0.0000,0.0000,0.0000,7.6300,7.6300
2026-07-03,5239,MR5,MR 5 Bügelmessschrauben,0.0000,0.0000,7.7000,34.4400,42.1400
2026-07-03,5235,MR6,MR 6 Messschieber,0.0000,0.0000,0.0000,23.0200,23.0200
2026-07-03,5232,MR7,MR 7 Lehren,0.0000,15.4000,7.6000,43.8600,66.8600
2026-07-03,5238,MR8,MR 8 Temperatur,0.0000,0.0000,0.0000,0.0200,0.0200
2026-07-03,5237,MR9,MR 9 Elektro BS,0.0000,0.0000,15.4000,15.4700,30.8700
2026-07-03,5225,Packplatz,Packplatz,0.0000,7.7000,0.0000,15.3200,23.0200
2026-07-03,5900,Qualifizierung,Qualifizierung,0.0000,0.0000,0.0000,14.4200,14.4200
2026-07-03,5223,WA,WA BS,0.0000,0.0000,0.0000,14.8400,14.8400
2026-07-03,5222,WE,WE BS,5.9500,0.0000,15.4000,38.3300,59.6800
2026-07-06,5240,AV,Arbeitsvorbereitung BS,0.0000,7.7000,15.3000,42.2200,65.2200
2026-07-06,5231,MR1,MR 1 Endmaße,0.0000,0.0000,0.0000,22.0600,22.0600
2026-07-06,5211,MR11,MR 11 KMG,0.0000,0.0000,0.0000,7.1500,7.1500
2026-07-06,5234,MR2,MR 2 Drehmomente,0.0000,0.0000,23.1000,23.3000,46.4000
2026-07-06,5236,MR3,MR 3 Messuhren,0.0000,0.0000,0.0000,23.5700,23.5700
2026-07-06,5233,MR4,MR 4 Lohnmessung,0.0000,0.0000,0.0000,7.7000,7.7000
2026-07-06,5239,MR5,MR 5 Bügelmessschrauben,0.0000,0.0000,7.7000,37.4400,45.1400
2026-07-06,5235,MR6,MR 6 Messschieber,0.0000,0.0000,7.6000,23.1200,30.7200
2026-07-06,5232,MR7,MR 7 Lehren,0.0000,7.7000,7.6000,53.9300,69.2300
2026-07-06,5238,MR8,MR 8 Temperatur,0.0000,0.0000,0.0000,7.0200,7.0200
2026-07-06,5237,MR9,MR 9 Elektro BS,0.0000,0.0000,0.0000,23.4800,23.4800
2026-07-06,5225,Packplatz,Packplatz,0.0000,7.7000,0.0000,18.5100,26.2100
2026-07-06,5900,Qualifizierung,Qualifizierung,0.0000,0.0000,0.0000,1.4600,1.4600
2026-07-06,5223,WA,WA BS,0.0000,0.0000,7.6000,15.0300,22.6300
2026-07-06,5222,WE,WE BS,0.0000,0.0000,7.7000,48.7000,56.4000
2026-07-07,5240,AV,Arbeitsvorbereitung BS,0.0000,7.7000,15.3000,50.4900,73.4900
2026-07-07,5231,MR1,MR 1 Endmaße,0.0000,0.0000,0.0000,20.8700,20.8700
2026-07-07,5211,MR11,MR 11 KMG,0.0000,0.0000,0.0000,11.2900,11.2900
2026-07-07,5234,MR2,MR 2 Drehmomente,0.0000,0.0000,15.4000,30.9300,46.3300
2026-07-07,5236,MR3,MR 3 Messuhren,0.0000,0.0000,0.0000,20.0400,20.0400
2026-07-07,5233,MR4,MR 4 Lohnmessung,0.0000,0.0000,0.0000,7.7000,7.7000
2026-07-07,5239,MR5,MR 5 Bügelmessschrauben,0.0000,0.0000,7.7000,38.5700,46.2700
2026-07-07,5235,MR6,MR 6 Messschieber,0.0000,0.0000,7.6000,21.4800,29.0800
2026-07-07,5232,MR7,MR 7 Lehren,0.0000,0.0000,7.6000,50.5400,58.1400
2026-07-07,5238,MR8,MR 8 Temperatur,0.0000,0.0000,0.0000,4.3800,4.3800
2026-07-07,5237,MR9,MR 9 Elektro BS,0.0000,0.0000,0.0000,23.6400,23.6400
2026-07-07,5225,Packplatz,Packplatz,0.0000,7.7000,0.0000,27.3400,35.0400
2026-07-07,5900,Qualifizierung,Qualifizierung,0.0000,0.0000,0.0000,13.9400,13.9400
2026-07-07,5223,WA,WA BS,0.0000,7.6000,0.0000,14.7300,22.3300
2026-07-07,5222,WE,WE BS,0.0000,0.0000,7.7000,39.8400,47.5400
2026-07-08,5240,AV,Arbeitsvorbereitung BS,0.0000,15.4000,15.3000,43.9200,74.6200
2026-07-08,5231,MR1,MR 1 Endmaße,0.0000,0.0000,0.0000,14.4700,14.4700
2026-07-08,5211,MR11,MR 11 KMG,0.0000,0.0000,0.0000,5.4200,5.4200
2026-07-08,5212,MR12,MR 12 Druck,0.0000,0.0000,0.0000,7.0700,7.0700
2026-07-08,5234,MR2,MR 2 Drehmomente,0.0000,7.7000,7.7000,24.0600,39.4600
2026-07-08,5236,MR3,MR 3 Messuhren,0.0000,0.0000,0.0000,16.0800,16.0800
2026-07-08,5233,MR4,MR 4 Lohnmessung,0.0000,0.0000,0.0000,7.7000,7.7000
2026-07-08,5239,MR5,MR 5 Bügelmessschrauben,0.0000,0.0000,7.7000,33.9500,41.6500
2026-07-08,5235,MR6,MR 6 Messschieber,0.0000,0.0000,7.6000,31.7000,39.3000
2026-07-08,5232,MR7,MR 7 Lehren,0.0000,0.0000,7.6000,53.7600,61.3600
2026-07-08,5237,MR9,MR 9 Elektro BS,0.0000,0.0000,0.0000,17.7900,17.7900
2026-07-08,5225,Packplatz,Packplatz,0.0000,7.7000,0.0000,18.3100,26.0100
2026-07-08,5900,Qualifizierung,Qualifizierung,0.0000,0.0000,0.0000,24.1400,24.1400
2026-07-08,5223,WA,WA BS,0.0000,7.6000,0.0000,14.1700,21.7700
2026-07-08,5222,WE,WE BS,0.0000,0.0000,7.7000,49.6500,57.3500
2026-07-09,5240,AV,Arbeitsvorbereitung BS,0.0000,7.7000,15.3000,52.8400,75.8400
2026-07-09,5231,MR1,MR 1 Endmaße,0.0000,0.0000,0.0000,18.8700,18.8700
2026-07-09,5211,MR11,MR 11 KMG,0.0000,0.0000,0.0000,3.0600,3.0600
2026-07-09,5234,MR2,MR 2 Drehmomente,0.0000,7.7000,7.7000,31.1100,46.5100
2026-07-09,5236,MR3,MR 3 Messuhren,0.0000,7.7000,0.0000,8.1000,15.8000
2026-07-09,5233,MR4,MR 4 Lohnmessung,0.0000,0.0000,0.0000,7.7000,7.7000
2026-07-09,5239,MR5,MR 5 Bügelmessschrauben,0.0000,0.0000,7.7000,32.2600,39.9600
2026-07-09,5235,MR6,MR 6 Messschieber,0.0000,0.0000,7.6000,22.2000,29.8000
2026-07-09,5232,MR7,MR 7 Lehren,0.0000,0.0000,7.6000,52.0100,59.6100
2026-07-09,5237,MR9,MR 9 Elektro BS,0.0000,0.0000,0.0000,31.0200,31.0200
2026-07-09,5225,Packplatz,Packplatz,0.0000,7.7000,0.0000,26.8000,34.5000
2026-07-09,5900,Qualifizierung,Qualifizierung,0.0000,0.0000,0.0000,22.2800,22.2800
2026-07-09,5223,WA,WA BS,0.0000,7.6000,0.0000,18.0300,25.6300
2026-07-09,5222,WE,WE BS,0.0000,0.0000,7.7000,39.1400,46.8400
2026-07-10,5240,AV,Arbeitsvorbereitung BS,0.0000,7.7000,15.3000,59.5900,82.5900
2026-07-10,5231,MR1,MR 1 Endmaße,0.0000,0.0000,0.0000,13.6200,13.6200
2026-07-10,5211,MR11,MR 11 KMG,0.0000,0.0000,0.0000,7.6000,7.6000
2026-07-10,5214,MR14,MR 14 Waage,0.0000,0.0000,0.0000,4.3800,4.3800
2026-07-10,5234,MR2,MR 2 Drehmomente,0.0000,7.7000,7.7000,26.1400,41.5400
2026-07-10,5236,MR3,MR 3 Messuhren,0.0000,0.0000,0.0000,19.2800,19.2800
2026-07-10,5233,MR4,MR 4 Lohnmessung,0.0000,0.0000,0.0000,6.7300,6.7300
2026-07-10,5239,MR5,MR 5 Bügelmessschrauben,0.0000,7.6000,7.7000,29.6200,44.9200
2026-07-10,5235,MR6,MR 6 Messschieber,0.0000,0.0000,7.6000,15.7700,23.3700
2026-07-10,5232,MR7,MR 7 Lehren,0.0000,0.0000,7.6000,36.8700,44.4700
2026-07-10,5237,MR9,MR 9 Elektro BS,0.0000,0.0000,0.0000,22.2000,22.2000
2026-07-10,5225,Packplatz,Packplatz,0.0000,7.7000,0.0000,21.5300,29.2300
2026-07-10,5900,Qualifizierung,Qualifizierung,0.0000,0.0000,0.0000,20.8500,20.8500
2026-07-10,5223,WA,WA BS,0.0000,7.6000,0.0000,19.0500,26.6500
2026-07-10,5222,WE,WE BS,0.0000,0.0000,15.4000,29.6200,45.0200
2026-07-11,5240,AV,Arbeitsvorbereitung BS,0.0000,0.0000,0.0000,21.5700,21.5700
2026-07-11,5239,MR5,MR 5 Bügelmessschrauben,0.0000,0.0000,0.0000,4.3500,4.3500
2026-07-11,5225,Packplatz,Packplatz,0.0000,0.0000,0.0000,4.6000,4.6000
2026-07-11,5223,WA,WA BS,0.0000,0.0000,0.0000,3.7700,3.7700
2026-07-11,5222,WE,WE BS,0.0000,0.0000,0.0000,11.0300,11.0300
2026-07-13,5240,AV,Arbeitsvorbereitung BS,0.0000,7.7000,15.4000,56.2200,79.3200
2026-07-13,5231,MR1,MR 1 Endmaße,0.0000,0.0000,0.0000,15.4600,15.4600
2026-07-13,5211,MR11,MR 11 KMG,0.0000,0.0000,0.0000,8.2200,8.2200
2026-07-13,5234,MR2,MR 2 Drehmomente,0.0000,0.0000,7.7000,33.1000,40.8000
2026-07-13,5236,MR3,MR 3 Messuhren,0.0000,0.0000,0.0000,15.8300,15.8300
2026-07-13,5233,MR4,MR 4 Lohnmessung,0.0000,0.0000,0.0000,7.7000,7.7000
2026-07-13,5239,MR5,MR 5 Bügelmessschrauben,0.0000,0.0000,0.0000,38.7900,38.7900
2026-07-13,5235,MR6,MR 6 Messschieber,0.0000,0.0000,7.6000,30.4500,38.0500
2026-07-13,5232,MR7,MR 7 Lehren,0.0000,7.7000,7.6000,43.0200,58.3200
2026-07-13,5238,MR8,MR 8 Temperatur,0.0000,0.0000,0.0000,3.2300,3.2300
2026-07-13,5237,MR9,MR 9 Elektro BS,0.0000,0.0000,15.3000,1.1700,16.4700
2026-07-13,5225,Packplatz,Packplatz,0.0000,7.7000,0.0000,20.6000,28.3000
2026-07-13,5900,Qualifizierung,Qualifizierung,0.0000,0.0000,0.0000,33.3400,33.3400
2026-07-13,5223,WA,WA BS,0.0000,0.0000,7.6000,15.2300,22.8300
2026-07-13,5222,WE,WE BS,0.0000,0.0000,13.5200,30.6300,44.1500
2026-07-14,5240,AV,Arbeitsvorbereitung BS,0.0000,0.0000,15.4000,60.6700,76.0700
2026-07-14,5231,MR1,MR 1 Endmaße,0.0000,0.0000,0.0000,18.1500,18.1500
2026-07-14,5211,MR11,MR 11 KMG,0.0000,0.0000,0.0000,8.1000,8.1000
2026-07-14,5214,MR14,MR 14 Waage,0.0000,0.0000,0.0000,0.1800,0.1800
2026-07-14,5234,MR2,MR 2 Drehmomente,0.0000,7.7000,7.7000,28.1900,43.5900
2026-07-14,5236,MR3,MR 3 Messuhren,0.0000,0.0000,0.0000,20.0400,20.0400
2026-07-14,5233,MR4,MR 4 Lohnmessung,0.0000,0.0000,0.0000,7.7200,7.7200
2026-07-14,5239,MR5,MR 5 Bügelmessschrauben,0.0000,0.0000,0.0000,32.2200,32.2200
2026-07-14,5235,MR6,MR 6 Messschieber,0.0000,7.7000,7.6000,22.7500,38.0500
2026-07-14,5232,MR7,MR 7 Lehren,0.0000,7.7000,7.6000,44.3900,59.6900
2026-07-14,5238,MR8,MR 8 Temperatur,0.0000,0.0000,0.0000,2.0500,2.0500
2026-07-14,5237,MR9,MR 9 Elektro BS,0.0000,0.0000,7.7000,13.4300,21.1300
2026-07-14,5225,Packplatz,Packplatz,0.0000,15.4000,0.0000,15.3900,30.7900
2026-07-14,5900,Qualifizierung,Qualifizierung,0.0000,0.0000,0.0000,28.4600,28.4600
2026-07-14,5223,WA,WA BS,0.0000,0.0000,7.6000,14.8400,22.4400
2026-07-14,5222,WE,WE BS,0.0000,0.0000,13.5200,31.9500,45.4700
2026-07-15,5240,AV,Arbeitsvorbereitung BS,0.0000,0.0000,23.4300,56.7400,80.1700
2026-07-15,5231,MR1,MR 1 Endmaße,0.0000,0.0000,0.0000,18.2500,18.2500
2026-07-15,5211,MR11,MR 11 KMG,0.0000,7.7000,0.0000,8.0300,15.7300
2026-07-15,5212,MR12,MR 12 Druck,0.0000,0.0000,0.0000,7.4000,7.4000
2026-07-15,5234,MR2,MR 2 Drehmomente,0.0000,7.7000,7.7000,22.0700,37.4700
2026-07-15,5236,MR3,MR 3 Messuhren,0.0000,0.0000,0.0000,16.7300,16.7300
2026-07-15,5233,MR4,MR 4 Lohnmessung,0.0000,0.0000,0.0000,0.1300,0.1300
2026-07-15,5239,MR5,MR 5 Bügelmessschrauben,0.0000,0.0000,0.0000,32.1200,32.1200
2026-07-15,5235,MR6,MR 6 Messschieber,0.0000,0.0000,7.6000,21.0000,28.6000
2026-07-15,5232,MR7,MR 7 Lehren,0.0000,7.7000,7.6000,35.7900,51.0900
2026-07-15,5238,MR8,MR 8 Temperatur,0.0000,0.0000,0.0000,6.2300,6.2300
2026-07-15,5237,MR9,MR 9 Elektro BS,0.0000,0.0000,7.7000,9.6000,17.3000
2026-07-15,5225,Packplatz,Packplatz,0.0000,7.7000,0.0000,21.8000,29.5000
2026-07-15,5900,Qualifizierung,Qualifizierung,0.0000,0.0000,0.0000,30.3100,30.3100
2026-07-15,5223,WA,WA BS,0.0000,0.0000,7.6000,16.6800,24.2800
2026-07-15,5222,WE,WE BS,0.0000,0.0000,30.1400,28.6900,58.8300
2026-07-16,5240,AV,Arbeitsvorbereitung BS,0.0000,0.0000,15.4000,61.1700,76.5700
2026-07-16,5231,MR1,MR 1 Endmaße,0.0000,0.0000,0.0000,17.6000,17.6000
2026-07-16,5211,MR11,MR 11 KMG,0.0000,7.7000,0.0000,16.1500,23.8500
2026-07-16,5212,MR12,MR 12 Druck,0.0000,0.0000,0.0000,4.1800,4.1800
2026-07-16,5234,MR2,MR 2 Drehmomente,0.0000,7.7000,7.7000,18.9000,34.3000
2026-07-16,5236,MR3,MR 3 Messuhren,0.0000,0.0000,0.0000,23.2400,23.2400
2026-07-16,5239,MR5,MR 5 Bügelmessschrauben,0.0000,0.0000,0.0000,38.6600,38.6600
2026-07-16,5235,MR6,MR 6 Messschieber,0.0000,0.0000,7.6000,25.0600,32.6600
2026-07-16,5232,MR7,MR 7 Lehren,0.0000,7.7000,7.6000,39.1600,54.4600
2026-07-16,5237,MR9,MR 9 Elektro BS,0.0000,0.0000,7.7000,15.7300,23.4300
2026-07-16,5225,Packplatz,Packplatz,0.0000,7.7000,7.7000,12.5700,27.9700
2026-07-16,5900,Qualifizierung,Qualifizierung,0.0000,0.0000,0.0000,19.2500,19.2500
2026-07-16,5223,WA,WA BS,0.0000,0.0000,7.6000,15.1300,22.7300
2026-07-16,5222,WE,WE BS,0.0000,0.0000,13.5200,39.6200,53.1400
2026-07-17,5240,AV,Arbeitsvorbereitung BS,0.0000,0.0000,15.4000,62.0600,77.4600
2026-07-17,5231,MR1,MR 1 Endmaße,0.0000,0.0000,7.4200,6.9700,14.3900
2026-07-17,5211,MR11,MR 11 KMG,0.0000,7.7000,0.0000,14.8300,22.5300
2026-07-17,5234,MR2,MR 2 Drehmomente,0.0000,7.7000,15.4000,22.3100,45.4100
2026-07-17,5236,MR3,MR 3 Messuhren,0.0000,0.0000,7.4200,15.1400,22.5600
2026-07-17,5239,MR5,MR 5 Bügelmessschrauben,0.0000,0.0000,0.0000,29.2000,29.2000
2026-07-17,5235,MR6,MR 6 Messschieber,0.0000,0.0000,7.6000,23.3200,30.9200
2026-07-17,5232,MR7,MR 7 Lehren,0.0000,7.7000,7.6000,41.0300,56.3300
2026-07-17,5238,MR8,MR 8 Temperatur,0.0000,0.0000,0.0000,6.7000,6.7000
2026-07-17,5237,MR9,MR 9 Elektro BS,0.0000,0.0000,7.7000,9.0000,16.7000
2026-07-17,5225,Packplatz,Packplatz,0.0000,7.7000,0.0000,15.2000,22.9000
2026-07-17,5900,Qualifizierung,Qualifizierung,0.0000,0.0000,0.0000,14.9400,14.9400
2026-07-17,5223,WA,WA BS,0.0000,0.0000,7.6000,14.9500,22.5500
2026-07-17,5222,WE,WE BS,0.0000,0.0000,13.5500,30.5500,44.1000
2026-07-18,5234,MR2,MR 2 Drehmomente,0.0000,0.0000,0.0000,11.7300,11.7300
2026-07-18,5239,MR5,MR 5 Bügelmessschrauben,0.0000,0.0000,0.0000,0.0700,0.0700
2026-07-18,5235,MR6,MR 6 Messschieber,0.0000,0.0000,0.0000,0.1000,0.1000
2026-07-18,5225,Packplatz,Packplatz,0.0000,0.0000,0.0000,9.8400,9.8400
2026-07-18,5222,WE,WE BS,0.0000,0.0000,0.0000,16.6300,16.6300
2026-07-20,5240,AV,Arbeitsvorbereitung BS,0.0000,0.0000,18.6200,53.4200,72.0400
2026-07-20,5231,MR1,MR 1 Endmaße,0.0000,0.0000,7.7000,6.5700,14.2700
2026-07-20,5211,MR11,MR 11 KMG,0.0000,0.0000,11.7000,8.3800,20.0800
2026-07-20,5234,MR2,MR 2 Drehmomente,0.0000,23.0000,7.7000,23.6200,54.3200
2026-07-20,5236,MR3,MR 3 Messuhren,0.0000,0.0000,0.0000,15.7600,15.7600
2026-07-20,5233,MR4,MR 4 Lohnmessung,0.0000,0.0000,0.0000,7.7000,7.7000
2026-07-20,5239,MR5,MR 5 Bügelmessschrauben,0.0000,7.7000,0.0000,24.6200,32.3200
2026-07-20,5235,MR6,MR 6 Messschieber,0.0000,0.0000,7.7000,23.3800,31.0800
2026-07-20,5232,MR7,MR 7 Lehren,0.0000,0.0000,0.0000,54.7400,54.7400
2026-07-20,5238,MR8,MR 8 Temperatur,0.0000,0.0000,0.0000,4.8200,4.8200
2026-07-20,5237,MR9,MR 9 Elektro BS,0.0000,0.0000,0.0000,22.1200,22.1200
2026-07-20,5225,Packplatz,Packplatz,0.0000,7.7000,0.0000,15.3700,23.0700
2026-07-20,5900,Qualifizierung,Qualifizierung,0.0000,0.0000,0.0000,3.1300,3.1300
2026-07-20,5223,WA,WA BS,0.0000,0.0000,0.0000,15.7500,15.7500
2026-07-20,5222,WE,WE BS,0.0000,0.0000,21.2200,38.2900,59.5100
2026-07-21,5240,AV,Arbeitsvorbereitung BS,0.0000,0.0000,18.6200,56.5700,75.1900
2026-07-21,5231,MR1,MR 1 Endmaße,0.0000,0.0000,0.0000,19.2100,19.2100
2026-07-21,5211,MR11,MR 11 KMG,0.0000,0.0000,11.7000,9.4000,21.1000
2026-07-21,5212,MR12,MR 12 Druck,0.0000,0.0000,0.0000,7.8800,7.8800
2026-07-21,5234,MR2,MR 2 Drehmomente,0.0000,23.0000,7.7000,29.9800,60.6800
2026-07-21,5236,MR3,MR 3 Messuhren,0.0000,0.0000,0.0000,23.2700,23.2700
2026-07-21,5233,MR4,MR 4 Lohnmessung,0.0000,0.0000,0.0000,7.7000,7.7000
2026-07-21,5239,MR5,MR 5 Bügelmessschrauben,0.0000,7.7000,0.0000,30.9000,38.6000
2026-07-21,5235,MR6,MR 6 Messschieber,0.0000,0.0000,7.7000,15.6800,23.3800
2026-07-21,5232,MR7,MR 7 Lehren,0.0000,0.0000,0.0000,51.7200,51.7200
2026-07-21,5237,MR9,MR 9 Elektro BS,0.0000,0.0000,0.0000,23.4800,23.4800
2026-07-21,5225,Packplatz,Packplatz,0.0000,7.7000,0.0000,16.4600,24.1600
2026-07-21,5900,Qualifizierung,Qualifizierung,0.0000,0.0000,0.0000,0.5700,0.5700
2026-07-21,5223,WA,WA BS,0.0000,0.0000,0.0000,15.7700,15.7700
2026-07-21,5222,WE,WE BS,0.0000,0.0000,21.2200,38.3300,59.5500
2026-07-22,5240,AV,Arbeitsvorbereitung BS,0.0000,0.0000,21.8500,51.0100,72.8600
2026-07-22,5231,MR1,MR 1 Endmaße,0.0000,0.0000,0.0000,17.2400,17.2400
2026-07-22,5211,MR11,MR 11 KMG,0.0000,0.0000,11.7000,8.5300,20.2300
2026-07-22,5234,MR2,MR 2 Drehmomente,0.0000,15.3000,7.7000,39.7000,62.7000
2026-07-22,5236,MR3,MR 3 Messuhren,0.0000,0.0000,0.0000,23.4300,23.4300
2026-07-22,5233,MR4,MR 4 Lohnmessung,0.0000,0.0000,0.0000,7.7000,7.7000
2026-07-22,5239,MR5,MR 5 Bügelmessschrauben,0.0000,7.7000,0.0000,31.3300,39.0300
2026-07-22,5235,MR6,MR 6 Messschieber,0.0000,0.0000,7.7000,15.8700,23.5700
2026-07-22,5232,MR7,MR 7 Lehren,0.0000,0.0000,0.0000,52.5500,52.5500
2026-07-22,5237,MR9,MR 9 Elektro BS,0.0000,0.0000,0.0000,21.5300,21.5300
2026-07-22,5225,Packplatz,Packplatz,0.0000,7.7000,0.0000,16.5200,24.2200
2026-07-22,5900,Qualifizierung,Qualifizierung,0.0000,0.0000,0.0000,7.7200,7.7200
2026-07-22,5223,WA,WA BS,0.0000,0.0000,0.0000,15.7300,15.7300
2026-07-22,5222,WE,WE BS,0.0000,0.0000,21.2200,39.5900,60.8100
2026-07-23,5240,AV,Arbeitsvorbereitung BS,0.0000,0.0000,18.6200,58.3100,76.9300
2026-07-23,5231,MR1,MR 1 Endmaße,0.0000,0.0000,0.0000,17.7400,17.7400
2026-07-23,5211,MR11,MR 11 KMG,0.0000,0.0000,11.7000,7.7700,19.4700
2026-07-23,5234,MR2,MR 2 Drehmomente,0.0000,15.3000,7.7000,30.4800,53.4800
2026-07-23,5236,MR3,MR 3 Messuhren,0.0000,0.0000,0.0000,19.9600,19.9600
2026-07-23,5233,MR4,MR 4 Lohnmessung,0.0000,0.0000,0.0000,7.7200,7.7200
2026-07-23,5239,MR5,MR 5 Bügelmessschrauben,0.0000,7.7000,0.0000,31.3100,39.0100
2026-07-23,5235,MR6,MR 6 Messschieber,0.0000,0.0000,7.7000,15.0800,22.7800
2026-07-23,5232,MR7,MR 7 Lehren,0.0000,0.0000,0.0000,53.8800,53.8800
2026-07-23,5237,MR9,MR 9 Elektro BS,0.0000,0.0000,0.0000,21.6300,21.6300
2026-07-23,5225,Packplatz,Packplatz,0.0000,7.7000,0.0000,15.8200,23.5200
2026-07-23,5900,Qualifizierung,Qualifizierung,0.0000,0.0000,0.0000,22.5300,22.5300
2026-07-23,5223,WA,WA BS,0.0000,0.0000,0.0000,15.6300,15.6300
2026-07-23,5222,WE,WE BS,0.0000,0.0000,21.2200,39.9600,61.1800
2026-07-24,5240,AV,Arbeitsvorbereitung BS,0.0000,7.7000,18.6300,48.4900,74.8200
2026-07-24,5231,MR1,MR 1 Endmaße,0.0000,0.0000,0.0000,18.4100,18.4100
2026-07-24,5211,MR11,MR 11 KMG,0.0000,0.0000,11.7000,,11.7000
2026-07-24,5234,MR2,MR 2 Drehmomente,0.0000,15.3000,7.7000,39.9800,62.9800
2026-07-24,5236,MR3,MR 3 Messuhren,0.0000,7.7000,0.0000,12.5500,20.2500
2026-07-24,5233,MR4,MR 4 Lohnmessung,0.0000,0.0000,0.0000,6.7000,6.7000
2026-07-24,5239,MR5,MR 5 Bügelmessschrauben,0.0000,7.7000,0.0000,29.3000,37.0000
2026-07-24,5235,MR6,MR 6 Messschieber,0.0000,0.0000,7.7000,15.3700,23.0700
2026-07-24,5232,MR7,MR 7 Lehren,0.0000,0.0000,0.0000,53.9400,53.9400
2026-07-24,5237,MR9,MR 9 Elektro BS,0.0000,0.0000,0.0000,19.0700,19.0700
2026-07-24,5225,Packplatz,Packplatz,0.0000,7.7000,7.7000,12.3000,27.7000
2026-07-24,5900,Qualifizierung,Qualifizierung,0.0000,0.0000,0.0000,9.4400,9.4400
2026-07-24,5223,WA,WA BS,0.0000,0.0000,0.0000,7.7200,7.7200
2026-07-24,5222,WE,WE BS,0.0000,0.0000,21.2500,35.8100,57.0600
2026-07-25,5240,AV,Arbeitsvorbereitung BS,0.0000,0.0000,0.0000,16.9700,16.9700
2026-07-25,5234,MR2,MR 2 Drehmomente,0.0000,0.0000,0.0000,5.4000,5.4000
2026-07-25,5239,MR5,MR 5 Bügelmessschrauben,0.0000,0.0000,0.0000,16.5000,16.5000
2026-07-25,5235,MR6,MR 6 Messschieber,0.0000,0.0000,0.0000,0.1000,0.1000
2026-07-25,5225,Packplatz,Packplatz,0.0000,0.0000,0.0000,10.1200,10.1200
2026-07-25,5222,WE,WE BS,0.0000,0.0000,0.0000,13.0500,13.0500
2026-07-27,5240,AV,Arbeitsvorbereitung BS,0.0000,0.0000,12.7000,62.7400,75.4400
2026-07-27,5231,MR1,MR 1 Endmaße,0.0000,0.0000,0.0000,18.7700,18.7700
2026-07-27,5211,MR11,MR 11 KMG,0.0000,0.0000,4.0000,7.9300,11.9300
2026-07-27,5212,MR12,MR 12 Druck,0.0000,0.0000,0.0000,7.7700,7.7700
2026-07-27,5214,MR14,MR 14 Waage,0.0000,0.0000,0.0000,3.6000,3.6000
2026-07-27,5234,MR2,MR 2 Drehmomente,0.0000,0.0000,0.0000,39.2600,39.2600
2026-07-27,5236,MR3,MR 3 Messuhren,0.0000,0.0000,0.0000,26.8600,26.8600
2026-07-27,5233,MR4,MR 4 Lohnmessung,0.0000,0.0000,0.0000,7.7000,7.7000
2026-07-27,5239,MR5,MR 5 Bügelmessschrauben,0.0000,0.0000,7.6000,40.1000,47.7000
2026-07-27,5235,MR6,MR 6 Messschieber,0.0000,0.0000,0.0000,17.1300,17.1300
2026-07-27,5232,MR7,MR 7 Lehren,0.0000,7.7000,0.0000,46.3700,54.0700
2026-07-27,5238,MR8,MR 8 Temperatur,0.0000,0.0000,0.0000,7.8000,7.8000
2026-07-27,5237,MR9,MR 9 Elektro BS,0.0000,0.0000,0.0000,16.0300,16.0300
2026-07-27,5225,Packplatz,Packplatz,0.0000,7.7000,7.7000,8.7700,24.1700
2026-07-27,5900,Qualifizierung,Qualifizierung,0.0000,0.0000,0.0000,6.2000,6.2000
2026-07-27,5223,WA,WA BS,0.0000,0.0000,0.0000,15.5800,15.5800
2026-07-27,5222,WE,WE BS,0.0000,0.0000,15.3000,52.4900,67.7900
2026-07-28,5240,AV,Arbeitsvorbereitung BS,0.0000,0.0000,12.7000,67.0100,79.7100
2026-07-28,5231,MR1,MR 1 Endmaße,0.0000,0.0000,0.0000,14.2700,14.2700
2026-07-28,5211,MR11,MR 11 KMG,0.0000,0.0000,4.0000,11.1000,15.1000
2026-07-28,5212,MR12,MR 12 Druck,0.0000,0.0000,0.0000,4.5200,4.5200
2026-07-28,5214,MR14,MR 14 Waage,0.0000,0.0000,0.0000,1.9800,1.9800
2026-07-28,5234,MR2,MR 2 Drehmomente,0.0000,0.0000,0.0000,39.3300,39.3300
2026-07-28,5236,MR3,MR 3 Messuhren,0.0000,0.0000,0.0000,16.3300,16.3300
2026-07-28,5233,MR4,MR 4 Lohnmessung,0.0000,0.0000,0.0000,7.7000,7.7000
2026-07-28,5239,MR5,MR 5 Bügelmessschrauben,0.0000,0.0000,7.6000,46.2400,53.8400
2026-07-28,5235,MR6,MR 6 Messschieber,0.0000,0.0000,0.0000,21.9700,21.9700
2026-07-28,5232,MR7,MR 7 Lehren,0.0000,0.0000,0.0000,48.7600,48.7600
2026-07-28,5238,MR8,MR 8 Temperatur,0.0000,0.0000,0.0000,7.8300,7.8300
2026-07-28,5237,MR9,MR 9 Elektro BS,0.0000,0.0000,0.0000,20.5400,20.5400
2026-07-28,5225,Packplatz,Packplatz,0.0000,7.7000,7.7000,9.0000,24.4000
2026-07-28,5900,Qualifizierung,Qualifizierung,0.0000,0.0000,0.0000,10.2100,10.2100
2026-07-28,5223,WA,WA BS,0.0000,0.0000,7.6000,14.1300,21.7300
2026-07-28,5222,WE,WE BS,0.0000,0.0000,15.3000,46.1600,61.4600
2026-07-29,5240,AV,Arbeitsvorbereitung BS,0.0000,0.0000,15.4000,53.6000,69.0000
2026-07-29,5231,MR1,MR 1 Endmaße,0.0000,0.0000,0.0000,19.0500,19.0500
2026-07-29,5211,MR11,MR 11 KMG,0.0000,0.0000,4.0000,8.8300,12.8300
2026-07-29,5212,MR12,MR 12 Druck,0.0000,0.0000,0.0000,7.6200,7.6200
2026-07-29,5234,MR2,MR 2 Drehmomente,0.0000,0.0000,0.0000,38.9100,38.9100
2026-07-29,5236,MR3,MR 3 Messuhren,0.0000,0.0000,0.0000,22.0500,22.0500
2026-07-29,5233,MR4,MR 4 Lohnmessung,0.0000,0.0000,0.0000,7.7000,7.7000
2026-07-29,5239,MR5,MR 5 Bügelmessschrauben,0.0000,0.0000,7.6000,38.5700,46.1700
2026-07-29,5235,MR6,MR 6 Messschieber,0.0000,0.0000,0.0000,15.6500,15.6500
2026-07-29,5232,MR7,MR 7 Lehren,0.0000,0.0000,0.0000,54.3100,54.3100
2026-07-29,5238,MR8,MR 8 Temperatur,0.0000,0.0000,0.0000,1.9000,1.9000
2026-07-29,5237,MR9,MR 9 Elektro BS,0.0000,0.0000,0.0000,27.4200,27.4200
2026-07-29,5225,Packplatz,Packplatz,0.0000,7.7000,7.7000,12.3200,27.7200
2026-07-29,5900,Qualifizierung,Qualifizierung,0.0000,0.0000,0.0000,13.6800,13.6800
2026-07-29,5223,WA,WA BS,0.0000,0.0000,0.0000,15.5300,15.5300
2026-07-29,5222,WE,WE BS,0.0000,0.0000,15.3000,46.6600,61.9600
2026-07-30,5240,AV,Arbeitsvorbereitung BS,0.0000,7.7000,28.1000,41.5900,77.3900
2026-07-30,5231,MR1,MR 1 Endmaße,0.0000,0.0000,0.0000,16.7700,16.7700
2026-07-30,5211,MR11,MR 11 KMG,0.0000,0.0000,4.0000,9.6200,13.6200
2026-07-30,5214,MR14,MR 14 Waage,0.0000,0.0000,0.0000,1.8200,1.8200
2026-07-30,5234,MR2,MR 2 Drehmomente,0.0000,0.0000,0.0000,39.5200,39.5200
2026-07-30,5236,MR3,MR 3 Messuhren,0.0000,7.7000,7.7000,15.1300,30.5300
2026-07-30,5233,MR4,MR 4 Lohnmessung,0.0000,0.0000,0.0000,7.7000,7.7000
2026-07-30,5239,MR5,MR 5 Bügelmessschrauben,0.0000,0.0000,7.6000,32.2600,39.8600
2026-07-30,5235,MR6,MR 6 Messschieber,0.0000,0.0000,7.7000,24.9200,32.6200
2026-07-30,5232,MR7,MR 7 Lehren,0.0000,0.0000,0.0000,53.9200,53.9200
2026-07-30,5238,MR8,MR 8 Temperatur,0.0000,0.0000,0.0000,3.2200,3.2200
2026-07-30,5237,MR9,MR 9 Elektro BS,0.0000,0.0000,0.0000,24.3100,24.3100
2026-07-30,5225,Packplatz,Packplatz,0.0000,7.7000,7.7000,13.0500,28.4500
2026-07-30,5223,WA,WA BS,0.0000,0.0000,0.0000,15.0600,15.0600
2026-07-30,5222,WE,WE BS,0.0000,0.0000,15.3000,46.8100,62.1100
2026-07-31,5240,AV,Arbeitsvorbereitung BS,0.0000,7.7000,20.4000,47.2700,75.3700
2026-07-31,5231,MR1,MR 1 Endmaße,0.0000,0.0000,0.0000,16.2500,16.2500
2026-07-31,5211,MR11,MR 11 KMG,0.0000,0.0000,4.0000,11.2000,15.2000
2026-07-31,5214,MR14,MR 14 Waage,0.0000,0.0000,0.0000,0.2500,0.2500
2026-07-31,5234,MR2,MR 2 Drehmomente,0.0000,0.0000,0.0000,32.9300,32.9300
2026-07-31,5236,MR3,MR 3 Messuhren,0.0000,7.7000,7.7000,8.9200,24.3200
2026-07-31,5233,MR4,MR 4 Lohnmessung,0.0000,0.0000,0.0000,6.6800,6.6800
2026-07-31,5239,MR5,MR 5 Bügelmessschrauben,0.0000,0.0000,7.6000,29.0800,36.6800
2026-07-31,5235,MR6,MR 6 Messschieber,0.0000,0.0000,7.7000,21.2200,28.9200
2026-07-31,5232,MR7,MR 7 Lehren,0.0000,0.0000,0.0000,50.8900,50.8900
2026-07-31,5238,MR8,MR 8 Temperatur,0.0000,0.0000,0.0000,7.5800,7.5800
2026-07-31,5237,MR9,MR 9 Elektro BS,0.0000,0.0000,0.0000,25.3000,25.3000
2026-07-31,5225,Packplatz,Packplatz,0.0000,7.7000,7.7000,15.0500,30.4500
2026-07-31,5900,Qualifizierung,Qualifizierung,0.0000,0.0000,0.0000,11.3000,11.3000
2026-07-31,5223,WA,WA BS,0.0000,0.0000,0.0000,13.0300,13.0300
2026-07-31,5222,WE,WE BS,0.0000,0.0000,15.3000,39.1100,54.4100
