KundenNr,Branche
42964,Luft- & Raumfahrt & Zulieferer
16439,Luft- & Raumfahrt & Zulieferer
10132,Maschinen- & Anlagenbau
33488,Automotive & Zulieferer
105442,Medical
118768,Automotive & Zulieferer
44321,Medical
PE2200,Handel
30717,Maschinen- & Anlagenbau
62784,Luft- & Raumfahrt & Zulieferer
60208,Maschinen- & Anlagenbau
51526,Maschinen- & Anlagenbau
21522,Maschinen- & Anlagenbau
36855,Maschinen- & Anlagenbau
54473,Elektro & Mess-Regeltechnik
1000231,Maschinen- & Anlagenbau
27038,Maschinen- & Anlagenbau
121750,Elektro & Mess-Regeltechnik
18495,Klima & Heizung (Facility)
28142,Chemie & Raffinerie
29853,Maschinen- & Anlagenbau
75871,Maschinen- & Anlagenbau
21454,Halbleiter & Mikroelektronik
43930,Luft- & Raumfahrt & Zulieferer
18324,Elektro & Mess-Regeltechnik
17572,Maschinen- & Anlagenbau
20942,Kunststoff/Metall/Holz/Glas/Keramik-Verarbeitung
15459,Maschinen- & Anlagenbau
36442,Maschinen- & Anlagenbau
39081,Maschinen- & Anlagenbau
22705,Maschinen- & Anlagenbau
26146,Automotive & Zulieferer
49852,Maschinen- & Anlagenbau
17952,Medical
18198,Kunststoff/Metall/Holz/Glas/Keramik-Verarbeitung
52577,Kunststoff/Metall/Holz/Glas/Keramik-Verarbeitung
35868,Maschinen- & Anlagenbau
19519,Maschinen- & Anlagenbau
13231,Maschinen- & Anlagenbau
90461,Kunststoff/Metall/Holz/Glas/Keramik-Verarbeitung
36233,Maschinen- & Anlagenbau
49505,Pharma
32204,Medical
42400,Kunststoff/Metall/Holz/Glas/Keramik-Verarbeitung
63108,Maschinen- & Anlagenbau
15988,Maschinen- & Anlagenbau
110840,Luft- & Raumfahrt & Zulieferer
40345,Kunststoff/Metall/Holz/Glas/Keramik-Verarbeitung
78517,Chemie & Raffinerie
20406,Maschinen- & Anlagenbau
36726,Kunststoff/Metall/Holz/Glas/Keramik-Verarbeitung
28707,Maschinen- & Anlagenbau
32997,Maschinen- & Anlagenbau
17639,Kunststoff/Metall/Holz/Glas/Keramik-Verarbeitung
78670,Luft- & Raumfahrt & Zulieferer
23674,Maschinen- & Anlagenbau
37944,Maschinen- & Anlagenbau
69988,Kunststoff/Metall/Holz/Glas/Keramik-Verarbeitung
120541,Maschinen- & Anlagenbau
358,Automotive & Zulieferer
11991,Maschinen- & Anlagenbau
22113,Automotive & Zulieferer
10733,Maschinen- & Anlagenbau
55312,Automotive & Zulieferer
3698,Kunststoff/Metall/Holz/Glas/Keramik-Verarbeitung
99268,Maschinen- & Anlagenbau
66976,Kunststoff/Metall/Holz/Glas/Keramik-Verarbeitung
12776,Maschinen- & Anlagenbau
24250,Luft- & Raumfahrt & Zulieferer
19853,Maschinen- & Anlagenbau
11701,Automotive & Zulieferer
95944,Maschinen- & Anlagenbau
42342,Maschinen- & Anlagenbau
40970,Kunststoff/Metall/Holz/Glas/Keramik-Verarbeitung
69963,Automotive & Zulieferer
10688,Maschinen- & Anlagenbau
42451,Maschinen- & Anlagenbau
12804,Automotive & Zulieferer
45021,Kunststoff/Metall/Holz/Glas/Keramik-Verarbeitung
90581,Medical
17318,Automotive & Zulieferer
23489,Maschinen- & Anlagenbau
90014,Luft- & Raumfahrt & Zulieferer
53685,Kunststoff/Metall/Holz/Glas/Keramik-Verarbeitung
55373,Kunststoff/Metall/Holz/Glas/Keramik-Verarbeitung
115686,Sonstiges
32924,Luft- & Raumfahrt & Zulieferer
38100,Kunststoff/Metall/Holz/Glas/Keramik-Verarbeitung
62794,Elektro & Mess-Regeltechnik
19402,Automotive & Zulieferer
63178,Maschinen- & Anlagenbau
12707,Automotive & Zulieferer
62876,Automotive & Zulieferer
88042,Medical
40010,Medical
29350,Maschinen- & Anlagenbau
40584,Maschinen- & Anlagenbau
18110,Maschinen- & Anlagenbau
21173,Kunststoff/Metall/Holz/Glas/Keramik-Verarbeitung
35394,Automotive & Zulieferer
399,Maschinen- & Anlagenbau
5352,Kunststoff/Metall/Holz/Glas/Keramik-Verarbeitung
62893,Maschinen- & Anlagenbau
50756,Maschinen- & Anlagenbau
66525,Maschinen- & Anlagenbau
30838,Kunststoff/Metall/Holz/Glas/Keramik-Verarbeitung
83906,Elektro & Mess-Regeltechnik
59421,Maschinen- & Anlagenbau
86752,Elektro & Mess-Regeltechnik
19427,Klima & Heizung (Facility)
12399,Kunststoff/Metall/Holz/Glas/Keramik-Verarbeitung
18930,Kunststoff/Metall/Holz/Glas/Keramik-Verarbeitung
10424,Maschinen- & Anlagenbau
32501,Kunststoff/Metall/Holz/Glas/Keramik-Verarbeitung
51656,Automotive & Zulieferer
63097,Automotive & Zulieferer
21222,Maschinen- & Anlagenbau
2713,Automotive & Zulieferer
1001690,Automotive & Zulieferer
17358,Automotive & Zulieferer
1108793,Handel
99967,Medical
19620,Automotive & Zulieferer
41301,Maschinen- & Anlagenbau
41265,Maschinen- & Anlagenbau
22764,Kunststoff/Metall/Holz/Glas/Keramik-Verarbeitung
12044,Kunststoff/Metall/Holz/Glas/Keramik-Verarbeitung
3168,Kunststoff/Metall/Holz/Glas/Keramik-Verarbeitung
18412,Maschinen- & Anlagenbau
16091,Automotive & Zulieferer
60624,Maschinen- & Anlagenbau
24717,Maschinen- & Anlagenbau
13786,Kunststoff/Metall/Holz/Glas/Keramik-Verarbeitung
1001010,Maschinen- & Anlagenbau
77113,Maschinen- & Anlagenbau
108944,Maschinen- & Anlagenbau
36748,Luft- & Raumfahrt & Zulieferer
31563,Kunststoff/Metall/Holz/Glas/Keramik-Verarbeitung
64268,Automotive & Zulieferer
83429,Kunststoff/Metall/Holz/Glas/Keramik-Verarbeitung
10896,Maschinen- & Anlagenbau
33351,Maschinen- & Anlagenbau
18416,Medical
12303,Maschinen- & Anlagenbau
45797,Maschinen- & Anlagenbau
67752,Maschinen- & Anlagenbau
43724,Kunststoff/Metall/Holz/Glas/Keramik-Verarbeitung
64632,Kunststoff/Metall/Holz/Glas/Keramik-Verarbeitung
14425,Maschinen- & Anlagenbau
83728,Automotive & Zulieferer
95212,Maschinen- & Anlagenbau
1003406,Maschinen- & Anlagenbau
18234,Kunststoff/Metall/Holz/Glas/Keramik-Verarbeitung
98594,Automotive & Zulieferer
106433,Kunststoff/Metall/Holz/Glas/Keramik-Verarbeitung
66225,Maschinen- & Anlagenbau
18614,Kunststoff/Metall/Holz/Glas/Keramik-Verarbeitung
19436,Automotive & Zulieferer
27809,Elektro & Mess-Regeltechnik
15622,Kunststoff/Metall/Holz/Glas/Keramik-Verarbeitung
52435,Maschinen- & Anlagenbau
11595,Kunststoff/Metall/Holz/Glas/Keramik-Verarbeitung
87538,Automotive & Zulieferer
41876,Kunststoff/Metall/Holz/Glas/Keramik-Verarbeitung
104109,Maschinen- & Anlagenbau
22136,Automotive & Zulieferer
81416,Maschinen- & Anlagenbau
45794,Kunststoff/Metall/Holz/Glas/Keramik-Verarbeitung
33919,Kunststoff/Metall/Holz/Glas/Keramik-Verarbeitung
39804,Kunststoff/Metall/Holz/Glas/Keramik-Verarbeitung
31568,Automotive & Zulieferer
12159,Maschinen- & Anlagenbau
117667,Elektro & Mess-Regeltechnik
44060,Automotive & Zulieferer
44033,Kunststoff/Metall/Holz/Glas/Keramik-Verarbeitung
34876,Klima & Heizung (Facility)
13355,Elektro & Mess-Regeltechnik
11505,Elektro & Mess-Regeltechnik
14608,Automotive & Zulieferer
91010,Automotive & Zulieferer
11394,Automotive & Zulieferer
79706,Maschinen- & Anlagenbau
63362,Elektro & Mess-Regeltechnik
92254,Kunststoff/Metall/Holz/Glas/Keramik-Verarbeitung
78058,Energie
20792,Defence
10465,Maschinen- & Anlagenbau
91220,Maschinen- & Anlagenbau
45008,Pharma
52306,Kunststoff/Metall/Holz/Glas/Keramik-Verarbeitung
24526,Maschinen- & Anlagenbau
102580,Automotive & Zulieferer
51894,Maschinen- & Anlagenbau
69628,Maschinen- & Anlagenbau
59642,Automotive & Zulieferer
104461,Energie
50388,Elektro & Mess-Regeltechnik
17354,Maschinen- & Anlagenbau
35221,Kunststoff/Metall/Holz/Glas/Keramik-Verarbeitung
33042,Elektro & Mess-Regeltechnik
45325,Kunststoff/Metall/Holz/Glas/Keramik-Verarbeitung
91271,Maschinen- & Anlagenbau
31787,Medical
87245,Maschinen- & Anlagenbau
26683,Maschinen- & Anlagenbau
11669,Maschinen- & Anlagenbau
56825,Energie
118491,Maschinen- & Anlagenbau
36090,Luft- & Raumfahrt & Zulieferer
53476,Halbleiter & Mikroelektronik
1000168,Maschinen- & Anlagenbau
21920,Elektro & Mess-Regeltechnik
54848,Kunststoff/Metall/Holz/Glas/Keramik-Verarbeitung
1004280,Maschinen- & Anlagenbau
22512,Elektro & Mess-Regeltechnik
79508,Kunststoff/Metall/Holz/Glas/Keramik-Verarbeitung
84337,Automotive & Zulieferer
33495,Automotive & Zulieferer
19075,Kunststoff/Metall/Holz/Glas/Keramik-Verarbeitung
23263,Automotive & Zulieferer
50314,Maschinen- & Anlagenbau
25603,Kunststoff/Metall/Holz/Glas/Keramik-Verarbeitung
53872,Automotive & Zulieferer
53894,Automotive & Zulieferer
55069,Kunststoff/Metall/Holz/Glas/Keramik-Verarbeitung
48834,Medical
42364,Automotive & Zulieferer
17267,Maschinen- & Anlagenbau
82727,Maschinen- & Anlagenbau
38286,Maschinen- & Anlagenbau
13655,Elektro & Mess-Regeltechnik
53154,Maschinen- & Anlagenbau
81995,Maschinen- & Anlagenbau
40812,Elektro & Mess-Regeltechnik
1003594,Maschinen- & Anlagenbau
11468,Kunststoff/Metall/Holz/Glas/Keramik-Verarbeitung
78314,Automotive & Zulieferer
65378,Kunststoff/Metall/Holz/Glas/Keramik-Verarbeitung
40500,Maschinen- & Anlagenbau
40682,Maschinen- & Anlagenbau
15163,Automotive & Zulieferer
36119,Maschinen- & Anlagenbau
39147,Maschinen- & Anlagenbau
25680,Maschinen- & Anlagenbau
1001655,Elektro & Mess-Regeltechnik
115356,Maschinen- & Anlagenbau
71445,Kunststoff/Metall/Holz/Glas/Keramik-Verarbeitung
31663,Kunststoff/Metall/Holz/Glas/Keramik-Verarbeitung
52634,Kunststoff/Metall/Holz/Glas/Keramik-Verarbeitung
30248,Kunststoff/Metall/Holz/Glas/Keramik-Verarbeitung
19295,Maschinen- & Anlagenbau
1014023,Automotive & Zulieferer
15616,Handel
14951,Maschinen- & Anlagenbau
36909,Maschinen- & Anlagenbau
85544,Kunststoff/Metall/Holz/Glas/Keramik-Verarbeitung
14823,Kunststoff/Metall/Holz/Glas/Keramik-Verarbeitung
63366,Elektro & Mess-Regeltechnik
11992,Kunststoff/Metall/Holz/Glas/Keramik-Verarbeitung
51242,Kunststoff/Metall/Holz/Glas/Keramik-Verarbeitung
13450,Maschinen- & Anlagenbau
1564173,Maschinen- & Anlagenbau
62818,Maschinen- & Anlagenbau
1101376,Kunststoff/Metall/Holz/Glas/Keramik-Verarbeitung
71156,Maschinen- & Anlagenbau
37388,Automotive & Zulieferer
41621,Maschinen- & Anlagenbau
67293,Halbleiter & Mikroelektronik
17298,Maschinen- & Anlagenbau
48973,Maschinen- & Anlagenbau
101752,Kunststoff/Metall/Holz/Glas/Keramik-Verarbeitung
60197,Elektro & Mess-Regeltechnik
14134,Maschinen- & Anlagenbau
56774,Automotive & Zulieferer
14879,Maschinen- & Anlagenbau
64385,Maschinen- & Anlagenbau
11949,Maschinen- & Anlagenbau
18375,Kunststoff/Metall/Holz/Glas/Keramik-Verarbeitung
32480,Kunststoff/Metall/Holz/Glas/Keramik-Verarbeitung
77660,Maschinen- & Anlagenbau
50010,Elektro & Mess-Regeltechnik
45380,Maschinen- & Anlagenbau
15326,Maschinen- & Anlagenbau
48270,Kunststoff/Metall/Holz/Glas/Keramik-Verarbeitung
14785,Automotive & Zulieferer
50558,Maschinen- & Anlagenbau
39139,Kunststoff/Metall/Holz/Glas/Keramik-Verarbeitung
14514,Elektro & Mess-Regeltechnik
120876,Automotive & Zulieferer
25691,Kunststoff/Metall/Holz/Glas/Keramik-Verarbeitung
57745,Medical
80935,Sonstiges
40762,Kunststoff/Metall/Holz/Glas/Keramik-Verarbeitung
21871,Maschinen- & Anlagenbau
11337,Automotive & Zulieferer
36899,Kunststoff/Metall/Holz/Glas/Keramik-Verarbeitung
1009830,Kunststoff/Metall/Holz/Glas/Keramik-Verarbeitung
20421,Kunststoff/Metall/Holz/Glas/Keramik-Verarbeitung
51366,Automotive & Zulieferer
59142,Maschinen- & Anlagenbau
14457,Automotive & Zulieferer
56845,Medical
69404,Kunststoff/Metall/Holz/Glas/Keramik-Verarbeitung
29024,Maschinen- & Anlagenbau
5246,Kunststoff/Metall/Holz/Glas/Keramik-Verarbeitung
46469,Maschinen- & Anlagenbau
21462,Kunststoff/Metall/Holz/Glas/Keramik-Verarbeitung
16180,Maschinen- & Anlagenbau
86181,Kunststoff/Metall/Holz/Glas/Keramik-Verarbeitung
1001028,Maschinen- & Anlagenbau
84801,Maschinen- & Anlagenbau
13431,Maschinen- & Anlagenbau
18196,Kunststoff/Metall/Holz/Glas/Keramik-Verarbeitung
11022,Elektro & Mess-Regeltechnik
38027,Medical
1022492,Kalibrierlabore & Zertifizierungsstellen
12308,Maschinen- & Anlagenbau
66135,Automotive & Zulieferer
14322,Maschinen- & Anlagenbau
19766,Kunststoff/Metall/Holz/Glas/Keramik-Verarbeitung
81033,Automotive & Zulieferer
38837,Automotive & Zulieferer
78899,Chemie & Raffinerie
13620,Maschinen- & Anlagenbau
13649,Kunststoff/Metall/Holz/Glas/Keramik-Verarbeitung
125521,Kunststoff/Metall/Holz/Glas/Keramik-Verarbeitung
41164,Kalibrierlabore & Zertifizierungsstellen
55151,Energie
41580,Maschinen- & Anlagenbau
36191,Kunststoff/Metall/Holz/Glas/Keramik-Verarbeitung
13920,Maschinen- & Anlagenbau
11985,Maschinen- & Anlagenbau
61834,Automotive & Zulieferer
56651,Energie
19413,Kunststoff/Metall/Holz/Glas/Keramik-Verarbeitung
1314944,Maschinen- & Anlagenbau
46061,Maschinen- & Anlagenbau
56900,Kunststoff/Metall/Holz/Glas/Keramik-Verarbeitung
18818,Automotive & Zulieferer
31801,Maschinen- & Anlagenbau
21762,Luft- & Raumfahrt & Zulieferer
4829,Kunststoff/Metall/Holz/Glas/Keramik-Verarbeitung
60634,Energie
27534,Automotive & Zulieferer
32248,Maschinen- & Anlagenbau
25934,Kunststoff/Metall/Holz/Glas/Keramik-Verarbeitung
35675,Elektro & Mess-Regeltechnik
36741,Medical
93341,Kunststoff/Metall/Holz/Glas/Keramik-Verarbeitung
21230,Kunststoff/Metall/Holz/Glas/Keramik-Verarbeitung
17345,Kunststoff/Metall/Holz/Glas/Keramik-Verarbeitung
83235,Kunststoff/Metall/Holz/Glas/Keramik-Verarbeitung
43772,Klima & Heizung (Facility)
41824,Kunststoff/Metall/Holz/Glas/Keramik-Verarbeitung
40444,Elektro & Mess-Regeltechnik
51485,Maschinen- & Anlagenbau
59730,Maschinen- & Anlagenbau
1012591,Maschinen- & Anlagenbau
70434,Medical
46702,Automotive & Zulieferer
40213,Medical
7087,Elektro & Mess-Regeltechnik
32088,Maschinen- & Anlagenbau
3392,Medical
30042,Maschinen- & Anlagenbau
102985,Maschinen- & Anlagenbau
58342,Maschinen- & Anlagenbau
42034,Maschinen- & Anlagenbau
97548,Automotive & Zulieferer
19051,Maschinen- & Anlagenbau
60906,Medical
107601,Automotive & Zulieferer
30111,Kunststoff/Metall/Holz/Glas/Keramik-Verarbeitung
1954,Kunststoff/Metall/Holz/Glas/Keramik-Verarbeitung
86068,Automotive & Zulieferer
17454,Klima & Heizung (Facility)
11960,Kunststoff/Metall/Holz/Glas/Keramik-Verarbeitung
18695,Elektro & Mess-Regeltechnik
15570,Kunststoff/Metall/Holz/Glas/Keramik-Verarbeitung
35534,Medical
10130,Kunststoff/Metall/Holz/Glas/Keramik-Verarbeitung
122393,Maschinen- & Anlagenbau
98665,Klima & Heizung (Facility)
33204,Medical
71305,Maschinen- & Anlagenbau
71175,Maschinen- & Anlagenbau
22556,Automotive & Zulieferer
41560,Chemie & Raffinerie
25656,Defence
62928,Kunststoff/Metall/Holz/Glas/Keramik-Verarbeitung
44458,Kunststoff/Metall/Holz/Glas/Keramik-Verarbeitung
11389,Maschinen- & Anlagenbau
22090,Kunststoff/Metall/Holz/Glas/Keramik-Verarbeitung
78319,Elektro & Mess-Regeltechnik
58668,Maschinen- & Anlagenbau
39330,Kunststoff/Metall/Holz/Glas/Keramik-Verarbeitung
10408,Automotive & Zulieferer
85173,Maschinen- & Anlagenbau
30329,Kunststoff/Metall/Holz/Glas/Keramik-Verarbeitung
50344,Automotive & Zulieferer
29694,Kunststoff/Metall/Holz/Glas/Keramik-Verarbeitung
26173,Kunststoff/Metall/Holz/Glas/Keramik-Verarbeitung
111356,Kunststoff/Metall/Holz/Glas/Keramik-Verarbeitung
40296,Klima & Heizung (Facility)
57705,Automotive & Zulieferer
15308,Maschinen- & Anlagenbau
92425,Kunststoff/Metall/Holz/Glas/Keramik-Verarbeitung
11395,Maschinen- & Anlagenbau
57591,Maschinen- & Anlagenbau
53339,Maschinen- & Anlagenbau
60712,Automotive & Zulieferer
19346,Kunststoff/Metall/Holz/Glas/Keramik-Verarbeitung
42709,Elektro & Mess-Regeltechnik
83865,Automotive & Zulieferer
41296,Maschinen- & Anlagenbau
43361,Maschinen- & Anlagenbau
16310,Maschinen- & Anlagenbau
16644,Maschinen- & Anlagenbau
24185,Maschinen- & Anlagenbau
68789,Maschinen- & Anlagenbau
30199,Kunststoff/Metall/Holz/Glas/Keramik-Verarbeitung
78904,Kunststoff/Metall/Holz/Glas/Keramik-Verarbeitung
17562,Kunststoff/Metall/Holz/Glas/Keramik-Verarbeitung
17148,Maschinen- & Anlagenbau
84193,Automotive & Zulieferer
13541,Elektro & Mess-Regeltechnik
24087,Maschinen- & Anlagenbau
1052212,Maschinen- & Anlagenbau
63322,Elektro & Mess-Regeltechnik
1015607,Kunststoff/Metall/Holz/Glas/Keramik-Verarbeitung
85688,Klima & Heizung (Facility)
115636,Elektro & Mess-Regeltechnik
42029,Kunststoff/Metall/Holz/Glas/Keramik-Verarbeitung
34390,Kunststoff/Metall/Holz/Glas/Keramik-Verarbeitung
1050979,Kunststoff/Metall/Holz/Glas/Keramik-Verarbeitung
11872,Automotive & Zulieferer
42557,Maschinen- & Anlagenbau
78602,Elektro & Mess-Regeltechnik
45670,Automotive & Zulieferer
22225,Kunststoff/Metall/Holz/Glas/Keramik-Verarbeitung
49514,Maschinen- & Anlagenbau
96398,Kunststoff/Metall/Holz/Glas/Keramik-Verarbeitung
17611,Automotive & Zulieferer
11181,Luft- & Raumfahrt & Zulieferer
48218,Halbleiter & Mikroelektronik
31728,Maschinen- & Anlagenbau
33890,Medical
115200,Medical
99089,Maschinen- & Anlagenbau
50454,Kunststoff/Metall/Holz/Glas/Keramik-Verarbeitung
50139,Kunststoff/Metall/Holz/Glas/Keramik-Verarbeitung
90437,Maschinen- & Anlagenbau
25310,Kunststoff/Metall/Holz/Glas/Keramik-Verarbeitung
95205,Kunststoff/Metall/Holz/Glas/Keramik-Verarbeitung
16488,Automotive & Zulieferer
13447,Maschinen- & Anlagenbau
27479,Maschinen- & Anlagenbau
45459,Maschinen- & Anlagenbau
21865,Maschinen- & Anlagenbau
39178,Kunststoff/Metall/Holz/Glas/Keramik-Verarbeitung
19342,Kunststoff/Metall/Holz/Glas/Keramik-Verarbeitung
35492,Maschinen- & Anlagenbau
25578,Handel
63260,Kunststoff/Metall/Holz/Glas/Keramik-Verarbeitung
17803,Kunststoff/Metall/Holz/Glas/Keramik-Verarbeitung
112146,Automotive & Zulieferer
56302,Kunststoff/Metall/Holz/Glas/Keramik-Verarbeitung
19182,Klima & Heizung (Facility)
66648,Chemie & Raffinerie
101858,Kunststoff/Metall/Holz/Glas/Keramik-Verarbeitung
28360,Maschinen- & Anlagenbau
30705,Maschinen- & Anlagenbau
57778,Maschinen- & Anlagenbau
13799,Medical
63185,Kunststoff/Metall/Holz/Glas/Keramik-Verarbeitung
115449,Maschinen- & Anlagenbau
43639,Maschinen- & Anlagenbau
86795,Kunststoff/Metall/Holz/Glas/Keramik-Verarbeitung
20225,Maschinen- & Anlagenbau
12539,Medical
18148,Kunststoff/Metall/Holz/Glas/Keramik-Verarbeitung
43277,Kunststoff/Metall/Holz/Glas/Keramik-Verarbeitung
15515,Kunststoff/Metall/Holz/Glas/Keramik-Verarbeitung
12865,Automotive & Zulieferer
10079,Kunststoff/Metall/Holz/Glas/Keramik-Verarbeitung
86349,Handel
23384,Maschinen- & Anlagenbau
96407,Maschinen- & Anlagenbau
78790,Kunststoff/Metall/Holz/Glas/Keramik-Verarbeitung
117438,Sonstiges
82569,Automotive & Zulieferer
32805,Medical
88907,Luft- & Raumfahrt & Zulieferer
13051,Handel
65443,Sonstiges
32316,Kunststoff/Metall/Holz/Glas/Keramik-Verarbeitung
85110,Maschinen- & Anlagenbau
56529,Maschinen- & Anlagenbau
123832,Defence
14788,Luft- & Raumfahrt & Zulieferer
4460,Kunststoff/Metall/Holz/Glas/Keramik-Verarbeitung
94473,Medical
31320,Kunststoff/Metall/Holz/Glas/Keramik-Verarbeitung
69754,Automotive & Zulieferer
67789,Maschinen- & Anlagenbau
25454,Maschinen- & Anlagenbau
102458,Luft- & Raumfahrt & Zulieferer
62862,Kunststoff/Metall/Holz/Glas/Keramik-Verarbeitung
58856,Kunststoff/Metall/Holz/Glas/Keramik-Verarbeitung
63041,Energie
17746,Kunststoff/Metall/Holz/Glas/Keramik-Verarbeitung
116237,Kunststoff/Metall/Holz/Glas/Keramik-Verarbeitung
24410,Maschinen- & Anlagenbau
51626,Maschinen- & Anlagenbau
50878,Medical
86074,Chemie & Raffinerie
71474,Energie
54771,Sonstiges
80288,Handel
25844,Elektro & Mess-Regeltechnik
25543,Halbleiter & Mikroelektronik
64211,Maschinen- & Anlagenbau
103978,Sonstiges
34222,Sonstiges
11465,Automotive & Zulieferer
56087,Kunststoff/Metall/Holz/Glas/Keramik-Verarbeitung
2230,Automotive & Zulieferer
38855,Automotive & Zulieferer
22117,Maschinen- & Anlagenbau
22212,Maschinen- & Anlagenbau
19637,Kunststoff/Metall/Holz/Glas/Keramik-Verarbeitung
79866,Chemie & Raffinerie
11896,Maschinen- & Anlagenbau
91436,Sonstiges
18510,Elektro & Mess-Regeltechnik
55822,Sonstiges
100322,Maschinen- & Anlagenbau
115961,Maschinen- & Anlagenbau
46515,Automotive & Zulieferer
31618,Maschinen- & Anlagenbau
17895,Elektro & Mess-Regeltechnik
22295,Medical
32155,Medical
36524,Maschinen- & Anlagenbau
81047,Maschinen- & Anlagenbau
91522,Maschinen- & Anlagenbau
10646,Maschinen- & Anlagenbau
18166,Kunststoff/Metall/Holz/Glas/Keramik-Verarbeitung
120581,Automotive & Zulieferer
78701,Kunststoff/Metall/Holz/Glas/Keramik-Verarbeitung
44829,Luft- & Raumfahrt & Zulieferer
15302,Kunststoff/Metall/Holz/Glas/Keramik-Verarbeitung
1004637,Maschinen- & Anlagenbau
35459,Maschinen- & Anlagenbau
80290,Sonstiges
56167,Luft- & Raumfahrt & Zulieferer
50540,Energie
64310,Sonstiges
50784,Kunststoff/Metall/Holz/Glas/Keramik-Verarbeitung
32618,Automotive & Zulieferer
61205,Chemie & Raffinerie
16775,Kunststoff/Metall/Holz/Glas/Keramik-Verarbeitung
85649,Sonstiges
109048,Maschinen- & Anlagenbau
16384,Kunststoff/Metall/Holz/Glas/Keramik-Verarbeitung
36207,Sonstiges
66200,Sonstiges
32278,Kunststoff/Metall/Holz/Glas/Keramik-Verarbeitung
90922,Kunststoff/Metall/Holz/Glas/Keramik-Verarbeitung
1020278,Kunststoff/Metall/Holz/Glas/Keramik-Verarbeitung
32382,Chemie & Raffinerie
20995,Maschinen- & Anlagenbau
53153,Kunststoff/Metall/Holz/Glas/Keramik-Verarbeitung
50393,Luft- & Raumfahrt & Zulieferer
4574,Maschinen- & Anlagenbau
81205,Kunststoff/Metall/Holz/Glas/Keramik-Verarbeitung
53882,Maschinen- & Anlagenbau
11571,Maschinen- & Anlagenbau
23559,Maschinen- & Anlagenbau
48956,Maschinen- & Anlagenbau
67530,Maschinen- & Anlagenbau
30068,Maschinen- & Anlagenbau
90651,Maschinen- & Anlagenbau
105242,Kunststoff/Metall/Holz/Glas/Keramik-Verarbeitung
71586,Energie
53983,Automotive & Zulieferer
48069,Kunststoff/Metall/Holz/Glas/Keramik-Verarbeitung
81137,Maschinen- & Anlagenbau
45521,Chemie & Raffinerie
18176,Elektro & Mess-Regeltechnik
1496,Elektro & Mess-Regeltechnik
1022573,Kunststoff/Metall/Holz/Glas/Keramik-Verarbeitung
39133,Maschinen- & Anlagenbau
85431,Maschinen- & Anlagenbau
54543,Kunststoff/Metall/Holz/Glas/Keramik-Verarbeitung
26304,Kunststoff/Metall/Holz/Glas/Keramik-Verarbeitung
15305,Kunststoff/Metall/Holz/Glas/Keramik-Verarbeitung
43762,Automotive & Zulieferer
13377,Maschinen- & Anlagenbau
11339,Elektro & Mess-Regeltechnik
120253,Energie
81310,Maschinen- & Anlagenbau
50512,Sonstiges
96408,Sonstiges
27522,Kunststoff/Metall/Holz/Glas/Keramik-Verarbeitung
78981,Sonstiges
30711,Energie
36721,Kunststoff/Metall/Holz/Glas/Keramik-Verarbeitung
32207,Kunststoff/Metall/Holz/Glas/Keramik-Verarbeitung
37051,Kunststoff/Metall/Holz/Glas/Keramik-Verarbeitung
35828,Automotive & Zulieferer
38619,Kunststoff/Metall/Holz/Glas/Keramik-Verarbeitung
12125,Kunststoff/Metall/Holz/Glas/Keramik-Verarbeitung
114424,Automotive & Zulieferer
11252,Maschinen- & Anlagenbau
15975,Maschinen- & Anlagenbau
21461,Luft- & Raumfahrt & Zulieferer
5325,Maschinen- & Anlagenbau
3943,Halbleiter & Mikroelektronik
51839,Sonstiges
26394,Kunststoff/Metall/Holz/Glas/Keramik-Verarbeitung
63487,Maschinen- & Anlagenbau
94386,Maschinen- & Anlagenbau
64842,Automotive & Zulieferer
85642,Kunststoff/Metall/Holz/Glas/Keramik-Verarbeitung
33054,Kunststoff/Metall/Holz/Glas/Keramik-Verarbeitung
102918,Maschinen- & Anlagenbau
20048,Kunststoff/Metall/Holz/Glas/Keramik-Verarbeitung
36696,Maschinen- & Anlagenbau
12305,Sonstiges
35575,Luft- & Raumfahrt & Zulieferer
53696,Medical
57118,Sonstiges
1564011,Kunststoff/Metall/Holz/Glas/Keramik-Verarbeitung
45986,Kunststoff/Metall/Holz/Glas/Keramik-Verarbeitung
18326,Maschinen- & Anlagenbau
13723,Maschinen- & Anlagenbau
112904,Kunststoff/Metall/Holz/Glas/Keramik-Verarbeitung
88679,Elektro & Mess-Regeltechnik
52074,Sonstiges
14154,Maschinen- & Anlagenbau
43615,Maschinen- & Anlagenbau
127312,Handel
18491,Maschinen- & Anlagenbau
82424,Elektro & Mess-Regeltechnik
27715,Maschinen- & Anlagenbau
90941,Sonstiges
79683,Sonstiges
52580,Maschinen- & Anlagenbau
44523,Maschinen- & Anlagenbau
66397,Automotive & Zulieferer
77751,Maschinen- & Anlagenbau
55322,Maschinen- & Anlagenbau
17820,Chemie & Raffinerie
28354,Maschinen- & Anlagenbau
23723,Kunststoff/Metall/Holz/Glas/Keramik-Verarbeitung
45035,Automotive & Zulieferer
1500194,Automotive & Zulieferer
4902,Sonstiges
1023050,Automotive & Zulieferer
38137,Maschinen- & Anlagenbau
17657,Maschinen- & Anlagenbau
20964,Kunststoff/Metall/Holz/Glas/Keramik-Verarbeitung
58640,Maschinen- & Anlagenbau
61375,Handel
36043,Automotive & Zulieferer
41918,Elektro & Mess-Regeltechnik
30556,Sonstiges
108505,Medical
33968,Automotive & Zulieferer
93396,Maschinen- & Anlagenbau
18885,Elektro & Mess-Regeltechnik
71133,Automotive & Zulieferer
3747,Defence
53103,Automotive & Zulieferer
32640,Maschinen- & Anlagenbau
10637,Handel
1005490,Maschinen- & Anlagenbau
116636,Automotive & Zulieferer
111315,Kunststoff/Metall/Holz/Glas/Keramik-Verarbeitung
32734,Kunststoff/Metall/Holz/Glas/Keramik-Verarbeitung
40852,Luft- & Raumfahrt & Zulieferer
57296,Sonstiges
16665,Automotive & Zulieferer
58029,Sonstiges
52946,Sonstiges
125407,Maschinen- & Anlagenbau
32565,Sonstiges
13288,Elektro & Mess-Regeltechnik
22338,Automotive & Zulieferer
98610,Luft- & Raumfahrt & Zulieferer
107388,Kunststoff/Metall/Holz/Glas/Keramik-Verarbeitung
38152,Maschinen- & Anlagenbau
27059,Elektro & Mess-Regeltechnik
64214,Sonstiges
117977,Medical
42722,Maschinen- & Anlagenbau
16987,Maschinen- & Anlagenbau
21500,Chemie & Raffinerie
77473,Sonstiges
57627,Sonstiges
90946,Sonstiges
82238,Maschinen- & Anlagenbau
87949,Kunststoff/Metall/Holz/Glas/Keramik-Verarbeitung
62792,Sonstiges
12483,Klima & Heizung (Facility)
107737,Kunststoff/Metall/Holz/Glas/Keramik-Verarbeitung
36034,Kunststoff/Metall/Holz/Glas/Keramik-Verarbeitung
33466,Chemie & Raffinerie
20064,Luft- & Raumfahrt & Zulieferer
97745,Kunststoff/Metall/Holz/Glas/Keramik-Verarbeitung
3793,Sonstiges
17289,Kunststoff/Metall/Holz/Glas/Keramik-Verarbeitung
43712,Maschinen- & Anlagenbau
1884,Luft- & Raumfahrt & Zulieferer
41456,Kunststoff/Metall/Holz/Glas/Keramik-Verarbeitung
101893,Kunststoff/Metall/Holz/Glas/Keramik-Verarbeitung
38164,Automotive & Zulieferer
28075,Automotive & Zulieferer
18675,Maschinen- & Anlagenbau
23596,Maschinen- & Anlagenbau
3748,Defence
28574,Sonstiges
24749,Kunststoff/Metall/Holz/Glas/Keramik-Verarbeitung
18341,Automotive & Zulieferer
85837,Kunststoff/Metall/Holz/Glas/Keramik-Verarbeitung
13259,Automotive & Zulieferer
71735,Automotive & Zulieferer
27678,Chemie & Raffinerie
1000225,Kunststoff/Metall/Holz/Glas/Keramik-Verarbeitung
21221,Kunststoff/Metall/Holz/Glas/Keramik-Verarbeitung
35656,Kunststoff/Metall/Holz/Glas/Keramik-Verarbeitung
52169,Maschinen- & Anlagenbau
29052,Chemie & Raffinerie
12965,Automotive & Zulieferer
22077,Maschinen- & Anlagenbau
1051457,Kunststoff/Metall/Holz/Glas/Keramik-Verarbeitung
79415,Kunststoff/Metall/Holz/Glas/Keramik-Verarbeitung
17221,Maschinen- & Anlagenbau
49826,Automotive & Zulieferer
19521,Automotive & Zulieferer
51692,Maschinen- & Anlagenbau
84513,Maschinen- & Anlagenbau
1001880,Maschinen- & Anlagenbau
32413,Kunststoff/Metall/Holz/Glas/Keramik-Verarbeitung
98138,Sonstiges
76265,Sonstiges
69003,Energie
52679,Kunststoff/Metall/Holz/Glas/Keramik-Verarbeitung
92763,Medical
115969,Kunststoff/Metall/Holz/Glas/Keramik-Verarbeitung
67453,Kunststoff/Metall/Holz/Glas/Keramik-Verarbeitung
115602,Maschinen- & Anlagenbau
67252,Chemie & Raffinerie
99445,Automotive & Zulieferer
1042501,Kunststoff/Metall/Holz/Glas/Keramik-Verarbeitung
97706,Kunststoff/Metall/Holz/Glas/Keramik-Verarbeitung
110848,Elektro & Mess-Regeltechnik
69165,Maschinen- & Anlagenbau
1042167,Kunststoff/Metall/Holz/Glas/Keramik-Verarbeitung
37593,Kunststoff/Metall/Holz/Glas/Keramik-Verarbeitung
119315,Luft- & Raumfahrt & Zulieferer
16288,Maschinen- & Anlagenbau
70312,Automotive & Zulieferer
106555,Maschinen- & Anlagenbau
42624,Maschinen- & Anlagenbau
11951,Maschinen- & Anlagenbau
1016715,Sonstiges
93597,Elektro & Mess-Regeltechnik
45244,Maschinen- & Anlagenbau
35457,Maschinen- & Anlagenbau
4618,Elektro & Mess-Regeltechnik
77927,Maschinen- & Anlagenbau
19736,Automotive & Zulieferer
37513,Automotive & Zulieferer
37859,Kunststoff/Metall/Holz/Glas/Keramik-Verarbeitung
39586,Sonstiges
1009553,Maschinen- & Anlagenbau
52358,Chemie & Raffinerie
11190,Elektro & Mess-Regeltechnik
1550,Elektro & Mess-Regeltechnik
18001,Automotive & Zulieferer
118934,Handel
78116,Sonstiges
83288,Elektro & Mess-Regeltechnik
32214,Kunststoff/Metall/Holz/Glas/Keramik-Verarbeitung
40141,Medical
19613,Medical
77380,Medical
79983,Kunststoff/Metall/Holz/Glas/Keramik-Verarbeitung
89179,Sonstiges
26447,Automotive & Zulieferer
79107,Kunststoff/Metall/Holz/Glas/Keramik-Verarbeitung
24965,Elektro & Mess-Regeltechnik
23147,Maschinen- & Anlagenbau
77234,Sonstiges
41709,Kunststoff/Metall/Holz/Glas/Keramik-Verarbeitung
64559,Elektro & Mess-Regeltechnik
104877,Automotive & Zulieferer
18401,Kunststoff/Metall/Holz/Glas/Keramik-Verarbeitung
18593,Sonstiges
99237,Kalibrierlabore & Zertifizierungsstellen
11462,Automotive & Zulieferer
79925,Kunststoff/Metall/Holz/Glas/Keramik-Verarbeitung
23176,Maschinen- & Anlagenbau
1043357,Maschinen- & Anlagenbau
1013382,Kunststoff/Metall/Holz/Glas/Keramik-Verarbeitung
40992,Maschinen- & Anlagenbau
68852,Chemie & Raffinerie
115170,Elektro & Mess-Regeltechnik
42325,Maschinen- & Anlagenbau
45226,Maschinen- & Anlagenbau
81822,Automotive & Zulieferer
50697,Kunststoff/Metall/Holz/Glas/Keramik-Verarbeitung
55435,Sonstiges
30137,Kunststoff/Metall/Holz/Glas/Keramik-Verarbeitung
17899,Handel
1000487,Kunststoff/Metall/Holz/Glas/Keramik-Verarbeitung
106956,Elektro & Mess-Regeltechnik
44236,Maschinen- & Anlagenbau
12979,Maschinen- & Anlagenbau
71195,Sonstiges
1000186,Kunststoff/Metall/Holz/Glas/Keramik-Verarbeitung
26446,Maschinen- & Anlagenbau
110345,Maschinen- & Anlagenbau
11226,Kunststoff/Metall/Holz/Glas/Keramik-Verarbeitung
19223,Elektro & Mess-Regeltechnik
11010,Maschinen- & Anlagenbau
14959,Maschinen- & Anlagenbau
38969,Maschinen- & Anlagenbau
26853,Kunststoff/Metall/Holz/Glas/Keramik-Verarbeitung
36644,Kunststoff/Metall/Holz/Glas/Keramik-Verarbeitung
17251,Chemie & Raffinerie
33191,Maschinen- & Anlagenbau
94998,Energie
97869,Handel
39018,Sonstiges
93904,Luft- & Raumfahrt & Zulieferer
20395,Automotive & Zulieferer
127691,Maschinen- & Anlagenbau
23525,Maschinen- & Anlagenbau
65777,Sonstiges
24819,Kunststoff/Metall/Holz/Glas/Keramik-Verarbeitung
40029,Automotive & Zulieferer
32711,Kunststoff/Metall/Holz/Glas/Keramik-Verarbeitung
37813,Sonstiges
13539,Kunststoff/Metall/Holz/Glas/Keramik-Verarbeitung
115260,Medical
51829,Kunststoff/Metall/Holz/Glas/Keramik-Verarbeitung
49076,Energie
80956,Kunststoff/Metall/Holz/Glas/Keramik-Verarbeitung
58790,Kunststoff/Metall/Holz/Glas/Keramik-Verarbeitung
63466,Kunststoff/Metall/Holz/Glas/Keramik-Verarbeitung
111279,Kunststoff/Metall/Holz/Glas/Keramik-Verarbeitung
115907,Sonstiges
93686,Luft- & Raumfahrt & Zulieferer
128633,Automotive & Zulieferer
46546,Medical
71881,Automotive & Zulieferer
12870,Kunststoff/Metall/Holz/Glas/Keramik-Verarbeitung
14218,Maschinen- & Anlagenbau
82662,Sonstiges
43543,Maschinen- & Anlagenbau
52971,Maschinen- & Anlagenbau
67316,Maschinen- & Anlagenbau
115159,Automotive & Zulieferer
95133,Maschinen- & Anlagenbau
27775,Maschinen- & Anlagenbau
76992,Maschinen- & Anlagenbau
32888,Maschinen- & Anlagenbau
92403,Kunststoff/Metall/Holz/Glas/Keramik-Verarbeitung
55983,Kunststoff/Metall/Holz/Glas/Keramik-Verarbeitung
52853,Medical
88148,Handel
85949,Elektro & Mess-Regeltechnik
14784,Sonstiges
106325,Medical
87855,Energie
51340,Automotive & Zulieferer
17731,Maschinen- & Anlagenbau
32444,Handel
81417,Maschinen- & Anlagenbau
82762,Automotive & Zulieferer
113108,Handel
56577,Automotive & Zulieferer
1044484,Halbleiter & Mikroelektronik
34622,Medical
42202,Luft- & Raumfahrt & Zulieferer
36080,Maschinen- & Anlagenbau
54360,Elektro & Mess-Regeltechnik
88566,Maschinen- & Anlagenbau
83669,Sonstiges
48003,Elektro & Mess-Regeltechnik
30065,Automotive & Zulieferer
91910,Automotive & Zulieferer
35192,Handel
55942,Sonstiges
28118,Chemie & Raffinerie
69577,Kunststoff/Metall/Holz/Glas/Keramik-Verarbeitung
20897,Automotive & Zulieferer
12947,Maschinen- & Anlagenbau
56303,Kunststoff/Metall/Holz/Glas/Keramik-Verarbeitung
108099,Sonstiges
45547,Maschinen- & Anlagenbau
70817,Kunststoff/Metall/Holz/Glas/Keramik-Verarbeitung
62656,Energie
1104367,Automotive & Zulieferer
33664,Kunststoff/Metall/Holz/Glas/Keramik-Verarbeitung
104807,Kunststoff/Metall/Holz/Glas/Keramik-Verarbeitung
1044323,Maschinen- & Anlagenbau
33817,Maschinen- & Anlagenbau
22877,Kunststoff/Metall/Holz/Glas/Keramik-Verarbeitung
32945,Kunststoff/Metall/Holz/Glas/Keramik-Verarbeitung
24791,Kunststoff/Metall/Holz/Glas/Keramik-Verarbeitung
34235,Kunststoff/Metall/Holz/Glas/Keramik-Verarbeitung
70620,Maschinen- & Anlagenbau
66589,Sonstiges
20093,Kunststoff/Metall/Holz/Glas/Keramik-Verarbeitung
29294,Elektro & Mess-Regeltechnik
1019511,Elektro & Mess-Regeltechnik
63363,Sonstiges
1564740,Kunststoff/Metall/Holz/Glas/Keramik-Verarbeitung
80345,Maschinen- & Anlagenbau
15962,Automotive & Zulieferer
85521,Automotive & Zulieferer
33465,Elektro & Mess-Regeltechnik
85531,Maschinen- & Anlagenbau
29753,Maschinen- & Anlagenbau
118832,Automotive & Zulieferer
90008,Defence
107122,Maschinen- & Anlagenbau
13473,Kunststoff/Metall/Holz/Glas/Keramik-Verarbeitung
86887,Kunststoff/Metall/Holz/Glas/Keramik-Verarbeitung
50460,Maschinen- & Anlagenbau
56425,Kunststoff/Metall/Holz/Glas/Keramik-Verarbeitung
88162,Maschinen- & Anlagenbau
123691,Kunststoff/Metall/Holz/Glas/Keramik-Verarbeitung
1564640,Automotive & Zulieferer
66971,Maschinen- & Anlagenbau
99260,Automotive & Zulieferer
71557,Sonstiges
13568,Maschinen- & Anlagenbau
80025,Maschinen- & Anlagenbau
87058,Medical
1045780,Maschinen- & Anlagenbau
16072,Maschinen- & Anlagenbau
64258,Kunststoff/Metall/Holz/Glas/Keramik-Verarbeitung
94474,Luft- & Raumfahrt & Zulieferer
29684,Maschinen- & Anlagenbau
14896,Kunststoff/Metall/Holz/Glas/Keramik-Verarbeitung
30051,Maschinen- & Anlagenbau
27000,Elektro & Mess-Regeltechnik
32018,Kunststoff/Metall/Holz/Glas/Keramik-Verarbeitung
39422,Sonstiges
33132,Automotive & Zulieferer
13149,Automotive & Zulieferer
34338,Luft- & Raumfahrt & Zulieferer
1011788,Kunststoff/Metall/Holz/Glas/Keramik-Verarbeitung
88373,Sonstiges
25425,Maschinen- & Anlagenbau
40900,Maschinen- & Anlagenbau
43401,Handel
19116,Chemie & Raffinerie
106974,Sonstiges
12855,Kunststoff/Metall/Holz/Glas/Keramik-Verarbeitung
14885,Kunststoff/Metall/Holz/Glas/Keramik-Verarbeitung
48914,Sonstiges
1000888,Maschinen- & Anlagenbau
25749,Kunststoff/Metall/Holz/Glas/Keramik-Verarbeitung
52674,Automotive & Zulieferer
34927,Chemie & Raffinerie
52776,Maschinen- & Anlagenbau
113199,Kunststoff/Metall/Holz/Glas/Keramik-Verarbeitung
33885,Maschinen- & Anlagenbau
1014384,Kunststoff/Metall/Holz/Glas/Keramik-Verarbeitung
60702,Kunststoff/Metall/Holz/Glas/Keramik-Verarbeitung
14498,Maschinen- & Anlagenbau
50425,Sonstiges
1004372,Maschinen- & Anlagenbau
60439,Medical
11086,Maschinen- & Anlagenbau
14030,Automotive & Zulieferer
22102,Kunststoff/Metall/Holz/Glas/Keramik-Verarbeitung
57525,Maschinen- & Anlagenbau
40351,Kunststoff/Metall/Holz/Glas/Keramik-Verarbeitung
37399,Maschinen- & Anlagenbau
10145,Sonstiges
11767,Maschinen- & Anlagenbau
50883,Kunststoff/Metall/Holz/Glas/Keramik-Verarbeitung
51786,Automotive & Zulieferer
46177,Kunststoff/Metall/Holz/Glas/Keramik-Verarbeitung
109189,Luft- & Raumfahrt & Zulieferer
10869,Maschinen- & Anlagenbau
111718,Luft- & Raumfahrt & Zulieferer
21614,Kunststoff/Metall/Holz/Glas/Keramik-Verarbeitung
77522,Kunststoff/Metall/Holz/Glas/Keramik-Verarbeitung
18683,Kunststoff/Metall/Holz/Glas/Keramik-Verarbeitung
11489,Automotive & Zulieferer
91777,Medical
24072,Automotive & Zulieferer
45804,Kunststoff/Metall/Holz/Glas/Keramik-Verarbeitung
111621,Energie
19129,Elektro & Mess-Regeltechnik
89212,Kunststoff/Metall/Holz/Glas/Keramik-Verarbeitung
88334,Medical
1008202,Kunststoff/Metall/Holz/Glas/Keramik-Verarbeitung
22824,Kunststoff/Metall/Holz/Glas/Keramik-Verarbeitung
38256,Maschinen- & Anlagenbau
40214,Maschinen- & Anlagenbau
28800,Automotive & Zulieferer
12543,Kunststoff/Metall/Holz/Glas/Keramik-Verarbeitung
81792,Kunststoff/Metall/Holz/Glas/Keramik-Verarbeitung
55986,Maschinen- & Anlagenbau
42466,Maschinen- & Anlagenbau
70263,Sonstiges
68131,Automotive & Zulieferer
53095,Chemie & Raffinerie
42210,Kunststoff/Metall/Holz/Glas/Keramik-Verarbeitung
81007,Automotive & Zulieferer
31605,Sonstiges
32436,Maschinen- & Anlagenbau
10540,Maschinen- & Anlagenbau
33750,Chemie & Raffinerie
47191,Maschinen- & Anlagenbau
11261,Sonstiges
18712,Elektro & Mess-Regeltechnik
16696,Elektro & Mess-Regeltechnik
99972,Maschinen- & Anlagenbau
47919,Maschinen- & Anlagenbau
59956,Sonstiges
16163,Maschinen- & Anlagenbau
51748,Luft- & Raumfahrt & Zulieferer
113993,Kunststoff/Metall/Holz/Glas/Keramik-Verarbeitung
120904,Sonstiges
18247,Kunststoff/Metall/Holz/Glas/Keramik-Verarbeitung
63063,Maschinen- & Anlagenbau
60364,Maschinen- & Anlagenbau
13386,Maschinen- & Anlagenbau
106282,Chemie & Raffinerie
30762,Kunststoff/Metall/Holz/Glas/Keramik-Verarbeitung
92190,Automotive & Zulieferer
123875,Kunststoff/Metall/Holz/Glas/Keramik-Verarbeitung
70139,Kunststoff/Metall/Holz/Glas/Keramik-Verarbeitung
4162,Sonstiges
51717,Maschinen- & Anlagenbau
40777,Kunststoff/Metall/Holz/Glas/Keramik-Verarbeitung
24559,Handel
33732,Kunststoff/Metall/Holz/Glas/Keramik-Verarbeitung
39186,Kunststoff/Metall/Holz/Glas/Keramik-Verarbeitung
36319,Luft- & Raumfahrt & Zulieferer
69878,Automotive & Zulieferer
5293,Sonstiges
34524,Maschinen- & Anlagenbau
92980,Automotive & Zulieferer
15551,Maschinen- & Anlagenbau
30601,Maschinen- & Anlagenbau
11527,Kunststoff/Metall/Holz/Glas/Keramik-Verarbeitung
19113,Kunststoff/Metall/Holz/Glas/Keramik-Verarbeitung
28981,Maschinen- & Anlagenbau
117500,Handel
20844,Elektro & Mess-Regeltechnik
21162,Sonstiges
31009,Maschinen- & Anlagenbau
23657,Kunststoff/Metall/Holz/Glas/Keramik-Verarbeitung
44649,Maschinen- & Anlagenbau
6904,Kunststoff/Metall/Holz/Glas/Keramik-Verarbeitung
93803,Maschinen- & Anlagenbau
2414,Halbleiter & Mikroelektronik
10585,Kunststoff/Metall/Holz/Glas/Keramik-Verarbeitung
24727,Maschinen- & Anlagenbau
32479,Luft- & Raumfahrt & Zulieferer
88254,Sonstiges
42715,Kunststoff/Metall/Holz/Glas/Keramik-Verarbeitung
42168,Maschinen- & Anlagenbau
12034,Kunststoff/Metall/Holz/Glas/Keramik-Verarbeitung
23863,Automotive & Zulieferer
20038,Kunststoff/Metall/Holz/Glas/Keramik-Verarbeitung
11221,Kunststoff/Metall/Holz/Glas/Keramik-Verarbeitung
18780,Maschinen- & Anlagenbau
52201,Kunststoff/Metall/Holz/Glas/Keramik-Verarbeitung
77951,Automotive & Zulieferer
36199,Elektro & Mess-Regeltechnik
57752,Maschinen- & Anlagenbau
1013492,Elektro & Mess-Regeltechnik
1010949,Kunststoff/Metall/Holz/Glas/Keramik-Verarbeitung
1003011,Maschinen- & Anlagenbau
14765,Kunststoff/Metall/Holz/Glas/Keramik-Verarbeitung
23156,Elektro & Mess-Regeltechnik
53473,Luft- & Raumfahrt & Zulieferer
57032,Sonstiges
14228,Kunststoff/Metall/Holz/Glas/Keramik-Verarbeitung
93090,Automotive & Zulieferer
11330,Maschinen- & Anlagenbau
125944,Handel
115948,Sonstiges
13239,Luft- & Raumfahrt & Zulieferer
51195,Maschinen- & Anlagenbau
76531,Sonstiges
49234,Kunststoff/Metall/Holz/Glas/Keramik-Verarbeitung
54326,Kunststoff/Metall/Holz/Glas/Keramik-Verarbeitung
88686,Elektro & Mess-Regeltechnik
10602,Maschinen- & Anlagenbau
30674,Maschinen- & Anlagenbau
16119,Kunststoff/Metall/Holz/Glas/Keramik-Verarbeitung
106445,Automotive & Zulieferer
45339,Kunststoff/Metall/Holz/Glas/Keramik-Verarbeitung
59870,Sonstiges
16842,Kunststoff/Metall/Holz/Glas/Keramik-Verarbeitung
25702,Chemie & Raffinerie
110208,Maschinen- & Anlagenbau
23842,Kunststoff/Metall/Holz/Glas/Keramik-Verarbeitung
32593,Automotive & Zulieferer
80885,Elektro & Mess-Regeltechnik
16654,Kunststoff/Metall/Holz/Glas/Keramik-Verarbeitung
46337,Sonstiges
66141,Kunststoff/Metall/Holz/Glas/Keramik-Verarbeitung
70455,Energie
86574,Kunststoff/Metall/Holz/Glas/Keramik-Verarbeitung
46858,Maschinen- & Anlagenbau
31469,Automotive & Zulieferer
64321,Maschinen- & Anlagenbau
98354,Energie
40390,Automotive & Zulieferer
1011210,Kunststoff/Metall/Holz/Glas/Keramik-Verarbeitung
45058,Sonstiges
49894,Sonstiges
64857,Automotive & Zulieferer
53674,Handel
77104,Automotive & Zulieferer
93328,Luft- & Raumfahrt & Zulieferer
16187,Elektro & Mess-Regeltechnik
13091,Maschinen- & Anlagenbau
25458,Kunststoff/Metall/Holz/Glas/Keramik-Verarbeitung
19248,Sonstiges
14546,Kunststoff/Metall/Holz/Glas/Keramik-Verarbeitung
27616,Defence
82963,Kunststoff/Metall/Holz/Glas/Keramik-Verarbeitung
17040,Kunststoff/Metall/Holz/Glas/Keramik-Verarbeitung
1046473,Maschinen- & Anlagenbau
103293,Handel
78959,Kunststoff/Metall/Holz/Glas/Keramik-Verarbeitung
21439,Automotive & Zulieferer
28595,Maschinen- & Anlagenbau
11392,Kunststoff/Metall/Holz/Glas/Keramik-Verarbeitung
43656,Sonstiges
12301,Maschinen- & Anlagenbau
31286,Kunststoff/Metall/Holz/Glas/Keramik-Verarbeitung
84946,Kalibrierlabore & Zertifizierungsstellen
27257,Chemie & Raffinerie
103647,Handel
14577,Maschinen- & Anlagenbau
5490,Automotive & Zulieferer
1044253,Maschinen- & Anlagenbau
33358,Maschinen- & Anlagenbau
47338,Kunststoff/Metall/Holz/Glas/Keramik-Verarbeitung
83227,Medical
95388,Kunststoff/Metall/Holz/Glas/Keramik-Verarbeitung
39224,Maschinen- & Anlagenbau
3646,Maschinen- & Anlagenbau
56209,Kunststoff/Metall/Holz/Glas/Keramik-Verarbeitung
75729,Elektro & Mess-Regeltechnik
1002582,Maschinen- & Anlagenbau
37183,Sonstiges
115384,Maschinen- & Anlagenbau
26575,Kunststoff/Metall/Holz/Glas/Keramik-Verarbeitung
24978,Elektro & Mess-Regeltechnik
33418,Maschinen- & Anlagenbau
37543,Medical
22637,Sonstiges
19374,Maschinen- & Anlagenbau
20698,Elektro & Mess-Regeltechnik
10711,Kunststoff/Metall/Holz/Glas/Keramik-Verarbeitung
68877,Defence
49534,Automotive & Zulieferer
34719,Luft- & Raumfahrt & Zulieferer
25100,Elektro & Mess-Regeltechnik
48009,Maschinen- & Anlagenbau
38311,Kunststoff/Metall/Holz/Glas/Keramik-Verarbeitung
106994,Automotive & Zulieferer
38064,Chemie & Raffinerie
29175,Kunststoff/Metall/Holz/Glas/Keramik-Verarbeitung
50421,Sonstiges
78842,Kunststoff/Metall/Holz/Glas/Keramik-Verarbeitung
11125,Kunststoff/Metall/Holz/Glas/Keramik-Verarbeitung
14314,Kunststoff/Metall/Holz/Glas/Keramik-Verarbeitung
34263,Maschinen- & Anlagenbau
29468,Automotive & Zulieferer
71885,Kalibrierlabore & Zertifizierungsstellen
1118,Maschinen- & Anlagenbau
34213,Maschinen- & Anlagenbau
107710,Handel
104978,Maschinen- & Anlagenbau
76038,Kalibrierlabore & Zertifizierungsstellen
54822,Medical
34271,Maschinen- & Anlagenbau
81739,Maschinen- & Anlagenbau
78432,Automotive & Zulieferer
39129,Kunststoff/Metall/Holz/Glas/Keramik-Verarbeitung
31037,Maschinen- & Anlagenbau
50426,Automotive & Zulieferer
12239,Elektro & Mess-Regeltechnik
58651,Kunststoff/Metall/Holz/Glas/Keramik-Verarbeitung
15393,Kunststoff/Metall/Holz/Glas/Keramik-Verarbeitung
37931,Kunststoff/Metall/Holz/Glas/Keramik-Verarbeitung
49228,Defence
10442,Automotive & Zulieferer
29035,Kunststoff/Metall/Holz/Glas/Keramik-Verarbeitung
21174,Kunststoff/Metall/Holz/Glas/Keramik-Verarbeitung
77407,Kunststoff/Metall/Holz/Glas/Keramik-Verarbeitung
26347,Automotive & Zulieferer
29835,Kunststoff/Metall/Holz/Glas/Keramik-Verarbeitung
45541,Sonstiges
35109,Sonstiges
18975,Automotive & Zulieferer
18342,Kunststoff/Metall/Holz/Glas/Keramik-Verarbeitung
43850,Kunststoff/Metall/Holz/Glas/Keramik-Verarbeitung
12073,Maschinen- & Anlagenbau
69129,Maschinen- & Anlagenbau
14085,Kunststoff/Metall/Holz/Glas/Keramik-Verarbeitung
19008,Kunststoff/Metall/Holz/Glas/Keramik-Verarbeitung
92235,Kunststoff/Metall/Holz/Glas/Keramik-Verarbeitung
39237,Sonstiges
86004,Maschinen- & Anlagenbau
50299,Kunststoff/Metall/Holz/Glas/Keramik-Verarbeitung
15242,Halbleiter & Mikroelektronik
125947,Kunststoff/Metall/Holz/Glas/Keramik-Verarbeitung
18553,Maschinen- & Anlagenbau
119682,Sonstiges
1012891,Sonstiges
10092,Kunststoff/Metall/Holz/Glas/Keramik-Verarbeitung
91577,Defence
17219,Kunststoff/Metall/Holz/Glas/Keramik-Verarbeitung
17530,Kunststoff/Metall/Holz/Glas/Keramik-Verarbeitung
16553,Kunststoff/Metall/Holz/Glas/Keramik-Verarbeitung
94684,Automotive & Zulieferer
26102,Maschinen- & Anlagenbau
28053,Medical
22759,Kunststoff/Metall/Holz/Glas/Keramik-Verarbeitung
40215,Kunststoff/Metall/Holz/Glas/Keramik-Verarbeitung
28624,Automotive & Zulieferer
25567,Sonstiges
14262,Kunststoff/Metall/Holz/Glas/Keramik-Verarbeitung
47467,Sonstiges
19288,Automotive & Zulieferer
60296,Maschinen- & Anlagenbau
58836,Sonstiges
10735,Maschinen- & Anlagenbau
16372,Sonstiges
107229,Sonstiges
126715,Sonstiges
58035,Maschinen- & Anlagenbau
75756,Energie
12664,Chemie & Raffinerie
14560,Medical
17774,Maschinen- & Anlagenbau
97160,Maschinen- & Anlagenbau
86253,Kunststoff/Metall/Holz/Glas/Keramik-Verarbeitung
71832,Automotive & Zulieferer
34874,Kunststoff/Metall/Holz/Glas/Keramik-Verarbeitung
34679,Kunststoff/Metall/Holz/Glas/Keramik-Verarbeitung
27860,Maschinen- & Anlagenbau
584,Kunststoff/Metall/Holz/Glas/Keramik-Verarbeitung
22554,Chemie & Raffinerie
25937,Handel
113614,Maschinen- & Anlagenbau
1019461,Maschinen- & Anlagenbau
79240,Elektro & Mess-Regeltechnik
20328,Maschinen- & Anlagenbau
38079,Automotive & Zulieferer
126256,Kunststoff/Metall/Holz/Glas/Keramik-Verarbeitung
57322,Medical
56587,Maschinen- & Anlagenbau
79364,Kunststoff/Metall/Holz/Glas/Keramik-Verarbeitung
94384,Elektro & Mess-Regeltechnik
108107,Sonstiges
84920,Kunststoff/Metall/Holz/Glas/Keramik-Verarbeitung
39247,Maschinen- & Anlagenbau
15603,Kunststoff/Metall/Holz/Glas/Keramik-Verarbeitung
112002,Automotive & Zulieferer
28718,Chemie & Raffinerie
13244,Kunststoff/Metall/Holz/Glas/Keramik-Verarbeitung
26543,Medical
13633,Kunststoff/Metall/Holz/Glas/Keramik-Verarbeitung
67282,Maschinen- & Anlagenbau
59216,Luft- & Raumfahrt & Zulieferer
87653,Elektro & Mess-Regeltechnik
111944,Chemie & Raffinerie
86717,Sonstiges
83265,Maschinen- & Anlagenbau
33184,Automotive & Zulieferer
12298,Maschinen- & Anlagenbau
86497,Sonstiges
163,Kunststoff/Metall/Holz/Glas/Keramik-Verarbeitung
38357,Energie
113655,Elektro & Mess-Regeltechnik
14672,Maschinen- & Anlagenbau
70300,Chemie & Raffinerie
52913,Maschinen- & Anlagenbau
37503,Elektro & Mess-Regeltechnik
10097,Kunststoff/Metall/Holz/Glas/Keramik-Verarbeitung
42248,Kunststoff/Metall/Holz/Glas/Keramik-Verarbeitung
12275,Maschinen- & Anlagenbau
43789,Sonstiges
119589,Handel
18797,Kunststoff/Metall/Holz/Glas/Keramik-Verarbeitung
32794,Medical
45146,Maschinen- & Anlagenbau
100404,Maschinen- & Anlagenbau
114776,Automotive & Zulieferer
27930,Sonstiges
33940,Sonstiges
94964,Medical
83551,Chemie & Raffinerie
31160,Kunststoff/Metall/Holz/Glas/Keramik-Verarbeitung
45886,Automotive & Zulieferer
91803,Chemie & Raffinerie
49854,Sonstiges
82620,Kunststoff/Metall/Holz/Glas/Keramik-Verarbeitung
34866,Sonstiges
67286,Handel
39594,Elektro & Mess-Regeltechnik
58256,Sonstiges
23585,Maschinen- & Anlagenbau
99313,Maschinen- & Anlagenbau
33333,Maschinen- & Anlagenbau
122106,Maschinen- & Anlagenbau
22141,Kunststoff/Metall/Holz/Glas/Keramik-Verarbeitung
32733,Sonstiges
3302,Handel
64324,Defence
24598,Kunststoff/Metall/Holz/Glas/Keramik-Verarbeitung
23437,Maschinen- & Anlagenbau
50953,Maschinen- & Anlagenbau
97786,Sonstiges
59205,Kunststoff/Metall/Holz/Glas/Keramik-Verarbeitung
27558,Kunststoff/Metall/Holz/Glas/Keramik-Verarbeitung
20996,Sonstiges
30986,Kunststoff/Metall/Holz/Glas/Keramik-Verarbeitung
40350,Kunststoff/Metall/Holz/Glas/Keramik-Verarbeitung
81155,Klima & Heizung (Facility)
76767,Maschinen- & Anlagenbau
18668,Kunststoff/Metall/Holz/Glas/Keramik-Verarbeitung
20952,Maschinen- & Anlagenbau
35133,Kunststoff/Metall/Holz/Glas/Keramik-Verarbeitung
50260,Sonstiges
29619,Chemie & Raffinerie
86113,Sonstiges
103360,Automotive & Zulieferer
1001065,Elektro & Mess-Regeltechnik
40683,Automotive & Zulieferer
34173,Maschinen- & Anlagenbau
10086,Handel
82638,Automotive & Zulieferer
84389,Kunststoff/Metall/Holz/Glas/Keramik-Verarbeitung
41364,Kunststoff/Metall/Holz/Glas/Keramik-Verarbeitung
17295,Medical
127662,Elektro & Mess-Regeltechnik
13016,Handel
27971,Sonstiges
14673,Automotive & Zulieferer
1000640,Maschinen- & Anlagenbau
99730,Kunststoff/Metall/Holz/Glas/Keramik-Verarbeitung
106545,Maschinen- & Anlagenbau
45134,Luft- & Raumfahrt & Zulieferer
23835,Kunststoff/Metall/Holz/Glas/Keramik-Verarbeitung
37343,Elektro & Mess-Regeltechnik
38780,Kunststoff/Metall/Holz/Glas/Keramik-Verarbeitung
86923,Automotive & Zulieferer
110453,Automotive & Zulieferer
11539,Medical
1002038,Automotive & Zulieferer
20341,Maschinen- & Anlagenbau
45083,Maschinen- & Anlagenbau
1000765,Maschinen- & Anlagenbau
83428,Automotive & Zulieferer
42716,Kalibrierlabore & Zertifizierungsstellen
79223,Handel
101772,Sonstiges
21275,Sonstiges
85444,Kunststoff/Metall/Holz/Glas/Keramik-Verarbeitung
66221,Maschinen- & Anlagenbau
109556,Kunststoff/Metall/Holz/Glas/Keramik-Verarbeitung
97464,Kunststoff/Metall/Holz/Glas/Keramik-Verarbeitung
1003866,Kunststoff/Metall/Holz/Glas/Keramik-Verarbeitung
102784,Sonstiges
107753,Automotive & Zulieferer
98254,Pharma
20746,Kunststoff/Metall/Holz/Glas/Keramik-Verarbeitung
24864,Luft- & Raumfahrt & Zulieferer
41905,Halbleiter & Mikroelektronik
35554,Maschinen- & Anlagenbau
28900,Kunststoff/Metall/Holz/Glas/Keramik-Verarbeitung
90340,Elektro & Mess-Regeltechnik
32329,Luft- & Raumfahrt & Zulieferer
23872,Kunststoff/Metall/Holz/Glas/Keramik-Verarbeitung
46834,Maschinen- & Anlagenbau
22941,Elektro & Mess-Regeltechnik
27444,Automotive & Zulieferer
15669,Maschinen- & Anlagenbau
19787,Kunststoff/Metall/Holz/Glas/Keramik-Verarbeitung
23556,Elektro & Mess-Regeltechnik
14013,Chemie & Raffinerie
58227,Kunststoff/Metall/Holz/Glas/Keramik-Verarbeitung
120536,Maschinen- & Anlagenbau
124669,Kunststoff/Metall/Holz/Glas/Keramik-Verarbeitung
116705,Sonstiges
20087,Elektro & Mess-Regeltechnik
56892,Sonstiges
53618,Kunststoff/Metall/Holz/Glas/Keramik-Verarbeitung
83653,Automotive & Zulieferer
31349,Maschinen- & Anlagenbau
25831,Sonstiges
3436,Kunststoff/Metall/Holz/Glas/Keramik-Verarbeitung
15396,Kunststoff/Metall/Holz/Glas/Keramik-Verarbeitung
58789,Kunststoff/Metall/Holz/Glas/Keramik-Verarbeitung
41618,Kunststoff/Metall/Holz/Glas/Keramik-Verarbeitung
63242,Elektro & Mess-Regeltechnik
28136,Automotive & Zulieferer
23670,Energie
1002821,Kunststoff/Metall/Holz/Glas/Keramik-Verarbeitung
26985,Maschinen- & Anlagenbau
42253,Kunststoff/Metall/Holz/Glas/Keramik-Verarbeitung
20939,Pharma
33996,Kunststoff/Metall/Holz/Glas/Keramik-Verarbeitung
101243,Halbleiter & Mikroelektronik
128094,Maschinen- & Anlagenbau
26918,Halbleiter & Mikroelektronik
19690,Kunststoff/Metall/Holz/Glas/Keramik-Verarbeitung
20092,Maschinen- & Anlagenbau
86197,Kunststoff/Metall/Holz/Glas/Keramik-Verarbeitung
28164,Medical
1002147,Kunststoff/Metall/Holz/Glas/Keramik-Verarbeitung
41686,Kunststoff/Metall/Holz/Glas/Keramik-Verarbeitung
42956,Medical
1017342,Kunststoff/Metall/Holz/Glas/Keramik-Verarbeitung
19384,Elektro & Mess-Regeltechnik
1014309,Maschinen- & Anlagenbau
66388,Maschinen- & Anlagenbau
95468,Automotive & Zulieferer
83175,Maschinen- & Anlagenbau
17678,Kunststoff/Metall/Holz/Glas/Keramik-Verarbeitung
51592,Pharma
11978,Maschinen- & Anlagenbau
11212,Elektro & Mess-Regeltechnik
41103,Maschinen- & Anlagenbau
85379,Maschinen- & Anlagenbau
55940,Chemie & Raffinerie
21867,Chemie & Raffinerie
124940,Sonstiges
21709,Elektro & Mess-Regeltechnik
86833,Medical
19513,Maschinen- & Anlagenbau
1133,Kunststoff/Metall/Holz/Glas/Keramik-Verarbeitung
56448,Sonstiges
35734,Elektro & Mess-Regeltechnik
49410,Sonstiges
17981,Kunststoff/Metall/Holz/Glas/Keramik-Verarbeitung
21474,Kunststoff/Metall/Holz/Glas/Keramik-Verarbeitung
21572,Kunststoff/Metall/Holz/Glas/Keramik-Verarbeitung
26673,Kunststoff/Metall/Holz/Glas/Keramik-Verarbeitung
79009,Energie
33272,Kunststoff/Metall/Holz/Glas/Keramik-Verarbeitung
1047834,Kunststoff/Metall/Holz/Glas/Keramik-Verarbeitung
56131,Maschinen- & Anlagenbau
54258,Maschinen- & Anlagenbau
25582,Handel
14130,Kunststoff/Metall/Holz/Glas/Keramik-Verarbeitung
83388,Sonstiges
81256,Medical
59510,Halbleiter & Mikroelektronik
118296,Maschinen- & Anlagenbau
2524,Kunststoff/Metall/Holz/Glas/Keramik-Verarbeitung
4921,Handel
1021900,Elektro & Mess-Regeltechnik
94008,Elektro & Mess-Regeltechnik
107273,Automotive & Zulieferer
66695,Kunststoff/Metall/Holz/Glas/Keramik-Verarbeitung
79539,Kunststoff/Metall/Holz/Glas/Keramik-Verarbeitung
98001,Kunststoff/Metall/Holz/Glas/Keramik-Verarbeitung
38631,Kunststoff/Metall/Holz/Glas/Keramik-Verarbeitung
101391,Energie
36277,Automotive & Zulieferer
52603,Kunststoff/Metall/Holz/Glas/Keramik-Verarbeitung
45623,Automotive & Zulieferer
1012296,Kunststoff/Metall/Holz/Glas/Keramik-Verarbeitung
92474,Maschinen- & Anlagenbau
86529,Sonstiges
47135,Maschinen- & Anlagenbau
2370,Elektro & Mess-Regeltechnik
100518,Sonstiges
1015516,Elektro & Mess-Regeltechnik
80819,Kunststoff/Metall/Holz/Glas/Keramik-Verarbeitung
35176,Chemie & Raffinerie
15552,Maschinen- & Anlagenbau
1010394,Maschinen- & Anlagenbau
1042360,Kunststoff/Metall/Holz/Glas/Keramik-Verarbeitung
70667,Handel
1053039,Kunststoff/Metall/Holz/Glas/Keramik-Verarbeitung
18068,Kunststoff/Metall/Holz/Glas/Keramik-Verarbeitung
16661,Kunststoff/Metall/Holz/Glas/Keramik-Verarbeitung
60714,Chemie & Raffinerie
27928,Elektro & Mess-Regeltechnik
46816,Maschinen- & Anlagenbau
55256,Sonstiges
31895,Elektro & Mess-Regeltechnik
20198,Kunststoff/Metall/Holz/Glas/Keramik-Verarbeitung
36758,Kunststoff/Metall/Holz/Glas/Keramik-Verarbeitung
62199,Halbleiter & Mikroelektronik
59427,Kunststoff/Metall/Holz/Glas/Keramik-Verarbeitung
47994,Maschinen- & Anlagenbau
50164,Maschinen- & Anlagenbau
115058,Kunststoff/Metall/Holz/Glas/Keramik-Verarbeitung
44832,Maschinen- & Anlagenbau
19159,Maschinen- & Anlagenbau
28538,Kunststoff/Metall/Holz/Glas/Keramik-Verarbeitung
80148,Maschinen- & Anlagenbau
124272,Maschinen- & Anlagenbau
18413,Maschinen- & Anlagenbau
118661,Handel
26637,Maschinen- & Anlagenbau
119254,Klima & Heizung (Facility)
11420,Maschinen- & Anlagenbau
71678,Kalibrierlabore & Zertifizierungsstellen
77327,Elektro & Mess-Regeltechnik
85981,Automotive & Zulieferer
19257,Maschinen- & Anlagenbau
99998,Automotive & Zulieferer
41462,Maschinen- & Anlagenbau
60224,Kunststoff/Metall/Holz/Glas/Keramik-Verarbeitung
19549,Kunststoff/Metall/Holz/Glas/Keramik-Verarbeitung
25029,Maschinen- & Anlagenbau
97027,Klima & Heizung (Facility)
47351,Maschinen- & Anlagenbau
3254,Sonstiges
13359,Kunststoff/Metall/Holz/Glas/Keramik-Verarbeitung
52656,Kunststoff/Metall/Holz/Glas/Keramik-Verarbeitung
43787,Maschinen- & Anlagenbau
37469,Handel
98495,Automotive & Zulieferer
54506,Kunststoff/Metall/Holz/Glas/Keramik-Verarbeitung
20061,Maschinen- & Anlagenbau
37602,Maschinen- & Anlagenbau
70484,Kunststoff/Metall/Holz/Glas/Keramik-Verarbeitung
50040,Sonstiges
21178,Kunststoff/Metall/Holz/Glas/Keramik-Verarbeitung
16971,Automotive & Zulieferer
34313,Elektro & Mess-Regeltechnik
13867,Kunststoff/Metall/Holz/Glas/Keramik-Verarbeitung
86099,Kalibrierlabore & Zertifizierungsstellen
83276,Kunststoff/Metall/Holz/Glas/Keramik-Verarbeitung
57738,Kunststoff/Metall/Holz/Glas/Keramik-Verarbeitung
61544,Handel
30826,Kunststoff/Metall/Holz/Glas/Keramik-Verarbeitung
100948,Maschinen- & Anlagenbau
105067,Defence
36340,Maschinen- & Anlagenbau
17287,Kunststoff/Metall/Holz/Glas/Keramik-Verarbeitung
55724,Maschinen- & Anlagenbau
59366,Kunststoff/Metall/Holz/Glas/Keramik-Verarbeitung
88423,Kunststoff/Metall/Holz/Glas/Keramik-Verarbeitung
76210,Automotive & Zulieferer
10803,Automotive & Zulieferer
81440,Maschinen- & Anlagenbau
125988,Sonstiges
50770,Automotive & Zulieferer
52718,Automotive & Zulieferer
1079,Medical
59832,Automotive & Zulieferer
51309,Sonstiges
11457,Maschinen- & Anlagenbau
16063,Kunststoff/Metall/Holz/Glas/Keramik-Verarbeitung
3411,Maschinen- & Anlagenbau
51278,Kunststoff/Metall/Holz/Glas/Keramik-Verarbeitung
79177,Elektro & Mess-Regeltechnik
28804,Elektro & Mess-Regeltechnik
27125,Maschinen- & Anlagenbau
68236,Kunststoff/Metall/Holz/Glas/Keramik-Verarbeitung
33402,Kunststoff/Metall/Holz/Glas/Keramik-Verarbeitung
67449,Sonstiges
25133,Maschinen- & Anlagenbau
13238,Sonstiges
42823,Maschinen- & Anlagenbau
42659,Chemie & Raffinerie
80772,Automotive & Zulieferer
26622,Maschinen- & Anlagenbau
30315,Elektro & Mess-Regeltechnik
81461,Maschinen- & Anlagenbau
83809,Automotive & Zulieferer
71899,Sonstiges
87107,Pharma
18997,Maschinen- & Anlagenbau
3463,Kunststoff/Metall/Holz/Glas/Keramik-Verarbeitung
58578,Handel
25289,Sonstiges
1021494,Maschinen- & Anlagenbau
43733,Kunststoff/Metall/Holz/Glas/Keramik-Verarbeitung
59882,Medical
38563,Maschinen- & Anlagenbau
43289,Maschinen- & Anlagenbau
81573,Kunststoff/Metall/Holz/Glas/Keramik-Verarbeitung
59946,Maschinen- & Anlagenbau
17443,Sonstiges
58692,Defence
1019319,Kunststoff/Metall/Holz/Glas/Keramik-Verarbeitung
66129,Maschinen- & Anlagenbau
105579,Kalibrierlabore & Zertifizierungsstellen
12997,Medical
57094,Sonstiges
30742,Kunststoff/Metall/Holz/Glas/Keramik-Verarbeitung
61336,Chemie & Raffinerie
88788,Kunststoff/Metall/Holz/Glas/Keramik-Verarbeitung
12165,Chemie & Raffinerie
36762,Elektro & Mess-Regeltechnik
1002994,Sonstiges
26140,Kunststoff/Metall/Holz/Glas/Keramik-Verarbeitung
32350,Elektro & Mess-Regeltechnik
64820,Elektro & Mess-Regeltechnik
121816,Handel
25380,Sonstiges
37079,Sonstiges
37059,Elektro & Mess-Regeltechnik
88785,Kunststoff/Metall/Holz/Glas/Keramik-Verarbeitung
100272,Maschinen- & Anlagenbau
46115,Luft- & Raumfahrt & Zulieferer
33356,Maschinen- & Anlagenbau
86035,Kalibrierlabore & Zertifizierungsstellen
67260,Sonstiges
10048,Kunststoff/Metall/Holz/Glas/Keramik-Verarbeitung
34981,Elektro & Mess-Regeltechnik
96746,Chemie & Raffinerie
33692,Kunststoff/Metall/Holz/Glas/Keramik-Verarbeitung
21789,Chemie & Raffinerie
27722,Elektro & Mess-Regeltechnik
46080,Elektro & Mess-Regeltechnik
12532,Maschinen- & Anlagenbau
87573,Handel
105451,Elektro & Mess-Regeltechnik
56907,Automotive & Zulieferer
33445,Kunststoff/Metall/Holz/Glas/Keramik-Verarbeitung
83896,Sonstiges
120941,Automotive & Zulieferer
42133,Maschinen- & Anlagenbau
31747,Elektro & Mess-Regeltechnik
23106,Kunststoff/Metall/Holz/Glas/Keramik-Verarbeitung
12063,Kunststoff/Metall/Holz/Glas/Keramik-Verarbeitung
11406,Kunststoff/Metall/Holz/Glas/Keramik-Verarbeitung
87802,Defence
91132,Maschinen- & Anlagenbau
1564503,Kunststoff/Metall/Holz/Glas/Keramik-Verarbeitung
27398,Maschinen- & Anlagenbau
83995,Automotive & Zulieferer
71135,Sonstiges
71117,Maschinen- & Anlagenbau
15755,Kunststoff/Metall/Holz/Glas/Keramik-Verarbeitung
77848,Sonstiges
41949,Maschinen- & Anlagenbau
67951,Automotive & Zulieferer
1564724,Elektro & Mess-Regeltechnik
94155,Maschinen- & Anlagenbau
39443,Pharma
19785,Kunststoff/Metall/Holz/Glas/Keramik-Verarbeitung
1046265,Maschinen- & Anlagenbau
80855,Kunststoff/Metall/Holz/Glas/Keramik-Verarbeitung
45580,Automotive & Zulieferer
21376,Maschinen- & Anlagenbau
63316,Sonstiges
71136,Maschinen- & Anlagenbau
33001,Kunststoff/Metall/Holz/Glas/Keramik-Verarbeitung
64015,Maschinen- & Anlagenbau
101231,Handel
125989,Defence
13388,Kunststoff/Metall/Holz/Glas/Keramik-Verarbeitung
77824,Elektro & Mess-Regeltechnik
30494,Automotive & Zulieferer
79797,Kunststoff/Metall/Holz/Glas/Keramik-Verarbeitung
44576,Automotive & Zulieferer
124357,Kunststoff/Metall/Holz/Glas/Keramik-Verarbeitung
38656,Maschinen- & Anlagenbau
52053,Kunststoff/Metall/Holz/Glas/Keramik-Verarbeitung
1001270,Kunststoff/Metall/Holz/Glas/Keramik-Verarbeitung
63175,Maschinen- & Anlagenbau
81874,Sonstiges
109200,Maschinen- & Anlagenbau
50053,Maschinen- & Anlagenbau
83039,Maschinen- & Anlagenbau
65887,Luft- & Raumfahrt & Zulieferer
123104,Automotive & Zulieferer
52604,Chemie & Raffinerie
51928,Elektro & Mess-Regeltechnik
77249,Medical
15362,Maschinen- & Anlagenbau
37234,Kunststoff/Metall/Holz/Glas/Keramik-Verarbeitung
16019,Automotive & Zulieferer
15296,Handel
23839,Sonstiges
107844,Elektro & Mess-Regeltechnik
12596,Automotive & Zulieferer
34007,Sonstiges
32870,Sonstiges
1053885,Kunststoff/Metall/Holz/Glas/Keramik-Verarbeitung
66789,Maschinen- & Anlagenbau
76388,Sonstiges
10119,Maschinen- & Anlagenbau
19045,Maschinen- & Anlagenbau
56896,Sonstiges
4539,Sonstiges
119180,Medical
80487,Kunststoff/Metall/Holz/Glas/Keramik-Verarbeitung
47595,Maschinen- & Anlagenbau
66593,Maschinen- & Anlagenbau
25697,Sonstiges
101534,Kunststoff/Metall/Holz/Glas/Keramik-Verarbeitung
15064,Sonstiges
20744,Kunststoff/Metall/Holz/Glas/Keramik-Verarbeitung
35522,Automotive & Zulieferer
115383,Sonstiges
70671,Medical
89636,Automotive & Zulieferer
17715,Maschinen- & Anlagenbau
115908,Automotive & Zulieferer
85047,Handel
20080,Kunststoff/Metall/Holz/Glas/Keramik-Verarbeitung
46488,Medical
60652,Kunststoff/Metall/Holz/Glas/Keramik-Verarbeitung
44839,Maschinen- & Anlagenbau
96805,Sonstiges
16345,Elektro & Mess-Regeltechnik
13836,Elektro & Mess-Regeltechnik
103344,Sonstiges
1051258,Kunststoff/Metall/Holz/Glas/Keramik-Verarbeitung
14794,Automotive & Zulieferer
10571,Kunststoff/Metall/Holz/Glas/Keramik-Verarbeitung
93395,Chemie & Raffinerie
90145,Maschinen- & Anlagenbau
66523,Maschinen- & Anlagenbau
63377,Kunststoff/Metall/Holz/Glas/Keramik-Verarbeitung
92227,Maschinen- & Anlagenbau
66760,Kunststoff/Metall/Holz/Glas/Keramik-Verarbeitung
111605,Elektro & Mess-Regeltechnik
86808,Elektro & Mess-Regeltechnik
22865,Automotive & Zulieferer
102017,Medical
19477,Kunststoff/Metall/Holz/Glas/Keramik-Verarbeitung
14552,Kunststoff/Metall/Holz/Glas/Keramik-Verarbeitung
29812,Kunststoff/Metall/Holz/Glas/Keramik-Verarbeitung
60361,Chemie & Raffinerie
51218,Sonstiges
89564,Kunststoff/Metall/Holz/Glas/Keramik-Verarbeitung
37925,Halbleiter & Mikroelektronik
1011153,Kunststoff/Metall/Holz/Glas/Keramik-Verarbeitung
93465,Chemie & Raffinerie
91717,Maschinen- & Anlagenbau
23913,Elektro & Mess-Regeltechnik
39271,Klima & Heizung (Facility)
12918,Kunststoff/Metall/Holz/Glas/Keramik-Verarbeitung
16646,Kunststoff/Metall/Holz/Glas/Keramik-Verarbeitung
12053,Maschinen- & Anlagenbau
87707,Kunststoff/Metall/Holz/Glas/Keramik-Verarbeitung
54404,Sonstiges
41329,Automotive & Zulieferer
84595,Elektro & Mess-Regeltechnik
125737,Maschinen- & Anlagenbau
81136,Maschinen- & Anlagenbau
117906,Maschinen- & Anlagenbau
114061,Automotive & Zulieferer
15519,Maschinen- & Anlagenbau
22124,Sonstiges
38422,Kunststoff/Metall/Holz/Glas/Keramik-Verarbeitung
89765,Handel
120631,Sonstiges
52357,Elektro & Mess-Regeltechnik
94004,Maschinen- & Anlagenbau
79151,Automotive & Zulieferer
76791,Elektro & Mess-Regeltechnik
38881,Maschinen- & Anlagenbau
17800,Elektro & Mess-Regeltechnik
31002,Kunststoff/Metall/Holz/Glas/Keramik-Verarbeitung
1500195,Automotive & Zulieferer
125311,Klima & Heizung (Facility)
120457,Kunststoff/Metall/Holz/Glas/Keramik-Verarbeitung
94538,Kunststoff/Metall/Holz/Glas/Keramik-Verarbeitung
29366,Maschinen- & Anlagenbau
58512,Maschinen- & Anlagenbau
48187,Elektro & Mess-Regeltechnik
14556,Maschinen- & Anlagenbau
101256,Maschinen- & Anlagenbau
112980,Kunststoff/Metall/Holz/Glas/Keramik-Verarbeitung
55683,Sonstiges
85492,Sonstiges
56794,Sonstiges
85487,Maschinen- & Anlagenbau
57169,Automotive & Zulieferer
46118,Maschinen- & Anlagenbau
81435,Sonstiges
15862,Handel
38862,Maschinen- & Anlagenbau
59941,Automotive & Zulieferer
86427,Automotive & Zulieferer
1003970,Maschinen- & Anlagenbau
47286,Elektro & Mess-Regeltechnik
1042585,Elektro & Mess-Regeltechnik
46991,Sonstiges
36606,Maschinen- & Anlagenbau
1012827,Defence
15665,Elektro & Mess-Regeltechnik
43859,Luft- & Raumfahrt & Zulieferer
21305,Sonstiges
47714,Kunststoff/Metall/Holz/Glas/Keramik-Verarbeitung
71211,Maschinen- & Anlagenbau
41087,Automotive & Zulieferer
134,Elektro & Mess-Regeltechnik
28546,Automotive & Zulieferer
68803,Maschinen- & Anlagenbau
84272,Kunststoff/Metall/Holz/Glas/Keramik-Verarbeitung
47472,Chemie & Raffinerie
89306,Sonstiges
58475,Sonstiges
63098,Sonstiges
43499,Medical
76162,Medical
1012510,Elektro & Mess-Regeltechnik
95163,Handel
36817,Kunststoff/Metall/Holz/Glas/Keramik-Verarbeitung
79438,Automotive & Zulieferer
112256,Automotive & Zulieferer
39021,Maschinen- & Anlagenbau
29657,Automotive & Zulieferer
50418,Kunststoff/Metall/Holz/Glas/Keramik-Verarbeitung
13407,Maschinen- & Anlagenbau
25579,Handel
28116,Kunststoff/Metall/Holz/Glas/Keramik-Verarbeitung
1050993,Maschinen- & Anlagenbau
10198,Sonstiges
27816,Automotive & Zulieferer
110091,Automotive & Zulieferer
40283,Kunststoff/Metall/Holz/Glas/Keramik-Verarbeitung
1014438,Maschinen- & Anlagenbau
10777,Kunststoff/Metall/Holz/Glas/Keramik-Verarbeitung
45796,Automotive & Zulieferer
1002710,Halbleiter & Mikroelektronik
16296,Maschinen- & Anlagenbau
87529,Automotive & Zulieferer
57881,Elektro & Mess-Regeltechnik
94048,Maschinen- & Anlagenbau
18377,Medical
20907,Kunststoff/Metall/Holz/Glas/Keramik-Verarbeitung
19187,Kunststoff/Metall/Holz/Glas/Keramik-Verarbeitung
57772,Automotive & Zulieferer
122175,Kunststoff/Metall/Holz/Glas/Keramik-Verarbeitung
29781,Maschinen- & Anlagenbau
46362,Kunststoff/Metall/Holz/Glas/Keramik-Verarbeitung
27836,Automotive & Zulieferer
85323,Kunststoff/Metall/Holz/Glas/Keramik-Verarbeitung
17274,Automotive & Zulieferer
68199,Automotive & Zulieferer
24202,Sonstiges
118973,Kunststoff/Metall/Holz/Glas/Keramik-Verarbeitung
127546,Handel
14400,Maschinen- & Anlagenbau
29424,Luft- & Raumfahrt & Zulieferer
86227,Medical
71158,Medical
47374,Maschinen- & Anlagenbau
87551,Automotive & Zulieferer
17893,Energie
47563,Sonstiges
88755,Chemie & Raffinerie
19674,Sonstiges
78905,Sonstiges
69161,Maschinen- & Anlagenbau
88767,Maschinen- & Anlagenbau
24008,Sonstiges
27230,Maschinen- & Anlagenbau
41841,Maschinen- & Anlagenbau
64397,Energie
105436,Chemie & Raffinerie
55732,Sonstiges
122840,Elektro & Mess-Regeltechnik
100174,Sonstiges
68341,Chemie & Raffinerie
98051,Sonstiges
87927,Maschinen- & Anlagenbau
56182,Sonstiges
31352,Sonstiges
40821,Sonstiges
80535,Sonstiges
57981,Kunststoff/Metall/Holz/Glas/Keramik-Verarbeitung
57252,Sonstiges
58040,Sonstiges
1023025,Kunststoff/Metall/Holz/Glas/Keramik-Verarbeitung
41316,Chemie & Raffinerie
94671,Medical
32429,Sonstiges
106858,Chemie & Raffinerie
39076,Maschinen- & Anlagenbau
78368,Handel
17737,Sonstiges
38648,Sonstiges
19138,Maschinen- & Anlagenbau
82588,Maschinen- & Anlagenbau
20324,Kunststoff/Metall/Holz/Glas/Keramik-Verarbeitung
59232,Kunststoff/Metall/Holz/Glas/Keramik-Verarbeitung
49813,Maschinen- & Anlagenbau
49466,Sonstiges
57663,Maschinen- & Anlagenbau
11218,Maschinen- & Anlagenbau
38810,Elektro & Mess-Regeltechnik
57114,Maschinen- & Anlagenbau
59704,Maschinen- & Anlagenbau
26454,Maschinen- & Anlagenbau
45026,Elektro & Mess-Regeltechnik
31136,Automotive & Zulieferer
18294,Kunststoff/Metall/Holz/Glas/Keramik-Verarbeitung
38570,Defence
89046,Maschinen- & Anlagenbau
59074,Kunststoff/Metall/Holz/Glas/Keramik-Verarbeitung
11246,Elektro & Mess-Regeltechnik
1011750,Maschinen- & Anlagenbau
84969,Sonstiges
36019,Sonstiges
11411,Maschinen- & Anlagenbau
40430,Maschinen- & Anlagenbau
31353,Kunststoff/Metall/Holz/Glas/Keramik-Verarbeitung
78360,Handel
45220,Sonstiges
81309,Maschinen- & Anlagenbau
31713,Maschinen- & Anlagenbau
53918,Kunststoff/Metall/Holz/Glas/Keramik-Verarbeitung
15562,Maschinen- & Anlagenbau
31213,Maschinen- & Anlagenbau
77051,Sonstiges
41124,Sonstiges
126809,Sonstiges
20125,Maschinen- & Anlagenbau
37511,Sonstiges
77194,Elektro & Mess-Regeltechnik
18920,Elektro & Mess-Regeltechnik
19928,Sonstiges
1041605,Automotive & Zulieferer
22620,Elektro & Mess-Regeltechnik
24171,Sonstiges
77190,Sonstiges
93898,Automotive & Zulieferer
81780,Maschinen- & Anlagenbau
1018325,Kunststoff/Metall/Holz/Glas/Keramik-Verarbeitung
36173,Sonstiges
36356,Kunststoff/Metall/Holz/Glas/Keramik-Verarbeitung
28327,Automotive & Zulieferer
59458,Elektro & Mess-Regeltechnik
28268,Sonstiges
31179,Kunststoff/Metall/Holz/Glas/Keramik-Verarbeitung
46328,Automotive & Zulieferer
101093,Automotive & Zulieferer
58859,Automotive & Zulieferer
28790,Kunststoff/Metall/Holz/Glas/Keramik-Verarbeitung
46222,Sonstiges
83736,Elektro & Mess-Regeltechnik
67582,Sonstiges
10509,Maschinen- & Anlagenbau
83854,Sonstiges
36318,Kunststoff/Metall/Holz/Glas/Keramik-Verarbeitung
119423,Kunststoff/Metall/Holz/Glas/Keramik-Verarbeitung
33517,Kunststoff/Metall/Holz/Glas/Keramik-Verarbeitung
116171,Maschinen- & Anlagenbau
68840,Maschinen- & Anlagenbau
41817,Sonstiges
60565,Handel
29868,Maschinen- & Anlagenbau
1113298,Maschinen- & Anlagenbau
1215574,Maschinen- & Anlagenbau
87712,Sonstiges
107885,Elektro & Mess-Regeltechnik
39729,Sonstiges
63478,Luft- & Raumfahrt & Zulieferer
57403,Sonstiges
1840,Elektro & Mess-Regeltechnik
63065,Chemie & Raffinerie
114465,Kunststoff/Metall/Holz/Glas/Keramik-Verarbeitung
116377,Elektro & Mess-Regeltechnik
96823,Maschinen- & Anlagenbau
29769,Maschinen- & Anlagenbau
82773,Sonstiges
22507,Elektro & Mess-Regeltechnik
98296,Kunststoff/Metall/Holz/Glas/Keramik-Verarbeitung
28387,Sonstiges
15952,Maschinen- & Anlagenbau
19457,Automotive & Zulieferer
70523,Kunststoff/Metall/Holz/Glas/Keramik-Verarbeitung
120594,Maschinen- & Anlagenbau
57658,Kunststoff/Metall/Holz/Glas/Keramik-Verarbeitung
61169,Chemie & Raffinerie
28619,Automotive & Zulieferer
31256,Kunststoff/Metall/Holz/Glas/Keramik-Verarbeitung
98286,Medical
21733,Sonstiges
43878,Chemie & Raffinerie
18645,Automotive & Zulieferer
46404,Kunststoff/Metall/Holz/Glas/Keramik-Verarbeitung
44448,Sonstiges
1300195,Kunststoff/Metall/Holz/Glas/Keramik-Verarbeitung
49926,Sonstiges
36512,Kunststoff/Metall/Holz/Glas/Keramik-Verarbeitung
36224,Sonstiges
23600,Kunststoff/Metall/Holz/Glas/Keramik-Verarbeitung
53403,Maschinen- & Anlagenbau
57332,Elektro & Mess-Regeltechnik
15682,Automotive & Zulieferer
14864,Maschinen- & Anlagenbau
24722,Maschinen- & Anlagenbau
102015,Maschinen- & Anlagenbau
94295,Sonstiges
1003535,Elektro & Mess-Regeltechnik
52259,Automotive & Zulieferer
56161,Maschinen- & Anlagenbau
17104,Handel
48543,Maschinen- & Anlagenbau
126226,Handel
19154,Automotive & Zulieferer
67114,Maschinen- & Anlagenbau
56177,Luft- & Raumfahrt & Zulieferer
23887,Elektro & Mess-Regeltechnik
114301,Sonstiges
11402,Kunststoff/Metall/Holz/Glas/Keramik-Verarbeitung
97578,Sonstiges
90218,Sonstiges
21533,Maschinen- & Anlagenbau
2067,Sonstiges
79567,Handel
44364,Sonstiges
77328,Sonstiges
95549,Luft- & Raumfahrt & Zulieferer
112311,Sonstiges
52178,Elektro & Mess-Regeltechnik
42482,Maschinen- & Anlagenbau
117934,Handel
26580,Maschinen- & Anlagenbau
17034,Maschinen- & Anlagenbau
26408,Elektro & Mess-Regeltechnik
21636,Kunststoff/Metall/Holz/Glas/Keramik-Verarbeitung
40450,Medical
121031,Handel
94486,Maschinen- & Anlagenbau
27024,Kunststoff/Metall/Holz/Glas/Keramik-Verarbeitung
59308,Maschinen- & Anlagenbau
93982,Sonstiges
1200249,Elektro & Mess-Regeltechnik
118718,Sonstiges
56500,Defence
1012990,Handel
112023,Sonstiges
1048901,Maschinen- & Anlagenbau
12218,Automotive & Zulieferer
57739,Sonstiges
3564,Maschinen- & Anlagenbau
98839,Maschinen- & Anlagenbau
18404,Kunststoff/Metall/Holz/Glas/Keramik-Verarbeitung
110536,Maschinen- & Anlagenbau
21325,Sonstiges
1043735,Elektro & Mess-Regeltechnik
95487,Sonstiges
101544,Sonstiges
40557,Maschinen- & Anlagenbau
22822,Kunststoff/Metall/Holz/Glas/Keramik-Verarbeitung
57600,Kunststoff/Metall/Holz/Glas/Keramik-Verarbeitung
80249,Kalibrierlabore & Zertifizierungsstellen
37542,Handel
40782,Kunststoff/Metall/Holz/Glas/Keramik-Verarbeitung
46905,Sonstiges
115439,Kunststoff/Metall/Holz/Glas/Keramik-Verarbeitung
83998,Elektro & Mess-Regeltechnik
117251,Maschinen- & Anlagenbau
15836,Maschinen- & Anlagenbau
14779,Automotive & Zulieferer
18916,Automotive & Zulieferer
91899,Sonstiges
98022,Sonstiges
1000272,Kunststoff/Metall/Holz/Glas/Keramik-Verarbeitung
45948,Luft- & Raumfahrt & Zulieferer
120042,Sonstiges
66545,Sonstiges
66245,Sonstiges
61391,Automotive & Zulieferer
83496,Maschinen- & Anlagenbau
16662,Sonstiges
35021,Sonstiges
115758,Automotive & Zulieferer
44890,Sonstiges
112756,Kunststoff/Metall/Holz/Glas/Keramik-Verarbeitung
55359,Automotive & Zulieferer
81158,Luft- & Raumfahrt & Zulieferer
59462,Kunststoff/Metall/Holz/Glas/Keramik-Verarbeitung
32244,Kunststoff/Metall/Holz/Glas/Keramik-Verarbeitung
4294,Sonstiges
50804,Sonstiges
52407,Sonstiges
40883,Kunststoff/Metall/Holz/Glas/Keramik-Verarbeitung
24130,Maschinen- & Anlagenbau
68047,Kunststoff/Metall/Holz/Glas/Keramik-Verarbeitung
16610,Maschinen- & Anlagenbau
34558,Elektro & Mess-Regeltechnik
35712,Sonstiges
26280,Elektro & Mess-Regeltechnik
12982,Maschinen- & Anlagenbau
12486,Maschinen- & Anlagenbau
67851,Sonstiges
30381,Sonstiges
26202,Sonstiges
101840,Sonstiges
95900,Automotive & Zulieferer
18276,Kunststoff/Metall/Holz/Glas/Keramik-Verarbeitung
111045,Sonstiges
43796,Pharma
52145,Sonstiges
15160,Maschinen- & Anlagenbau
22818,Kunststoff/Metall/Holz/Glas/Keramik-Verarbeitung
76226,Chemie & Raffinerie
66726,Maschinen- & Anlagenbau
65301,Sonstiges
86532,Elektro & Mess-Regeltechnik
46241,Sonstiges
103915,Kunststoff/Metall/Holz/Glas/Keramik-Verarbeitung
108069,Pharma
19501,Automotive & Zulieferer
116788,Maschinen- & Anlagenbau
94011,Sonstiges
1000592,Maschinen- & Anlagenbau
1041476,Kunststoff/Metall/Holz/Glas/Keramik-Verarbeitung
53725,Sonstiges
77326,Sonstiges
85190,Kunststoff/Metall/Holz/Glas/Keramik-Verarbeitung
1013266,Maschinen- & Anlagenbau
51391,Sonstiges
95086,Sonstiges
61874,Maschinen- & Anlagenbau
55751,Sonstiges
25606,Automotive & Zulieferer
31870,Handel
94959,Sonstiges
36321,Sonstiges
108417,Sonstiges
31454,Handel
85585,Maschinen- & Anlagenbau
98940,Sonstiges
12758,Sonstiges
71380,Maschinen- & Anlagenbau
37041,Maschinen- & Anlagenbau
100205,Sonstiges
81975,Chemie & Raffinerie
85172,Kunststoff/Metall/Holz/Glas/Keramik-Verarbeitung
1117643,Maschinen- & Anlagenbau
32218,Automotive & Zulieferer
114705,Maschinen- & Anlagenbau
81934,Kunststoff/Metall/Holz/Glas/Keramik-Verarbeitung
97404,Maschinen- & Anlagenbau
36078,Maschinen- & Anlagenbau
70002,Sonstiges
83745,Chemie & Raffinerie
36918,Maschinen- & Anlagenbau
83604,Sonstiges
16585,Kunststoff/Metall/Holz/Glas/Keramik-Verarbeitung
49414,Sonstiges
1042589,Kunststoff/Metall/Holz/Glas/Keramik-Verarbeitung
52261,Elektro & Mess-Regeltechnik
36308,Sonstiges
64449,Kunststoff/Metall/Holz/Glas/Keramik-Verarbeitung
96870,Luft- & Raumfahrt & Zulieferer
1307878,Kunststoff/Metall/Holz/Glas/Keramik-Verarbeitung
29201,Handel
121351,Kunststoff/Metall/Holz/Glas/Keramik-Verarbeitung
92919,Sonstiges
51668,Automotive & Zulieferer
60096,Chemie & Raffinerie
83403,Sonstiges
1001905,Elektro & Mess-Regeltechnik
30430,Kunststoff/Metall/Holz/Glas/Keramik-Verarbeitung
32383,Automotive & Zulieferer
106073,Handel
4631,Sonstiges
66273,Maschinen- & Anlagenbau
99072,Automotive & Zulieferer
20345,Kunststoff/Metall/Holz/Glas/Keramik-Verarbeitung
101423,Handel
25193,Maschinen- & Anlagenbau
44907,Sonstiges
43583,Kunststoff/Metall/Holz/Glas/Keramik-Verarbeitung
99108,Medical
95493,Kunststoff/Metall/Holz/Glas/Keramik-Verarbeitung
58932,Kunststoff/Metall/Holz/Glas/Keramik-Verarbeitung
58713,Sonstiges
51785,Maschinen- & Anlagenbau
39891,Sonstiges
96373,Kunststoff/Metall/Holz/Glas/Keramik-Verarbeitung
10207,Sonstiges
1001515,Kunststoff/Metall/Holz/Glas/Keramik-Verarbeitung
10831,Automotive & Zulieferer
23813,Kunststoff/Metall/Holz/Glas/Keramik-Verarbeitung
35274,Sonstiges
110475,Sonstiges
60158,Maschinen- & Anlagenbau
40369,Sonstiges
11109,Sonstiges
122917,Halbleiter & Mikroelektronik
54882,Sonstiges
61565,Automotive & Zulieferer
117548,Automotive & Zulieferer
101926,Handel
108825,Sonstiges
81470,Klima & Heizung (Facility)
1042374,Kunststoff/Metall/Holz/Glas/Keramik-Verarbeitung
100616,Sonstiges
34925,Maschinen- & Anlagenbau
61913,Kunststoff/Metall/Holz/Glas/Keramik-Verarbeitung
18939,Automotive & Zulieferer
19711,Kunststoff/Metall/Holz/Glas/Keramik-Verarbeitung
126691,Luft- & Raumfahrt & Zulieferer
97428,Maschinen- & Anlagenbau
32331,Defence
49170,Kunststoff/Metall/Holz/Glas/Keramik-Verarbeitung
773,Maschinen- & Anlagenbau
24980,Maschinen- & Anlagenbau
34963,Elektro & Mess-Regeltechnik
106655,Sonstiges
1563365,Kunststoff/Metall/Holz/Glas/Keramik-Verarbeitung
2220,Kunststoff/Metall/Holz/Glas/Keramik-Verarbeitung
23849,Sonstiges
14080,Maschinen- & Anlagenbau
40512,Kunststoff/Metall/Holz/Glas/Keramik-Verarbeitung
61571,Elektro & Mess-Regeltechnik
85048,Sonstiges
11104,Automotive & Zulieferer
112472,Maschinen- & Anlagenbau
33718,Sonstiges
54434,Sonstiges
80633,Sonstiges
1564842,Maschinen- & Anlagenbau
71734,Automotive & Zulieferer
25224,Sonstiges
10748,Energie
77146,Sonstiges
109480,Sonstiges
25359,Kunststoff/Metall/Holz/Glas/Keramik-Verarbeitung
50338,Sonstiges
1003249,Maschinen- & Anlagenbau
52157,Sonstiges
117306,Handel
33129,Kunststoff/Metall/Holz/Glas/Keramik-Verarbeitung
26075,Maschinen- & Anlagenbau
24533,Kunststoff/Metall/Holz/Glas/Keramik-Verarbeitung
84981,Sonstiges
22086,Sonstiges
92324,Kunststoff/Metall/Holz/Glas/Keramik-Verarbeitung
20442,Sonstiges
16892,Elektro & Mess-Regeltechnik
45758,Sonstiges
75599,Kalibrierlabore & Zertifizierungsstellen
1002430,Kunststoff/Metall/Holz/Glas/Keramik-Verarbeitung
36165,Kunststoff/Metall/Holz/Glas/Keramik-Verarbeitung
65855,Halbleiter & Mikroelektronik
29306,Chemie & Raffinerie
13414,Medical
36066,Medical
18901,Maschinen- & Anlagenbau
18225,Maschinen- & Anlagenbau
69701,Automotive & Zulieferer
124570,Sonstiges
16526,Elektro & Mess-Regeltechnik
75688,Kunststoff/Metall/Holz/Glas/Keramik-Verarbeitung
115004,Sonstiges
35671,Sonstiges
45699,Kunststoff/Metall/Holz/Glas/Keramik-Verarbeitung
472,Kunststoff/Metall/Holz/Glas/Keramik-Verarbeitung
76851,Sonstiges
120907,Luft- & Raumfahrt & Zulieferer
11381,Kunststoff/Metall/Holz/Glas/Keramik-Verarbeitung
85680,Kalibrierlabore & Zertifizierungsstellen
1011200,Maschinen- & Anlagenbau
57241,Sonstiges
51431,Sonstiges
33451,Automotive & Zulieferer
112399,Sonstiges
18520,Sonstiges
59283,Sonstiges
1102544,Kunststoff/Metall/Holz/Glas/Keramik-Verarbeitung
69692,Sonstiges
31737,Sonstiges
12889,Sonstiges
67483,Sonstiges
100294,Automotive & Zulieferer
12954,Maschinen- & Anlagenbau
56543,Sonstiges
16889,Maschinen- & Anlagenbau
1021,Maschinen- & Anlagenbau
1012996,Maschinen- & Anlagenbau
100516,Maschinen- & Anlagenbau
19876,Elektro & Mess-Regeltechnik
36185,Maschinen- & Anlagenbau
39474,Sonstiges
36672,Maschinen- & Anlagenbau
37537,Maschinen- & Anlagenbau
57250,Elektro & Mess-Regeltechnik
79829,Luft- & Raumfahrt & Zulieferer
51737,Kunststoff/Metall/Holz/Glas/Keramik-Verarbeitung
115929,Kunststoff/Metall/Holz/Glas/Keramik-Verarbeitung
15533,Sonstiges
58844,Maschinen- & Anlagenbau
109874,Sonstiges
15069,Handel
80915,Automotive & Zulieferer
52286,Kunststoff/Metall/Holz/Glas/Keramik-Verarbeitung
13999,Maschinen- & Anlagenbau
12791,Kunststoff/Metall/Holz/Glas/Keramik-Verarbeitung
10445,Maschinen- & Anlagenbau
OL1000,Handel
85278,Sonstiges
110737,Sonstiges
60523,Automotive & Zulieferer
1564355,Maschinen- & Anlagenbau
23658,Kunststoff/Metall/Holz/Glas/Keramik-Verarbeitung
28026,Kunststoff/Metall/Holz/Glas/Keramik-Verarbeitung
17226,Maschinen- & Anlagenbau
14732,Maschinen- & Anlagenbau
67829,Elektro & Mess-Regeltechnik
23779,Sonstiges
50098,Sonstiges
77973,Automotive & Zulieferer
42641,Luft- & Raumfahrt & Zulieferer
29391,Maschinen- & Anlagenbau
56581,Sonstiges
49535,Maschinen- & Anlagenbau
10021,Maschinen- & Anlagenbau
99289,Automotive & Zulieferer
92356,Sonstiges
115127,Energie
44363,Sonstiges
111855,Sonstiges
81173,Maschinen- & Anlagenbau
59813,Sonstiges
114929,Handel
13737,Sonstiges
29829,Maschinen- & Anlagenbau
19343,Maschinen- & Anlagenbau
68626,Maschinen- & Anlagenbau
99327,Luft- & Raumfahrt & Zulieferer
24973,Sonstiges
19063,Sonstiges
124764,Sonstiges
1007878,Maschinen- & Anlagenbau
21304,Automotive & Zulieferer
1914,Kunststoff/Metall/Holz/Glas/Keramik-Verarbeitung
126410,Sonstiges
49872,Sonstiges
68335,Kunststoff/Metall/Holz/Glas/Keramik-Verarbeitung
56245,Sonstiges
79613,Handel
1022534,Kunststoff/Metall/Holz/Glas/Keramik-Verarbeitung
57962,Energie
1108344,Maschinen- & Anlagenbau
54871,Sonstiges
57112,Maschinen- & Anlagenbau
26021,Maschinen- & Anlagenbau
1103535,Maschinen- & Anlagenbau
31072,Sonstiges
116417,Sonstiges
120579,Kunststoff/Metall/Holz/Glas/Keramik-Verarbeitung
38806,Sonstiges
105375,Sonstiges
99641,Elektro & Mess-Regeltechnik
45109,Sonstiges
77103,Sonstiges
70429,Kunststoff/Metall/Holz/Glas/Keramik-Verarbeitung
21753,Sonstiges
117986,Sonstiges
15621,Maschinen- & Anlagenbau
52478,Handel
21589,Elektro & Mess-Regeltechnik
64453,Luft- & Raumfahrt & Zulieferer
63187,Sonstiges
112168,Sonstiges
45450,Elektro & Mess-Regeltechnik
30969,Maschinen- & Anlagenbau
76230,Luft- & Raumfahrt & Zulieferer
12782,Kunststoff/Metall/Holz/Glas/Keramik-Verarbeitung
80794,Sonstiges
85078,Kunststoff/Metall/Holz/Glas/Keramik-Verarbeitung
67010,Maschinen- & Anlagenbau
1047566,Kunststoff/Metall/Holz/Glas/Keramik-Verarbeitung
15028,Maschinen- & Anlagenbau
37734,Maschinen- & Anlagenbau
120371,Kunststoff/Metall/Holz/Glas/Keramik-Verarbeitung
57718,Maschinen- & Anlagenbau
35088,Maschinen- & Anlagenbau
34900,Sonstiges
3539,Sonstiges
102594,Kunststoff/Metall/Holz/Glas/Keramik-Verarbeitung
35617,Kunststoff/Metall/Holz/Glas/Keramik-Verarbeitung
39371,Sonstiges
1046202,Automotive & Zulieferer
100777,Sonstiges
81277,Maschinen- & Anlagenbau
60014,Automotive & Zulieferer
68481,Sonstiges
14754,Maschinen- & Anlagenbau
1015746,Kunststoff/Metall/Holz/Glas/Keramik-Verarbeitung
89049,Maschinen- & Anlagenbau
88694,Maschinen- & Anlagenbau
43564,Sonstiges
38305,Sonstiges
37946,Automotive & Zulieferer
27335,Elektro & Mess-Regeltechnik
92072,Automotive & Zulieferer
70050,Kunststoff/Metall/Holz/Glas/Keramik-Verarbeitung
82245,Sonstiges
26171,Maschinen- & Anlagenbau
82958,Kunststoff/Metall/Holz/Glas/Keramik-Verarbeitung
22429,Kunststoff/Metall/Holz/Glas/Keramik-Verarbeitung
67505,Defence
30675,Automotive & Zulieferer
90636,Luft- & Raumfahrt & Zulieferer
37017,Kunststoff/Metall/Holz/Glas/Keramik-Verarbeitung
30339,Sonstiges
116251,Maschinen- & Anlagenbau
128139,Luft- & Raumfahrt & Zulieferer
63036,Chemie & Raffinerie
25009,Maschinen- & Anlagenbau
76738,Sonstiges
79234,Sonstiges
87445,Elektro & Mess-Regeltechnik
28652,Sonstiges
62742,Sonstiges
50571,Sonstiges
86447,Maschinen- & Anlagenbau
76297,Sonstiges
59603,Sonstiges
6765,Maschinen- & Anlagenbau
1050557,Maschinen- & Anlagenbau
50822,Automotive & Zulieferer
61561,Handel
41333,Maschinen- & Anlagenbau
31755,Sonstiges
50554,Sonstiges
12361,Maschinen- & Anlagenbau
22606,Kunststoff/Metall/Holz/Glas/Keramik-Verarbeitung
1564087,Maschinen- & Anlagenbau
118366,Kunststoff/Metall/Holz/Glas/Keramik-Verarbeitung
27762,Sonstiges
25981,Chemie & Raffinerie
26834,Medical
22745,Sonstiges
1563687,Maschinen- & Anlagenbau
48160,Sonstiges
39512,Kunststoff/Metall/Holz/Glas/Keramik-Verarbeitung
44804,Sonstiges
125840,Handel
123639,Kunststoff/Metall/Holz/Glas/Keramik-Verarbeitung
96802,Kunststoff/Metall/Holz/Glas/Keramik-Verarbeitung
4815,Maschinen- & Anlagenbau
15923,Kunststoff/Metall/Holz/Glas/Keramik-Verarbeitung
5057,Sonstiges
115942,Sonstiges
95939,Sonstiges
36033,Sonstiges
92419,Maschinen- & Anlagenbau
59340,Sonstiges
77000,Kunststoff/Metall/Holz/Glas/Keramik-Verarbeitung
1057,Sonstiges
1015868,Kunststoff/Metall/Holz/Glas/Keramik-Verarbeitung
1021353,Pharma
11776,Kunststoff/Metall/Holz/Glas/Keramik-Verarbeitung
30000,Sonstiges
71576,Sonstiges
37572,Chemie & Raffinerie
24328,Sonstiges
10152,Automotive & Zulieferer
10094,Elektro & Mess-Regeltechnik
49885,Sonstiges
109214,Automotive & Zulieferer
84707,Sonstiges
37584,Maschinen- & Anlagenbau
12710,Kunststoff/Metall/Holz/Glas/Keramik-Verarbeitung
680,Automotive & Zulieferer
44816,Chemie & Raffinerie
31363,Sonstiges
58593,Sonstiges
83356,Automotive & Zulieferer
24285,Kunststoff/Metall/Holz/Glas/Keramik-Verarbeitung
54419,Sonstiges
1001858,Pharma
26286,Kunststoff/Metall/Holz/Glas/Keramik-Verarbeitung
22227,Sonstiges
21897,Kunststoff/Metall/Holz/Glas/Keramik-Verarbeitung
11253,Elektro & Mess-Regeltechnik
23660,Elektro & Mess-Regeltechnik
51171,Elektro & Mess-Regeltechnik
40551,Kunststoff/Metall/Holz/Glas/Keramik-Verarbeitung
68884,Sonstiges
11485,Kunststoff/Metall/Holz/Glas/Keramik-Verarbeitung
62811,Sonstiges
44684,Automotive & Zulieferer
29982,Medical
12479,Chemie & Raffinerie
114761,Automotive & Zulieferer
108837,Sonstiges
77284,Sonstiges
19105,Automotive & Zulieferer
6718,Maschinen- & Anlagenbau
2941,Sonstiges
1564422,Automotive & Zulieferer
49379,Sonstiges
27557,Sonstiges
52683,Handel
116811,Sonstiges
1022,Elektro & Mess-Regeltechnik
23354,Kunststoff/Metall/Holz/Glas/Keramik-Verarbeitung
104998,Handel
33253,Automotive & Zulieferer
26820,Maschinen- & Anlagenbau
19878,Kunststoff/Metall/Holz/Glas/Keramik-Verarbeitung
28932,Sonstiges
95473,Kunststoff/Metall/Holz/Glas/Keramik-Verarbeitung
40428,Handel
100644,Sonstiges
64562,Kunststoff/Metall/Holz/Glas/Keramik-Verarbeitung
104108,Sonstiges
21471,Maschinen- & Anlagenbau
123470,Sonstiges
52376,Maschinen- & Anlagenbau
91399,Sonstiges
1002262,Maschinen- & Anlagenbau
1002482,Halbleiter & Mikroelektronik
117473,Handel
116650,Handel
1000265,Maschinen- & Anlagenbau
71717,Automotive & Zulieferer
44648,Chemie & Raffinerie
80520,Automotive & Zulieferer
16294,Maschinen- & Anlagenbau
43501,Energie
1022883,Kunststoff/Metall/Holz/Glas/Keramik-Verarbeitung
46287,Sonstiges
50371,Sonstiges
16089,Maschinen- & Anlagenbau
45121,Elektro & Mess-Regeltechnik
90001,Sonstiges
49305,Sonstiges
96598,Pharma
46667,Sonstiges
46742,Sonstiges
34760,Maschinen- & Anlagenbau
36085,Maschinen- & Anlagenbau
102983,Sonstiges
95961,Sonstiges
107016,Sonstiges
117633,Sonstiges
1564539,Elektro & Mess-Regeltechnik
57090,Handel
30542,Maschinen- & Anlagenbau
123267,Automotive & Zulieferer
63276,Maschinen- & Anlagenbau
21913,Elektro & Mess-Regeltechnik
117559,Maschinen- & Anlagenbau
1014296,Kunststoff/Metall/Holz/Glas/Keramik-Verarbeitung
19027,Maschinen- & Anlagenbau
67728,Sonstiges
45126,Maschinen- & Anlagenbau
124166,Sonstiges
1010232,Maschinen- & Anlagenbau
51066,Maschinen- & Anlagenbau
31102,Sonstiges
16444,Automotive & Zulieferer
22442,Automotive & Zulieferer
90291,Pharma
117204,Maschinen- & Anlagenbau
76748,Sonstiges
77609,Maschinen- & Anlagenbau
102086,Sonstiges
113913,Sonstiges
13678,Sonstiges
106668,Sonstiges
67495,Maschinen- & Anlagenbau
49374,Sonstiges
36933,Kunststoff/Metall/Holz/Glas/Keramik-Verarbeitung
47389,Sonstiges
23066,Kunststoff/Metall/Holz/Glas/Keramik-Verarbeitung
29341,Elektro & Mess-Regeltechnik
21861,Maschinen- & Anlagenbau
40797,Kunststoff/Metall/Holz/Glas/Keramik-Verarbeitung
30274,Kunststoff/Metall/Holz/Glas/Keramik-Verarbeitung
35884,Maschinen- & Anlagenbau
1000903,Sonstiges
109937,Kunststoff/Metall/Holz/Glas/Keramik-Verarbeitung
63118,Maschinen- & Anlagenbau
115812,Maschinen- & Anlagenbau
13452,Kunststoff/Metall/Holz/Glas/Keramik-Verarbeitung
82023,Sonstiges
14595,Automotive & Zulieferer
118132,Handel
44695,Kunststoff/Metall/Holz/Glas/Keramik-Verarbeitung
11250,Kunststoff/Metall/Holz/Glas/Keramik-Verarbeitung
27749,Kunststoff/Metall/Holz/Glas/Keramik-Verarbeitung
120557,Sonstiges
26970,Sonstiges
36793,Kunststoff/Metall/Holz/Glas/Keramik-Verarbeitung
34,Automotive & Zulieferer
1052530,Maschinen- & Anlagenbau
108985,Kunststoff/Metall/Holz/Glas/Keramik-Verarbeitung
19386,Elektro & Mess-Regeltechnik
90566,Sonstiges
24089,Maschinen- & Anlagenbau
82648,Automotive & Zulieferer
106354,Sonstiges
117498,Sonstiges
51705,Kunststoff/Metall/Holz/Glas/Keramik-Verarbeitung
102253,Sonstiges
80073,Maschinen- & Anlagenbau
13337,Kunststoff/Metall/Holz/Glas/Keramik-Verarbeitung
18434,Sonstiges
31972,Sonstiges
37776,Kunststoff/Metall/Holz/Glas/Keramik-Verarbeitung
44857,Maschinen- & Anlagenbau
30204,Sonstiges
46358,Sonstiges
109076,Sonstiges
39151,Automotive & Zulieferer
17575,Elektro & Mess-Regeltechnik
4350,Kunststoff/Metall/Holz/Glas/Keramik-Verarbeitung
1021169,Sonstiges
6669,Medical
14915,Kunststoff/Metall/Holz/Glas/Keramik-Verarbeitung
27924,Maschinen- & Anlagenbau
62611,Sonstiges
17266,Sonstiges
116376,Maschinen- & Anlagenbau
1016328,Energie
114244,Sonstiges
49782,Medical
86742,Chemie & Raffinerie
68581,Sonstiges
18304,Maschinen- & Anlagenbau
107172,Sonstiges
13759,Maschinen- & Anlagenbau
20581,Automotive & Zulieferer
10919,Kunststoff/Metall/Holz/Glas/Keramik-Verarbeitung
30389,Kunststoff/Metall/Holz/Glas/Keramik-Verarbeitung
36667,Maschinen- & Anlagenbau
88914,Automotive & Zulieferer
3271,Maschinen- & Anlagenbau
108297,Kunststoff/Metall/Holz/Glas/Keramik-Verarbeitung
65674,Kunststoff/Metall/Holz/Glas/Keramik-Verarbeitung
1049852,Energie
61786,Elektro & Mess-Regeltechnik
21131,Maschinen- & Anlagenbau
78318,Sonstiges
45517,Maschinen- & Anlagenbau
27591,Maschinen- & Anlagenbau
79703,Kunststoff/Metall/Holz/Glas/Keramik-Verarbeitung
126475,Sonstiges
26711,Handel
39132,Sonstiges
64935,Maschinen- & Anlagenbau
12651,Handel
84321,Maschinen- & Anlagenbau
29199,Sonstiges
31730,Handel
105074,Sonstiges
1045170,Automotive & Zulieferer
33295,Maschinen- & Anlagenbau
1100775,Kunststoff/Metall/Holz/Glas/Keramik-Verarbeitung
1006616,Kunststoff/Metall/Holz/Glas/Keramik-Verarbeitung
60981,Defence
53032,Sonstiges
17852,Kunststoff/Metall/Holz/Glas/Keramik-Verarbeitung
84943,Sonstiges
108864,Sonstiges
119972,Kunststoff/Metall/Holz/Glas/Keramik-Verarbeitung
114183,Klima & Heizung (Facility)
1012946,Maschinen- & Anlagenbau
1013984,Maschinen- & Anlagenbau
68617,Sonstiges
56677,Sonstiges
11575,Automotive & Zulieferer
23873,Maschinen- & Anlagenbau
35114,Sonstiges
1002094,Maschinen- & Anlagenbau
60903,Maschinen- & Anlagenbau
13378,Chemie & Raffinerie
21564,Maschinen- & Anlagenbau
15398,Kunststoff/Metall/Holz/Glas/Keramik-Verarbeitung
84189,Sonstiges
11168,Kunststoff/Metall/Holz/Glas/Keramik-Verarbeitung
84145,Defence
78785,Sonstiges
50553,Sonstiges
116652,Maschinen- & Anlagenbau
48272,Sonstiges
78478,Sonstiges
107414,Kunststoff/Metall/Holz/Glas/Keramik-Verarbeitung
110523,Sonstiges
82579,Luft- & Raumfahrt & Zulieferer
108933,Maschinen- & Anlagenbau
42450,Sonstiges
85911,Elektro & Mess-Regeltechnik
28868,Sonstiges
13095,Sonstiges
88931,Sonstiges
79805,Chemie & Raffinerie
20294,Kunststoff/Metall/Holz/Glas/Keramik-Verarbeitung
55141,Sonstiges
112697,Automotive & Zulieferer
86315,Sonstiges
14310,Chemie & Raffinerie
27582,Kunststoff/Metall/Holz/Glas/Keramik-Verarbeitung
21599,Sonstiges
14146,Kunststoff/Metall/Holz/Glas/Keramik-Verarbeitung
99189,Kunststoff/Metall/Holz/Glas/Keramik-Verarbeitung
64744,Elektro & Mess-Regeltechnik
111847,Handel
25070,Sonstiges
1020595,Kunststoff/Metall/Holz/Glas/Keramik-Verarbeitung
93193,Sonstiges
14279,Automotive & Zulieferer
126493,Maschinen- & Anlagenbau
23939,Automotive & Zulieferer
17564,Handel
14266,Maschinen- & Anlagenbau
30632,Maschinen- & Anlagenbau
16077,Sonstiges
26473,Kunststoff/Metall/Holz/Glas/Keramik-Verarbeitung
94579,Sonstiges
34224,Maschinen- & Anlagenbau
12444,Sonstiges
1010786,Sonstiges
83285,Sonstiges
22258,Defence
82493,Kunststoff/Metall/Holz/Glas/Keramik-Verarbeitung
35923,Sonstiges
122845,Kunststoff/Metall/Holz/Glas/Keramik-Verarbeitung
117009,Sonstiges
14445,Maschinen- & Anlagenbau
64461,Kunststoff/Metall/Holz/Glas/Keramik-Verarbeitung
51663,Sonstiges
61157,Handel
28597,Kunststoff/Metall/Holz/Glas/Keramik-Verarbeitung
36643,Maschinen- & Anlagenbau
27078,Automotive & Zulieferer
30551,Kunststoff/Metall/Holz/Glas/Keramik-Verarbeitung
28585,Medical
109240,Kunststoff/Metall/Holz/Glas/Keramik-Verarbeitung
79824,Sonstiges
108341,Handel
64396,Sonstiges
75725,Kunststoff/Metall/Holz/Glas/Keramik-Verarbeitung
29236,Sonstiges
42366,Sonstiges
29004,Sonstiges
124536,Sonstiges
85079,Sonstiges
55067,Sonstiges
87892,Elektro & Mess-Regeltechnik
4428,Maschinen- & Anlagenbau
24420,Maschinen- & Anlagenbau
34267,Sonstiges
79606,Sonstiges
84039,Sonstiges
105510,Sonstiges
53146,Halbleiter & Mikroelektronik
59635,Sonstiges
50396,Sonstiges
63123,Sonstiges
15792,Energie
80477,Sonstiges
96919,Maschinen- & Anlagenbau
43745,Sonstiges
79576,Kunststoff/Metall/Holz/Glas/Keramik-Verarbeitung
118569,Handel
12652,Maschinen- & Anlagenbau
32708,Sonstiges
104103,Sonstiges
13488,Handel
18098,Automotive & Zulieferer
126571,Kunststoff/Metall/Holz/Glas/Keramik-Verarbeitung
92480,Sonstiges
32377,Sonstiges
22373,Maschinen- & Anlagenbau
110029,Sonstiges
1042132,Sonstiges
103156,Sonstiges
60342,Maschinen- & Anlagenbau
15934,Kunststoff/Metall/Holz/Glas/Keramik-Verarbeitung
4186,Sonstiges
14247,Kunststoff/Metall/Holz/Glas/Keramik-Verarbeitung
1044483,Halbleiter & Mikroelektronik
5636,Sonstiges
31382,Elektro & Mess-Regeltechnik
75682,Sonstiges
105870,Handel
26323,Kunststoff/Metall/Holz/Glas/Keramik-Verarbeitung
20636,Sonstiges
1015143,Elektro & Mess-Regeltechnik
90416,Maschinen- & Anlagenbau
1907,Maschinen- & Anlagenbau
11720,Maschinen- & Anlagenbau
1015242,Kunststoff/Metall/Holz/Glas/Keramik-Verarbeitung
85239,Sonstiges
1049512,Maschinen- & Anlagenbau
33901,Sonstiges
105307,Automotive & Zulieferer
1008935,Kunststoff/Metall/Holz/Glas/Keramik-Verarbeitung
37897,Sonstiges
12926,Maschinen- & Anlagenbau
18761,Sonstiges
3963,Elektro & Mess-Regeltechnik
46245,Maschinen- & Anlagenbau
45059,Sonstiges
121773,Handel
77169,Kunststoff/Metall/Holz/Glas/Keramik-Verarbeitung
46202,Kunststoff/Metall/Holz/Glas/Keramik-Verarbeitung
36311,Sonstiges
101888,Chemie & Raffinerie
83493,Kunststoff/Metall/Holz/Glas/Keramik-Verarbeitung
30368,Sonstiges
35251,Sonstiges
114497,Pharma
15354,Chemie & Raffinerie
29641,Automotive & Zulieferer
84636,Sonstiges
77033,Maschinen- & Anlagenbau
4800,Sonstiges
50185,Sonstiges
22699,Sonstiges
65567,Sonstiges
44345,Sonstiges
50363,Sonstiges
90953,Handel
62918,Luft- & Raumfahrt & Zulieferer
52936,Elektro & Mess-Regeltechnik
1012536,Maschinen- & Anlagenbau
11735,Automotive & Zulieferer
77346,Sonstiges
90383,Sonstiges
22564,Maschinen- & Anlagenbau
11023,Maschinen- & Anlagenbau
123309,Automotive & Zulieferer
103832,Sonstiges
14379,Maschinen- & Anlagenbau
79509,Maschinen- & Anlagenbau
116645,Kunststoff/Metall/Holz/Glas/Keramik-Verarbeitung
49673,Sonstiges
26188,Kunststoff/Metall/Holz/Glas/Keramik-Verarbeitung
19337,Medical
111140,Kunststoff/Metall/Holz/Glas/Keramik-Verarbeitung
107640,Maschinen- & Anlagenbau
76414,Pharma
117551,Handel
57516,Sonstiges
58391,Maschinen- & Anlagenbau
1019761,Maschinen- & Anlagenbau
1048814,Kunststoff/Metall/Holz/Glas/Keramik-Verarbeitung
12544,Handel
124360,Kunststoff/Metall/Holz/Glas/Keramik-Verarbeitung
107349,Handel
31175,Maschinen- & Anlagenbau
120066,Maschinen- & Anlagenbau
103723,Energie
83133,Automotive & Zulieferer
40786,Maschinen- & Anlagenbau
67100,Automotive & Zulieferer
17351,Defence
66338,Maschinen- & Anlagenbau
53926,Sonstiges
97600,Sonstiges
10875,Sonstiges
69249,Sonstiges
36392,Maschinen- & Anlagenbau
39842,Automotive & Zulieferer
78659,Kunststoff/Metall/Holz/Glas/Keramik-Verarbeitung
15993,Sonstiges
129299,Automotive & Zulieferer
116946,Maschinen- & Anlagenbau
122340,Sonstiges
1020724,Kunststoff/Metall/Holz/Glas/Keramik-Verarbeitung
33107,Automotive & Zulieferer
36047,Elektro & Mess-Regeltechnik
19177,Sonstiges
32400,Handel
82914,Sonstiges
47437,Maschinen- & Anlagenbau
1000547,Elektro & Mess-Regeltechnik
1500775,Halbleiter & Mikroelektronik
48040,Elektro & Mess-Regeltechnik
87132,Kunststoff/Metall/Holz/Glas/Keramik-Verarbeitung
120263,Maschinen- & Anlagenbau
1049417,Elektro & Mess-Regeltechnik
1048302,Elektro & Mess-Regeltechnik
39378,Sonstiges
59375,Kunststoff/Metall/Holz/Glas/Keramik-Verarbeitung
91505,Sonstiges
1000901,Maschinen- & Anlagenbau
32880,Kunststoff/Metall/Holz/Glas/Keramik-Verarbeitung
107801,Sonstiges
103805,Handel
67514,Sonstiges
23776,Defence
49979,Sonstiges
50894,Sonstiges
45653,Kunststoff/Metall/Holz/Glas/Keramik-Verarbeitung
11884,Kunststoff/Metall/Holz/Glas/Keramik-Verarbeitung
115875,Automotive & Zulieferer
5279,Sonstiges
95739,Kunststoff/Metall/Holz/Glas/Keramik-Verarbeitung
1564721,Kunststoff/Metall/Holz/Glas/Keramik-Verarbeitung
121184,Maschinen- & Anlagenbau
63032,Sonstiges
1002792,Sonstiges
41157,Sonstiges
59368,Sonstiges
84447,Medical
106084,Maschinen- & Anlagenbau
125723,Handel
1002216,Automotive & Zulieferer
93944,Elektro & Mess-Regeltechnik
4851,Elektro & Mess-Regeltechnik
13964,Sonstiges
29094,Sonstiges
103005,Maschinen- & Anlagenbau
1002610,Elektro & Mess-Regeltechnik
33849,Luft- & Raumfahrt & Zulieferer
16429,Kunststoff/Metall/Holz/Glas/Keramik-Verarbeitung
86654,Maschinen- & Anlagenbau
1575,Sonstiges
112882,Sonstiges
28509,Sonstiges
1012985,Kunststoff/Metall/Holz/Glas/Keramik-Verarbeitung
75676,Sonstiges
70083,Automotive & Zulieferer
51896,Handel
94611,Sonstiges
118717,Sonstiges
32692,Kunststoff/Metall/Holz/Glas/Keramik-Verarbeitung
84539,Sonstiges
15236,Sonstiges
25410,Maschinen- & Anlagenbau
27987,Maschinen- & Anlagenbau
47114,Medical
1042504,Kunststoff/Metall/Holz/Glas/Keramik-Verarbeitung
118532,Handel
53651,Maschinen- & Anlagenbau
16246,Maschinen- & Anlagenbau
103849,Maschinen- & Anlagenbau
57777,Sonstiges
71868,Kunststoff/Metall/Holz/Glas/Keramik-Verarbeitung
76578,Kunststoff/Metall/Holz/Glas/Keramik-Verarbeitung
69432,Handel
118772,Sonstiges
5536,Kunststoff/Metall/Holz/Glas/Keramik-Verarbeitung
49513,Kunststoff/Metall/Holz/Glas/Keramik-Verarbeitung
25810,Kunststoff/Metall/Holz/Glas/Keramik-Verarbeitung
24334,Sonstiges
16363,Kunststoff/Metall/Holz/Glas/Keramik-Verarbeitung
10472,Maschinen- & Anlagenbau
19694,Kunststoff/Metall/Holz/Glas/Keramik-Verarbeitung
49747,Sonstiges
37275,Sonstiges
67063,Elektro & Mess-Regeltechnik
17343,Maschinen- & Anlagenbau
97957,Sonstiges
37636,Maschinen- & Anlagenbau
94475,Sonstiges
98498,Sonstiges
1047260,Maschinen- & Anlagenbau
95932,Kunststoff/Metall/Holz/Glas/Keramik-Verarbeitung
1047655,Maschinen- & Anlagenbau
18607,Kunststoff/Metall/Holz/Glas/Keramik-Verarbeitung
31038,Automotive & Zulieferer
36542,Automotive & Zulieferer
1002964,Maschinen- & Anlagenbau
91291,Sonstiges
1045491,Sonstiges
117565,Sonstiges
37192,Maschinen- & Anlagenbau
17636,Kunststoff/Metall/Holz/Glas/Keramik-Verarbeitung
52811,Automotive & Zulieferer
15490,Maschinen- & Anlagenbau
38845,Sonstiges
54420,Elektro & Mess-Regeltechnik
20258,Maschinen- & Anlagenbau
12968,Automotive & Zulieferer
15114,Kunststoff/Metall/Holz/Glas/Keramik-Verarbeitung
76380,Automotive & Zulieferer
101214,Halbleiter & Mikroelektronik
13698,Sonstiges
50225,Medical
17164,Elektro & Mess-Regeltechnik
75616,Maschinen- & Anlagenbau
108894,Kalibrierlabore & Zertifizierungsstellen
50492,Sonstiges
42097,Kunststoff/Metall/Holz/Glas/Keramik-Verarbeitung
21437,Kunststoff/Metall/Holz/Glas/Keramik-Verarbeitung
87362,Maschinen- & Anlagenbau
38805,Sonstiges
81803,Sonstiges
11198,Kunststoff/Metall/Holz/Glas/Keramik-Verarbeitung
12366,Kunststoff/Metall/Holz/Glas/Keramik-Verarbeitung
28266,Sonstiges
15742,Maschinen- & Anlagenbau
87423,Automotive & Zulieferer
112873,Sonstiges
11446,Automotive & Zulieferer
113712,Maschinen- & Anlagenbau
101322,Sonstiges
1042359,Kunststoff/Metall/Holz/Glas/Keramik-Verarbeitung
11562,Maschinen- & Anlagenbau
75919,Sonstiges
79559,Sonstiges
49810,Sonstiges
12325,Sonstiges
44382,Maschinen- & Anlagenbau
80916,Kunststoff/Metall/Holz/Glas/Keramik-Verarbeitung
36429,Sonstiges
97131,Sonstiges
10507,Maschinen- & Anlagenbau
17407,Kunststoff/Metall/Holz/Glas/Keramik-Verarbeitung
20671,Chemie & Raffinerie
108742,Energie
11510,Elektro & Mess-Regeltechnik
95276,Maschinen- & Anlagenbau
117294,Maschinen- & Anlagenbau
37445,Luft- & Raumfahrt & Zulieferer
2834,Sonstiges
38503,Maschinen- & Anlagenbau
29552,Elektro & Mess-Regeltechnik
51950,Sonstiges
29940,Sonstiges
45049,Kalibrierlabore & Zertifizierungsstellen
30156,Sonstiges
37557,Maschinen- & Anlagenbau
59086,Sonstiges
10695,Luft- & Raumfahrt & Zulieferer
108383,Kunststoff/Metall/Holz/Glas/Keramik-Verarbeitung
87681,Automotive & Zulieferer
41764,Elektro & Mess-Regeltechnik
14368,Sonstiges
33854,Chemie & Raffinerie
101980,Sonstiges
79787,Sonstiges
114116,Handel
4110,Automotive & Zulieferer
15983,Automotive & Zulieferer
41211,Sonstiges
71466,Sonstiges
2168,Kunststoff/Metall/Holz/Glas/Keramik-Verarbeitung
43166,Sonstiges
10691,Elektro & Mess-Regeltechnik
58695,Automotive & Zulieferer
61237,Maschinen- & Anlagenbau
3195,Sonstiges
52096,Sonstiges
93148,Elektro & Mess-Regeltechnik
34198,Sonstiges
46775,Sonstiges
14961,Chemie & Raffinerie
50510,Sonstiges
56330,Sonstiges
107208,Kunststoff/Metall/Holz/Glas/Keramik-Verarbeitung
51739,Maschinen- & Anlagenbau
95593,Sonstiges
36002,Sonstiges
114259,Sonstiges
82765,Sonstiges
80744,Kunststoff/Metall/Holz/Glas/Keramik-Verarbeitung
1052372,Handel
77233,Sonstiges
589,Kunststoff/Metall/Holz/Glas/Keramik-Verarbeitung
28302,Kunststoff/Metall/Holz/Glas/Keramik-Verarbeitung
15816,Kunststoff/Metall/Holz/Glas/Keramik-Verarbeitung
106208,Sonstiges
55852,Maschinen- & Anlagenbau
28452,Automotive & Zulieferer
84635,Sonstiges
70456,Sonstiges
60521,Automotive & Zulieferer
101499,Sonstiges
100055,Maschinen- & Anlagenbau
88435,Sonstiges
53043,Maschinen- & Anlagenbau
102621,Maschinen- & Anlagenbau
102469,Handel
77394,Handel
19451,Maschinen- & Anlagenbau
79153,Kunststoff/Metall/Holz/Glas/Keramik-Verarbeitung
30580,Sonstiges
105316,Kunststoff/Metall/Holz/Glas/Keramik-Verarbeitung
21449,Chemie & Raffinerie
33832,Handel
67244,Maschinen- & Anlagenbau
50445,Sonstiges
23493,Automotive & Zulieferer
10309,Maschinen- & Anlagenbau
50519,Sonstiges
26203,Kunststoff/Metall/Holz/Glas/Keramik-Verarbeitung
91824,Maschinen- & Anlagenbau
100639,Sonstiges
58708,Kunststoff/Metall/Holz/Glas/Keramik-Verarbeitung
60268,Chemie & Raffinerie
126615,Maschinen- & Anlagenbau
38121,Kunststoff/Metall/Holz/Glas/Keramik-Verarbeitung
87066,Sonstiges
42039,Sonstiges
39404,Sonstiges
120742,Elektro & Mess-Regeltechnik
1048790,Maschinen- & Anlagenbau
41536,Sonstiges
118403,Handel
13965,Handel
84722,Sonstiges
114740,Sonstiges
28566,Maschinen- & Anlagenbau
119524,Handel
1006696,Kunststoff/Metall/Holz/Glas/Keramik-Verarbeitung
124937,Automotive & Zulieferer
68267,Maschinen- & Anlagenbau
3489,Sonstiges
84410,Sonstiges
43542,Kunststoff/Metall/Holz/Glas/Keramik-Verarbeitung
84155,Elektro & Mess-Regeltechnik
86920,Kunststoff/Metall/Holz/Glas/Keramik-Verarbeitung
78711,Sonstiges
46914,Maschinen- & Anlagenbau
67149,Pharma
6703,Sonstiges
127896,Maschinen- & Anlagenbau
24437,Maschinen- & Anlagenbau
101109,Sonstiges
49830,Sonstiges
50080,Sonstiges
106041,Automotive & Zulieferer
33841,Kunststoff/Metall/Holz/Glas/Keramik-Verarbeitung
12064,Kunststoff/Metall/Holz/Glas/Keramik-Verarbeitung
52908,Sonstiges
115980,Kunststoff/Metall/Holz/Glas/Keramik-Verarbeitung
1564002,Maschinen- & Anlagenbau
71292,Sonstiges
67083,Elektro & Mess-Regeltechnik
59675,Maschinen- & Anlagenbau
125326,Medical
94542,Sonstiges
104053,Sonstiges
51812,Sonstiges
97674,Kunststoff/Metall/Holz/Glas/Keramik-Verarbeitung
116151,Sonstiges
16219,Chemie & Raffinerie
24786,Sonstiges
107916,Sonstiges
88642,Kunststoff/Metall/Holz/Glas/Keramik-Verarbeitung
20937,Kunststoff/Metall/Holz/Glas/Keramik-Verarbeitung
98342,Kunststoff/Metall/Holz/Glas/Keramik-Verarbeitung
69882,Maschinen- & Anlagenbau
114226,Sonstiges
1564297,Kunststoff/Metall/Holz/Glas/Keramik-Verarbeitung
90956,Automotive & Zulieferer
17372,Sonstiges
89942,Maschinen- & Anlagenbau
4599,Sonstiges
71973,Sonstiges
70748,Maschinen- & Anlagenbau
3987,Kunststoff/Metall/Holz/Glas/Keramik-Verarbeitung
25028,Sonstiges
4224,Elektro & Mess-Regeltechnik
51467,Sonstiges
19074,Kunststoff/Metall/Holz/Glas/Keramik-Verarbeitung
77633,Medical
3520,Sonstiges
26463,Sonstiges
95096,Medical
47782,Kunststoff/Metall/Holz/Glas/Keramik-Verarbeitung
14891,Maschinen- & Anlagenbau
52880,Sonstiges
1010465,Maschinen- & Anlagenbau
115827,Sonstiges
70109,Maschinen- & Anlagenbau
128718,Handel
67648,Kalibrierlabore & Zertifizierungsstellen
87241,Sonstiges
117947,Handel
89613,Sonstiges
12447,Maschinen- & Anlagenbau
12730,Sonstiges
101683,Defence
1045189,Kunststoff/Metall/Holz/Glas/Keramik-Verarbeitung
60764,Elektro & Mess-Regeltechnik
66663,Sonstiges
41589,Sonstiges
31481,Automotive & Zulieferer
12635,Elektro & Mess-Regeltechnik
87852,Medical
59835,Sonstiges
120065,Medical
16322,Maschinen- & Anlagenbau
57466,Sonstiges
22061,Kunststoff/Metall/Holz/Glas/Keramik-Verarbeitung
66105,Maschinen- & Anlagenbau
39751,Elektro & Mess-Regeltechnik
60630,Automotive & Zulieferer
120597,Automotive & Zulieferer
124415,Kunststoff/Metall/Holz/Glas/Keramik-Verarbeitung
15643,Sonstiges
19463,Maschinen- & Anlagenbau
54048,Kunststoff/Metall/Holz/Glas/Keramik-Verarbeitung
76607,Kunststoff/Metall/Holz/Glas/Keramik-Verarbeitung
98684,Elektro & Mess-Regeltechnik
1000247,Kunststoff/Metall/Holz/Glas/Keramik-Verarbeitung
35781,Kunststoff/Metall/Holz/Glas/Keramik-Verarbeitung
11681,Elektro & Mess-Regeltechnik
40923,Kunststoff/Metall/Holz/Glas/Keramik-Verarbeitung
83850,Automotive & Zulieferer
124085,Kunststoff/Metall/Holz/Glas/Keramik-Verarbeitung
77497,Sonstiges
78804,Sonstiges
45263,Automotive & Zulieferer
78186,Automotive & Zulieferer
84132,Sonstiges
2706,Sonstiges
123610,Handel
25782,Maschinen- & Anlagenbau
1001434,Elektro & Mess-Regeltechnik
2232,Elektro & Mess-Regeltechnik
113651,Sonstiges
45246,Kunststoff/Metall/Holz/Glas/Keramik-Verarbeitung
1049022,Sonstiges
66185,Sonstiges
97344,Sonstiges
107078,Sonstiges
34734,Kunststoff/Metall/Holz/Glas/Keramik-Verarbeitung
26085,Handel
124695,Chemie & Raffinerie
15015,Elektro & Mess-Regeltechnik
94950,Sonstiges
84202,Sonstiges
51630,Sonstiges
54610,Sonstiges
24516,Maschinen- & Anlagenbau
3317,Sonstiges
1400775,Elektro & Mess-Regeltechnik
104536,Kunststoff/Metall/Holz/Glas/Keramik-Verarbeitung
16735,Chemie & Raffinerie
35399,Maschinen- & Anlagenbau
11891,Kunststoff/Metall/Holz/Glas/Keramik-Verarbeitung
10099,Kunststoff/Metall/Holz/Glas/Keramik-Verarbeitung
1049849,Kunststoff/Metall/Holz/Glas/Keramik-Verarbeitung
30028,Handel
117782,Sonstiges
69054,Sonstiges
105458,Elektro & Mess-Regeltechnik
56904,Elektro & Mess-Regeltechnik
23765,Automotive & Zulieferer
39655,Elektro & Mess-Regeltechnik
65433,Sonstiges
93961,Sonstiges
92058,Sonstiges
1563711,Elektro & Mess-Regeltechnik
114042,Sonstiges
12648,Sonstiges
101803,Elektro & Mess-Regeltechnik
19016,Chemie & Raffinerie
119841,Handel
69787,Sonstiges
65763,Maschinen- & Anlagenbau
6617,Maschinen- & Anlagenbau
92529,Elektro & Mess-Regeltechnik
47763,Automotive & Zulieferer
70747,Kunststoff/Metall/Holz/Glas/Keramik-Verarbeitung
78190,Maschinen- & Anlagenbau
94852,Luft- & Raumfahrt & Zulieferer
10521,Kunststoff/Metall/Holz/Glas/Keramik-Verarbeitung
28246,Sonstiges
36089,Sonstiges
35945,Sonstiges
11139,Maschinen- & Anlagenbau
33816,Kunststoff/Metall/Holz/Glas/Keramik-Verarbeitung
59648,Maschinen- & Anlagenbau
4768,Kunststoff/Metall/Holz/Glas/Keramik-Verarbeitung
70471,Sonstiges
16846,Kunststoff/Metall/Holz/Glas/Keramik-Verarbeitung
98314,Chemie & Raffinerie
18633,Maschinen- & Anlagenbau
118438,Luft- & Raumfahrt & Zulieferer
43765,Kunststoff/Metall/Holz/Glas/Keramik-Verarbeitung
126537,Maschinen- & Anlagenbau
21502,Maschinen- & Anlagenbau
33874,Elektro & Mess-Regeltechnik
40977,Energie
124872,Maschinen- & Anlagenbau
69371,Elektro & Mess-Regeltechnik
117656,Handel
93634,Sonstiges
68165,Kunststoff/Metall/Holz/Glas/Keramik-Verarbeitung
12568,Kunststoff/Metall/Holz/Glas/Keramik-Verarbeitung
25581,Handel
75885,Automotive & Zulieferer
11528,Elektro & Mess-Regeltechnik
106449,Kunststoff/Metall/Holz/Glas/Keramik-Verarbeitung
66005,Handel
80466,Medical
56885,Sonstiges
52100,Kunststoff/Metall/Holz/Glas/Keramik-Verarbeitung
91365,Sonstiges
35616,Sonstiges
29173,Kunststoff/Metall/Holz/Glas/Keramik-Verarbeitung
71080,Sonstiges
142,Elektro & Mess-Regeltechnik
85590,Sonstiges
34125,Sonstiges
34143,Kunststoff/Metall/Holz/Glas/Keramik-Verarbeitung
105484,Sonstiges
26095,Automotive & Zulieferer
127088,Sonstiges
106933,Sonstiges
112118,Automotive & Zulieferer
110186,Sonstiges
87605,Sonstiges
109176,Sonstiges
1012368,Kunststoff/Metall/Holz/Glas/Keramik-Verarbeitung
1047387,Maschinen- & Anlagenbau
45431,Kunststoff/Metall/Holz/Glas/Keramik-Verarbeitung
118963,Automotive & Zulieferer
1113308,Kunststoff/Metall/Holz/Glas/Keramik-Verarbeitung
90536,Chemie & Raffinerie
107539,Sonstiges
19193,Kunststoff/Metall/Holz/Glas/Keramik-Verarbeitung
50452,Sonstiges
68434,Sonstiges
28412,Sonstiges
65552,Sonstiges
16286,Handel
55507,Sonstiges
126474,Maschinen- & Anlagenbau
96915,Sonstiges
70931,Sonstiges
103701,Automotive & Zulieferer
17146,Automotive & Zulieferer
12249,Kunststoff/Metall/Holz/Glas/Keramik-Verarbeitung
118669,Automotive & Zulieferer
61770,Handel
43989,Medical
1000389,Kunststoff/Metall/Holz/Glas/Keramik-Verarbeitung
13791,Sonstiges
3652,Sonstiges
123092,Handel
92974,Sonstiges
83194,Sonstiges
86772,Maschinen- & Anlagenbau
83328,Kunststoff/Metall/Holz/Glas/Keramik-Verarbeitung
77149,Sonstiges
13744,Kunststoff/Metall/Holz/Glas/Keramik-Verarbeitung
46025,Sonstiges
95375,Sonstiges
15007,Sonstiges
27596,Kunststoff/Metall/Holz/Glas/Keramik-Verarbeitung
1047927,Elektro & Mess-Regeltechnik
1423,Kunststoff/Metall/Holz/Glas/Keramik-Verarbeitung
65319,Sonstiges
41578,Elektro & Mess-Regeltechnik
114902,Sonstiges
104404,Sonstiges
124866,Handel
25841,Sonstiges
1002110,Kunststoff/Metall/Holz/Glas/Keramik-Verarbeitung
95869,Sonstiges
125446,Maschinen- & Anlagenbau
122690,Handel
82981,Sonstiges
93197,Sonstiges
33280,Sonstiges
75674,Kunststoff/Metall/Holz/Glas/Keramik-Verarbeitung
4461,Sonstiges
78510,Maschinen- & Anlagenbau
117237,Kunststoff/Metall/Holz/Glas/Keramik-Verarbeitung
51270,Maschinen- & Anlagenbau
121280,Sonstiges
122879,Luft- & Raumfahrt & Zulieferer
15640,Pharma
124494,Handel
51848,Handel
33631,Sonstiges
57122,Kunststoff/Metall/Holz/Glas/Keramik-Verarbeitung
53775,Kunststoff/Metall/Holz/Glas/Keramik-Verarbeitung
23874,Maschinen- & Anlagenbau
79420,Kalibrierlabore & Zertifizierungsstellen
118077,Sonstiges
24698,Energie
3256,Sonstiges
40095,Automotive & Zulieferer
99827,Kunststoff/Metall/Holz/Glas/Keramik-Verarbeitung
1000791,Kunststoff/Metall/Holz/Glas/Keramik-Verarbeitung
1010300,Maschinen- & Anlagenbau
117729,Handel
77221,Sonstiges
77783,Sonstiges
1108330,Handel
51419,Kunststoff/Metall/Holz/Glas/Keramik-Verarbeitung
22501,Handel
76041,Handel
29168,Maschinen- & Anlagenbau
65453,Defence
29494,Kunststoff/Metall/Holz/Glas/Keramik-Verarbeitung
87397,Sonstiges
23667,Elektro & Mess-Regeltechnik
81091,Sonstiges
23790,Sonstiges
20485,Sonstiges
47432,Kunststoff/Metall/Holz/Glas/Keramik-Verarbeitung
10187,Elektro & Mess-Regeltechnik
89278,Sonstiges
19806,Maschinen- & Anlagenbau
71276,Maschinen- & Anlagenbau
87471,Sonstiges
67763,Sonstiges
86896,Automotive & Zulieferer
10208,Kunststoff/Metall/Holz/Glas/Keramik-Verarbeitung
76996,Kunststoff/Metall/Holz/Glas/Keramik-Verarbeitung
1022051,Maschinen- & Anlagenbau
22156,Elektro & Mess-Regeltechnik
107354,Sonstiges
78709,Maschinen- & Anlagenbau
33342,Kalibrierlabore & Zertifizierungsstellen
17315,Kunststoff/Metall/Holz/Glas/Keramik-Verarbeitung
368,Elektro & Mess-Regeltechnik
123121,Elektro & Mess-Regeltechnik
58060,Automotive & Zulieferer
128484,Maschinen- & Anlagenbau
49712,Maschinen- & Anlagenbau
45138,Chemie & Raffinerie
127005,Sonstiges
99902,Sonstiges
127637,Sonstiges
50449,Sonstiges
54281,Pharma
1018788,Maschinen- & Anlagenbau
38789,Maschinen- & Anlagenbau
28213,Kunststoff/Metall/Holz/Glas/Keramik-Verarbeitung
56781,Sonstiges
2669,Medical
115503,Handel
1042183,Energie
19655,Maschinen- & Anlagenbau
59284,Kunststoff/Metall/Holz/Glas/Keramik-Verarbeitung
36823,Maschinen- & Anlagenbau
50358,Sonstiges
83084,Luft- & Raumfahrt & Zulieferer
22588,Maschinen- & Anlagenbau
29978,Elektro & Mess-Regeltechnik
94146,Sonstiges
94013,Maschinen- & Anlagenbau
87728,Maschinen- & Anlagenbau
101662,Sonstiges
12306,Maschinen- & Anlagenbau
54505,Kunststoff/Metall/Holz/Glas/Keramik-Verarbeitung
100993,Sonstiges
120539,Kunststoff/Metall/Holz/Glas/Keramik-Verarbeitung
107701,Sonstiges
117663,Handel
102516,Sonstiges
11393,Kunststoff/Metall/Holz/Glas/Keramik-Verarbeitung
57424,Maschinen- & Anlagenbau
88711,Kunststoff/Metall/Holz/Glas/Keramik-Verarbeitung
27255,Chemie & Raffinerie
38521,Sonstiges
25846,Automotive & Zulieferer
96506,Elektro & Mess-Regeltechnik
80908,Elektro & Mess-Regeltechnik
81514,Sonstiges
36963,Sonstiges
950,Halbleiter & Mikroelektronik
76978,Defence
1053220,Handel
4192,Klima & Heizung (Facility)
52423,Sonstiges
125333,Sonstiges
1011265,Elektro & Mess-Regeltechnik
125043,Klima & Heizung (Facility)
89659,Maschinen- & Anlagenbau
108138,Handel
2959,Sonstiges
87395,Kunststoff/Metall/Holz/Glas/Keramik-Verarbeitung
115262,Handel
24156,Maschinen- & Anlagenbau
81368,Sonstiges
122148,Sonstiges
53760,Sonstiges
32017,Elektro & Mess-Regeltechnik
126391,Handel
12724,Kunststoff/Metall/Holz/Glas/Keramik-Verarbeitung
54351,Sonstiges
107297,Maschinen- & Anlagenbau
97528,Sonstiges
2452,Kunststoff/Metall/Holz/Glas/Keramik-Verarbeitung
51963,Chemie & Raffinerie
101700,Sonstiges
47236,Maschinen- & Anlagenbau
78114,Maschinen- & Anlagenbau
23131,Automotive & Zulieferer
12761,Maschinen- & Anlagenbau
30839,Kunststoff/Metall/Holz/Glas/Keramik-Verarbeitung
33474,Kunststoff/Metall/Holz/Glas/Keramik-Verarbeitung
37332,Sonstiges
39337,Kunststoff/Metall/Holz/Glas/Keramik-Verarbeitung
97206,Medical
86730,Kunststoff/Metall/Holz/Glas/Keramik-Verarbeitung
90497,Automotive & Zulieferer
83813,Elektro & Mess-Regeltechnik
118855,Handel
103900,Sonstiges
44014,Maschinen- & Anlagenbau
38448,Elektro & Mess-Regeltechnik
52311,Sonstiges
4662,Kunststoff/Metall/Holz/Glas/Keramik-Verarbeitung
37145,Maschinen- & Anlagenbau
118939,Sonstiges
120489,Maschinen- & Anlagenbau
24814,Kunststoff/Metall/Holz/Glas/Keramik-Verarbeitung
21122,Sonstiges
93136,Maschinen- & Anlagenbau
26821,Sonstiges
1051692,Handel
1041658,Kunststoff/Metall/Holz/Glas/Keramik-Verarbeitung
49435,Sonstiges
17602,Chemie & Raffinerie
117835,Sonstiges
84678,Sonstiges
92868,Sonstiges
32137,Sonstiges
18825,Maschinen- & Anlagenbau
23808,Elektro & Mess-Regeltechnik
1000853,Kunststoff/Metall/Holz/Glas/Keramik-Verarbeitung
112974,Sonstiges
119332,Handel
64118,Automotive & Zulieferer
119659,Sonstiges
10173,Kunststoff/Metall/Holz/Glas/Keramik-Verarbeitung
125367,Sonstiges
83066,Elektro & Mess-Regeltechnik
1045443,Elektro & Mess-Regeltechnik
13566,Automotive & Zulieferer
91591,Sonstiges
114603,Sonstiges
88007,Sonstiges
132,Kunststoff/Metall/Holz/Glas/Keramik-Verarbeitung
55139,Sonstiges
117990,Automotive & Zulieferer
32066,Sonstiges
115212,Handel
53422,Defence
71238,Maschinen- & Anlagenbau
53231,Sonstiges
29041,Sonstiges
59892,Sonstiges
13930,Sonstiges
25440,Elektro & Mess-Regeltechnik
106128,Sonstiges
13570,Automotive & Zulieferer
25757,Kunststoff/Metall/Holz/Glas/Keramik-Verarbeitung
26624,Maschinen- & Anlagenbau
46818,Sonstiges
121161,Energie
25018,Maschinen- & Anlagenbau
25134,Kunststoff/Metall/Holz/Glas/Keramik-Verarbeitung
59792,Sonstiges
17742,Sonstiges
28850,Sonstiges
94379,Sonstiges
124571,Kunststoff/Metall/Holz/Glas/Keramik-Verarbeitung
63542,Maschinen- & Anlagenbau
34987,Kunststoff/Metall/Holz/Glas/Keramik-Verarbeitung
102025,Sonstiges
1020210,Automotive & Zulieferer
97103,Sonstiges
5495,Sonstiges
83976,Maschinen- & Anlagenbau
15315,Automotive & Zulieferer
1507,Luft- & Raumfahrt & Zulieferer
113337,Handel
62707,Maschinen- & Anlagenbau
71425,Sonstiges
49743,Sonstiges
52511,Elektro & Mess-Regeltechnik
77076,Sonstiges
103755,Sonstiges
128206,Defence
84762,Kunststoff/Metall/Holz/Glas/Keramik-Verarbeitung
118567,Kunststoff/Metall/Holz/Glas/Keramik-Verarbeitung
70383,Sonstiges
80589,Sonstiges
43579,Sonstiges
23101,Kunststoff/Metall/Holz/Glas/Keramik-Verarbeitung
11259,Defence
1050980,Kunststoff/Metall/Holz/Glas/Keramik-Verarbeitung
19583,Kunststoff/Metall/Holz/Glas/Keramik-Verarbeitung
62873,Maschinen- & Anlagenbau
10202,Kunststoff/Metall/Holz/Glas/Keramik-Verarbeitung
55472,Kalibrierlabore & Zertifizierungsstellen
125560,Kunststoff/Metall/Holz/Glas/Keramik-Verarbeitung
112892,Kunststoff/Metall/Holz/Glas/Keramik-Verarbeitung
110548,Medical
112207,Sonstiges
12629,Automotive & Zulieferer
118566,Maschinen- & Anlagenbau
26852,Sonstiges
89721,Maschinen- & Anlagenbau
41855,Sonstiges
76253,Sonstiges
44426,Kunststoff/Metall/Holz/Glas/Keramik-Verarbeitung
42836,Kunststoff/Metall/Holz/Glas/Keramik-Verarbeitung
91463,Sonstiges
1018785,Elektro & Mess-Regeltechnik
92293,Sonstiges
92304,Elektro & Mess-Regeltechnik
85629,Medical
83183,Sonstiges
1020372,Maschinen- & Anlagenbau
14493,Maschinen- & Anlagenbau
70876,Maschinen- & Anlagenbau
95922,Automotive & Zulieferer
1005272,Kunststoff/Metall/Holz/Glas/Keramik-Verarbeitung
2847,Sonstiges
71414,Sonstiges
36826,Sonstiges
67185,Handel
54305,Handel
34541,Kunststoff/Metall/Holz/Glas/Keramik-Verarbeitung
21930,Maschinen- & Anlagenbau
91491,Maschinen- & Anlagenbau
80553,Maschinen- & Anlagenbau
48103,Maschinen- & Anlagenbau
107932,Handel
1017946,Maschinen- & Anlagenbau
82689,Elektro & Mess-Regeltechnik
69241,Sonstiges
86285,Elektro & Mess-Regeltechnik
49427,Sonstiges
12052,Kunststoff/Metall/Holz/Glas/Keramik-Verarbeitung
82225,Automotive & Zulieferer
28016,Chemie & Raffinerie
128632,Automotive & Zulieferer
59557,Kunststoff/Metall/Holz/Glas/Keramik-Verarbeitung
126808,Handel
49236,Kunststoff/Metall/Holz/Glas/Keramik-Verarbeitung
106068,Sonstiges
1100259,Maschinen- & Anlagenbau
13673,Kunststoff/Metall/Holz/Glas/Keramik-Verarbeitung
58990,Sonstiges
48062,Maschinen- & Anlagenbau
45549,Maschinen- & Anlagenbau
98599,Maschinen- & Anlagenbau
34346,Sonstiges
102251,Kunststoff/Metall/Holz/Glas/Keramik-Verarbeitung
28143,Handel
118952,Sonstiges
47209,Sonstiges
60161,Handel
59836,Maschinen- & Anlagenbau
99434,Sonstiges
1003688,Kunststoff/Metall/Holz/Glas/Keramik-Verarbeitung
114690,Sonstiges
4289,Sonstiges
13406,Automotive & Zulieferer
116989,Defence
60395,Maschinen- & Anlagenbau
51773,Pharma
12448,Elektro & Mess-Regeltechnik
117975,Kunststoff/Metall/Holz/Glas/Keramik-Verarbeitung
53841,Halbleiter & Mikroelektronik
80102,Automotive & Zulieferer
87476,Elektro & Mess-Regeltechnik
46053,Sonstiges
128066,Sonstiges
56409,Maschinen- & Anlagenbau
128716,Sonstiges
55368,Maschinen- & Anlagenbau
66444,Sonstiges
14900,Kunststoff/Metall/Holz/Glas/Keramik-Verarbeitung
10590,Maschinen- & Anlagenbau
49625,Sonstiges
82531,Sonstiges
45529,Sonstiges
30371,Sonstiges
29049,Maschinen- & Anlagenbau
49423,Sonstiges
120770,Sonstiges
59531,Maschinen- & Anlagenbau
31041,Sonstiges
52499,Defence
12790,Kunststoff/Metall/Holz/Glas/Keramik-Verarbeitung
43925,Sonstiges
11298,Sonstiges
20323,Handel
10405,Kunststoff/Metall/Holz/Glas/Keramik-Verarbeitung
34432,Elektro & Mess-Regeltechnik
90568,Kunststoff/Metall/Holz/Glas/Keramik-Verarbeitung
48789,Sonstiges
102298,Sonstiges
36789,Kunststoff/Metall/Holz/Glas/Keramik-Verarbeitung
35202,Sonstiges
77334,Sonstiges
60166,Elektro & Mess-Regeltechnik
124903,Sonstiges
19247,Kunststoff/Metall/Holz/Glas/Keramik-Verarbeitung
61488,Kunststoff/Metall/Holz/Glas/Keramik-Verarbeitung
91260,Sonstiges
52500,Sonstiges
81377,Sonstiges
42604,Maschinen- & Anlagenbau
55585,Handel
57428,Sonstiges
58354,Sonstiges
48944,Maschinen- & Anlagenbau
13607,Sonstiges
27689,Sonstiges
25428,Sonstiges
89627,Maschinen- & Anlagenbau
34581,Maschinen- & Anlagenbau
70493,Elektro & Mess-Regeltechnik
125731,Kunststoff/Metall/Holz/Glas/Keramik-Verarbeitung
49871,Sonstiges
124187,Automotive & Zulieferer
38401,Sonstiges
41685,Automotive & Zulieferer
124740,Maschinen- & Anlagenbau
87542,Sonstiges
1002016,Kunststoff/Metall/Holz/Glas/Keramik-Verarbeitung
10749,Kunststoff/Metall/Holz/Glas/Keramik-Verarbeitung
24926,Sonstiges
111181,Sonstiges
13764,Elektro & Mess-Regeltechnik
29180,Maschinen- & Anlagenbau
104707,Automotive & Zulieferer
71273,Maschinen- & Anlagenbau
77350,Sonstiges
50329,Sonstiges
67768,Sonstiges
79380,Sonstiges
102687,Handel
89733,Kunststoff/Metall/Holz/Glas/Keramik-Verarbeitung
88021,Kunststoff/Metall/Holz/Glas/Keramik-Verarbeitung
75965,Maschinen- & Anlagenbau
54023,Sonstiges
13638,Sonstiges
25414,Kunststoff/Metall/Holz/Glas/Keramik-Verarbeitung
62089,Handel
110303,Kunststoff/Metall/Holz/Glas/Keramik-Verarbeitung
20172,Kunststoff/Metall/Holz/Glas/Keramik-Verarbeitung
82483,Sonstiges
34544,Kunststoff/Metall/Holz/Glas/Keramik-Verarbeitung
49399,Maschinen- & Anlagenbau
82137,Kalibrierlabore & Zertifizierungsstellen
63055,Sonstiges
25640,Kunststoff/Metall/Holz/Glas/Keramik-Verarbeitung
1017621,Elektro & Mess-Regeltechnik
22544,Sonstiges
80539,Automotive & Zulieferer
10221,Handel
20104,Handel
11617,Kunststoff/Metall/Holz/Glas/Keramik-Verarbeitung
76082,Sonstiges
113470,Elektro & Mess-Regeltechnik
76914,Sonstiges
98907,Luft- & Raumfahrt & Zulieferer
101783,Kunststoff/Metall/Holz/Glas/Keramik-Verarbeitung
83266,Kunststoff/Metall/Holz/Glas/Keramik-Verarbeitung
62410,Automotive & Zulieferer
33641,Kunststoff/Metall/Holz/Glas/Keramik-Verarbeitung
10009,Maschinen- & Anlagenbau
16148,Maschinen- & Anlagenbau
45917,Kunststoff/Metall/Holz/Glas/Keramik-Verarbeitung
85482,Sonstiges
49536,Sonstiges
99401,Handel
91047,Kunststoff/Metall/Holz/Glas/Keramik-Verarbeitung
125625,Energie
10539,Sonstiges
81153,Luft- & Raumfahrt & Zulieferer
120487,Maschinen- & Anlagenbau
49495,Kunststoff/Metall/Holz/Glas/Keramik-Verarbeitung
111366,Kunststoff/Metall/Holz/Glas/Keramik-Verarbeitung
32826,Automotive & Zulieferer
47204,Sonstiges
102207,Sonstiges
23886,Sonstiges
4434,Maschinen- & Anlagenbau
58884,Medical
97069,Pharma
15073,Sonstiges
97873,Sonstiges
19589,Kunststoff/Metall/Holz/Glas/Keramik-Verarbeitung
38892,Sonstiges
40070,Sonstiges
55298,Maschinen- & Anlagenbau
38176,Maschinen- & Anlagenbau
76562,Sonstiges
118729,Sonstiges
36120,Maschinen- & Anlagenbau
1564029,Elektro & Mess-Regeltechnik
82285,Maschinen- & Anlagenbau
14084,Maschinen- & Anlagenbau
87366,Automotive & Zulieferer
25182,Kunststoff/Metall/Holz/Glas/Keramik-Verarbeitung
26153,Sonstiges
29365,Maschinen- & Anlagenbau
71369,Kunststoff/Metall/Holz/Glas/Keramik-Verarbeitung
46842,Kunststoff/Metall/Holz/Glas/Keramik-Verarbeitung
31539,Kunststoff/Metall/Holz/Glas/Keramik-Verarbeitung
5619,Sonstiges
126567,Maschinen- & Anlagenbau
84273,Maschinen- & Anlagenbau
1010361,Kunststoff/Metall/Holz/Glas/Keramik-Verarbeitung
67845,Sonstiges
32626,Handel
89827,Maschinen- & Anlagenbau
122137,Handel
10034,Maschinen- & Anlagenbau
35562,Maschinen- & Anlagenbau
59535,Sonstiges
50219,Sonstiges
14176,Chemie & Raffinerie
1051420,Maschinen- & Anlagenbau
76342,Sonstiges
102326,Sonstiges
1006720,Maschinen- & Anlagenbau
10178,Energie
51441,Kunststoff/Metall/Holz/Glas/Keramik-Verarbeitung
16922,Kunststoff/Metall/Holz/Glas/Keramik-Verarbeitung
14421,Maschinen- & Anlagenbau
36830,Handel
100282,Sonstiges
59401,Sonstiges
56814,Maschinen- & Anlagenbau
13252,Elektro & Mess-Regeltechnik
120466,Handel
59484,Chemie & Raffinerie
19453,Sonstiges
14506,Maschinen- & Anlagenbau
40309,Chemie & Raffinerie
105012,Maschinen- & Anlagenbau
1018276,Kunststoff/Metall/Holz/Glas/Keramik-Verarbeitung
11244,Handel
80768,Maschinen- & Anlagenbau
81044,Automotive & Zulieferer
96561,Elektro & Mess-Regeltechnik
61489,Kunststoff/Metall/Holz/Glas/Keramik-Verarbeitung
37105,Sonstiges
55324,Maschinen- & Anlagenbau
83545,Sonstiges
1011307,Kunststoff/Metall/Holz/Glas/Keramik-Verarbeitung
94980,Pharma
113971,Handel
18217,Kunststoff/Metall/Holz/Glas/Keramik-Verarbeitung
113821,Sonstiges
95343,Sonstiges
94156,Sonstiges
278,Maschinen- & Anlagenbau
123264,Automotive & Zulieferer
20278,Maschinen- & Anlagenbau
81279,Luft- & Raumfahrt & Zulieferer
127369,Sonstiges
1007121,Kunststoff/Metall/Holz/Glas/Keramik-Verarbeitung
97272,Maschinen- & Anlagenbau
59724,Sonstiges
5144,Medical
110089,Maschinen- & Anlagenbau
88249,Handel
11623,Kunststoff/Metall/Holz/Glas/Keramik-Verarbeitung
18137,Sonstiges
16779,Kunststoff/Metall/Holz/Glas/Keramik-Verarbeitung
101959,Sonstiges
115628,Sonstiges
94410,Elektro & Mess-Regeltechnik
54372,Sonstiges
14534,Elektro & Mess-Regeltechnik
44847,Handel
21492,Kunststoff/Metall/Holz/Glas/Keramik-Verarbeitung
1005176,Kunststoff/Metall/Holz/Glas/Keramik-Verarbeitung
78586,Handel
50194,Sonstiges
12210,Handel
38150,Sonstiges
19646,Kunststoff/Metall/Holz/Glas/Keramik-Verarbeitung
104007,Sonstiges
1001523,Kunststoff/Metall/Holz/Glas/Keramik-Verarbeitung
27373,Sonstiges
59765,Sonstiges
126793,Kunststoff/Metall/Holz/Glas/Keramik-Verarbeitung
12691,Kunststoff/Metall/Holz/Glas/Keramik-Verarbeitung
81325,Automotive & Zulieferer
52625,Elektro & Mess-Regeltechnik
124665,Maschinen- & Anlagenbau
108255,Sonstiges
11390,Elektro & Mess-Regeltechnik
1102582,Maschinen- & Anlagenbau
47485,Sonstiges
48005,Automotive & Zulieferer
110809,Sonstiges
19562,Kunststoff/Metall/Holz/Glas/Keramik-Verarbeitung
25562,Automotive & Zulieferer
116445,Handel
55675,Sonstiges
99053,Sonstiges
1009447,Kunststoff/Metall/Holz/Glas/Keramik-Verarbeitung
60700,Maschinen- & Anlagenbau
81249,Sonstiges
76154,Sonstiges
2219,Sonstiges
1043656,Maschinen- & Anlagenbau
90017,Automotive & Zulieferer
111007,Sonstiges
2986,Kunststoff/Metall/Holz/Glas/Keramik-Verarbeitung
49419,Sonstiges
105705,Sonstiges
70598,Sonstiges
15321,Maschinen- & Anlagenbau
52250,Sonstiges
109836,Kunststoff/Metall/Holz/Glas/Keramik-Verarbeitung
88978,Maschinen- & Anlagenbau
1047550,Handel
25856,Maschinen- & Anlagenbau
45988,Sonstiges
109262,Sonstiges
68215,Kunststoff/Metall/Holz/Glas/Keramik-Verarbeitung
1010046,Chemie & Raffinerie
113576,Automotive & Zulieferer
21527,Chemie & Raffinerie
37586,Sonstiges
11157,Sonstiges
60271,Chemie & Raffinerie
83539,Sonstiges
98849,Sonstiges
96839,Sonstiges
58791,Sonstiges
23368,Kunststoff/Metall/Holz/Glas/Keramik-Verarbeitung
40804,Sonstiges
67071,Handel
1001679,Maschinen- & Anlagenbau
11732,Automotive & Zulieferer
16125,Maschinen- & Anlagenbau
31596,Sonstiges
63196,Sonstiges
1041892,Elektro & Mess-Regeltechnik
28247,Sonstiges
51719,Chemie & Raffinerie
97114,Sonstiges
106279,Sonstiges
29580,Handel
39145,Sonstiges
66966,Sonstiges
11915,Maschinen- & Anlagenbau
97707,Sonstiges
49085,Sonstiges
106997,Kunststoff/Metall/Holz/Glas/Keramik-Verarbeitung
20786,Sonstiges
3330,Sonstiges
111593,Sonstiges
55052,Maschinen- & Anlagenbau
88851,Sonstiges
116457,Automotive & Zulieferer
33097,Elektro & Mess-Regeltechnik
49537,Sonstiges
80681,Sonstiges
91859,Sonstiges
23323,Kunststoff/Metall/Holz/Glas/Keramik-Verarbeitung
13803,Maschinen- & Anlagenbau
45703,Maschinen- & Anlagenbau
104673,Sonstiges
57798,Automotive & Zulieferer
85138,Automotive & Zulieferer
46913,Handel
111930,Medical
11548,Kunststoff/Metall/Holz/Glas/Keramik-Verarbeitung
32476,Maschinen- & Anlagenbau
20841,Kunststoff/Metall/Holz/Glas/Keramik-Verarbeitung
56659,Sonstiges
12566,Sonstiges
54909,Sonstiges
98369,Sonstiges
15102,Maschinen- & Anlagenbau
10220,Maschinen- & Anlagenbau
50902,Sonstiges
77342,Sonstiges
55906,Automotive & Zulieferer
102937,Sonstiges
89626,Kunststoff/Metall/Holz/Glas/Keramik-Verarbeitung
4529,Luft- & Raumfahrt & Zulieferer
1018148,Energie
32897,Kunststoff/Metall/Holz/Glas/Keramik-Verarbeitung
105389,Sonstiges
15187,Maschinen- & Anlagenbau
16738,Automotive & Zulieferer
4629,Automotive & Zulieferer
94168,Maschinen- & Anlagenbau
116620,Chemie & Raffinerie
66125,Sonstiges
120305,Halbleiter & Mikroelektronik
124706,Handel
108205,Elektro & Mess-Regeltechnik
89094,Elektro & Mess-Regeltechnik
103527,Sonstiges
41775,Automotive & Zulieferer
113184,Sonstiges
23134,Sonstiges
101362,Maschinen- & Anlagenbau
57304,Chemie & Raffinerie
83847,Sonstiges
103393,Sonstiges
47022,Elektro & Mess-Regeltechnik
53535,Kunststoff/Metall/Holz/Glas/Keramik-Verarbeitung
89744,Sonstiges
116672,Handel
51405,Sonstiges
27193,Maschinen- & Anlagenbau
40735,Sonstiges
26816,Kunststoff/Metall/Holz/Glas/Keramik-Verarbeitung
12322,Automotive & Zulieferer
60522,Automotive & Zulieferer
75668,Sonstiges
53920,Sonstiges
18045,Automotive & Zulieferer
98499,Sonstiges
98043,Maschinen- & Anlagenbau
81866,Kunststoff/Metall/Holz/Glas/Keramik-Verarbeitung
83260,Automotive & Zulieferer
17954,Maschinen- & Anlagenbau
113600,Sonstiges
15696,Kunststoff/Metall/Holz/Glas/Keramik-Verarbeitung
19621,Elektro & Mess-Regeltechnik
29578,Sonstiges
39215,Elektro & Mess-Regeltechnik
120734,Automotive & Zulieferer
1002539,Maschinen- & Anlagenbau
1046751,Handel
22696,Kunststoff/Metall/Holz/Glas/Keramik-Verarbeitung
90182,Sonstiges
89002,Maschinen- & Anlagenbau
75901,Sonstiges
51379,Kunststoff/Metall/Holz/Glas/Keramik-Verarbeitung
105229,Medical
26786,Maschinen- & Anlagenbau
17288,Automotive & Zulieferer
22364,Kunststoff/Metall/Holz/Glas/Keramik-Verarbeitung
28207,Sonstiges
100661,Handel
20701,Kunststoff/Metall/Holz/Glas/Keramik-Verarbeitung
19603,Maschinen- & Anlagenbau
26558,Sonstiges
79597,Luft- & Raumfahrt & Zulieferer
26018,Sonstiges
100022,Sonstiges
2066,Sonstiges
88986,Sonstiges
44143,Automotive & Zulieferer
120595,Maschinen- & Anlagenbau
87000,Pharma
97379,Sonstiges
80804,Sonstiges
123181,Automotive & Zulieferer
129105,Automotive & Zulieferer
10538,Sonstiges
115728,Sonstiges
15060,Kunststoff/Metall/Holz/Glas/Keramik-Verarbeitung
13573,Kunststoff/Metall/Holz/Glas/Keramik-Verarbeitung
99566,Handel
6587,Kunststoff/Metall/Holz/Glas/Keramik-Verarbeitung
70892,Automotive & Zulieferer
16700,Automotive & Zulieferer
1002803,Kunststoff/Metall/Holz/Glas/Keramik-Verarbeitung
28085,Sonstiges
3176,Sonstiges
18931,Kunststoff/Metall/Holz/Glas/Keramik-Verarbeitung
20405,Maschinen- & Anlagenbau
44366,Kunststoff/Metall/Holz/Glas/Keramik-Verarbeitung
90929,Maschinen- & Anlagenbau
83773,Kunststoff/Metall/Holz/Glas/Keramik-Verarbeitung
82486,Sonstiges
86928,Sonstiges
124938,Medical
19548,Sonstiges
45013,Sonstiges
49699,Automotive & Zulieferer
54935,Sonstiges
50414,Maschinen- & Anlagenbau
93806,Elektro & Mess-Regeltechnik
113895,Handel
58577,Automotive & Zulieferer
1051867,Handel
43801,Automotive & Zulieferer
1021418,Kunststoff/Metall/Holz/Glas/Keramik-Verarbeitung
115044,Sonstiges
37888,Elektro & Mess-Regeltechnik
57001,Automotive & Zulieferer
24098,Sonstiges
49933,Sonstiges
42902,Sonstiges
1564703,Kunststoff/Metall/Holz/Glas/Keramik-Verarbeitung
24241,Kunststoff/Metall/Holz/Glas/Keramik-Verarbeitung
95675,Sonstiges
19429,Luft- & Raumfahrt & Zulieferer
34952,Sonstiges
31517,Maschinen- & Anlagenbau
1018529,Elektro & Mess-Regeltechnik
61880,Elektro & Mess-Regeltechnik
1113969,Kunststoff/Metall/Holz/Glas/Keramik-Verarbeitung
48249,Sonstiges
85162,Handel
107332,Kunststoff/Metall/Holz/Glas/Keramik-Verarbeitung
70283,Kunststoff/Metall/Holz/Glas/Keramik-Verarbeitung
52542,Sonstiges
84782,Chemie & Raffinerie
51834,Sonstiges
21333,Maschinen- & Anlagenbau
89304,Sonstiges
109030,Sonstiges
43500,Kunststoff/Metall/Holz/Glas/Keramik-Verarbeitung
64548,Sonstiges
36752,Kunststoff/Metall/Holz/Glas/Keramik-Verarbeitung
53740,Sonstiges
15177,Maschinen- & Anlagenbau
79027,Kunststoff/Metall/Holz/Glas/Keramik-Verarbeitung
40601,Handel
116880,Handel
96238,Sonstiges
39542,Maschinen- & Anlagenbau
17553,Elektro & Mess-Regeltechnik
115215,Sonstiges
105424,Elektro & Mess-Regeltechnik
104674,Sonstiges
42772,Maschinen- & Anlagenbau
128065,Defence
123561,Maschinen- & Anlagenbau
20556,Kunststoff/Metall/Holz/Glas/Keramik-Verarbeitung
57059,Sonstiges
47986,Sonstiges
106247,Sonstiges
16156,Automotive & Zulieferer
14934,Maschinen- & Anlagenbau
86790,Maschinen- & Anlagenbau
112011,Sonstiges
39387,Maschinen- & Anlagenbau
94356,Kunststoff/Metall/Holz/Glas/Keramik-Verarbeitung
62923,Sonstiges
77998,Sonstiges
25214,Chemie & Raffinerie
50774,Maschinen- & Anlagenbau
95931,Maschinen- & Anlagenbau
11967,Sonstiges
19544,Maschinen- & Anlagenbau
15433,Sonstiges
43918,Sonstiges
1010986,Maschinen- & Anlagenbau
1012853,Maschinen- & Anlagenbau
52861,Sonstiges
57906,Sonstiges
50808,Sonstiges
95293,Sonstiges
27560,Elektro & Mess-Regeltechnik
100227,Sonstiges
65349,Automotive & Zulieferer
109253,Elektro & Mess-Regeltechnik
88310,Kunststoff/Metall/Holz/Glas/Keramik-Verarbeitung
122009,Sonstiges
100590,Kunststoff/Metall/Holz/Glas/Keramik-Verarbeitung
64006,Automotive & Zulieferer
5539,Kunststoff/Metall/Holz/Glas/Keramik-Verarbeitung
98054,Sonstiges
39254,Maschinen- & Anlagenbau
36497,Maschinen- & Anlagenbau
17078,Automotive & Zulieferer
37603,Sonstiges
93552,Elektro & Mess-Regeltechnik
20567,Chemie & Raffinerie
107326,Medical
71982,Kunststoff/Metall/Holz/Glas/Keramik-Verarbeitung
63122,Automotive & Zulieferer
21118,Chemie & Raffinerie
115346,Handel
59469,Maschinen- & Anlagenbau
3128,Elektro & Mess-Regeltechnik
4757,Elektro & Mess-Regeltechnik
118615,Maschinen- & Anlagenbau
99500,Sonstiges
33823,Sonstiges
42719,Maschinen- & Anlagenbau
58286,Sonstiges
110857,Sonstiges
50269,Sonstiges
1010105,Kunststoff/Metall/Holz/Glas/Keramik-Verarbeitung
1046566,Kunststoff/Metall/Holz/Glas/Keramik-Verarbeitung
103368,Automotive & Zulieferer
87959,Elektro & Mess-Regeltechnik
97082,Sonstiges
21195,Kunststoff/Metall/Holz/Glas/Keramik-Verarbeitung
88816,Maschinen- & Anlagenbau
126184,Kunststoff/Metall/Holz/Glas/Keramik-Verarbeitung
103015,Sonstiges
92684,Sonstiges
68595,Maschinen- & Anlagenbau
23331,Automotive & Zulieferer
66777,Elektro & Mess-Regeltechnik
55834,Kalibrierlabore & Zertifizierungsstellen
16848,Chemie & Raffinerie
126935,Automotive & Zulieferer
35977,Sonstiges
68058,Sonstiges
83291,Sonstiges
98887,Chemie & Raffinerie
125996,Automotive & Zulieferer
111135,Handel
86633,Maschinen- & Anlagenbau
3196,Automotive & Zulieferer
59474,Automotive & Zulieferer
88742,Sonstiges
59897,Kunststoff/Metall/Holz/Glas/Keramik-Verarbeitung
82102,Sonstiges
1001701,Defence
89365,Automotive & Zulieferer
15607,Chemie & Raffinerie
58308,Sonstiges
46037,Maschinen- & Anlagenbau
49834,Sonstiges
59674,Sonstiges
113799,Handel
62787,Sonstiges
38809,Kunststoff/Metall/Holz/Glas/Keramik-Verarbeitung
96694,Maschinen- & Anlagenbau
64849,Kunststoff/Metall/Holz/Glas/Keramik-Verarbeitung
10501,Chemie & Raffinerie
58732,Sonstiges
28614,Sonstiges
5265,Sonstiges
14655,Sonstiges
5329,Sonstiges
85747,Kunststoff/Metall/Holz/Glas/Keramik-Verarbeitung
82079,Elektro & Mess-Regeltechnik
29451,Elektro & Mess-Regeltechnik
96844,Sonstiges
67702,Kunststoff/Metall/Holz/Glas/Keramik-Verarbeitung
52588,Sonstiges
59900,Sonstiges
55079,Maschinen- & Anlagenbau
68985,Sonstiges
22460,Kunststoff/Metall/Holz/Glas/Keramik-Verarbeitung
5580,Sonstiges
53293,Kunststoff/Metall/Holz/Glas/Keramik-Verarbeitung
973,Maschinen- & Anlagenbau
42297,Sonstiges
104982,Defence
127362,Handel
108532,Sonstiges
19320,Kunststoff/Metall/Holz/Glas/Keramik-Verarbeitung
1016214,Chemie & Raffinerie
107112,Sonstiges
68511,Sonstiges
78097,Automotive & Zulieferer
18346,Sonstiges
100625,Maschinen- & Anlagenbau
14052,Maschinen- & Anlagenbau
27815,Kunststoff/Metall/Holz/Glas/Keramik-Verarbeitung
28583,Maschinen- & Anlagenbau
78131,Sonstiges
39962,Sonstiges
93727,Chemie & Raffinerie
128267,Sonstiges
43779,Sonstiges
42487,Elektro & Mess-Regeltechnik
92465,Medical
21388,Sonstiges
80756,Sonstiges
4111,Sonstiges
68876,Automotive & Zulieferer
41409,Kunststoff/Metall/Holz/Glas/Keramik-Verarbeitung
18779,Chemie & Raffinerie
47471,Sonstiges
113034,Elektro & Mess-Regeltechnik
12795,Chemie & Raffinerie
116921,Sonstiges
10728,Maschinen- & Anlagenbau
35102,Sonstiges
96275,Sonstiges
25973,Elektro & Mess-Regeltechnik
11521,Maschinen- & Anlagenbau
1300199,Kunststoff/Metall/Holz/Glas/Keramik-Verarbeitung
108882,Sonstiges
79290,Maschinen- & Anlagenbau
70001,Chemie & Raffinerie
32029,Sonstiges
59234,Chemie & Raffinerie
123013,Sonstiges
86472,Kunststoff/Metall/Holz/Glas/Keramik-Verarbeitung
59796,Maschinen- & Anlagenbau
88983,Maschinen- & Anlagenbau
28865,Maschinen- & Anlagenbau
56244,Sonstiges
49892,Sonstiges
37514,Sonstiges
109350,Sonstiges
87313,Pharma
17793,Energie
104973,Kunststoff/Metall/Holz/Glas/Keramik-Verarbeitung
95338,Sonstiges
1022521,Kunststoff/Metall/Holz/Glas/Keramik-Verarbeitung
11206,Sonstiges
1043538,Kunststoff/Metall/Holz/Glas/Keramik-Verarbeitung
108285,Kunststoff/Metall/Holz/Glas/Keramik-Verarbeitung
104682,Automotive & Zulieferer
1016309,Maschinen- & Anlagenbau
91329,Sonstiges
50195,Sonstiges
118445,Kunststoff/Metall/Holz/Glas/Keramik-Verarbeitung
15592,Maschinen- & Anlagenbau
26627,Defence
61084,Maschinen- & Anlagenbau
10351,Elektro & Mess-Regeltechnik
96812,Sonstiges
12502,Handel
37191,Sonstiges
1602534,Kunststoff/Metall/Holz/Glas/Keramik-Verarbeitung
39442,Chemie & Raffinerie
42074,Automotive & Zulieferer
52283,Sonstiges
1046755,Elektro & Mess-Regeltechnik
59194,Kunststoff/Metall/Holz/Glas/Keramik-Verarbeitung
79495,Sonstiges
80435,Kunststoff/Metall/Holz/Glas/Keramik-Verarbeitung
111512,Medical
73915,Handel
98720,Sonstiges
1003212,Kunststoff/Metall/Holz/Glas/Keramik-Verarbeitung
36792,Sonstiges
26042,Maschinen- & Anlagenbau
106779,Sonstiges
99377,Sonstiges
89147,Kunststoff/Metall/Holz/Glas/Keramik-Verarbeitung
1564490,Maschinen- & Anlagenbau
87576,Sonstiges
1010777,Kunststoff/Metall/Holz/Glas/Keramik-Verarbeitung
107104,Handel
92909,Sonstiges
17549,Medical
89423,Sonstiges
110187,Automotive & Zulieferer
93856,Sonstiges
10481,Sonstiges
124935,Handel
1002759,Maschinen- & Anlagenbau
15032,Maschinen- & Anlagenbau
96423,Medical
57487,Maschinen- & Anlagenbau
27177,Handel
116777,Sonstiges
47839,Maschinen- & Anlagenbau
62860,Kunststoff/Metall/Holz/Glas/Keramik-Verarbeitung
1019838,Kunststoff/Metall/Holz/Glas/Keramik-Verarbeitung
69192,Kunststoff/Metall/Holz/Glas/Keramik-Verarbeitung
92157,Sonstiges
1001600,Maschinen- & Anlagenbau
17200,Maschinen- & Anlagenbau
59315,Sonstiges
15022,Maschinen- & Anlagenbau
118699,Handel
7125,Kunststoff/Metall/Holz/Glas/Keramik-Verarbeitung
12158,Sonstiges
122325,Kunststoff/Metall/Holz/Glas/Keramik-Verarbeitung
113144,Sonstiges
1167,Sonstiges
45836,Sonstiges
36860,Sonstiges
66095,Medical
32833,Automotive & Zulieferer
64705,Elektro & Mess-Regeltechnik
1001638,Automotive & Zulieferer
28637,Sonstiges
58924,Maschinen- & Anlagenbau
67804,Sonstiges
22483,Automotive & Zulieferer
84277,Sonstiges
48531,Kunststoff/Metall/Holz/Glas/Keramik-Verarbeitung
1009613,Maschinen- & Anlagenbau
78863,Maschinen- & Anlagenbau
95214,Sonstiges
101539,Handel
110893,Sonstiges
110636,Sonstiges
16437,Automotive & Zulieferer
41042,Kunststoff/Metall/Holz/Glas/Keramik-Verarbeitung
43872,Kunststoff/Metall/Holz/Glas/Keramik-Verarbeitung
10890,Sonstiges
12941,Maschinen- & Anlagenbau
128738,Handel
47382,Maschinen- & Anlagenbau
52506,Kunststoff/Metall/Holz/Glas/Keramik-Verarbeitung
76197,Sonstiges
1014359,Maschinen- & Anlagenbau
15263,Kunststoff/Metall/Holz/Glas/Keramik-Verarbeitung
114215,Sonstiges
51882,Sonstiges
114227,Kunststoff/Metall/Holz/Glas/Keramik-Verarbeitung
4746,Sonstiges
81828,Sonstiges
87968,Sonstiges
56702,Sonstiges
115238,Handel
70640,Maschinen- & Anlagenbau
101819,Kunststoff/Metall/Holz/Glas/Keramik-Verarbeitung
20344,Kunststoff/Metall/Holz/Glas/Keramik-Verarbeitung
117068,Kunststoff/Metall/Holz/Glas/Keramik-Verarbeitung
12157,Maschinen- & Anlagenbau
29783,Sonstiges
26569,Sonstiges
107657,Handel
1046560,Maschinen- & Anlagenbau
113843,Sonstiges
31164,Sonstiges
32596,Sonstiges
111159,Sonstiges
1564790,Maschinen- & Anlagenbau
98616,Sonstiges
1048813,Kunststoff/Metall/Holz/Glas/Keramik-Verarbeitung
89540,Kunststoff/Metall/Holz/Glas/Keramik-Verarbeitung
17892,Kunststoff/Metall/Holz/Glas/Keramik-Verarbeitung
29401,Medical
89737,Automotive & Zulieferer
1011184,Kunststoff/Metall/Holz/Glas/Keramik-Verarbeitung
119751,Handel
1043380,Elektro & Mess-Regeltechnik
53759,Sonstiges
35243,Maschinen- & Anlagenbau
4542,Sonstiges
39584,Maschinen- & Anlagenbau
69211,Elektro & Mess-Regeltechnik
47551,Automotive & Zulieferer
54714,Medical
108772,Sonstiges
6960,Automotive & Zulieferer
97392,Sonstiges
3551,Maschinen- & Anlagenbau
4134,Sonstiges
100853,Maschinen- & Anlagenbau
68990,Elektro & Mess-Regeltechnik
14976,Handel
54594,Kunststoff/Metall/Holz/Glas/Keramik-Verarbeitung
35135,Kunststoff/Metall/Holz/Glas/Keramik-Verarbeitung
96779,Automotive & Zulieferer
1008682,Handel
119656,Automotive & Zulieferer
21085,Sonstiges
99714,Sonstiges
26977,Sonstiges
44782,Sonstiges
1047882,Maschinen- & Anlagenbau
89629,Automotive & Zulieferer
31767,Automotive & Zulieferer
1793,Sonstiges
24112,Maschinen- & Anlagenbau
57456,Sonstiges
20259,Elektro & Mess-Regeltechnik
54272,Sonstiges
81068,Sonstiges
67817,Sonstiges
45137,Kunststoff/Metall/Holz/Glas/Keramik-Verarbeitung
58676,Sonstiges
50504,Sonstiges
47664,Maschinen- & Anlagenbau
55508,Elektro & Mess-Regeltechnik
41752,Automotive & Zulieferer
84402,Sonstiges
113457,Sonstiges
11158,Elektro & Mess-Regeltechnik
31386,Sonstiges
52225,Kunststoff/Metall/Holz/Glas/Keramik-Verarbeitung
96185,Sonstiges
111828,Sonstiges
112347,Kunststoff/Metall/Holz/Glas/Keramik-Verarbeitung
1564631,Maschinen- & Anlagenbau
1000772,Elektro & Mess-Regeltechnik
53868,Kunststoff/Metall/Holz/Glas/Keramik-Verarbeitung
15719,Maschinen- & Anlagenbau
25808,Sonstiges
56501,Elektro & Mess-Regeltechnik
25884,Kunststoff/Metall/Holz/Glas/Keramik-Verarbeitung
11643,Automotive & Zulieferer
17322,Maschinen- & Anlagenbau
34612,Kunststoff/Metall/Holz/Glas/Keramik-Verarbeitung
1013754,Kunststoff/Metall/Holz/Glas/Keramik-Verarbeitung
77990,Kunststoff/Metall/Holz/Glas/Keramik-Verarbeitung
37090,Sonstiges
17413,Kunststoff/Metall/Holz/Glas/Keramik-Verarbeitung
15584,Kunststoff/Metall/Holz/Glas/Keramik-Verarbeitung
39092,Handel
110062,Kunststoff/Metall/Holz/Glas/Keramik-Verarbeitung
30023,Maschinen- & Anlagenbau
54523,Sonstiges
66317,Energie
83747,Automotive & Zulieferer
83566,Automotive & Zulieferer
68536,Handel
22195,Elektro & Mess-Regeltechnik
44603,Sonstiges
19001,Kunststoff/Metall/Holz/Glas/Keramik-Verarbeitung
61682,Sonstiges
22426,Maschinen- & Anlagenbau
30934,Maschinen- & Anlagenbau
45943,Maschinen- & Anlagenbau
79869,Sonstiges
16883,Elektro & Mess-Regeltechnik
887,Maschinen- & Anlagenbau
93978,Kunststoff/Metall/Holz/Glas/Keramik-Verarbeitung
89420,Sonstiges
11853,Sonstiges
123160,Handel
48662,Sonstiges
104995,Sonstiges
87598,Sonstiges
113508,Kunststoff/Metall/Holz/Glas/Keramik-Verarbeitung
117755,Maschinen- & Anlagenbau
18927,Chemie & Raffinerie
4421,Sonstiges
92043,Kunststoff/Metall/Holz/Glas/Keramik-Verarbeitung
103700,Handel
23575,Sonstiges
11375,Kunststoff/Metall/Holz/Glas/Keramik-Verarbeitung
63445,Maschinen- & Anlagenbau
92543,Maschinen- & Anlagenbau
25584,Handel
1564737,Maschinen- & Anlagenbau
11334,Elektro & Mess-Regeltechnik
28405,Maschinen- & Anlagenbau
4846,Automotive & Zulieferer
113720,Handel
57782,Sonstiges
82627,Sonstiges
104059,Sonstiges
92989,Sonstiges
51936,Elektro & Mess-Regeltechnik
90464,Maschinen- & Anlagenbau
1002534,Elektro & Mess-Regeltechnik
2045,Maschinen- & Anlagenbau
17030,Elektro & Mess-Regeltechnik
21642,Kunststoff/Metall/Holz/Glas/Keramik-Verarbeitung
10172,Elektro & Mess-Regeltechnik
109021,Sonstiges
122529,Defence
107953,Sonstiges
56347,Sonstiges
99699,Sonstiges
49292,Sonstiges
113616,Kunststoff/Metall/Holz/Glas/Keramik-Verarbeitung
82375,Sonstiges
119565,Handel
33478,Kunststoff/Metall/Holz/Glas/Keramik-Verarbeitung
112758,Handel
25753,Sonstiges
84278,Klima & Heizung (Facility)
120775,Maschinen- & Anlagenbau
20767,Maschinen- & Anlagenbau
58909,Chemie & Raffinerie
1015854,Maschinen- & Anlagenbau
96302,Automotive & Zulieferer
37478,Maschinen- & Anlagenbau
34751,Elektro & Mess-Regeltechnik
71312,Sonstiges
50160,Maschinen- & Anlagenbau
91348,Sonstiges
10325,Handel
38432,Automotive & Zulieferer
65815,Sonstiges
62836,Kunststoff/Metall/Holz/Glas/Keramik-Verarbeitung
116177,Elektro & Mess-Regeltechnik
29427,Sonstiges
89367,Maschinen- & Anlagenbau
124552,Pharma
1048979,Maschinen- & Anlagenbau
15121,Handel
34309,Sonstiges
106736,Sonstiges
83942,Sonstiges
82374,Sonstiges
1227,Kunststoff/Metall/Holz/Glas/Keramik-Verarbeitung
92247,Elektro & Mess-Regeltechnik
119757,Sonstiges
1012254,Maschinen- & Anlagenbau
84214,Automotive & Zulieferer
94867,Sonstiges
87649,Sonstiges
103661,Maschinen- & Anlagenbau
50011,Sonstiges
14387,Kunststoff/Metall/Holz/Glas/Keramik-Verarbeitung
17368,Maschinen- & Anlagenbau
123842,Kunststoff/Metall/Holz/Glas/Keramik-Verarbeitung
117062,Sonstiges
123652,Handel
45531,Maschinen- & Anlagenbau
105306,Elektro & Mess-Regeltechnik
15116,Sonstiges
43517,Chemie & Raffinerie
111357,Luft- & Raumfahrt & Zulieferer
92407,Sonstiges
69975,Sonstiges
53631,Sonstiges
50468,Sonstiges
14868,Sonstiges
52527,Sonstiges
11383,Kunststoff/Metall/Holz/Glas/Keramik-Verarbeitung
96229,Sonstiges
1001400,Maschinen- & Anlagenbau
81764,Sonstiges
14183,Handel
54230,Maschinen- & Anlagenbau
80992,Sonstiges
90774,Kunststoff/Metall/Holz/Glas/Keramik-Verarbeitung
64274,Luft- & Raumfahrt & Zulieferer
58266,Sonstiges
92259,Sonstiges
60060,Kunststoff/Metall/Holz/Glas/Keramik-Verarbeitung
38938,Kunststoff/Metall/Holz/Glas/Keramik-Verarbeitung
50433,Automotive & Zulieferer
127670,Handel
18698,Maschinen- & Anlagenbau
34160,Kunststoff/Metall/Holz/Glas/Keramik-Verarbeitung
46262,Sonstiges
56048,Sonstiges
81290,Handel
66012,Kunststoff/Metall/Holz/Glas/Keramik-Verarbeitung
85008,Automotive & Zulieferer
87055,Sonstiges
63452,Sonstiges
45454,Maschinen- & Anlagenbau
48177,Automotive & Zulieferer
25629,Maschinen- & Anlagenbau
56553,Kunststoff/Metall/Holz/Glas/Keramik-Verarbeitung
57742,Elektro & Mess-Regeltechnik
11651,Kunststoff/Metall/Holz/Glas/Keramik-Verarbeitung
67573,Sonstiges
87548,Sonstiges
55848,Sonstiges
1022266,Kunststoff/Metall/Holz/Glas/Keramik-Verarbeitung
88381,Sonstiges
36227,Sonstiges
83771,Medical
37856,Sonstiges
10456,Sonstiges
59634,Sonstiges
79865,Maschinen- & Anlagenbau
31759,Sonstiges
83249,Sonstiges
15180,Kunststoff/Metall/Holz/Glas/Keramik-Verarbeitung
27708,Maschinen- & Anlagenbau
26582,Kunststoff/Metall/Holz/Glas/Keramik-Verarbeitung
14639,Kunststoff/Metall/Holz/Glas/Keramik-Verarbeitung
17974,Kunststoff/Metall/Holz/Glas/Keramik-Verarbeitung
64290,Sonstiges
71250,Sonstiges
70627,Sonstiges
13076,Sonstiges
47564,Sonstiges
21713,Chemie & Raffinerie
31502,Kunststoff/Metall/Holz/Glas/Keramik-Verarbeitung
118468,Handel
90917,Sonstiges
112996,Defence
94751,Sonstiges
55235,Sonstiges
69230,Energie
81936,Sonstiges
1002655,Sonstiges
56656,Maschinen- & Anlagenbau
81917,Sonstiges
127513,Handel
103925,Sonstiges
123259,Handel
18117,Handel
1013855,Kunststoff/Metall/Holz/Glas/Keramik-Verarbeitung
1018090,Maschinen- & Anlagenbau
95546,Elektro & Mess-Regeltechnik
89995,Sonstiges
60594,Maschinen- & Anlagenbau
128099,Sonstiges
56416,Automotive & Zulieferer
19259,Elektro & Mess-Regeltechnik
96693,Elektro & Mess-Regeltechnik
48507,Maschinen- & Anlagenbau
103976,Sonstiges
49271,Kunststoff/Metall/Holz/Glas/Keramik-Verarbeitung
44992,Sonstiges
25630,Automotive & Zulieferer
1015901,Elektro & Mess-Regeltechnik
1010872,Kunststoff/Metall/Holz/Glas/Keramik-Verarbeitung
40079,Automotive & Zulieferer
60291,Automotive & Zulieferer
100933,Maschinen- & Anlagenbau
69168,Sonstiges
70625,Defence
11705,Handel
107347,Handel
17857,Maschinen- & Anlagenbau
128703,Handel
80637,Maschinen- & Anlagenbau
93857,Automotive & Zulieferer
29310,Automotive & Zulieferer
125842,Handel
35847,Handel
109374,Sonstiges
87029,Sonstiges
115647,Automotive & Zulieferer
2300,Kunststoff/Metall/Holz/Glas/Keramik-Verarbeitung
18854,Medical
46236,Maschinen- & Anlagenbau
37979,Maschinen- & Anlagenbau
66638,Kunststoff/Metall/Holz/Glas/Keramik-Verarbeitung
115045,Sonstiges
115076,Handel
117592,Sonstiges
24352,Kunststoff/Metall/Holz/Glas/Keramik-Verarbeitung
31232,Maschinen- & Anlagenbau
41864,Automotive & Zulieferer
47431,Handel
1014483,Sonstiges
80576,Maschinen- & Anlagenbau
108396,Sonstiges
20159,Kunststoff/Metall/Holz/Glas/Keramik-Verarbeitung
57553,Elektro & Mess-Regeltechnik
29465,Sonstiges
10088,Maschinen- & Anlagenbau
34563,Kunststoff/Metall/Holz/Glas/Keramik-Verarbeitung
105240,Maschinen- & Anlagenbau
2925,Kunststoff/Metall/Holz/Glas/Keramik-Verarbeitung
1007541,Automotive & Zulieferer
1002283,Sonstiges
90352,Automotive & Zulieferer
103835,Sonstiges
54397,Sonstiges
107275,Kunststoff/Metall/Holz/Glas/Keramik-Verarbeitung
98581,Sonstiges
81564,Sonstiges
1023120,Maschinen- & Anlagenbau
60649,Elektro & Mess-Regeltechnik
42684,Sonstiges
60929,Handel
112260,Sonstiges
117288,Luft- & Raumfahrt & Zulieferer
87800,Sonstiges
12600,Automotive & Zulieferer
15527,Kunststoff/Metall/Holz/Glas/Keramik-Verarbeitung
92575,Elektro & Mess-Regeltechnik
1051362,Maschinen- & Anlagenbau
115650,Sonstiges
54562,Luft- & Raumfahrt & Zulieferer
47562,Maschinen- & Anlagenbau
12817,Kunststoff/Metall/Holz/Glas/Keramik-Verarbeitung
28158,Sonstiges
29899,Sonstiges
121374,Sonstiges
97129,Sonstiges
1200902,Maschinen- & Anlagenbau
121316,Kunststoff/Metall/Holz/Glas/Keramik-Verarbeitung
36294,Sonstiges
115410,Sonstiges
70891,Sonstiges
30968,Automotive & Zulieferer
1000606,Kunststoff/Metall/Holz/Glas/Keramik-Verarbeitung
14526,Handel
106058,Sonstiges
105353,Kunststoff/Metall/Holz/Glas/Keramik-Verarbeitung
1565236,Elektro & Mess-Regeltechnik
124620,Kunststoff/Metall/Holz/Glas/Keramik-Verarbeitung
112259,Sonstiges
99311,Sonstiges
1008493,Elektro & Mess-Regeltechnik
56423,Maschinen- & Anlagenbau
23869,Handel
58563,Handel
83417,Maschinen- & Anlagenbau
66763,Sonstiges
95848,Sonstiges
39636,Maschinen- & Anlagenbau
4774,Automotive & Zulieferer
2716,Sonstiges
53720,Handel
80204,Handel
29251,Sonstiges
59289,Handel
103668,Sonstiges
51463,Sonstiges
39964,Medical
116593,Automotive & Zulieferer
36247,Kunststoff/Metall/Holz/Glas/Keramik-Verarbeitung
63029,Sonstiges
122247,Handel
35719,Sonstiges
1002672,Maschinen- & Anlagenbau
27690,Maschinen- & Anlagenbau
101128,Sonstiges
60241,Handel
71732,Sonstiges
85156,Sonstiges
38929,Maschinen- & Anlagenbau
2136,Kunststoff/Metall/Holz/Glas/Keramik-Verarbeitung
16057,Sonstiges
118715,Handel
115999,Handel
86927,Sonstiges
82811,Handel
25252,Elektro & Mess-Regeltechnik
52069,Sonstiges
26156,Elektro & Mess-Regeltechnik
70079,Sonstiges
98357,Sonstiges
1006465,Maschinen- & Anlagenbau
13335,Maschinen- & Anlagenbau
77900,Sonstiges
96287,Kunststoff/Metall/Holz/Glas/Keramik-Verarbeitung
26368,Sonstiges
106396,Sonstiges
102636,Maschinen- & Anlagenbau
1002472,Maschinen- & Anlagenbau
29762,Kunststoff/Metall/Holz/Glas/Keramik-Verarbeitung
68428,Handel
10529,Sonstiges
1051001,Handel
33608,Maschinen- & Anlagenbau
110722,Automotive & Zulieferer
30549,Sonstiges
120359,Halbleiter & Mikroelektronik
36567,Elektro & Mess-Regeltechnik
15794,Maschinen- & Anlagenbau
119416,Sonstiges
116413,Sonstiges
117375,Elektro & Mess-Regeltechnik
10531,Maschinen- & Anlagenbau
116250,Sonstiges
105467,Kunststoff/Metall/Holz/Glas/Keramik-Verarbeitung
21648,Handel
63261,Kunststoff/Metall/Holz/Glas/Keramik-Verarbeitung
93382,Automotive & Zulieferer
86695,Kunststoff/Metall/Holz/Glas/Keramik-Verarbeitung
99081,Sonstiges
65481,Sonstiges
82707,Elektro & Mess-Regeltechnik
46218,Sonstiges
62821,Sonstiges
99101,Sonstiges
88278,Kunststoff/Metall/Holz/Glas/Keramik-Verarbeitung
38658,Sonstiges
1564235,Automotive & Zulieferer
63047,Sonstiges
117737,Sonstiges
80277,Chemie & Raffinerie
27442,Maschinen- & Anlagenbau
10260,Automotive & Zulieferer
1012439,Kunststoff/Metall/Holz/Glas/Keramik-Verarbeitung
13536,Automotive & Zulieferer
29034,Sonstiges
118172,Automotive & Zulieferer
85993,Maschinen- & Anlagenbau
56104,Pharma
27929,Sonstiges
87232,Sonstiges
98069,Sonstiges
37595,Sonstiges
35660,Automotive & Zulieferer
49681,Sonstiges
1102276,Luft- & Raumfahrt & Zulieferer
109144,Kunststoff/Metall/Holz/Glas/Keramik-Verarbeitung
1000240,Maschinen- & Anlagenbau
17529,Automotive & Zulieferer
24517,Maschinen- & Anlagenbau
32160,Pharma
48326,Kunststoff/Metall/Holz/Glas/Keramik-Verarbeitung
116503,Sonstiges
64572,Luft- & Raumfahrt & Zulieferer
40979,Kunststoff/Metall/Holz/Glas/Keramik-Verarbeitung
80730,Kunststoff/Metall/Holz/Glas/Keramik-Verarbeitung
22126,Automotive & Zulieferer
1053065,Kunststoff/Metall/Holz/Glas/Keramik-Verarbeitung
76974,Maschinen- & Anlagenbau
834,Automotive & Zulieferer
57135,Elektro & Mess-Regeltechnik
51327,Sonstiges
91716,Sonstiges
28901,Sonstiges
3406,Sonstiges
4530,Elektro & Mess-Regeltechnik
1052936,Maschinen- & Anlagenbau
76898,Sonstiges
57628,Sonstiges
59748,Kunststoff/Metall/Holz/Glas/Keramik-Verarbeitung
14563,Automotive & Zulieferer
103669,Maschinen- & Anlagenbau
95210,Kunststoff/Metall/Holz/Glas/Keramik-Verarbeitung
90788,Maschinen- & Anlagenbau
70695,Sonstiges
55485,Maschinen- & Anlagenbau
69072,Sonstiges
11813,Maschinen- & Anlagenbau
1049978,Maschinen- & Anlagenbau
78347,Sonstiges
3475,Sonstiges
1042761,Kunststoff/Metall/Holz/Glas/Keramik-Verarbeitung
113869,Sonstiges
83589,Maschinen- & Anlagenbau
69441,Sonstiges
122412,Maschinen- & Anlagenbau
89862,Maschinen- & Anlagenbau
105245,Sonstiges
107638,Sonstiges
95414,Sonstiges
111167,Maschinen- & Anlagenbau
35546,Kalibrierlabore & Zertifizierungsstellen
120339,Sonstiges
4132,Kunststoff/Metall/Holz/Glas/Keramik-Verarbeitung
1001502,Handel
45089,Kunststoff/Metall/Holz/Glas/Keramik-Verarbeitung
14312,Maschinen- & Anlagenbau
21727,Maschinen- & Anlagenbau
46940,Sonstiges
97403,Maschinen- & Anlagenbau
16558,Handel
37068,Sonstiges
45691,Sonstiges
25016,Maschinen- & Anlagenbau
19345,Maschinen- & Anlagenbau
111282,Kunststoff/Metall/Holz/Glas/Keramik-Verarbeitung
111295,Sonstiges
49996,Sonstiges
22751,Kunststoff/Metall/Holz/Glas/Keramik-Verarbeitung
89143,Handel
60424,Chemie & Raffinerie
59608,Elektro & Mess-Regeltechnik
113454,Handel
111044,Sonstiges
26994,Handel
1047019,Maschinen- & Anlagenbau
13092,Handel
41634,Maschinen- & Anlagenbau
39948,Maschinen- & Anlagenbau
113338,Handel
40987,Sonstiges
117196,Sonstiges
60888,Automotive & Zulieferer
128720,Handel
2697,Maschinen- & Anlagenbau
116011,Handel
125626,Energie
12919,Maschinen- & Anlagenbau
115123,Elektro & Mess-Regeltechnik
38961,Automotive & Zulieferer
89480,Kunststoff/Metall/Holz/Glas/Keramik-Verarbeitung
67699,Sonstiges
68349,Sonstiges
49453,Maschinen- & Anlagenbau
29790,Automotive & Zulieferer
86501,Sonstiges
111749,Sonstiges
127636,Sonstiges
4354,Sonstiges
16455,Maschinen- & Anlagenbau
48803,Sonstiges
38653,Sonstiges
114952,Kunststoff/Metall/Holz/Glas/Keramik-Verarbeitung
59968,Sonstiges
22590,Maschinen- & Anlagenbau
62732,Sonstiges
38395,Kunststoff/Metall/Holz/Glas/Keramik-Verarbeitung
49058,Sonstiges
19251,Kunststoff/Metall/Holz/Glas/Keramik-Verarbeitung
80180,Sonstiges
12470,Kunststoff/Metall/Holz/Glas/Keramik-Verarbeitung
120479,Handel
55832,Sonstiges
32645,Automotive & Zulieferer
39748,Kunststoff/Metall/Holz/Glas/Keramik-Verarbeitung
77384,Sonstiges
69674,Sonstiges
101729,Handel
78598,Sonstiges
4020,Kunststoff/Metall/Holz/Glas/Keramik-Verarbeitung
114601,Sonstiges
120223,Sonstiges
113471,Handel
16741,Chemie & Raffinerie
50173,Sonstiges
64257,Kunststoff/Metall/Holz/Glas/Keramik-Verarbeitung
79843,Sonstiges
111594,Kunststoff/Metall/Holz/Glas/Keramik-Verarbeitung
18100,Maschinen- & Anlagenbau
25227,Sonstiges
94664,Sonstiges
18201,Kunststoff/Metall/Holz/Glas/Keramik-Verarbeitung
71782,Maschinen- & Anlagenbau
103517,Sonstiges
1050775,Maschinen- & Anlagenbau
113721,Handel
111738,Sonstiges
127319,Kunststoff/Metall/Holz/Glas/Keramik-Verarbeitung
116677,Handel
14844,Elektro & Mess-Regeltechnik
103790,Sonstiges
79739,Kunststoff/Metall/Holz/Glas/Keramik-Verarbeitung
29070,Automotive & Zulieferer
57753,Sonstiges
51598,Sonstiges
1043602,Sonstiges
125540,Sonstiges
1043521,Automotive & Zulieferer
121388,Sonstiges
71704,Sonstiges
1021723,Maschinen- & Anlagenbau
1042830,Maschinen- & Anlagenbau
21321,Handel
17304,Elektro & Mess-Regeltechnik
82589,Sonstiges
106484,Maschinen- & Anlagenbau
47739,Kunststoff/Metall/Holz/Glas/Keramik-Verarbeitung
43243,Sonstiges
18587,Maschinen- & Anlagenbau
65373,Kunststoff/Metall/Holz/Glas/Keramik-Verarbeitung
68983,Sonstiges
87127,Automotive & Zulieferer
89621,Sonstiges
88837,Sonstiges
25233,Elektro & Mess-Regeltechnik
1480,Maschinen- & Anlagenbau
1015051,Elektro & Mess-Regeltechnik
92226,Maschinen- & Anlagenbau
10149,Maschinen- & Anlagenbau
22662,Handel
127163,Maschinen- & Anlagenbau
128429,Kunststoff/Metall/Holz/Glas/Keramik-Verarbeitung
1053644,Handel
19206,Elektro & Mess-Regeltechnik
122277,Sonstiges
1020319,Maschinen- & Anlagenbau
3096,Maschinen- & Anlagenbau
83821,Kunststoff/Metall/Holz/Glas/Keramik-Verarbeitung
10552,Automotive & Zulieferer
66089,Maschinen- & Anlagenbau
78493,Sonstiges
24944,Maschinen- & Anlagenbau
22951,Maschinen- & Anlagenbau
87866,Sonstiges
43220,Kunststoff/Metall/Holz/Glas/Keramik-Verarbeitung
46141,Sonstiges
123914,Handel
106395,Pharma
17937,Maschinen- & Anlagenbau
50242,Sonstiges
58726,Sonstiges
65822,Kunststoff/Metall/Holz/Glas/Keramik-Verarbeitung
115237,Maschinen- & Anlagenbau
1500199,Automotive & Zulieferer
108274,Sonstiges
93742,Sonstiges
89985,Maschinen- & Anlagenbau
67456,Energie
94120,Handel
49599,Sonstiges
1021905,Maschinen- & Anlagenbau
106618,Sonstiges
98000,Sonstiges
60175,Kunststoff/Metall/Holz/Glas/Keramik-Verarbeitung
45746,Energie
23901,Maschinen- & Anlagenbau
69171,Sonstiges
118269,Handel
1051252,Kunststoff/Metall/Holz/Glas/Keramik-Verarbeitung
97572,Sonstiges
57728,Sonstiges
107879,Maschinen- & Anlagenbau
28774,Sonstiges
96523,Energie
100334,Sonstiges
26635,Elektro & Mess-Regeltechnik
38028,Kunststoff/Metall/Holz/Glas/Keramik-Verarbeitung
36978,Kunststoff/Metall/Holz/Glas/Keramik-Verarbeitung
31387,Sonstiges
96983,Maschinen- & Anlagenbau
128869,Handel
1047388,Maschinen- & Anlagenbau
58405,Sonstiges
86270,Medical
1101027,Handel
33642,Sonstiges
103367,Sonstiges
79950,Maschinen- & Anlagenbau
113068,Sonstiges
49755,Sonstiges
24492,Sonstiges
45180,Kunststoff/Metall/Holz/Glas/Keramik-Verarbeitung
71269,Sonstiges
79674,Sonstiges
86424,Sonstiges
17955,Elektro & Mess-Regeltechnik
10753,Automotive & Zulieferer
88560,Chemie & Raffinerie
58222,Maschinen- & Anlagenbau
11193,Maschinen- & Anlagenbau
95123,Sonstiges
119775,Kunststoff/Metall/Holz/Glas/Keramik-Verarbeitung
113744,Sonstiges
26958,Maschinen- & Anlagenbau
128318,Kunststoff/Metall/Holz/Glas/Keramik-Verarbeitung
46327,Maschinen- & Anlagenbau
109260,Sonstiges
19987,Maschinen- & Anlagenbau
18998,Luft- & Raumfahrt & Zulieferer
117939,Sonstiges
76037,Maschinen- & Anlagenbau
40158,Sonstiges
81714,Elektro & Mess-Regeltechnik
69057,Sonstiges
124162,Kunststoff/Metall/Holz/Glas/Keramik-Verarbeitung
82125,Maschinen- & Anlagenbau
105975,Sonstiges
122828,Handel
91981,Sonstiges
50265,Kunststoff/Metall/Holz/Glas/Keramik-Verarbeitung
94444,Sonstiges
23209,Automotive & Zulieferer
46625,Sonstiges
101695,Sonstiges
34461,Elektro & Mess-Regeltechnik
85182,Sonstiges
124177,Maschinen- & Anlagenbau
115122,Sonstiges
1000384,Handel
67869,Automotive & Zulieferer
19335,Elektro & Mess-Regeltechnik
105920,Sonstiges
114577,Sonstiges
57151,Sonstiges
105440,Sonstiges
122574,Sonstiges
45183,Maschinen- & Anlagenbau
95023,Automotive & Zulieferer
95692,Maschinen- & Anlagenbau
1045388,Kalibrierlabore & Zertifizierungsstellen
56835,Sonstiges
15000,Sonstiges
1003115,Chemie & Raffinerie
1013467,Sonstiges
16499,Maschinen- & Anlagenbau
96050,Sonstiges
114250,Sonstiges
53135,Chemie & Raffinerie
82720,Sonstiges
95041,Sonstiges
108974,Kunststoff/Metall/Holz/Glas/Keramik-Verarbeitung
20667,Elektro & Mess-Regeltechnik
118910,Handel
80658,Kunststoff/Metall/Holz/Glas/Keramik-Verarbeitung
94561,Kunststoff/Metall/Holz/Glas/Keramik-Verarbeitung
3567,Kunststoff/Metall/Holz/Glas/Keramik-Verarbeitung
97263,Sonstiges
1761,Kunststoff/Metall/Holz/Glas/Keramik-Verarbeitung
446,Kunststoff/Metall/Holz/Glas/Keramik-Verarbeitung
4469,Elektro & Mess-Regeltechnik
50866,Maschinen- & Anlagenbau
1000753,Maschinen- & Anlagenbau
22592,Kunststoff/Metall/Holz/Glas/Keramik-Verarbeitung
45630,Maschinen- & Anlagenbau
54564,Sonstiges
80679,Sonstiges
54233,Sonstiges
127273,Sonstiges
37571,Handel
11541,Kunststoff/Metall/Holz/Glas/Keramik-Verarbeitung
22994,Sonstiges
31667,Sonstiges
51802,Kunststoff/Metall/Holz/Glas/Keramik-Verarbeitung
23082,Maschinen- & Anlagenbau
16112,Sonstiges
108883,Sonstiges
1044485,Elektro & Mess-Regeltechnik
66637,Sonstiges
88917,Sonstiges
59819,Sonstiges
31034,Sonstiges
15348,Sonstiges
55505,Sonstiges
104098,Kunststoff/Metall/Holz/Glas/Keramik-Verarbeitung
103831,Kalibrierlabore & Zertifizierungsstellen
78583,Kunststoff/Metall/Holz/Glas/Keramik-Verarbeitung
129127,Automotive & Zulieferer
27832,Kunststoff/Metall/Holz/Glas/Keramik-Verarbeitung
50451,Maschinen- & Anlagenbau
105071,Sonstiges
23404,Maschinen- & Anlagenbau
1008720,Kunststoff/Metall/Holz/Glas/Keramik-Verarbeitung
116680,Sonstiges
1101716,Kunststoff/Metall/Holz/Glas/Keramik-Verarbeitung
50472,Sonstiges
53822,Sonstiges
23736,Automotive & Zulieferer
90807,Sonstiges
127928,Luft- & Raumfahrt & Zulieferer
46511,Sonstiges
20448,Kunststoff/Metall/Holz/Glas/Keramik-Verarbeitung
86128,Sonstiges
119327,Sonstiges
30428,Sonstiges
121909,Sonstiges
51226,Automotive & Zulieferer
16888,Maschinen- & Anlagenbau
33529,Automotive & Zulieferer
88500,Sonstiges
27699,Maschinen- & Anlagenbau
105556,Sonstiges
109960,Sonstiges
120475,Handel
77821,Elektro & Mess-Regeltechnik
36600,Elektro & Mess-Regeltechnik
96118,Kunststoff/Metall/Holz/Glas/Keramik-Verarbeitung
38660,Maschinen- & Anlagenbau
116626,Medical
53226,Sonstiges
28189,Handel
120287,Kunststoff/Metall/Holz/Glas/Keramik-Verarbeitung
23370,Elektro & Mess-Regeltechnik
57994,Sonstiges
103620,Sonstiges
45088,Kunststoff/Metall/Holz/Glas/Keramik-Verarbeitung
23653,Luft- & Raumfahrt & Zulieferer
53719,Sonstiges
91668,Maschinen- & Anlagenbau
94801,Kunststoff/Metall/Holz/Glas/Keramik-Verarbeitung
99148,Kunststoff/Metall/Holz/Glas/Keramik-Verarbeitung
63527,Sonstiges
82567,Maschinen- & Anlagenbau
16467,Kunststoff/Metall/Holz/Glas/Keramik-Verarbeitung
15426,Maschinen- & Anlagenbau
112753,Maschinen- & Anlagenbau
22420,Maschinen- & Anlagenbau
104161,Medical
50255,Automotive & Zulieferer
1052396,Kunststoff/Metall/Holz/Glas/Keramik-Verarbeitung
36055,Sonstiges
1006017,Kunststoff/Metall/Holz/Glas/Keramik-Verarbeitung
87710,Maschinen- & Anlagenbau
50364,Sonstiges
34440,Sonstiges
64379,Kunststoff/Metall/Holz/Glas/Keramik-Verarbeitung
1045149,Kunststoff/Metall/Holz/Glas/Keramik-Verarbeitung
53977,Handel
63154,Handel
117763,Handel
120910,Automotive & Zulieferer
38116,Maschinen- & Anlagenbau
23992,Maschinen- & Anlagenbau
80616,Maschinen- & Anlagenbau
56219,Sonstiges
81043,Sonstiges
22190,Maschinen- & Anlagenbau
42714,Maschinen- & Anlagenbau
1047672,Kunststoff/Metall/Holz/Glas/Keramik-Verarbeitung
86135,Elektro & Mess-Regeltechnik
104290,Sonstiges
105005,Defence
106283,Sonstiges
109842,Sonstiges
1048923,Maschinen- & Anlagenbau
119223,Handel
97301,Sonstiges
29167,Sonstiges
13395,Kunststoff/Metall/Holz/Glas/Keramik-Verarbeitung
112074,Handel
1050515,Kunststoff/Metall/Holz/Glas/Keramik-Verarbeitung
111269,Sonstiges
1563855,Kunststoff/Metall/Holz/Glas/Keramik-Verarbeitung
122048,Handel
103800,Handel
81784,Sonstiges
58404,Elektro & Mess-Regeltechnik
90197,Kunststoff/Metall/Holz/Glas/Keramik-Verarbeitung
29952,Kunststoff/Metall/Holz/Glas/Keramik-Verarbeitung
58351,Sonstiges
51897,Kunststoff/Metall/Holz/Glas/Keramik-Verarbeitung
39035,Maschinen- & Anlagenbau
95749,Sonstiges
110513,Sonstiges
84958,Maschinen- & Anlagenbau
80208,Sonstiges
26983,Maschinen- & Anlagenbau
114732,Sonstiges
49517,Energie
85419,Handel
120406,Handel
1043190,Maschinen- & Anlagenbau
4305,Handel
117872,Handel
25989,Sonstiges
109647,Kunststoff/Metall/Holz/Glas/Keramik-Verarbeitung
116847,Handel
43219,Elektro & Mess-Regeltechnik
49579,Medical
34707,Elektro & Mess-Regeltechnik
105129,Automotive & Zulieferer
118094,Sonstiges
1012379,Kunststoff/Metall/Holz/Glas/Keramik-Verarbeitung
13155,Handel
1000854,Maschinen- & Anlagenbau
57320,Elektro & Mess-Regeltechnik
124531,Handel
128589,Handel
82930,Automotive & Zulieferer
1014335,Elektro & Mess-Regeltechnik
89440,Kunststoff/Metall/Holz/Glas/Keramik-Verarbeitung
50281,Sonstiges
82949,Sonstiges
112192,Sonstiges
90492,Kunststoff/Metall/Holz/Glas/Keramik-Verarbeitung
66681,Sonstiges
15191,Maschinen- & Anlagenbau
50341,Kunststoff/Metall/Holz/Glas/Keramik-Verarbeitung
64583,Elektro & Mess-Regeltechnik
111214,Handel
110311,Luft- & Raumfahrt & Zulieferer
121268,Luft- & Raumfahrt & Zulieferer
91775,Sonstiges
53597,Sonstiges
83856,Kunststoff/Metall/Holz/Glas/Keramik-Verarbeitung
14021,Maschinen- & Anlagenbau
1043129,Kunststoff/Metall/Holz/Glas/Keramik-Verarbeitung
127802,Handel
10626,Sonstiges
115780,Sonstiges
13559,Maschinen- & Anlagenbau
3160,Sonstiges
14467,Handel
66375,Medical
54109,Sonstiges
1008137,Sonstiges
97384,Sonstiges
92003,Kalibrierlabore & Zertifizierungsstellen
124948,Maschinen- & Anlagenbau
1564374,Luft- & Raumfahrt & Zulieferer
85218,Elektro & Mess-Regeltechnik
119297,Automotive & Zulieferer
1104752,Pharma
1004149,Kunststoff/Metall/Holz/Glas/Keramik-Verarbeitung
15092,Sonstiges
24251,Elektro & Mess-Regeltechnik
88544,Sonstiges
128962,Handel
1113546,Maschinen- & Anlagenbau
1016087,Maschinen- & Anlagenbau
55317,Elektro & Mess-Regeltechnik
126290,Sonstiges
100928,Sonstiges
85925,Sonstiges
114692,Sonstiges
43464,Kunststoff/Metall/Holz/Glas/Keramik-Verarbeitung
14270,Kunststoff/Metall/Holz/Glas/Keramik-Verarbeitung
21010,Kunststoff/Metall/Holz/Glas/Keramik-Verarbeitung
76391,Maschinen- & Anlagenbau
55433,Elektro & Mess-Regeltechnik
1002444,Elektro & Mess-Regeltechnik
113076,Sonstiges
42069,Maschinen- & Anlagenbau
90119,Sonstiges
38369,Sonstiges
93202,Sonstiges
104139,Sonstiges
1000343,Sonstiges
12527,Maschinen- & Anlagenbau
109930,Sonstiges
1008958,Maschinen- & Anlagenbau
68681,Sonstiges
112424,Handel
30176,Maschinen- & Anlagenbau
1043269,Maschinen- & Anlagenbau
84427,Sonstiges
1791,Elektro & Mess-Regeltechnik
126802,Sonstiges
128734,Sonstiges
119796,Automotive & Zulieferer
65563,Maschinen- & Anlagenbau
92481,Sonstiges
90546,Handel
56240,Kunststoff/Metall/Holz/Glas/Keramik-Verarbeitung
86452,Sonstiges
105257,Handel
106240,Handel
80644,Sonstiges
64096,Automotive & Zulieferer
112223,Handel
51957,Medical
88366,Maschinen- & Anlagenbau
50907,Elektro & Mess-Regeltechnik
113455,Handel
97192,Sonstiges
42762,Maschinen- & Anlagenbau
56810,Automotive & Zulieferer
12140,Kunststoff/Metall/Holz/Glas/Keramik-Verarbeitung
32676,Automotive & Zulieferer
81114,Sonstiges
121373,Kunststoff/Metall/Holz/Glas/Keramik-Verarbeitung
5131,Sonstiges
36124,Elektro & Mess-Regeltechnik
1015263,Automotive & Zulieferer
29292,Sonstiges
1022974,Automotive & Zulieferer
114056,Kunststoff/Metall/Holz/Glas/Keramik-Verarbeitung
117629,Maschinen- & Anlagenbau
85391,Kunststoff/Metall/Holz/Glas/Keramik-Verarbeitung
80366,Sonstiges
62609,Handel
25686,Sonstiges
34413,Sonstiges
70531,Sonstiges
113798,Sonstiges
115486,Sonstiges
40699,Automotive & Zulieferer
28428,Kunststoff/Metall/Holz/Glas/Keramik-Verarbeitung
38295,Sonstiges
54568,Sonstiges
58097,Sonstiges
13983,Maschinen- & Anlagenbau
17097,Maschinen- & Anlagenbau
23369,Handel
87795,Maschinen- & Anlagenbau
95010,Automotive & Zulieferer
60567,Handel
118953,Sonstiges
95872,Sonstiges
32779,Elektro & Mess-Regeltechnik
83255,Maschinen- & Anlagenbau
937,Kunststoff/Metall/Holz/Glas/Keramik-Verarbeitung
116033,Maschinen- & Anlagenbau
121776,Maschinen- & Anlagenbau
1051841,Elektro & Mess-Regeltechnik
126677,Handel
52954,Maschinen- & Anlagenbau
38737,Maschinen- & Anlagenbau
38983,Handel
90090,Sonstiges
30559,Elektro & Mess-Regeltechnik
84466,Sonstiges
1113108,Kunststoff/Metall/Holz/Glas/Keramik-Verarbeitung
89391,Kunststoff/Metall/Holz/Glas/Keramik-Verarbeitung
125169,Sonstiges
55497,Automotive & Zulieferer
113908,Sonstiges
57952,Elektro & Mess-Regeltechnik
50446,Maschinen- & Anlagenbau
84941,Kunststoff/Metall/Holz/Glas/Keramik-Verarbeitung
28713,Kunststoff/Metall/Holz/Glas/Keramik-Verarbeitung
54569,Elektro & Mess-Regeltechnik
112433,Sonstiges
79178,Sonstiges
14245,Kunststoff/Metall/Holz/Glas/Keramik-Verarbeitung
25593,Sonstiges
92847,Maschinen- & Anlagenbau
124719,Automotive & Zulieferer
56188,Elektro & Mess-Regeltechnik
1889,Kunststoff/Metall/Holz/Glas/Keramik-Verarbeitung
2324,Kunststoff/Metall/Holz/Glas/Keramik-Verarbeitung
101859,Sonstiges
113868,Handel
49816,Sonstiges
1015716,Maschinen- & Anlagenbau
122232,Maschinen- & Anlagenbau
114895,Handel
1003546,Kunststoff/Metall/Holz/Glas/Keramik-Verarbeitung
1002322,Kunststoff/Metall/Holz/Glas/Keramik-Verarbeitung
91593,Defence
30090,Sonstiges
99873,Elektro & Mess-Regeltechnik
40105,Sonstiges
80147,Sonstiges
3377,Sonstiges
89866,Sonstiges
54243,Sonstiges
1022660,Kunststoff/Metall/Holz/Glas/Keramik-Verarbeitung
71730,Sonstiges
105256,Sonstiges
49897,Kunststoff/Metall/Holz/Glas/Keramik-Verarbeitung
1564730,Elektro & Mess-Regeltechnik
114379,Elektro & Mess-Regeltechnik
1564778,Kunststoff/Metall/Holz/Glas/Keramik-Verarbeitung
22519,Maschinen- & Anlagenbau
119551,Sonstiges
1015679,Defence
120346,Sonstiges
42318,Sonstiges
86530,Kunststoff/Metall/Holz/Glas/Keramik-Verarbeitung
116270,Handel
69534,Sonstiges
114037,Handel
34877,Maschinen- & Anlagenbau
23963,Sonstiges
78652,Maschinen- & Anlagenbau
69806,Sonstiges
105952,Kunststoff/Metall/Holz/Glas/Keramik-Verarbeitung
88227,Sonstiges
42356,Pharma
26804,Automotive & Zulieferer
59646,Maschinen- & Anlagenbau
89310,Maschinen- & Anlagenbau
109630,Medical
68639,Maschinen- & Anlagenbau
2557,Maschinen- & Anlagenbau
56030,Sonstiges
16132,Kunststoff/Metall/Holz/Glas/Keramik-Verarbeitung
124127,Maschinen- & Anlagenbau
1009907,Maschinen- & Anlagenbau
1048172,Maschinen- & Anlagenbau
94656,Sonstiges
26803,Sonstiges
95171,Sonstiges
740,Automotive & Zulieferer
27146,Handel
45792,Maschinen- & Anlagenbau
87333,Sonstiges
101484,Sonstiges
11933,Automotive & Zulieferer
1365,Kunststoff/Metall/Holz/Glas/Keramik-Verarbeitung
119948,Handel
37141,Sonstiges
97675,Sonstiges
117612,Sonstiges
104540,Maschinen- & Anlagenbau
59507,Sonstiges
84401,Sonstiges
85979,Elektro & Mess-Regeltechnik
111173,Sonstiges
105507,Automotive & Zulieferer
104772,Sonstiges
3369,Sonstiges
31183,Maschinen- & Anlagenbau
20510,Kunststoff/Metall/Holz/Glas/Keramik-Verarbeitung
79243,Maschinen- & Anlagenbau
54393,Elektro & Mess-Regeltechnik
117365,Maschinen- & Anlagenbau
45838,Kunststoff/Metall/Holz/Glas/Keramik-Verarbeitung
76451,Sonstiges
29234,Sonstiges
14145,Sonstiges
49563,Sonstiges
57499,Sonstiges
19422,Elektro & Mess-Regeltechnik
91968,Elektro & Mess-Regeltechnik
62927,Maschinen- & Anlagenbau
108673,Elektro & Mess-Regeltechnik
99069,Sonstiges
4546,Sonstiges
95747,Sonstiges
12922,Kunststoff/Metall/Holz/Glas/Keramik-Verarbeitung
1004160,Kunststoff/Metall/Holz/Glas/Keramik-Verarbeitung
127679,Automotive & Zulieferer
78127,Sonstiges
49945,Sonstiges
102952,Sonstiges
50970,Sonstiges
15602,Handel
11999,Maschinen- & Anlagenbau
97270,Sonstiges
37787,Sonstiges
1001043,Luft- & Raumfahrt & Zulieferer
106521,Sonstiges
101430,Automotive & Zulieferer
100505,Maschinen- & Anlagenbau
1009857,Kunststoff/Metall/Holz/Glas/Keramik-Verarbeitung
116978,Sonstiges
22421,Chemie & Raffinerie
66493,Sonstiges
36146,Automotive & Zulieferer
1004461,Kunststoff/Metall/Holz/Glas/Keramik-Verarbeitung
31221,Sonstiges
80060,Sonstiges
119209,Luft- & Raumfahrt & Zulieferer
56246,Kunststoff/Metall/Holz/Glas/Keramik-Verarbeitung
113845,Luft- & Raumfahrt & Zulieferer
17282,Kunststoff/Metall/Holz/Glas/Keramik-Verarbeitung
103343,Maschinen- & Anlagenbau
45200,Kunststoff/Metall/Holz/Glas/Keramik-Verarbeitung
115955,Handel
1008039,Maschinen- & Anlagenbau
38249,Automotive & Zulieferer
60585,Kunststoff/Metall/Holz/Glas/Keramik-Verarbeitung
100391,Sonstiges
37647,Elektro & Mess-Regeltechnik
27126,Elektro & Mess-Regeltechnik
28660,Handel
24335,Maschinen- & Anlagenbau
103443,Sonstiges
59936,Sonstiges
105751,Maschinen- & Anlagenbau
60425,Handel
43167,Elektro & Mess-Regeltechnik
98087,Sonstiges
1100315,Sonstiges
38794,Maschinen- & Anlagenbau
100801,Kunststoff/Metall/Holz/Glas/Keramik-Verarbeitung
25475,Sonstiges
1001935,Kunststoff/Metall/Holz/Glas/Keramik-Verarbeitung
97154,Sonstiges
112826,Automotive & Zulieferer
107055,Sonstiges
61139,Automotive & Zulieferer
98088,Sonstiges
77794,Sonstiges
68453,Sonstiges
1051470,Automotive & Zulieferer
32062,Sonstiges
96448,Luft- & Raumfahrt & Zulieferer
1563364,Maschinen- & Anlagenbau
1001591,Maschinen- & Anlagenbau
1051167,Kunststoff/Metall/Holz/Glas/Keramik-Verarbeitung
23587,Kunststoff/Metall/Holz/Glas/Keramik-Verarbeitung
40034,Sonstiges
15768,Kunststoff/Metall/Holz/Glas/Keramik-Verarbeitung
15608,Elektro & Mess-Regeltechnik
34039,Kunststoff/Metall/Holz/Glas/Keramik-Verarbeitung
43466,Maschinen- & Anlagenbau
125316,Sonstiges
78754,Sonstiges
69670,Kunststoff/Metall/Holz/Glas/Keramik-Verarbeitung
116307,Sonstiges
111736,Automotive & Zulieferer
37583,Chemie & Raffinerie
54561,Sonstiges
88583,Maschinen- & Anlagenbau
20433,Sonstiges
14061,Maschinen- & Anlagenbau
111358,Maschinen- & Anlagenbau
67468,Maschinen- & Anlagenbau
47294,Handel
53211,Sonstiges
82502,Kunststoff/Metall/Holz/Glas/Keramik-Verarbeitung
40765,Kunststoff/Metall/Holz/Glas/Keramik-Verarbeitung
1115456,Halbleiter & Mikroelektronik
1003505,Kunststoff/Metall/Holz/Glas/Keramik-Verarbeitung
3535,Sonstiges
20520,Sonstiges
33944,Kunststoff/Metall/Holz/Glas/Keramik-Verarbeitung
78484,Sonstiges
122992,Maschinen- & Anlagenbau
43181,Sonstiges
88956,Sonstiges
115140,Sonstiges
108829,Sonstiges
1004666,Kunststoff/Metall/Holz/Glas/Keramik-Verarbeitung
78875,Automotive & Zulieferer
46481,Maschinen- & Anlagenbau
27212,Kunststoff/Metall/Holz/Glas/Keramik-Verarbeitung
119940,Sonstiges
1041508,Klima & Heizung (Facility)
83092,Sonstiges
50638,Sonstiges
1214127,Kunststoff/Metall/Holz/Glas/Keramik-Verarbeitung
29538,Automotive & Zulieferer
112034,Medical
46557,Kunststoff/Metall/Holz/Glas/Keramik-Verarbeitung
57829,Sonstiges
1049200,Maschinen- & Anlagenbau
24768,Sonstiges
100688,Sonstiges
82047,Sonstiges
65516,Elektro & Mess-Regeltechnik
4713,Sonstiges
58498,Defence
92314,Sonstiges
107900,Luft- & Raumfahrt & Zulieferer
95200,Sonstiges
79359,Sonstiges
41388,Handel
36903,Kunststoff/Metall/Holz/Glas/Keramik-Verarbeitung
114631,Kunststoff/Metall/Holz/Glas/Keramik-Verarbeitung
34702,Maschinen- & Anlagenbau
95027,Sonstiges
22728,Sonstiges
118427,Sonstiges
30921,Medical
44679,Automotive & Zulieferer
27643,Elektro & Mess-Regeltechnik
84341,Sonstiges
12529,Maschinen- & Anlagenbau
11192,Pharma
17947,Maschinen- & Anlagenbau
126747,Maschinen- & Anlagenbau
126434,Sonstiges
111168,Sonstiges
119044,Kunststoff/Metall/Holz/Glas/Keramik-Verarbeitung
1012165,Elektro & Mess-Regeltechnik
59602,Sonstiges
115175,Handel
81604,Maschinen- & Anlagenbau
114573,Handel
121419,Automotive & Zulieferer
85615,Sonstiges
21736,Kunststoff/Metall/Holz/Glas/Keramik-Verarbeitung
1023,Maschinen- & Anlagenbau
1053165,Automotive & Zulieferer
122889,Handel
127115,Sonstiges
70730,Kunststoff/Metall/Holz/Glas/Keramik-Verarbeitung
46904,Sonstiges
23724,Automotive & Zulieferer
1002678,Kunststoff/Metall/Holz/Glas/Keramik-Verarbeitung
104844,Sonstiges
1564222,Automotive & Zulieferer
101236,Maschinen- & Anlagenbau
94594,Sonstiges
14023,Kunststoff/Metall/Holz/Glas/Keramik-Verarbeitung
111042,Sonstiges
3650,Luft- & Raumfahrt & Zulieferer
57721,Sonstiges
115833,Handel
109421,Sonstiges
91156,Sonstiges
11047,Sonstiges
105872,Automotive & Zulieferer
77285,Elektro & Mess-Regeltechnik
18640,Maschinen- & Anlagenbau
90691,Maschinen- & Anlagenbau
105995,Maschinen- & Anlagenbau
1853,Maschinen- & Anlagenbau
109787,Automotive & Zulieferer
84706,Sonstiges
24314,Sonstiges
44615,Maschinen- & Anlagenbau
38830,Sonstiges
32595,Sonstiges
128081,Sonstiges
15125,Sonstiges
38632,Elektro & Mess-Regeltechnik
23936,Handel
2378,Sonstiges
66649,Sonstiges
13363,Elektro & Mess-Regeltechnik
89039,Sonstiges
86134,Sonstiges
126608,Sonstiges
113671,Sonstiges
12259,Sonstiges
84509,Sonstiges
66872,Sonstiges
51177,Maschinen- & Anlagenbau
113775,Kunststoff/Metall/Holz/Glas/Keramik-Verarbeitung
1013192,Kunststoff/Metall/Holz/Glas/Keramik-Verarbeitung
103820,Sonstiges
51562,Maschinen- & Anlagenbau
13533,Sonstiges
80139,Automotive & Zulieferer
128162,Sonstiges
125105,Handel
104875,Sonstiges
91727,Sonstiges
126501,Medical
45673,Sonstiges
108712,Sonstiges
50498,Maschinen- & Anlagenbau
103870,Maschinen- & Anlagenbau
127999,Sonstiges
71268,Sonstiges
38942,Chemie & Raffinerie
110980,Sonstiges
68539,Sonstiges
31575,Kunststoff/Metall/Holz/Glas/Keramik-Verarbeitung
18649,Sonstiges
121038,Handel
59439,Sonstiges
11857,Kunststoff/Metall/Holz/Glas/Keramik-Verarbeitung
67451,Automotive & Zulieferer
126733,Elektro & Mess-Regeltechnik
53539,Maschinen- & Anlagenbau
75874,Sonstiges
54532,Sonstiges
53101,Sonstiges
1045879,Elektro & Mess-Regeltechnik
64712,Sonstiges
85086,Maschinen- & Anlagenbau
13064,Sonstiges
28059,Sonstiges
14477,Maschinen- & Anlagenbau
1043712,Maschinen- & Anlagenbau
92366,Kunststoff/Metall/Holz/Glas/Keramik-Verarbeitung
1017957,Maschinen- & Anlagenbau
49645,Sonstiges
43458,Maschinen- & Anlagenbau
107170,Kunststoff/Metall/Holz/Glas/Keramik-Verarbeitung
79813,Handel
39284,Automotive & Zulieferer
102399,Sonstiges
126146,Handel
66499,Sonstiges
102044,Kunststoff/Metall/Holz/Glas/Keramik-Verarbeitung
82521,Chemie & Raffinerie
114346,Sonstiges
10159,Automotive & Zulieferer
36016,Handel
20210,Kunststoff/Metall/Holz/Glas/Keramik-Verarbeitung
1048689,Kunststoff/Metall/Holz/Glas/Keramik-Verarbeitung
116414,Sonstiges
84288,Sonstiges
68708,Sonstiges
94449,Sonstiges
40766,Automotive & Zulieferer
13194,Sonstiges
1045478,Kunststoff/Metall/Holz/Glas/Keramik-Verarbeitung
93161,Sonstiges
108941,Kunststoff/Metall/Holz/Glas/Keramik-Verarbeitung
128266,Kunststoff/Metall/Holz/Glas/Keramik-Verarbeitung
105180,Sonstiges
22781,Kunststoff/Metall/Holz/Glas/Keramik-Verarbeitung
68994,Sonstiges
1045179,Sonstiges
48895,Sonstiges
57856,Elektro & Mess-Regeltechnik
41760,Maschinen- & Anlagenbau
1043730,Sonstiges
50735,Sonstiges
93001,Sonstiges
28496,Sonstiges
123560,Handel
125604,Kunststoff/Metall/Holz/Glas/Keramik-Verarbeitung
117449,Sonstiges
1051117,Maschinen- & Anlagenbau
98718,Sonstiges
61183,Maschinen- & Anlagenbau
122206,Maschinen- & Anlagenbau
1001700,Maschinen- & Anlagenbau
26713,Kunststoff/Metall/Holz/Glas/Keramik-Verarbeitung
79334,Sonstiges
51972,Sonstiges
17086,Handel
113624,Sonstiges
95479,Chemie & Raffinerie
16164,Automotive & Zulieferer
81723,Sonstiges
69765,Sonstiges
106464,Chemie & Raffinerie
111316,Kunststoff/Metall/Holz/Glas/Keramik-Verarbeitung
77156,Sonstiges
2393,Elektro & Mess-Regeltechnik
88057,Kunststoff/Metall/Holz/Glas/Keramik-Verarbeitung
54196,Sonstiges
126933,Maschinen- & Anlagenbau
126604,Defence
97791,Elektro & Mess-Regeltechnik
116789,Sonstiges
89462,Kunststoff/Metall/Holz/Glas/Keramik-Verarbeitung
1043666,Kunststoff/Metall/Holz/Glas/Keramik-Verarbeitung
86971,Sonstiges
42920,Sonstiges
126491,Sonstiges
83251,Automotive & Zulieferer
3602,Sonstiges
24428,Sonstiges
91549,Kunststoff/Metall/Holz/Glas/Keramik-Verarbeitung
49806,Sonstiges
21985,Pharma
85725,Sonstiges
84930,Energie
58781,Maschinen- & Anlagenbau
81528,Sonstiges
110364,Sonstiges
121446,Handel
121826,Automotive & Zulieferer
114240,Medical
953,Kunststoff/Metall/Holz/Glas/Keramik-Verarbeitung
23280,Kunststoff/Metall/Holz/Glas/Keramik-Verarbeitung
88304,Sonstiges
17907,Elektro & Mess-Regeltechnik
82529,Sonstiges
52337,Sonstiges
20271,Kunststoff/Metall/Holz/Glas/Keramik-Verarbeitung
1860,Elektro & Mess-Regeltechnik
79638,Handel
11879,Automotive & Zulieferer
88997,Sonstiges
42590,Maschinen- & Anlagenbau
112217,Automotive & Zulieferer
109876,Sonstiges
13572,Automotive & Zulieferer
71947,Handel
41767,Maschinen- & Anlagenbau
111845,Sonstiges
44599,Elektro & Mess-Regeltechnik
13202,Automotive & Zulieferer
11986,Sonstiges
91425,Sonstiges
33857,Sonstiges
89466,Energie
81382,Sonstiges
118197,Handel
53691,Sonstiges
28048,Sonstiges
16680,Automotive & Zulieferer
106739,Sonstiges
92666,Maschinen- & Anlagenbau
119789,Automotive & Zulieferer
62122,Elektro & Mess-Regeltechnik
27424,Elektro & Mess-Regeltechnik
45256,Sonstiges
126866,Sonstiges
19026,Kunststoff/Metall/Holz/Glas/Keramik-Verarbeitung
103947,Sonstiges
35189,Sonstiges
10568,Maschinen- & Anlagenbau
67863,Sonstiges
52838,Kunststoff/Metall/Holz/Glas/Keramik-Verarbeitung
58197,Sonstiges
50656,Kunststoff/Metall/Holz/Glas/Keramik-Verarbeitung
70700,Sonstiges
1052879,Kunststoff/Metall/Holz/Glas/Keramik-Verarbeitung
26757,Kunststoff/Metall/Holz/Glas/Keramik-Verarbeitung
11964,Kunststoff/Metall/Holz/Glas/Keramik-Verarbeitung
121957,Elektro & Mess-Regeltechnik
33183,Kunststoff/Metall/Holz/Glas/Keramik-Verarbeitung
121396,Sonstiges
70697,Maschinen- & Anlagenbau
86007,Maschinen- & Anlagenbau
107024,Automotive & Zulieferer
126811,Sonstiges
75731,Sonstiges
108957,Elektro & Mess-Regeltechnik
61856,Halbleiter & Mikroelektronik
28408,Handel
56998,Sonstiges
10974,Maschinen- & Anlagenbau
40282,Sonstiges
76718,Maschinen- & Anlagenbau
1001052,Kunststoff/Metall/Holz/Glas/Keramik-Verarbeitung
64361,Maschinen- & Anlagenbau
80836,Sonstiges
89069,Maschinen- & Anlagenbau
116159,Chemie & Raffinerie
114413,Handel
46507,Sonstiges
83666,Klima & Heizung (Facility)
66031,Sonstiges
18822,Sonstiges
106346,Sonstiges
70430,Automotive & Zulieferer
120286,Kunststoff/Metall/Holz/Glas/Keramik-Verarbeitung
107541,Sonstiges
93777,Elektro & Mess-Regeltechnik
25684,Kunststoff/Metall/Holz/Glas/Keramik-Verarbeitung
98477,Elektro & Mess-Regeltechnik
31044,Sonstiges
39256,Handel
114890,Handel
41263,Kunststoff/Metall/Holz/Glas/Keramik-Verarbeitung
76739,Kunststoff/Metall/Holz/Glas/Keramik-Verarbeitung
13919,Kunststoff/Metall/Holz/Glas/Keramik-Verarbeitung
19181,Sonstiges
105384,Kunststoff/Metall/Holz/Glas/Keramik-Verarbeitung
104650,Sonstiges
111711,Sonstiges
93761,Automotive & Zulieferer
42038,Sonstiges
57454,Sonstiges
65290,Sonstiges
120322,Kunststoff/Metall/Holz/Glas/Keramik-Verarbeitung
115675,Sonstiges
66047,Sonstiges
14281,Kunststoff/Metall/Holz/Glas/Keramik-Verarbeitung
83911,Sonstiges
36488,Maschinen- & Anlagenbau
1030393,Maschinen- & Anlagenbau
34159,Kunststoff/Metall/Holz/Glas/Keramik-Verarbeitung
26285,Medical
50892,Automotive & Zulieferer
117077,Sonstiges
51033,Elektro & Mess-Regeltechnik
55613,Sonstiges
128084,Energie
118977,Halbleiter & Mikroelektronik
125539,Sonstiges
99957,Sonstiges
124507,Kunststoff/Metall/Holz/Glas/Keramik-Verarbeitung
76784,Sonstiges
1007418,Automotive & Zulieferer
37877,Sonstiges
34326,Kunststoff/Metall/Holz/Glas/Keramik-Verarbeitung
22452,Automotive & Zulieferer
128987,Elektro & Mess-Regeltechnik
90639,Maschinen- & Anlagenbau
1019273,Handel
64898,Sonstiges
124407,Chemie & Raffinerie
101232,Medical
111283,Maschinen- & Anlagenbau
117841,Maschinen- & Anlagenbau
18806,Maschinen- & Anlagenbau
106173,Sonstiges
62258,Kunststoff/Metall/Holz/Glas/Keramik-Verarbeitung
84794,Automotive & Zulieferer
21836,Sonstiges
110458,Maschinen- & Anlagenbau
126242,Handel
81339,Luft- & Raumfahrt & Zulieferer
11213,Chemie & Raffinerie
89538,Automotive & Zulieferer
1715,Luft- & Raumfahrt & Zulieferer
57780,Handel
11910,Chemie & Raffinerie
58172,Kunststoff/Metall/Holz/Glas/Keramik-Verarbeitung
59395,Sonstiges
1006784,Sonstiges
43928,Automotive & Zulieferer
13179,Maschinen- & Anlagenbau
30324,Sonstiges
80144,Sonstiges
14755,Kunststoff/Metall/Holz/Glas/Keramik-Verarbeitung
40484,Automotive & Zulieferer
109066,Sonstiges
1003867,Sonstiges
86973,Maschinen- & Anlagenbau
125730,Medical
68278,Sonstiges
1102580,Automotive & Zulieferer
45458,Maschinen- & Anlagenbau
20486,Maschinen- & Anlagenbau
21038,Kunststoff/Metall/Holz/Glas/Keramik-Verarbeitung
114894,Sonstiges
46197,Automotive & Zulieferer
3295,Sonstiges
90343,Sonstiges
20085,Sonstiges
75895,Sonstiges
92101,Maschinen- & Anlagenbau
38327,Sonstiges
25565,Elektro & Mess-Regeltechnik
39209,Maschinen- & Anlagenbau
77588,Sonstiges
36345,Automotive & Zulieferer
38353,Automotive & Zulieferer
1049598,Kunststoff/Metall/Holz/Glas/Keramik-Verarbeitung
1018523,Maschinen- & Anlagenbau
15913,Sonstiges
37459,Sonstiges
104028,Sonstiges
127236,Maschinen- & Anlagenbau
82950,Elektro & Mess-Regeltechnik
75951,Automotive & Zulieferer
116548,Sonstiges
104534,Maschinen- & Anlagenbau
116786,Kunststoff/Metall/Holz/Glas/Keramik-Verarbeitung
37621,Kunststoff/Metall/Holz/Glas/Keramik-Verarbeitung
89856,Chemie & Raffinerie
39764,Sonstiges
22059,Handel
12778,Kunststoff/Metall/Holz/Glas/Keramik-Verarbeitung
104280,Sonstiges
17254,Automotive & Zulieferer
71781,Sonstiges
22053,Automotive & Zulieferer
34038,Automotive & Zulieferer
58300,Sonstiges
38603,Sonstiges
123206,Kunststoff/Metall/Holz/Glas/Keramik-Verarbeitung
126402,Maschinen- & Anlagenbau
21129,Kunststoff/Metall/Holz/Glas/Keramik-Verarbeitung
111021,Kunststoff/Metall/Holz/Glas/Keramik-Verarbeitung
44235,Sonstiges
33441,Kunststoff/Metall/Holz/Glas/Keramik-Verarbeitung
48207,Maschinen- & Anlagenbau
121706,Sonstiges
59255,Maschinen- & Anlagenbau
46932,Sonstiges
44456,Kalibrierlabore & Zertifizierungsstellen
108121,Maschinen- & Anlagenbau
18532,Sonstiges
42531,Kunststoff/Metall/Holz/Glas/Keramik-Verarbeitung
18353,Handel
61739,Automotive & Zulieferer
26984,Maschinen- & Anlagenbau
50087,Sonstiges
1022986,Automotive & Zulieferer
1118366,Sonstiges
128083,Kunststoff/Metall/Holz/Glas/Keramik-Verarbeitung
23677,Maschinen- & Anlagenbau
11723,Kunststoff/Metall/Holz/Glas/Keramik-Verarbeitung
91478,Sonstiges
79463,Kunststoff/Metall/Holz/Glas/Keramik-Verarbeitung
97853,Sonstiges
113672,Sonstiges
117893,Handel
27876,Elektro & Mess-Regeltechnik
31426,Kunststoff/Metall/Holz/Glas/Keramik-Verarbeitung
54941,Sonstiges
1951,Kunststoff/Metall/Holz/Glas/Keramik-Verarbeitung
99007,Sonstiges
37387,Automotive & Zulieferer
64518,Sonstiges
11607,Chemie & Raffinerie
83070,Sonstiges
27250,Sonstiges
63227,Sonstiges
112981,Automotive & Zulieferer
90403,Sonstiges
64617,Sonstiges
38147,Sonstiges
21455,Automotive & Zulieferer
13907,Handel
92899,Kunststoff/Metall/Holz/Glas/Keramik-Verarbeitung
56065,Kunststoff/Metall/Holz/Glas/Keramik-Verarbeitung
58639,Sonstiges
96332,Sonstiges
120381,Sonstiges
104173,Sonstiges
81302,Sonstiges
115814,Sonstiges
42585,Automotive & Zulieferer
19047,Sonstiges
95421,Handel
26250,Sonstiges
100965,Handel
50556,Maschinen- & Anlagenbau
113230,Sonstiges
128772,Handel
29483,Sonstiges
92931,Sonstiges
109596,Automotive & Zulieferer
26608,Sonstiges
106859,Sonstiges
48156,Sonstiges
36836,Maschinen- & Anlagenbau
113079,Sonstiges
1812,Sonstiges
18999,Sonstiges
51371,Medical
108171,Handel
126375,Handel
120488,Sonstiges
53828,Maschinen- & Anlagenbau
54867,Maschinen- & Anlagenbau
46609,Sonstiges
57736,Medical
58161,Sonstiges
120721,Sonstiges
50738,Maschinen- & Anlagenbau
113170,Energie
120301,Handel
2908,Kunststoff/Metall/Holz/Glas/Keramik-Verarbeitung
111394,Sonstiges
49774,Sonstiges
49597,Maschinen- & Anlagenbau
76138,Automotive & Zulieferer
106903,Sonstiges
129139,Handel
54792,Sonstiges
104765,Automotive & Zulieferer
89890,Luft- & Raumfahrt & Zulieferer
5117,Sonstiges
42720,Kunststoff/Metall/Holz/Glas/Keramik-Verarbeitung
97951,Sonstiges
49044,Sonstiges
17727,Sonstiges
19226,Sonstiges
85980,Maschinen- & Anlagenbau
33224,Maschinen- & Anlagenbau
100657,Sonstiges
85314,Automotive & Zulieferer
21273,Klima & Heizung (Facility)
99468,Elektro & Mess-Regeltechnik
98240,Handel
113761,Kunststoff/Metall/Holz/Glas/Keramik-Verarbeitung
115718,Kunststoff/Metall/Holz/Glas/Keramik-Verarbeitung
53358,Maschinen- & Anlagenbau
61057,Chemie & Raffinerie
104533,Sonstiges
1009753,Maschinen- & Anlagenbau
75974,Automotive & Zulieferer
79165,Automotive & Zulieferer
36790,Handel
1013911,Maschinen- & Anlagenbau
103489,Elektro & Mess-Regeltechnik
99233,Maschinen- & Anlagenbau
67774,Sonstiges
36375,Maschinen- & Anlagenbau
105394,Sonstiges
14006,Sonstiges
122238,Handel
42633,Maschinen- & Anlagenbau
91126,Sonstiges
1003100,Kunststoff/Metall/Holz/Glas/Keramik-Verarbeitung
57668,Defence
108807,Maschinen- & Anlagenbau
58010,Chemie & Raffinerie
128349,Maschinen- & Anlagenbau
71475,Maschinen- & Anlagenbau
33362,Kunststoff/Metall/Holz/Glas/Keramik-Verarbeitung
122753,Handel
67886,Sonstiges
108547,Sonstiges
32816,Handel
106643,Sonstiges
44354,Maschinen- & Anlagenbau
94427,Chemie & Raffinerie
58283,Kunststoff/Metall/Holz/Glas/Keramik-Verarbeitung
26917,Sonstiges
98311,Kunststoff/Metall/Holz/Glas/Keramik-Verarbeitung
97634,Sonstiges
70301,Kunststoff/Metall/Holz/Glas/Keramik-Verarbeitung
104866,Sonstiges
54132,Kunststoff/Metall/Holz/Glas/Keramik-Verarbeitung
82550,Sonstiges
108432,Automotive & Zulieferer
83466,Automotive & Zulieferer
43267,Sonstiges
69475,Kunststoff/Metall/Holz/Glas/Keramik-Verarbeitung
128755,Sonstiges
82622,Sonstiges
127667,Handel
117328,Handel
105931,Automotive & Zulieferer
58948,Sonstiges
116067,Sonstiges
63139,Sonstiges
60466,Energie
89971,Kunststoff/Metall/Holz/Glas/Keramik-Verarbeitung
1050303,Kunststoff/Metall/Holz/Glas/Keramik-Verarbeitung
125728,Kalibrierlabore & Zertifizierungsstellen
18819,Handel
116321,Handel
77876,Sonstiges
91214,Sonstiges
44662,Handel
50509,Sonstiges
37232,Sonstiges
100316,Sonstiges
33809,Handel
1002768,Kunststoff/Metall/Holz/Glas/Keramik-Verarbeitung
37973,Sonstiges
19597,Maschinen- & Anlagenbau
30380,Kalibrierlabore & Zertifizierungsstellen
4778,Sonstiges
31693,Elektro & Mess-Regeltechnik
16039,Maschinen- & Anlagenbau
94439,Sonstiges
10006,Kunststoff/Metall/Holz/Glas/Keramik-Verarbeitung
118305,Handel
99474,Sonstiges
84117,Sonstiges
97195,Sonstiges
20257,Sonstiges
122416,Sonstiges
17452,Sonstiges
5341,Sonstiges
50718,Maschinen- & Anlagenbau
52912,Sonstiges
28945,Sonstiges
112608,Sonstiges
31882,Kunststoff/Metall/Holz/Glas/Keramik-Verarbeitung
15208,Kunststoff/Metall/Holz/Glas/Keramik-Verarbeitung
66829,Sonstiges
1015730,Kunststoff/Metall/Holz/Glas/Keramik-Verarbeitung
10432,Maschinen- & Anlagenbau
5271,Sonstiges
48626,Maschinen- & Anlagenbau
117383,Automotive & Zulieferer
99123,Handel
66470,Maschinen- & Anlagenbau
115034,Sonstiges
116566,Medical
66841,Sonstiges
54222,Maschinen- & Anlagenbau
79457,Elektro & Mess-Regeltechnik
105046,Sonstiges
86476,Sonstiges
125664,Medical
66419,Sonstiges
52902,Elektro & Mess-Regeltechnik
117557,Sonstiges
19595,Handel
64688,Sonstiges
27771,Sonstiges
124917,Sonstiges
68838,Elektro & Mess-Regeltechnik
72023,Sonstiges
21209,Sonstiges
1053848,Klima & Heizung (Facility)
91913,Sonstiges
108201,Automotive & Zulieferer
103631,Kunststoff/Metall/Holz/Glas/Keramik-Verarbeitung
11774,Kunststoff/Metall/Holz/Glas/Keramik-Verarbeitung
49033,Sonstiges
65996,Automotive & Zulieferer
36099,Sonstiges
19115,Kunststoff/Metall/Holz/Glas/Keramik-Verarbeitung
122062,Sonstiges
90873,Elektro & Mess-Regeltechnik
60164,Defence
109301,Automotive & Zulieferer
108688,Maschinen- & Anlagenbau
81605,Sonstiges
121285,Handel
114021,Kunststoff/Metall/Holz/Glas/Keramik-Verarbeitung
28179,Kunststoff/Metall/Holz/Glas/Keramik-Verarbeitung
80683,Sonstiges
71381,Sonstiges
56164,Sonstiges
43860,Maschinen- & Anlagenbau
96076,Sonstiges
127913,Automotive & Zulieferer
118918,Handel
59180,Sonstiges
94864,Sonstiges
40280,Maschinen- & Anlagenbau
51212,Sonstiges
14939,Sonstiges
25936,Sonstiges
127355,Elektro & Mess-Regeltechnik
79321,Automotive & Zulieferer
58422,Automotive & Zulieferer
88924,Maschinen- & Anlagenbau
15676,Sonstiges
37486,Automotive & Zulieferer
50168,Kunststoff/Metall/Holz/Glas/Keramik-Verarbeitung
116992,Sonstiges
16905,Maschinen- & Anlagenbau
89299,Sonstiges
1564676,Energie
13389,Sonstiges
26404,Sonstiges
112987,Sonstiges
128925,Handel
1002364,Kunststoff/Metall/Holz/Glas/Keramik-Verarbeitung
85577,Handel
14094,Elektro & Mess-Regeltechnik
41,Elektro & Mess-Regeltechnik
41478,Maschinen- & Anlagenbau
68015,Sonstiges
6506,Sonstiges
4401,Sonstiges
35830,Maschinen- & Anlagenbau
59839,Sonstiges
100288,Elektro & Mess-Regeltechnik
58669,Sonstiges
17456,Maschinen- & Anlagenbau
89770,Maschinen- & Anlagenbau
4798,Automotive & Zulieferer
106876,Elektro & Mess-Regeltechnik
114454,Maschinen- & Anlagenbau
47989,Maschinen- & Anlagenbau
70832,Sonstiges
11038,Automotive & Zulieferer
116924,Handel
106535,Automotive & Zulieferer
35844,Sonstiges
25501,Sonstiges
103073,Sonstiges
1020310,Sonstiges
21285,Handel
11574,Kunststoff/Metall/Holz/Glas/Keramik-Verarbeitung
32169,Maschinen- & Anlagenbau
13270,Kunststoff/Metall/Holz/Glas/Keramik-Verarbeitung
60697,Handel
55647,Kunststoff/Metall/Holz/Glas/Keramik-Verarbeitung
1564644,Automotive & Zulieferer
116360,Maschinen- & Anlagenbau
79569,Automotive & Zulieferer
94813,Automotive & Zulieferer
114987,Sonstiges
84191,Kunststoff/Metall/Holz/Glas/Keramik-Verarbeitung
70758,Sonstiges
91726,Medical
93309,Sonstiges
108769,Maschinen- & Anlagenbau
55994,Kunststoff/Metall/Holz/Glas/Keramik-Verarbeitung
13492,Kunststoff/Metall/Holz/Glas/Keramik-Verarbeitung
112713,Sonstiges
105784,Sonstiges
4163,Sonstiges
17047,Sonstiges
1047042,Maschinen- & Anlagenbau
49860,Sonstiges
98853,Sonstiges
51215,Sonstiges
123814,Maschinen- & Anlagenbau
56921,Handel
94018,Sonstiges
121734,Sonstiges
23377,Elektro & Mess-Regeltechnik
92004,Automotive & Zulieferer
12474,Elektro & Mess-Regeltechnik
4557,Sonstiges
109246,Handel
12780,Elektro & Mess-Regeltechnik
22848,Sonstiges
101378,Sonstiges
22094,Maschinen- & Anlagenbau
57022,Sonstiges
38960,Sonstiges
94952,Sonstiges
32146,Sonstiges
66069,Sonstiges
1002999,Automotive & Zulieferer
90415,Maschinen- & Anlagenbau
1052881,Kunststoff/Metall/Holz/Glas/Keramik-Verarbeitung
65847,Sonstiges
111857,Sonstiges
89759,Maschinen- & Anlagenbau
11336,Automotive & Zulieferer
31944,Automotive & Zulieferer
121148,Kunststoff/Metall/Holz/Glas/Keramik-Verarbeitung
3098,Kunststoff/Metall/Holz/Glas/Keramik-Verarbeitung
1002319,Maschinen- & Anlagenbau
100534,Sonstiges
110771,Chemie & Raffinerie
126078,Sonstiges
51539,Sonstiges
1439,Sonstiges
13997,Elektro & Mess-Regeltechnik
28290,Maschinen- & Anlagenbau
85331,Sonstiges
127255,Maschinen- & Anlagenbau
1050129,Sonstiges
20859,Sonstiges
11725,Kunststoff/Metall/Holz/Glas/Keramik-Verarbeitung
1001507,Kunststoff/Metall/Holz/Glas/Keramik-Verarbeitung
41910,Maschinen- & Anlagenbau
128692,Maschinen- & Anlagenbau
28226,Handel
79144,Sonstiges
15152,Elektro & Mess-Regeltechnik
112357,Elektro & Mess-Regeltechnik
108801,Sonstiges
71591,Sonstiges
1000588,Maschinen- & Anlagenbau
31562,Elektro & Mess-Regeltechnik
45694,Defence
56446,Sonstiges
202,Maschinen- & Anlagenbau
12960,Energie
99934,Maschinen- & Anlagenbau
11464,Automotive & Zulieferer
92056,Sonstiges
13881,Maschinen- & Anlagenbau
116750,Handel
121613,Automotive & Zulieferer
1102511,Luft- & Raumfahrt & Zulieferer
64835,Chemie & Raffinerie
80130,Sonstiges
54163,Sonstiges
20126,Kunststoff/Metall/Holz/Glas/Keramik-Verarbeitung
12907,Kunststoff/Metall/Holz/Glas/Keramik-Verarbeitung
28228,Maschinen- & Anlagenbau
104654,Sonstiges
33383,Sonstiges
56120,Sonstiges
103981,Sonstiges
61215,Maschinen- & Anlagenbau
10698,Kunststoff/Metall/Holz/Glas/Keramik-Verarbeitung
15447,Maschinen- & Anlagenbau
34924,Sonstiges
97453,Sonstiges
81401,Handel
1011205,Sonstiges
121854,Automotive & Zulieferer
117178,Medical
1009467,Maschinen- & Anlagenbau
51348,Automotive & Zulieferer
115970,Kunststoff/Metall/Holz/Glas/Keramik-Verarbeitung
38095,Sonstiges
113111,Sonstiges
113867,Sonstiges
66770,Medical
1012929,Kunststoff/Metall/Holz/Glas/Keramik-Verarbeitung
4576,Kunststoff/Metall/Holz/Glas/Keramik-Verarbeitung
126274,Automotive & Zulieferer
30906,Sonstiges
111421,Sonstiges
1004530,Kunststoff/Metall/Holz/Glas/Keramik-Verarbeitung
50619,Maschinen- & Anlagenbau
119039,Sonstiges
106124,Sonstiges
79342,Sonstiges
37124,Sonstiges
95656,Sonstiges
126687,Handel
50122,Sonstiges
100110,Luft- & Raumfahrt & Zulieferer
36416,Luft- & Raumfahrt & Zulieferer
80574,Elektro & Mess-Regeltechnik
49664,Sonstiges
11273,Maschinen- & Anlagenbau
80859,Sonstiges
29107,Sonstiges
86441,Automotive & Zulieferer
17734,Kunststoff/Metall/Holz/Glas/Keramik-Verarbeitung
1021886,Handel
48308,Maschinen- & Anlagenbau
112258,Sonstiges
57954,Sonstiges
89253,Sonstiges
117507,Handel
119523,Handel
77656,Kunststoff/Metall/Holz/Glas/Keramik-Verarbeitung
56938,Maschinen- & Anlagenbau
10108,Kunststoff/Metall/Holz/Glas/Keramik-Verarbeitung
103823,Sonstiges
125715,Sonstiges
6717,Kunststoff/Metall/Holz/Glas/Keramik-Verarbeitung
58088,Maschinen- & Anlagenbau
21226,Kunststoff/Metall/Holz/Glas/Keramik-Verarbeitung
79915,Sonstiges
23341,Sonstiges
4467,Maschinen- & Anlagenbau
14411,Handel
113317,Handel
80196,Sonstiges
49577,Sonstiges
78560,Kunststoff/Metall/Holz/Glas/Keramik-Verarbeitung
113866,Sonstiges
27283,Sonstiges
121114,Sonstiges
37194,Sonstiges
117838,Sonstiges
60079,Automotive & Zulieferer
66720,Elektro & Mess-Regeltechnik
64664,Sonstiges
118421,Kunststoff/Metall/Holz/Glas/Keramik-Verarbeitung
122724,Handel
1041544,Kunststoff/Metall/Holz/Glas/Keramik-Verarbeitung
15409,Sonstiges
11131,Elektro & Mess-Regeltechnik
14450,Kunststoff/Metall/Holz/Glas/Keramik-Verarbeitung
50721,Sonstiges
50444,Automotive & Zulieferer
1050425,Kunststoff/Metall/Holz/Glas/Keramik-Verarbeitung
78403,Maschinen- & Anlagenbau
109631,Medical
85349,Sonstiges
65514,Handel
103711,Handel
51377,Sonstiges
76319,Sonstiges
119409,Handel
1051910,Handel
107516,Automotive & Zulieferer
89563,Sonstiges
120687,Chemie & Raffinerie
84734,Handel
15795,Sonstiges
121518,Sonstiges
11688,Maschinen- & Anlagenbau
4731,Sonstiges
33970,Sonstiges
56598,Sonstiges
50128,Sonstiges
125533,Handel
51347,Handel
52455,Sonstiges
17735,Automotive & Zulieferer
60112,Automotive & Zulieferer
55116,Maschinen- & Anlagenbau
102813,Sonstiges
119742,Sonstiges
119814,Handel
107656,Maschinen- & Anlagenbau
128207,Kunststoff/Metall/Holz/Glas/Keramik-Verarbeitung
55659,Sonstiges
78393,Sonstiges
70157,Kunststoff/Metall/Holz/Glas/Keramik-Verarbeitung
77804,Maschinen- & Anlagenbau
46487,Sonstiges
82982,Sonstiges
98102,Sonstiges
58529,Sonstiges
99235,Maschinen- & Anlagenbau
97320,Kunststoff/Metall/Holz/Glas/Keramik-Verarbeitung
106519,Sonstiges
125423,Handel
46577,Sonstiges
62502,Elektro & Mess-Regeltechnik
123911,Sonstiges
43993,Maschinen- & Anlagenbau
104641,Sonstiges
1011264,Kunststoff/Metall/Holz/Glas/Keramik-Verarbeitung
86910,Sonstiges
23945,Maschinen- & Anlagenbau
10912,Kunststoff/Metall/Holz/Glas/Keramik-Verarbeitung
19424,Maschinen- & Anlagenbau
52020,Sonstiges
115974,Kunststoff/Metall/Holz/Glas/Keramik-Verarbeitung
109711,Sonstiges
1523,Elektro & Mess-Regeltechnik
108492,Sonstiges
53424,Sonstiges
124680,Handel
44680,Sonstiges
31684,Maschinen- & Anlagenbau
110768,Kunststoff/Metall/Holz/Glas/Keramik-Verarbeitung
68504,Sonstiges
41851,Sonstiges
122085,Kunststoff/Metall/Holz/Glas/Keramik-Verarbeitung
106295,Sonstiges
32335,Automotive & Zulieferer
57143,Sonstiges
52411,Sonstiges
103169,Sonstiges
69970,Sonstiges
99194,Sonstiges
112874,Sonstiges
56113,Sonstiges
79992,Kunststoff/Metall/Holz/Glas/Keramik-Verarbeitung
118754,Medical
1042641,Medical
92123,Maschinen- & Anlagenbau
128785,Sonstiges
112284,Sonstiges
47201,Maschinen- & Anlagenbau
1050872,Automotive & Zulieferer
68580,Handel
18285,Elektro & Mess-Regeltechnik
50831,Kunststoff/Metall/Holz/Glas/Keramik-Verarbeitung
45761,Sonstiges
120362,Kunststoff/Metall/Holz/Glas/Keramik-Verarbeitung
71251,Sonstiges
111033,Handel
1000927,Sonstiges
16587,Sonstiges
49530,Maschinen- & Anlagenbau
1002809,Maschinen- & Anlagenbau
120201,Energie
46363,Maschinen- & Anlagenbau
47124,Automotive & Zulieferer
24972,Automotive & Zulieferer
76561,Sonstiges
111604,Handel
59871,Sonstiges
91488,Sonstiges
60080,Automotive & Zulieferer
126759,Handel
16640,Handel
63402,Sonstiges
114373,Sonstiges
51416,Maschinen- & Anlagenbau
96484,Kalibrierlabore & Zertifizierungsstellen
105437,Chemie & Raffinerie
1004760,Kunststoff/Metall/Holz/Glas/Keramik-Verarbeitung
119645,Sonstiges
118490,Handel
59539,Automotive & Zulieferer
112125,Handel
125168,Sonstiges
118887,Handel
103777,Sonstiges
75880,Maschinen- & Anlagenbau
55711,Sonstiges
56977,Sonstiges
34601,Medical
59653,Luft- & Raumfahrt & Zulieferer
81762,Sonstiges
107508,Automotive & Zulieferer
1020092,Kunststoff/Metall/Holz/Glas/Keramik-Verarbeitung
30100,Maschinen- & Anlagenbau
67854,Sonstiges
19767,Kunststoff/Metall/Holz/Glas/Keramik-Verarbeitung
120218,Sonstiges
3670,Sonstiges
16919,Automotive & Zulieferer
107531,Maschinen- & Anlagenbau
46543,Sonstiges
88548,Sonstiges
50094,Sonstiges
2401,Sonstiges
24154,Elektro & Mess-Regeltechnik
84021,Maschinen- & Anlagenbau
105402,Sonstiges
118190,Sonstiges
82389,Kunststoff/Metall/Holz/Glas/Keramik-Verarbeitung
70657,Sonstiges
113102,Sonstiges
50412,Sonstiges
114645,Sonstiges
21364,Maschinen- & Anlagenbau
54999,Sonstiges
52975,Sonstiges
35149,Kunststoff/Metall/Holz/Glas/Keramik-Verarbeitung
127231,Sonstiges
24342,Sonstiges
47518,Maschinen- & Anlagenbau
82864,Kunststoff/Metall/Holz/Glas/Keramik-Verarbeitung
70084,Sonstiges
1012091,Kunststoff/Metall/Holz/Glas/Keramik-Verarbeitung
13738,Klima & Heizung (Facility)
1013485,Automotive & Zulieferer
60474,Maschinen- & Anlagenbau
36426,Kunststoff/Metall/Holz/Glas/Keramik-Verarbeitung
79464,Maschinen- & Anlagenbau
89064,Sonstiges
1102531,Automotive & Zulieferer
119170,Maschinen- & Anlagenbau
100831,Maschinen- & Anlagenbau
55374,Sonstiges
20985,Sonstiges
52745,Sonstiges
114746,Sonstiges
118626,Handel
128191,Maschinen- & Anlagenbau
1009407,Defence
33387,Chemie & Raffinerie
1050512,Kunststoff/Metall/Holz/Glas/Keramik-Verarbeitung
97118,Sonstiges
32059,Sonstiges
16954,Pharma
91935,Sonstiges
92450,Sonstiges
99755,Kunststoff/Metall/Holz/Glas/Keramik-Verarbeitung
69684,Kunststoff/Metall/Holz/Glas/Keramik-Verarbeitung
70624,Sonstiges
110611,Elektro & Mess-Regeltechnik
76012,Maschinen- & Anlagenbau
50335,Medical
81220,Sonstiges
1011555,Kalibrierlabore & Zertifizierungsstellen
97020,Sonstiges
1447,Automotive & Zulieferer
1002553,Elektro & Mess-Regeltechnik
120224,Sonstiges
13831,Sonstiges
1000126,Maschinen- & Anlagenbau
5300,Maschinen- & Anlagenbau
79192,Kunststoff/Metall/Holz/Glas/Keramik-Verarbeitung
31233,Kunststoff/Metall/Holz/Glas/Keramik-Verarbeitung
14999,Handel
26764,Elektro & Mess-Regeltechnik
1016633,Elektro & Mess-Regeltechnik
1020956,Kunststoff/Metall/Holz/Glas/Keramik-Verarbeitung
68476,Kunststoff/Metall/Holz/Glas/Keramik-Verarbeitung
26957,Automotive & Zulieferer
36981,Maschinen- & Anlagenbau
40212,Automotive & Zulieferer
56073,Sonstiges
31524,Sonstiges
39058,Energie
107746,Maschinen- & Anlagenbau
112622,Handel
37292,Sonstiges
1004474,Automotive & Zulieferer
115782,Maschinen- & Anlagenbau
110547,Medical
64908,Sonstiges
93366,Sonstiges
54833,Automotive & Zulieferer
99071,Sonstiges
120298,Maschinen- & Anlagenbau
121660,Handel
1100455,Maschinen- & Anlagenbau
62482,Maschinen- & Anlagenbau
113077,Luft- & Raumfahrt & Zulieferer
25743,Kunststoff/Metall/Holz/Glas/Keramik-Verarbeitung
115466,Sonstiges
1046287,Kunststoff/Metall/Holz/Glas/Keramik-Verarbeitung
101842,Handel
48497,Maschinen- & Anlagenbau
129053,Maschinen- & Anlagenbau
16578,Maschinen- & Anlagenbau
29378,Maschinen- & Anlagenbau
108153,Automotive & Zulieferer
52136,Sonstiges
21039,Kunststoff/Metall/Holz/Glas/Keramik-Verarbeitung
92616,Sonstiges
44018,Sonstiges
109666,Handel
78963,Kunststoff/Metall/Holz/Glas/Keramik-Verarbeitung
3557,Maschinen- & Anlagenbau
105066,Sonstiges
20886,Sonstiges
100042,Handel
106953,Sonstiges
77961,Sonstiges
87890,Handel
19792,Sonstiges
52284,Automotive & Zulieferer
54508,Sonstiges
97633,Automotive & Zulieferer
82935,Sonstiges
106578,Sonstiges
123904,Automotive & Zulieferer
65768,Sonstiges
64269,Automotive & Zulieferer
64625,Automotive & Zulieferer
26639,Automotive & Zulieferer
85255,Automotive & Zulieferer
115344,Luft- & Raumfahrt & Zulieferer
94037,Sonstiges
91561,Sonstiges
111218,Maschinen- & Anlagenbau
33930,Elektro & Mess-Regeltechnik
66448,Maschinen- & Anlagenbau
122034,Sonstiges
55721,Kunststoff/Metall/Holz/Glas/Keramik-Verarbeitung
11634,Sonstiges
1022821,Kunststoff/Metall/Holz/Glas/Keramik-Verarbeitung
48051,Maschinen- & Anlagenbau
45723,Sonstiges
38482,Sonstiges
21558,Medical
107620,Medical
113580,Sonstiges
98053,Sonstiges
113509,Handel
85212,Sonstiges
68737,Pharma
87568,Automotive & Zulieferer
1047181,Kunststoff/Metall/Holz/Glas/Keramik-Verarbeitung
10102,Maschinen- & Anlagenbau
88981,Kalibrierlabore & Zertifizierungsstellen
78896,Sonstiges
32227,Maschinen- & Anlagenbau
122487,Sonstiges
15404,Kunststoff/Metall/Holz/Glas/Keramik-Verarbeitung
30625,Maschinen- & Anlagenbau
1012250,Elektro & Mess-Regeltechnik
106772,Sonstiges
57969,Sonstiges
25319,Kunststoff/Metall/Holz/Glas/Keramik-Verarbeitung
29807,Sonstiges
1046526,Energie
91944,Sonstiges
117502,Sonstiges
1004682,Maschinen- & Anlagenbau
3247,Automotive & Zulieferer
26703,Kunststoff/Metall/Holz/Glas/Keramik-Verarbeitung
110481,Sonstiges
108012,Sonstiges
81251,Sonstiges
77664,Automotive & Zulieferer
99213,Sonstiges
53928,Handel
57132,Sonstiges
113465,Automotive & Zulieferer
24509,Kunststoff/Metall/Holz/Glas/Keramik-Verarbeitung
13729,Sonstiges
67131,Kunststoff/Metall/Holz/Glas/Keramik-Verarbeitung
11082,Maschinen- & Anlagenbau
78170,Automotive & Zulieferer
108272,Sonstiges
129143,Maschinen- & Anlagenbau
121937,Maschinen- & Anlagenbau
36618,Kunststoff/Metall/Holz/Glas/Keramik-Verarbeitung
64131,Kunststoff/Metall/Holz/Glas/Keramik-Verarbeitung
77056,Sonstiges
61674,Elektro & Mess-Regeltechnik
45635,Sonstiges
1010033,Sonstiges
87108,Sonstiges
124046,Sonstiges
67626,Sonstiges
22543,Elektro & Mess-Regeltechnik
98245,Sonstiges
11044,Sonstiges
87591,Kunststoff/Metall/Holz/Glas/Keramik-Verarbeitung
31805,Maschinen- & Anlagenbau
113824,Handel
105825,Sonstiges
24897,Sonstiges
10536,Elektro & Mess-Regeltechnik
28366,Handel
121106,Handel
85452,Maschinen- & Anlagenbau
11071,Sonstiges
113251,Sonstiges
69157,Sonstiges
55296,Sonstiges
87670,Sonstiges
128004,Kunststoff/Metall/Holz/Glas/Keramik-Verarbeitung
1000545,Kunststoff/Metall/Holz/Glas/Keramik-Verarbeitung
62914,Maschinen- & Anlagenbau
77437,Sonstiges
66576,Defence
70726,Sonstiges
11544,Kunststoff/Metall/Holz/Glas/Keramik-Verarbeitung
91429,Kunststoff/Metall/Holz/Glas/Keramik-Verarbeitung
80967,Handel
30270,Medical
31390,Automotive & Zulieferer
109578,Sonstiges
104307,Sonstiges
98795,Elektro & Mess-Regeltechnik
41943,Maschinen- & Anlagenbau
128527,Handel
13672,Handel
66330,Sonstiges
111342,Defence
108906,Maschinen- & Anlagenbau
52018,Sonstiges
1012248,Kunststoff/Metall/Holz/Glas/Keramik-Verarbeitung
17142,Kunststoff/Metall/Holz/Glas/Keramik-Verarbeitung
115559,Kunststoff/Metall/Holz/Glas/Keramik-Verarbeitung
14053,Kunststoff/Metall/Holz/Glas/Keramik-Verarbeitung
121348,Sonstiges
76968,Sonstiges
17516,Automotive & Zulieferer
118734,Kalibrierlabore & Zertifizierungsstellen
67163,Sonstiges
110664,Sonstiges
100303,Sonstiges
16059,Kunststoff/Metall/Holz/Glas/Keramik-Verarbeitung
61330,Energie
67832,Pharma
26373,Kunststoff/Metall/Holz/Glas/Keramik-Verarbeitung
14174,Maschinen- & Anlagenbau
113107,Sonstiges
70535,Sonstiges
115966,Maschinen- & Anlagenbau
12254,Kunststoff/Metall/Holz/Glas/Keramik-Verarbeitung
61184,Sonstiges
13795,Handel
15680,Automotive & Zulieferer
113044,Kunststoff/Metall/Holz/Glas/Keramik-Verarbeitung
71047,Sonstiges
60495,Elektro & Mess-Regeltechnik
52609,Sonstiges
79601,Sonstiges
90205,Kunststoff/Metall/Holz/Glas/Keramik-Verarbeitung
129137,Sonstiges
89796,Handel
108787,Kunststoff/Metall/Holz/Glas/Keramik-Verarbeitung
96517,Kunststoff/Metall/Holz/Glas/Keramik-Verarbeitung
106003,Sonstiges
89468,Sonstiges
1018486,Kunststoff/Metall/Holz/Glas/Keramik-Verarbeitung
39228,Automotive & Zulieferer
500,Maschinen- & Anlagenbau
48322,Sonstiges
67578,Sonstiges
31933,Sonstiges
18116,Maschinen- & Anlagenbau
118010,Medical
123279,Sonstiges
104133,Kunststoff/Metall/Holz/Glas/Keramik-Verarbeitung
12884,Elektro & Mess-Regeltechnik
106536,Luft- & Raumfahrt & Zulieferer
21777,Elektro & Mess-Regeltechnik
121372,Automotive & Zulieferer
1046595,Sonstiges
24214,Maschinen- & Anlagenbau
11644,Maschinen- & Anlagenbau
113326,Sonstiges
18099,Sonstiges
110705,Maschinen- & Anlagenbau
17353,Handel
110666,Sonstiges
42814,Sonstiges
85271,Luft- & Raumfahrt & Zulieferer
60681,Elektro & Mess-Regeltechnik
83484,Kunststoff/Metall/Holz/Glas/Keramik-Verarbeitung
96765,Energie
52195,Maschinen- & Anlagenbau
71537,Kunststoff/Metall/Holz/Glas/Keramik-Verarbeitung
25727,Elektro & Mess-Regeltechnik
28459,Sonstiges
51990,Sonstiges
55656,Kunststoff/Metall/Holz/Glas/Keramik-Verarbeitung
120806,Handel
102237,Sonstiges
22779,Maschinen- & Anlagenbau
52608,Maschinen- & Anlagenbau
51724,Maschinen- & Anlagenbau
48026,Sonstiges
28094,Sonstiges
1044072,Sonstiges
50470,Maschinen- & Anlagenbau
17603,Maschinen- & Anlagenbau
32886,Kunststoff/Metall/Holz/Glas/Keramik-Verarbeitung
78476,Sonstiges
68472,Sonstiges
18005,Sonstiges
63468,Sonstiges
22222,Kunststoff/Metall/Holz/Glas/Keramik-Verarbeitung
81877,Automotive & Zulieferer
1046400,Kunststoff/Metall/Holz/Glas/Keramik-Verarbeitung
84052,Sonstiges
4223,Sonstiges
119228,Sonstiges
128780,Handel
1008757,Kunststoff/Metall/Holz/Glas/Keramik-Verarbeitung
21491,Maschinen- & Anlagenbau
105083,Sonstiges
29874,Chemie & Raffinerie
59564,Pharma
110346,Sonstiges
112685,Kunststoff/Metall/Holz/Glas/Keramik-Verarbeitung
491,Kunststoff/Metall/Holz/Glas/Keramik-Verarbeitung
100360,Sonstiges
21872,Sonstiges
124931,Elektro & Mess-Regeltechnik
31258,Elektro & Mess-Regeltechnik
97959,Sonstiges
3502,Sonstiges
114118,Handel
10971,Maschinen- & Anlagenbau
109338,Kunststoff/Metall/Holz/Glas/Keramik-Verarbeitung
115858,Handel
64230,Maschinen- & Anlagenbau
110727,Kunststoff/Metall/Holz/Glas/Keramik-Verarbeitung
114088,Maschinen- & Anlagenbau
66475,Medical
1050252,Chemie & Raffinerie
95374,Sonstiges
69690,Kunststoff/Metall/Holz/Glas/Keramik-Verarbeitung
1000228,Kunststoff/Metall/Holz/Glas/Keramik-Verarbeitung
76426,Maschinen- & Anlagenbau
119144,Automotive & Zulieferer
116610,Kunststoff/Metall/Holz/Glas/Keramik-Verarbeitung
115727,Handel
121625,Maschinen- & Anlagenbau
1213546,Automotive & Zulieferer
85599,Sonstiges
46211,Maschinen- & Anlagenbau
120233,Handel
1047864,Automotive & Zulieferer
108442,Sonstiges
20415,Maschinen- & Anlagenbau
106278,Sonstiges
104538,Sonstiges
77286,Kunststoff/Metall/Holz/Glas/Keramik-Verarbeitung
112920,Handel
113480,Automotive & Zulieferer
120602,Sonstiges
70906,Chemie & Raffinerie
84227,Sonstiges
121799,Sonstiges
120554,Kunststoff/Metall/Holz/Glas/Keramik-Verarbeitung
106675,Kunststoff/Metall/Holz/Glas/Keramik-Verarbeitung
1007618,Halbleiter & Mikroelektronik
12740,Kunststoff/Metall/Holz/Glas/Keramik-Verarbeitung
46933,Sonstiges
115954,Sonstiges
13303,Sonstiges
88276,Sonstiges
66055,Sonstiges
1050523,Maschinen- & Anlagenbau
106052,Kunststoff/Metall/Holz/Glas/Keramik-Verarbeitung
16069,Kunststoff/Metall/Holz/Glas/Keramik-Verarbeitung
1043253,Elektro & Mess-Regeltechnik
39960,Maschinen- & Anlagenbau
33846,Sonstiges
116569,Handel
79352,Sonstiges
100992,Maschinen- & Anlagenbau
20337,Maschinen- & Anlagenbau
2311,Maschinen- & Anlagenbau
60627,Automotive & Zulieferer
76867,Sonstiges
63218,Sonstiges
12452,Kunststoff/Metall/Holz/Glas/Keramik-Verarbeitung
1200775,Automotive & Zulieferer
106008,Sonstiges
122286,Automotive & Zulieferer
58430,Sonstiges
31008,Sonstiges
66588,Defence
10031,Kunststoff/Metall/Holz/Glas/Keramik-Verarbeitung
87893,Sonstiges
99561,Maschinen- & Anlagenbau
34067,Elektro & Mess-Regeltechnik
129277,Maschinen- & Anlagenbau
32720,Kunststoff/Metall/Holz/Glas/Keramik-Verarbeitung
91583,Sonstiges
13193,Elektro & Mess-Regeltechnik
121332,Chemie & Raffinerie
55076,Sonstiges
15162,Energie
82349,Maschinen- & Anlagenbau
28117,Sonstiges
5421,Sonstiges
112779,Sonstiges
114660,Sonstiges
108703,Handel
21919,Chemie & Raffinerie
1048159,Automotive & Zulieferer
77293,Sonstiges
98428,Kunststoff/Metall/Holz/Glas/Keramik-Verarbeitung
20489,Sonstiges
38594,Maschinen- & Anlagenbau
71355,Handel
61499,Maschinen- & Anlagenbau
82766,Handel
90171,Automotive & Zulieferer
108966,Sonstiges
1044034,Kunststoff/Metall/Holz/Glas/Keramik-Verarbeitung
58960,Kunststoff/Metall/Holz/Glas/Keramik-Verarbeitung
12441,Maschinen- & Anlagenbau
117953,Kunststoff/Metall/Holz/Glas/Keramik-Verarbeitung
26531,Handel
94584,Sonstiges
11892,Kunststoff/Metall/Holz/Glas/Keramik-Verarbeitung
120592,Sonstiges
24160,Maschinen- & Anlagenbau
117446,Handel
108583,Maschinen- & Anlagenbau
12147,Handel
4779,Sonstiges
29744,Kunststoff/Metall/Holz/Glas/Keramik-Verarbeitung
81654,Sonstiges
92246,Sonstiges
30805,Maschinen- & Anlagenbau
18469,Kunststoff/Metall/Holz/Glas/Keramik-Verarbeitung
115042,Sonstiges
116408,Sonstiges
84280,Maschinen- & Anlagenbau
92540,Sonstiges
82728,Kunststoff/Metall/Holz/Glas/Keramik-Verarbeitung
82635,Maschinen- & Anlagenbau
56457,Sonstiges
57582,Elektro & Mess-Regeltechnik
34406,Kunststoff/Metall/Holz/Glas/Keramik-Verarbeitung
76538,Sonstiges
39088,Automotive & Zulieferer
118984,Sonstiges
1013718,Kunststoff/Metall/Holz/Glas/Keramik-Verarbeitung
50706,Sonstiges
87636,Sonstiges
14358,Sonstiges
69327,Sonstiges
81324,Maschinen- & Anlagenbau
42018,Sonstiges
119567,Kunststoff/Metall/Holz/Glas/Keramik-Verarbeitung
115319,Automotive & Zulieferer
118471,Sonstiges
21375,Kunststoff/Metall/Holz/Glas/Keramik-Verarbeitung
81054,Sonstiges
52331,Kunststoff/Metall/Holz/Glas/Keramik-Verarbeitung
20551,Sonstiges
109534,Sonstiges
55956,Maschinen- & Anlagenbau
5181,Maschinen- & Anlagenbau
112046,Sonstiges
118702,Handel
50768,Sonstiges
83369,Maschinen- & Anlagenbau
1015183,Handel
7008,Maschinen- & Anlagenbau
22151,Maschinen- & Anlagenbau
96087,Handel
1042344,Handel
71974,Sonstiges
70962,Maschinen- & Anlagenbau
110701,Sonstiges
47460,Kunststoff/Metall/Holz/Glas/Keramik-Verarbeitung
36115,Sonstiges
13294,Sonstiges
1053499,Maschinen- & Anlagenbau
87328,Defence
46333,Sonstiges
83619,Automotive & Zulieferer
90193,Maschinen- & Anlagenbau
80785,Sonstiges
56223,Sonstiges
32831,Automotive & Zulieferer
84160,Kunststoff/Metall/Holz/Glas/Keramik-Verarbeitung
118465,Luft- & Raumfahrt & Zulieferer
108017,Maschinen- & Anlagenbau
1109069,Maschinen- & Anlagenbau
51239,Maschinen- & Anlagenbau
67937,Handel
58728,Kunststoff/Metall/Holz/Glas/Keramik-Verarbeitung
126754,Sonstiges
98813,Sonstiges
18641,Elektro & Mess-Regeltechnik
20635,Sonstiges
1001775,Maschinen- & Anlagenbau
28201,Elektro & Mess-Regeltechnik
7135,Maschinen- & Anlagenbau
22927,Sonstiges
22611,Maschinen- & Anlagenbau
110572,Sonstiges
37893,Kunststoff/Metall/Holz/Glas/Keramik-Verarbeitung
11171,Medical
113922,Kunststoff/Metall/Holz/Glas/Keramik-Verarbeitung
13330,Sonstiges
11435,Maschinen- & Anlagenbau
107186,Sonstiges
107015,Kunststoff/Metall/Holz/Glas/Keramik-Verarbeitung
1001040,Chemie & Raffinerie
69729,Sonstiges
71283,Sonstiges
119753,Handel
28080,Medical
113460,Maschinen- & Anlagenbau
79999,Handel
31490,Sonstiges
124045,Elektro & Mess-Regeltechnik
113032,Kunststoff/Metall/Holz/Glas/Keramik-Verarbeitung
80738,Sonstiges
78149,Handel
119984,Sonstiges
14119,Sonstiges
39009,Elektro & Mess-Regeltechnik
77996,Sonstiges
116955,Sonstiges
90377,Elektro & Mess-Regeltechnik
106642,Sonstiges
3158,Sonstiges
76834,Sonstiges
88739,Sonstiges
67640,Sonstiges
88619,Kunststoff/Metall/Holz/Glas/Keramik-Verarbeitung
117445,Handel
64503,Sonstiges
91067,Sonstiges
5556,Elektro & Mess-Regeltechnik
88387,Elektro & Mess-Regeltechnik
11524,Elektro & Mess-Regeltechnik
94214,Automotive & Zulieferer
25110,Maschinen- & Anlagenbau
308,Maschinen- & Anlagenbau
63343,Sonstiges
50191,Sonstiges
82519,Energie
26620,Sonstiges
87693,Defence
107631,Sonstiges
47365,Kunststoff/Metall/Holz/Glas/Keramik-Verarbeitung
60590,Elektro & Mess-Regeltechnik
62727,Chemie & Raffinerie
116904,Handel
11178,Maschinen- & Anlagenbau
118319,Kunststoff/Metall/Holz/Glas/Keramik-Verarbeitung
23150,Maschinen- & Anlagenbau
102134,Automotive & Zulieferer
1101554,Handel
18638,Sonstiges
20669,Kunststoff/Metall/Holz/Glas/Keramik-Verarbeitung
1053664,Kunststoff/Metall/Holz/Glas/Keramik-Verarbeitung
122229,Sonstiges
85815,Kunststoff/Metall/Holz/Glas/Keramik-Verarbeitung
53982,Sonstiges
24297,Kunststoff/Metall/Holz/Glas/Keramik-Verarbeitung
10069,Kunststoff/Metall/Holz/Glas/Keramik-Verarbeitung
87033,Sonstiges
30372,Handel
56620,Sonstiges
89805,Sonstiges
125817,Automotive & Zulieferer
12143,Handel
34828,Sonstiges
116238,Automotive & Zulieferer
64394,Kunststoff/Metall/Holz/Glas/Keramik-Verarbeitung
20189,Kunststoff/Metall/Holz/Glas/Keramik-Verarbeitung
78374,Sonstiges
65967,Sonstiges
1108895,Kunststoff/Metall/Holz/Glas/Keramik-Verarbeitung
19757,Kunststoff/Metall/Holz/Glas/Keramik-Verarbeitung
110018,Energie
28907,Luft- & Raumfahrt & Zulieferer
18221,Kunststoff/Metall/Holz/Glas/Keramik-Verarbeitung
38569,Kunststoff/Metall/Holz/Glas/Keramik-Verarbeitung
60121,Handel
39448,Sonstiges
70137,Maschinen- & Anlagenbau
1016763,Maschinen- & Anlagenbau
49633,Sonstiges
14986,Elektro & Mess-Regeltechnik
89098,Automotive & Zulieferer
107680,Sonstiges
64,Elektro & Mess-Regeltechnik
51930,Sonstiges
53954,Maschinen- & Anlagenbau
1011019,Klima & Heizung (Facility)
125021,Sonstiges
116303,Handel
83184,Sonstiges
68634,Sonstiges
59611,Sonstiges
76106,Kalibrierlabore & Zertifizierungsstellen
123223,Kunststoff/Metall/Holz/Glas/Keramik-Verarbeitung
11096,Handel
86307,Kunststoff/Metall/Holz/Glas/Keramik-Verarbeitung
2872,Sonstiges
6782,Elektro & Mess-Regeltechnik
97935,Maschinen- & Anlagenbau
10888,Maschinen- & Anlagenbau
1042683,Kunststoff/Metall/Holz/Glas/Keramik-Verarbeitung
1052992,Automotive & Zulieferer
27510,Kunststoff/Metall/Holz/Glas/Keramik-Verarbeitung
67242,Kunststoff/Metall/Holz/Glas/Keramik-Verarbeitung
81574,Sonstiges
122594,Handel
115069,Elektro & Mess-Regeltechnik
15450,Chemie & Raffinerie
77619,Sonstiges
53816,Maschinen- & Anlagenbau
98252,Sonstiges
99772,Sonstiges
41134,Sonstiges
119983,Handel
120157,Kunststoff/Metall/Holz/Glas/Keramik-Verarbeitung
121290,Handel
29240,Handel
50125,Sonstiges
16137,Maschinen- & Anlagenbau
122472,Maschinen- & Anlagenbau
13307,Sonstiges
84578,Sonstiges
117741,Handel
95647,Maschinen- & Anlagenbau
68018,Kunststoff/Metall/Holz/Glas/Keramik-Verarbeitung
87462,Sonstiges
5266,Kunststoff/Metall/Holz/Glas/Keramik-Verarbeitung
35528,Sonstiges
17626,Sonstiges
121888,Kunststoff/Metall/Holz/Glas/Keramik-Verarbeitung
25086,Sonstiges
1000649,Maschinen- & Anlagenbau
22572,Kunststoff/Metall/Holz/Glas/Keramik-Verarbeitung
78762,Sonstiges
25580,Handel
87089,Sonstiges
81655,Maschinen- & Anlagenbau
16777,Sonstiges
59598,Sonstiges
93972,Maschinen- & Anlagenbau
101163,Sonstiges
12270,Maschinen- & Anlagenbau
89878,Sonstiges
115202,Sonstiges
78808,Kunststoff/Metall/Holz/Glas/Keramik-Verarbeitung
85910,Sonstiges
103938,Sonstiges
1000177,Elektro & Mess-Regeltechnik
104586,Maschinen- & Anlagenbau
13783,Maschinen- & Anlagenbau
50137,Sonstiges
44613,Maschinen- & Anlagenbau
98946,Energie
120261,Automotive & Zulieferer
88681,Sonstiges
34299,Elektro & Mess-Regeltechnik
65470,Kunststoff/Metall/Holz/Glas/Keramik-Verarbeitung
109515,Sonstiges
33397,Sonstiges
36913,Maschinen- & Anlagenbau
58757,Elektro & Mess-Regeltechnik
84142,Sonstiges
87661,Chemie & Raffinerie
41906,Maschinen- & Anlagenbau
89238,Kunststoff/Metall/Holz/Glas/Keramik-Verarbeitung
107210,Sonstiges
1022019,Maschinen- & Anlagenbau
83775,Kunststoff/Metall/Holz/Glas/Keramik-Verarbeitung
27199,Sonstiges
14248,Sonstiges
111479,Sonstiges
101903,Handel
76985,Handel
100383,Sonstiges
121318,Sonstiges
10447,Automotive & Zulieferer
64433,Handel
16815,Sonstiges
115457,Maschinen- & Anlagenbau
103868,Automotive & Zulieferer
82037,Sonstiges
27176,Sonstiges
41085,Sonstiges
85012,Sonstiges
97973,Sonstiges
22547,Kunststoff/Metall/Holz/Glas/Keramik-Verarbeitung
2530,Automotive & Zulieferer
41487,Sonstiges
89955,Sonstiges
90535,Sonstiges
89479,Sonstiges
76201,Kunststoff/Metall/Holz/Glas/Keramik-Verarbeitung
23565,Sonstiges
71995,Sonstiges
81258,Sonstiges
34182,Sonstiges
26685,Maschinen- & Anlagenbau
107043,Halbleiter & Mikroelektronik
83602,Sonstiges
22680,Sonstiges
109204,Maschinen- & Anlagenbau
55465,Sonstiges
64377,Kunststoff/Metall/Holz/Glas/Keramik-Verarbeitung
49474,Automotive & Zulieferer
17777,Sonstiges
66616,Sonstiges
127786,Maschinen- & Anlagenbau
52477,Maschinen- & Anlagenbau
60492,Maschinen- & Anlagenbau
50663,Medical
120332,Handel
45240,Sonstiges
83800,Kunststoff/Metall/Holz/Glas/Keramik-Verarbeitung
57737,Sonstiges
20024,Automotive & Zulieferer
1016420,Maschinen- & Anlagenbau
89795,Chemie & Raffinerie
94436,Sonstiges
1563718,Automotive & Zulieferer
1053542,Handel
1022945,Automotive & Zulieferer
79320,Sonstiges
80011,Sonstiges
79873,Sonstiges
100393,Automotive & Zulieferer
37454,Luft- & Raumfahrt & Zulieferer
89654,Sonstiges
98934,Automotive & Zulieferer
113531,Sonstiges
106109,Sonstiges
86133,Sonstiges
123072,Sonstiges
51841,Sonstiges
27526,Sonstiges
27584,Sonstiges
1114944,Handel
88253,Elektro & Mess-Regeltechnik
116362,Handel
85258,Maschinen- & Anlagenbau
24987,Sonstiges
114811,Handel
56456,Sonstiges
78301,Sonstiges
117962,Kunststoff/Metall/Holz/Glas/Keramik-Verarbeitung
21249,Sonstiges
12858,Maschinen- & Anlagenbau
119765,Sonstiges
111082,Maschinen- & Anlagenbau
80788,Sonstiges
120889,Maschinen- & Anlagenbau
13269,Kunststoff/Metall/Holz/Glas/Keramik-Verarbeitung
15650,Sonstiges
102984,Maschinen- & Anlagenbau
120803,Automotive & Zulieferer
84199,Sonstiges
55408,Medical
1049665,Automotive & Zulieferer
84906,Elektro & Mess-Regeltechnik
27857,Sonstiges
80936,Defence
34496,Sonstiges
61556,Handel
59637,Sonstiges
106127,Kunststoff/Metall/Holz/Glas/Keramik-Verarbeitung
125298,Maschinen- & Anlagenbau
13272,Kunststoff/Metall/Holz/Glas/Keramik-Verarbeitung
31886,Elektro & Mess-Regeltechnik
85657,Maschinen- & Anlagenbau
22932,Kunststoff/Metall/Holz/Glas/Keramik-Verarbeitung
111225,Elektro & Mess-Regeltechnik
66081,Sonstiges
26027,Sonstiges
102755,Maschinen- & Anlagenbau
120013,Sonstiges
59604,Maschinen- & Anlagenbau
63272,Sonstiges
38026,Sonstiges
121086,Handel
33298,Sonstiges
23811,Sonstiges
128165,Sonstiges
26219,Automotive & Zulieferer
99055,Sonstiges
67997,Sonstiges
1015647,Maschinen- & Anlagenbau
86077,Sonstiges
40831,Maschinen- & Anlagenbau
64400,Sonstiges
119491,Kunststoff/Metall/Holz/Glas/Keramik-Verarbeitung
1050723,Automotive & Zulieferer
15088,Maschinen- & Anlagenbau
77236,Automotive & Zulieferer
111145,Sonstiges
111307,Sonstiges
127915,Sonstiges
118892,Sonstiges
85330,Sonstiges
116498,Sonstiges
109537,Sonstiges
63492,Sonstiges
49913,Sonstiges
46681,Sonstiges
105838,Sonstiges
88964,Elektro & Mess-Regeltechnik
77145,Sonstiges
120854,Maschinen- & Anlagenbau
32067,Sonstiges
62059,Automotive & Zulieferer
113891,Sonstiges
97498,Automotive & Zulieferer
60476,Kunststoff/Metall/Holz/Glas/Keramik-Verarbeitung
119456,Automotive & Zulieferer
112798,Sonstiges
80676,Elektro & Mess-Regeltechnik
11267,Kunststoff/Metall/Holz/Glas/Keramik-Verarbeitung
57863,Sonstiges
66522,Sonstiges
111089,Sonstiges
1049339,Handel
68984,Sonstiges
123707,Handel
129254,Medical
105189,Sonstiges
1000456,Maschinen- & Anlagenbau
89359,Luft- & Raumfahrt & Zulieferer
84061,Sonstiges
15481,Sonstiges
38674,Elektro & Mess-Regeltechnik
16422,Medical
54472,Kunststoff/Metall/Holz/Glas/Keramik-Verarbeitung
106518,Sonstiges
91896,Maschinen- & Anlagenbau
56809,Sonstiges
25190,Elektro & Mess-Regeltechnik
107628,Sonstiges
93700,Sonstiges
94085,Automotive & Zulieferer
50505,Sonstiges
22858,Sonstiges
119985,Handel
120658,Maschinen- & Anlagenbau
124094,Handel
1732,Automotive & Zulieferer
40971,Kalibrierlabore & Zertifizierungsstellen
108084,Sonstiges
55463,Maschinen- & Anlagenbau
110009,Handel
111158,Elektro & Mess-Regeltechnik
108860,Luft- & Raumfahrt & Zulieferer
106490,Sonstiges
23649,Kunststoff/Metall/Holz/Glas/Keramik-Verarbeitung
84262,Handel
86229,Automotive & Zulieferer
90697,Sonstiges
57795,Sonstiges
99516,Defence
124525,Elektro & Mess-Regeltechnik
19041,Sonstiges
66309,Sonstiges
126838,Handel
100681,Sonstiges
109814,Sonstiges
114053,Sonstiges
112610,Maschinen- & Anlagenbau
113267,Sonstiges
16370,Kunststoff/Metall/Holz/Glas/Keramik-Verarbeitung
54946,Sonstiges
49828,Sonstiges
102402,Sonstiges
117746,Sonstiges
30008,Sonstiges
69170,Maschinen- & Anlagenbau
89978,Automotive & Zulieferer
107141,Sonstiges
37135,Kunststoff/Metall/Holz/Glas/Keramik-Verarbeitung
85932,Elektro & Mess-Regeltechnik
17921,Maschinen- & Anlagenbau
6610,Elektro & Mess-Regeltechnik
29176,Sonstiges
67914,Pharma
42183,Sonstiges
94641,Sonstiges
110472,Handel
122415,Sonstiges
11079,Kunststoff/Metall/Holz/Glas/Keramik-Verarbeitung
51141,Maschinen- & Anlagenbau
118258,Handel
122334,Maschinen- & Anlagenbau
1042836,Sonstiges
108970,Sonstiges
1006989,Sonstiges
111765,Sonstiges
89047,Sonstiges
123970,Sonstiges
17805,Elektro & Mess-Regeltechnik
56323,Medical
1001681,Sonstiges
30482,Kunststoff/Metall/Holz/Glas/Keramik-Verarbeitung
25932,Maschinen- & Anlagenbau
84074,Handel
126275,Handel
22216,Automotive & Zulieferer
85347,Kunststoff/Metall/Holz/Glas/Keramik-Verarbeitung
123027,Handel
119294,Sonstiges
12095,Kunststoff/Metall/Holz/Glas/Keramik-Verarbeitung
103614,Sonstiges
117430,Sonstiges
17071,Sonstiges
108007,Sonstiges
103262,Sonstiges
17998,Sonstiges
75765,Elektro & Mess-Regeltechnik
93113,Kunststoff/Metall/Holz/Glas/Keramik-Verarbeitung
29871,Elektro & Mess-Regeltechnik
30570,Elektro & Mess-Regeltechnik
84256,Sonstiges
77894,Sonstiges
120797,Energie
1042467,Klima & Heizung (Facility)
56479,Sonstiges
128670,Sonstiges
54437,Elektro & Mess-Regeltechnik
1016352,Kunststoff/Metall/Holz/Glas/Keramik-Verarbeitung
91075,Sonstiges
117448,Sonstiges
64428,Sonstiges
1012226,Elektro & Mess-Regeltechnik
1050292,Sonstiges
42769,Elektro & Mess-Regeltechnik
21265,Chemie & Raffinerie
97610,Sonstiges
93270,Sonstiges
41111,Sonstiges
76677,Sonstiges
14718,Kunststoff/Metall/Holz/Glas/Keramik-Verarbeitung
116738,Medical
1203955,Elektro & Mess-Regeltechnik
121293,Sonstiges
81381,Sonstiges
125138,Energie
48130,Sonstiges
19321,Elektro & Mess-Regeltechnik
69579,Sonstiges
128376,Handel
50495,Sonstiges
71167,Sonstiges
21742,Kunststoff/Metall/Holz/Glas/Keramik-Verarbeitung
98553,Energie
85131,Sonstiges
32178,Kunststoff/Metall/Holz/Glas/Keramik-Verarbeitung
57897,Sonstiges
116630,Chemie & Raffinerie
5118,Sonstiges
97743,Sonstiges
21354,Elektro & Mess-Regeltechnik
100231,Sonstiges
91376,Sonstiges
83149,Sonstiges
88360,Chemie & Raffinerie
10796,Automotive & Zulieferer
55666,Sonstiges
1000009,Kunststoff/Metall/Holz/Glas/Keramik-Verarbeitung
68622,Sonstiges
49237,Sonstiges
115800,Sonstiges
15824,Handel
48821,Kunststoff/Metall/Holz/Glas/Keramik-Verarbeitung
89872,Sonstiges
112247,Sonstiges
92621,Sonstiges
1041735,Kunststoff/Metall/Holz/Glas/Keramik-Verarbeitung
106253,Sonstiges
93385,Kunststoff/Metall/Holz/Glas/Keramik-Verarbeitung
91941,Sonstiges
10824,Handel
83319,Automotive & Zulieferer
49767,Sonstiges
59176,Sonstiges
126732,Kunststoff/Metall/Holz/Glas/Keramik-Verarbeitung
79343,Sonstiges
82463,Handel
41631,Kunststoff/Metall/Holz/Glas/Keramik-Verarbeitung
125804,Sonstiges
5085,Sonstiges
1001612,Maschinen- & Anlagenbau
2523,Maschinen- & Anlagenbau
54136,Sonstiges
18037,Kunststoff/Metall/Holz/Glas/Keramik-Verarbeitung
1011520,Sonstiges
21191,Elektro & Mess-Regeltechnik
125300,Maschinen- & Anlagenbau
1012287,Handel
89074,Sonstiges
38162,Sonstiges
48995,Sonstiges
66845,Automotive & Zulieferer
85885,Sonstiges
114887,Maschinen- & Anlagenbau
119141,Handel
12412,Kunststoff/Metall/Holz/Glas/Keramik-Verarbeitung
65653,Maschinen- & Anlagenbau
58880,Sonstiges
124628,Handel
106602,Kunststoff/Metall/Holz/Glas/Keramik-Verarbeitung
91232,Elektro & Mess-Regeltechnik
105814,Sonstiges
104268,Sonstiges
108455,Sonstiges
15443,Sonstiges
84129,Sonstiges
81316,Sonstiges
111767,Maschinen- & Anlagenbau
58225,Sonstiges
24107,Sonstiges
43345,Kunststoff/Metall/Holz/Glas/Keramik-Verarbeitung
109461,Maschinen- & Anlagenbau
14135,Handel
62123,Elektro & Mess-Regeltechnik
98629,Sonstiges
121209,Automotive & Zulieferer
93131,Chemie & Raffinerie
58045,Sonstiges
13000,Sonstiges
42085,Handel
122951,Kunststoff/Metall/Holz/Glas/Keramik-Verarbeitung
127068,Sonstiges
32149,Maschinen- & Anlagenbau
97335,Sonstiges
38338,Sonstiges
93087,Sonstiges
15222,Sonstiges
90749,Sonstiges
16461,Maschinen- & Anlagenbau
113164,Kunststoff/Metall/Holz/Glas/Keramik-Verarbeitung
23397,Kunststoff/Metall/Holz/Glas/Keramik-Verarbeitung
96934,Maschinen- & Anlagenbau
55630,Sonstiges
123907,Sonstiges
121116,Handel
118733,Maschinen- & Anlagenbau
61048,Handel
93232,Sonstiges
41636,Handel
112352,Sonstiges
115269,Handel
116363,Sonstiges
11229,Automotive & Zulieferer
38332,Sonstiges
66727,Maschinen- & Anlagenbau
68408,Sonstiges
76567,Automotive & Zulieferer
61355,Handel
17001,Maschinen- & Anlagenbau
11379,Sonstiges
63376,Maschinen- & Anlagenbau
78338,Maschinen- & Anlagenbau
53034,Sonstiges
95512,Sonstiges
86335,Kunststoff/Metall/Holz/Glas/Keramik-Verarbeitung
95213,Sonstiges
92005,Sonstiges
4603,Luft- & Raumfahrt & Zulieferer
92131,Sonstiges
90517,Elektro & Mess-Regeltechnik
85355,Sonstiges
52246,Sonstiges
5426,Sonstiges
24076,Sonstiges
43797,Sonstiges
67230,Kunststoff/Metall/Holz/Glas/Keramik-Verarbeitung
83340,Sonstiges
105478,Sonstiges
69578,Sonstiges
32820,Elektro & Mess-Regeltechnik
1022397,Sonstiges
25288,Handel
128171,Maschinen- & Anlagenbau
50490,Sonstiges
115865,Sonstiges
76437,Sonstiges
1042865,Luft- & Raumfahrt & Zulieferer
54323,Sonstiges
87226,Sonstiges
14956,Kunststoff/Metall/Holz/Glas/Keramik-Verarbeitung
106049,Sonstiges
51438,Elektro & Mess-Regeltechnik
5173,Sonstiges
11003,Maschinen- & Anlagenbau
128241,Handel
19883,Kunststoff/Metall/Holz/Glas/Keramik-Verarbeitung
120262,Energie
109085,Elektro & Mess-Regeltechnik
57844,Sonstiges
75835,Elektro & Mess-Regeltechnik
118793,Automotive & Zulieferer
29023,Kunststoff/Metall/Holz/Glas/Keramik-Verarbeitung
1053210,Handel
121486,Sonstiges
128458,Handel
2976,Sonstiges
15807,Sonstiges
56362,Kunststoff/Metall/Holz/Glas/Keramik-Verarbeitung
75741,Automotive & Zulieferer
111685,Energie
93562,Sonstiges
107855,Sonstiges
115638,Handel
30461,Sonstiges
35418,Maschinen- & Anlagenbau
16685,Kunststoff/Metall/Holz/Glas/Keramik-Verarbeitung
54410,Maschinen- & Anlagenbau
114838,Kunststoff/Metall/Holz/Glas/Keramik-Verarbeitung
83165,Sonstiges
20391,Handel
30414,Maschinen- & Anlagenbau
59151,Sonstiges
85227,Sonstiges
54030,Sonstiges
64448,Sonstiges
109225,Kunststoff/Metall/Holz/Glas/Keramik-Verarbeitung
91525,Maschinen- & Anlagenbau
19109,Kunststoff/Metall/Holz/Glas/Keramik-Verarbeitung
70949,Elektro & Mess-Regeltechnik
67943,Sonstiges
19183,Sonstiges
1045132,Sonstiges
28336,Maschinen- & Anlagenbau
128952,Handel
82320,Maschinen- & Anlagenbau
99193,Sonstiges
1043258,Maschinen- & Anlagenbau
57770,Sonstiges
63391,Maschinen- & Anlagenbau
122167,Maschinen- & Anlagenbau
124224,Sonstiges
124251,Automotive & Zulieferer
5380,Kunststoff/Metall/Holz/Glas/Keramik-Verarbeitung
32007,Sonstiges
89845,Sonstiges
6896,Automotive & Zulieferer
43708,Kunststoff/Metall/Holz/Glas/Keramik-Verarbeitung
75770,Sonstiges
45130,Sonstiges
34869,Maschinen- & Anlagenbau
78235,Sonstiges
26051,Handel
55844,Sonstiges
106104,Sonstiges
80233,Sonstiges
60236,Kunststoff/Metall/Holz/Glas/Keramik-Verarbeitung
3780,Automotive & Zulieferer
112587,Sonstiges
1006435,Handel
34377,Automotive & Zulieferer
30825,Sonstiges
117518,Elektro & Mess-Regeltechnik
96827,Kunststoff/Metall/Holz/Glas/Keramik-Verarbeitung
96956,Sonstiges
1050386,Kunststoff/Metall/Holz/Glas/Keramik-Verarbeitung
82299,Sonstiges
3159,Sonstiges
45081,Sonstiges
124791,Handel
126158,Handel
84764,Luft- & Raumfahrt & Zulieferer
50518,Sonstiges
81687,Sonstiges
85092,Sonstiges
83048,Sonstiges
21108,Sonstiges
98343,Kalibrierlabore & Zertifizierungsstellen
18906,Kunststoff/Metall/Holz/Glas/Keramik-Verarbeitung
28449,Maschinen- & Anlagenbau
21014,Kunststoff/Metall/Holz/Glas/Keramik-Verarbeitung
1300194,Kunststoff/Metall/Holz/Glas/Keramik-Verarbeitung
59438,Sonstiges
187,Kunststoff/Metall/Holz/Glas/Keramik-Verarbeitung
36904,Luft- & Raumfahrt & Zulieferer
101548,Sonstiges
55808,Sonstiges
96394,Sonstiges
38786,Maschinen- & Anlagenbau
80566,Sonstiges
1564557,Kunststoff/Metall/Holz/Glas/Keramik-Verarbeitung
108267,Sonstiges
86161,Sonstiges
17161,Kunststoff/Metall/Holz/Glas/Keramik-Verarbeitung
1000135,Kunststoff/Metall/Holz/Glas/Keramik-Verarbeitung
20967,Maschinen- & Anlagenbau
75896,Sonstiges
77499,Elektro & Mess-Regeltechnik
123808,Kunststoff/Metall/Holz/Glas/Keramik-Verarbeitung
105301,Sonstiges
1042974,Sonstiges
29999,Handel
57427,Sonstiges
3189,Kunststoff/Metall/Holz/Glas/Keramik-Verarbeitung
121125,Sonstiges
53240,Sonstiges
92152,Automotive & Zulieferer
114943,Sonstiges
16568,Maschinen- & Anlagenbau
13557,Kunststoff/Metall/Holz/Glas/Keramik-Verarbeitung
1007460,Kunststoff/Metall/Holz/Glas/Keramik-Verarbeitung
75706,Handel
55883,Sonstiges
31480,Maschinen- & Anlagenbau
108987,Sonstiges
51054,Sonstiges
35748,Sonstiges
44329,Elektro & Mess-Regeltechnik
38572,Sonstiges
89058,Sonstiges
120741,Elektro & Mess-Regeltechnik
89575,Kunststoff/Metall/Holz/Glas/Keramik-Verarbeitung
128131,Handel
58914,Sonstiges
118324,Sonstiges
1002741,Kunststoff/Metall/Holz/Glas/Keramik-Verarbeitung
717,Kunststoff/Metall/Holz/Glas/Keramik-Verarbeitung
21831,Sonstiges
70173,Sonstiges
24430,Sonstiges
102061,Medical
80642,Sonstiges
78717,Energie
15207,Automotive & Zulieferer
51580,Kunststoff/Metall/Holz/Glas/Keramik-Verarbeitung
121133,Chemie & Raffinerie
78460,Sonstiges
49694,Sonstiges
30984,Sonstiges
103363,Automotive & Zulieferer
114100,Sonstiges
34246,Sonstiges
1563986,Kunststoff/Metall/Holz/Glas/Keramik-Verarbeitung
22938,Sonstiges
113386,Sonstiges
1054254,Handel
40286,Sonstiges
109583,Sonstiges
57810,Kunststoff/Metall/Holz/Glas/Keramik-Verarbeitung
85464,Sonstiges
106066,Sonstiges
113954,Sonstiges
54157,Klima & Heizung (Facility)
3308,Kunststoff/Metall/Holz/Glas/Keramik-Verarbeitung
45075,Pharma
114536,Automotive & Zulieferer
51209,Maschinen- & Anlagenbau
21670,Maschinen- & Anlagenbau
57562,Sonstiges
112361,Sonstiges
42643,Maschinen- & Anlagenbau
57287,Sonstiges
93710,Maschinen- & Anlagenbau
117195,Sonstiges
42334,Kunststoff/Metall/Holz/Glas/Keramik-Verarbeitung
51228,Maschinen- & Anlagenbau
113820,Sonstiges
91982,Sonstiges
68587,Sonstiges
121879,Sonstiges
1046758,Maschinen- & Anlagenbau
78395,Sonstiges
93585,Automotive & Zulieferer
124923,Handel
108219,Sonstiges
103833,Sonstiges
115521,Maschinen- & Anlagenbau
3813,Automotive & Zulieferer
87277,Sonstiges
28540,Sonstiges
124934,Sonstiges
76919,Sonstiges
93020,Sonstiges
65533,Sonstiges
123940,Elektro & Mess-Regeltechnik
1050039,Maschinen- & Anlagenbau
29554,Sonstiges
23697,Kunststoff/Metall/Holz/Glas/Keramik-Verarbeitung
68149,Sonstiges
3448,Sonstiges
35025,Sonstiges
97671,Sonstiges
120646,Maschinen- & Anlagenbau
112837,Handel
105487,Sonstiges
49463,Sonstiges
13381,Maschinen- & Anlagenbau
71575,Maschinen- & Anlagenbau
51304,Sonstiges
44714,Maschinen- & Anlagenbau
17826,Sonstiges
108783,Sonstiges
105479,Maschinen- & Anlagenbau
111667,Automotive & Zulieferer
114636,Sonstiges
109414,Elektro & Mess-Regeltechnik
2152,Elektro & Mess-Regeltechnik
114278,Sonstiges
77706,Sonstiges
97808,Automotive & Zulieferer
35073,Sonstiges
114485,Automotive & Zulieferer
122950,Sonstiges
1879,Automotive & Zulieferer
23269,Maschinen- & Anlagenbau
17978,Elektro & Mess-Regeltechnik
115516,Kunststoff/Metall/Holz/Glas/Keramik-Verarbeitung
106218,Maschinen- & Anlagenbau
10449,Kunststoff/Metall/Holz/Glas/Keramik-Verarbeitung
82964,Kunststoff/Metall/Holz/Glas/Keramik-Verarbeitung
58278,Sonstiges
45340,Maschinen- & Anlagenbau
94099,Sonstiges
104085,Elektro & Mess-Regeltechnik
95970,Kunststoff/Metall/Holz/Glas/Keramik-Verarbeitung
1043062,Elektro & Mess-Regeltechnik
81165,Luft- & Raumfahrt & Zulieferer
28499,Elektro & Mess-Regeltechnik
21279,Maschinen- & Anlagenbau
94139,Sonstiges
30340,Elektro & Mess-Regeltechnik
83056,Sonstiges
117435,Sonstiges
12930,Kunststoff/Metall/Holz/Glas/Keramik-Verarbeitung
38626,Kunststoff/Metall/Holz/Glas/Keramik-Verarbeitung
36007,Kunststoff/Metall/Holz/Glas/Keramik-Verarbeitung
115717,Sonstiges
10498,Automotive & Zulieferer
50895,Kunststoff/Metall/Holz/Glas/Keramik-Verarbeitung
13766,Sonstiges
108260,Sonstiges
93708,Sonstiges
81817,Handel
4149,Sonstiges
52196,Automotive & Zulieferer
92471,Defence
113773,Sonstiges
103862,Kunststoff/Metall/Holz/Glas/Keramik-Verarbeitung
1010215,Maschinen- & Anlagenbau
1054358,Elektro & Mess-Regeltechnik
71756,Sonstiges
127745,Maschinen- & Anlagenbau
58719,Sonstiges
10684,Maschinen- & Anlagenbau
1213492,Elektro & Mess-Regeltechnik
45780,Kunststoff/Metall/Holz/Glas/Keramik-Verarbeitung
49818,Maschinen- & Anlagenbau
78488,Kunststoff/Metall/Holz/Glas/Keramik-Verarbeitung
122721,Sonstiges
100815,Maschinen- & Anlagenbau
128931,Sonstiges
50274,Sonstiges
42770,Sonstiges
46664,Sonstiges
122781,Handel
128850,Sonstiges
100610,Sonstiges
10113,Maschinen- & Anlagenbau
68077,Maschinen- & Anlagenbau
109712,Sonstiges
1045115,Sonstiges
45544,Sonstiges
116749,Handel
98678,Sonstiges
497,Kunststoff/Metall/Holz/Glas/Keramik-Verarbeitung
127120,Sonstiges
14601,Maschinen- & Anlagenbau
1042160,Maschinen- & Anlagenbau
90567,Sonstiges
1046438,Maschinen- & Anlagenbau
49675,Sonstiges
99058,Sonstiges
116694,Sonstiges
124302,Handel
118195,Sonstiges
85202,Sonstiges
35653,Handel
45791,Sonstiges
93471,Automotive & Zulieferer
5303,Kunststoff/Metall/Holz/Glas/Keramik-Verarbeitung
101533,Sonstiges
3255,Sonstiges
94429,Automotive & Zulieferer
71150,Kunststoff/Metall/Holz/Glas/Keramik-Verarbeitung
20393,Defence
24696,Sonstiges
66124,Sonstiges
121671,Maschinen- & Anlagenbau
90447,Automotive & Zulieferer
110419,Automotive & Zulieferer
112031,Luft- & Raumfahrt & Zulieferer
22810,Maschinen- & Anlagenbau
1045683,Maschinen- & Anlagenbau
403,Kunststoff/Metall/Holz/Glas/Keramik-Verarbeitung
32310,Maschinen- & Anlagenbau
112867,Automotive & Zulieferer
75740,Sonstiges
59059,Kunststoff/Metall/Holz/Glas/Keramik-Verarbeitung
95960,Sonstiges
109495,Sonstiges
100074,Luft- & Raumfahrt & Zulieferer
14932,Elektro & Mess-Regeltechnik
84816,Kunststoff/Metall/Holz/Glas/Keramik-Verarbeitung
59534,Kunststoff/Metall/Holz/Glas/Keramik-Verarbeitung
67897,Sonstiges
112080,Sonstiges
96709,Sonstiges
83893,Sonstiges
68706,Maschinen- & Anlagenbau
49529,Automotive & Zulieferer
111039,Sonstiges
83456,Kunststoff/Metall/Holz/Glas/Keramik-Verarbeitung
92538,Sonstiges
87535,Sonstiges
22789,Maschinen- & Anlagenbau
111290,Handel
127972,Kunststoff/Metall/Holz/Glas/Keramik-Verarbeitung
59785,Sonstiges
1053693,Sonstiges
105691,Sonstiges
1046378,Kunststoff/Metall/Holz/Glas/Keramik-Verarbeitung
86963,Handel
112652,Sonstiges
61914,Kunststoff/Metall/Holz/Glas/Keramik-Verarbeitung
12037,Maschinen- & Anlagenbau
107456,Automotive & Zulieferer
78892,Maschinen- & Anlagenbau
121759,Sonstiges
60921,Automotive & Zulieferer
85952,Sonstiges
1419,Sonstiges
76036,Sonstiges
81718,Maschinen- & Anlagenbau
86266,Sonstiges
16178,Sonstiges
42801,Sonstiges
37210,Sonstiges
85534,Automotive & Zulieferer
63450,Sonstiges
86324,Kunststoff/Metall/Holz/Glas/Keramik-Verarbeitung
36832,Sonstiges
110842,Sonstiges
93829,Sonstiges
113389,Sonstiges
61755,Sonstiges
49138,Kalibrierlabore & Zertifizierungsstellen
100471,Kunststoff/Metall/Holz/Glas/Keramik-Verarbeitung
52487,Handel
38220,Sonstiges
115743,Handel
120449,Elektro & Mess-Regeltechnik
126018,Sonstiges
107461,Sonstiges
123091,Defence
38947,Handel
70492,Sonstiges
11483,Energie
124941,Sonstiges
84932,Sonstiges
41689,Sonstiges
61212,Handel
45090,Sonstiges
61949,Halbleiter & Mikroelektronik
1016390,Maschinen- & Anlagenbau
102030,Energie
47230,Kunststoff/Metall/Holz/Glas/Keramik-Verarbeitung
128082,Handel
12867,Sonstiges
30260,Sonstiges
97995,Sonstiges
112243,Sonstiges
18163,Maschinen- & Anlagenbau
88280,Sonstiges
108234,Handel
92048,Kunststoff/Metall/Holz/Glas/Keramik-Verarbeitung
13029,Handel
21521,Kunststoff/Metall/Holz/Glas/Keramik-Verarbeitung
10425,Kunststoff/Metall/Holz/Glas/Keramik-Verarbeitung
125895,Maschinen- & Anlagenbau
81215,Maschinen- & Anlagenbau
106216,Kunststoff/Metall/Holz/Glas/Keramik-Verarbeitung
122185,Handel
85882,Elektro & Mess-Regeltechnik
49277,Sonstiges
86020,Kunststoff/Metall/Holz/Glas/Keramik-Verarbeitung
14407,Sonstiges
29200,Automotive & Zulieferer
78884,Automotive & Zulieferer
84705,Kunststoff/Metall/Holz/Glas/Keramik-Verarbeitung
60742,Maschinen- & Anlagenbau
111460,Sonstiges
14466,Sonstiges
66314,Kunststoff/Metall/Holz/Glas/Keramik-Verarbeitung
29702,Sonstiges
25341,Sonstiges
109843,Maschinen- & Anlagenbau
30881,Maschinen- & Anlagenbau
106558,Sonstiges
113865,Sonstiges
46490,Sonstiges
61493,Handel
87979,Maschinen- & Anlagenbau
1564521,Energie
19723,Automotive & Zulieferer
18708,Kunststoff/Metall/Holz/Glas/Keramik-Verarbeitung
58637,Maschinen- & Anlagenbau
28381,Handel
122460,Sonstiges
46112,Sonstiges
50232,Sonstiges
25436,Sonstiges
121253,Sonstiges
93409,Sonstiges
14062,Maschinen- & Anlagenbau
50475,Sonstiges
55777,Sonstiges
15343,Kunststoff/Metall/Holz/Glas/Keramik-Verarbeitung
98598,Handel
22092,Maschinen- & Anlagenbau
22017,Handel
1014424,Sonstiges
64950,Handel
97941,Maschinen- & Anlagenbau
45202,Sonstiges
56827,Sonstiges
42345,Maschinen- & Anlagenbau
120038,Energie
120254,Kunststoff/Metall/Holz/Glas/Keramik-Verarbeitung
87757,Sonstiges
39231,Sonstiges
109223,Sonstiges
26817,Automotive & Zulieferer
13007,Kunststoff/Metall/Holz/Glas/Keramik-Verarbeitung
116523,Handel
115074,Maschinen- & Anlagenbau
87638,Sonstiges
37911,Sonstiges
41908,Sonstiges
127584,Sonstiges
109812,Maschinen- & Anlagenbau
70577,Kunststoff/Metall/Holz/Glas/Keramik-Verarbeitung
89683,Maschinen- & Anlagenbau
110069,Handel
84664,Sonstiges
52245,Sonstiges
51683,Sonstiges
77893,Sonstiges
114663,Sonstiges
19812,Sonstiges
10799,Handel
31267,Sonstiges
127842,Elektro & Mess-Regeltechnik
52989,Sonstiges
121511,Automotive & Zulieferer
38848,Maschinen- & Anlagenbau
45582,Kunststoff/Metall/Holz/Glas/Keramik-Verarbeitung
93510,Sonstiges
99625,Sonstiges
2100,Sonstiges
126485,Sonstiges
80357,Sonstiges
59502,Sonstiges
121953,Maschinen- & Anlagenbau
98537,Automotive & Zulieferer
119759,Sonstiges
109195,Sonstiges
125459,Elektro & Mess-Regeltechnik
3429,Sonstiges
98696,Maschinen- & Anlagenbau
116334,Sonstiges
106916,Sonstiges
112313,Kunststoff/Metall/Holz/Glas/Keramik-Verarbeitung
38560,Maschinen- & Anlagenbau
2953,Kunststoff/Metall/Holz/Glas/Keramik-Verarbeitung
23208,Sonstiges
29256,Maschinen- & Anlagenbau
76587,Sonstiges
86014,Maschinen- & Anlagenbau
104508,Sonstiges
116361,Handel
101331,Sonstiges
29772,Sonstiges
120018,Automotive & Zulieferer
89980,Sonstiges
36385,Kalibrierlabore & Zertifizierungsstellen
1004104,Kunststoff/Metall/Holz/Glas/Keramik-Verarbeitung
108220,Handel
51190,Klima & Heizung (Facility)
112842,Sonstiges
98227,Sonstiges
16482,Handel
89689,Sonstiges
122617,Sonstiges
127708,Handel
101995,Kunststoff/Metall/Holz/Glas/Keramik-Verarbeitung
93210,Sonstiges
113535,Sonstiges
1051513,Sonstiges
68943,Sonstiges
113056,Sonstiges
121176,Sonstiges
26837,Maschinen- & Anlagenbau
1041647,Elektro & Mess-Regeltechnik
11817,Maschinen- & Anlagenbau
87584,Sonstiges
101300,Medical
124915,Sonstiges
102705,Sonstiges
125441,Handel
103039,Automotive & Zulieferer
107807,Sonstiges
1015611,Maschinen- & Anlagenbau
1022144,Elektro & Mess-Regeltechnik
85762,Sonstiges
24766,Kunststoff/Metall/Holz/Glas/Keramik-Verarbeitung
30242,Sonstiges
52816,Kunststoff/Metall/Holz/Glas/Keramik-Verarbeitung
114066,Sonstiges
1011062,Kunststoff/Metall/Holz/Glas/Keramik-Verarbeitung
68955,Sonstiges
124334,Defence
69973,Maschinen- & Anlagenbau
112875,Sonstiges
12178,Maschinen- & Anlagenbau
11882,Kunststoff/Metall/Holz/Glas/Keramik-Verarbeitung
53622,Kunststoff/Metall/Holz/Glas/Keramik-Verarbeitung
39195,Kalibrierlabore & Zertifizierungsstellen
19867,Maschinen- & Anlagenbau
114255,Automotive & Zulieferer
128783,Automotive & Zulieferer
1047284,Kunststoff/Metall/Holz/Glas/Keramik-Verarbeitung
53684,Chemie & Raffinerie
24035,Handel
113428,Sonstiges
53270,Sonstiges
99572,Sonstiges
103714,Sonstiges
95452,Kunststoff/Metall/Holz/Glas/Keramik-Verarbeitung
11740,Maschinen- & Anlagenbau
76454,Maschinen- & Anlagenbau
1041790,Maschinen- & Anlagenbau
49908,Sonstiges
65713,Sonstiges
41493,Kalibrierlabore & Zertifizierungsstellen
114499,Medical
127348,Defence
116923,Handel
79716,Sonstiges
18183,Sonstiges
113935,Sonstiges
45164,Maschinen- & Anlagenbau
1670,Kunststoff/Metall/Holz/Glas/Keramik-Verarbeitung
5362,Sonstiges
90635,Sonstiges
101386,Sonstiges
102515,Kunststoff/Metall/Holz/Glas/Keramik-Verarbeitung
106210,Sonstiges
113269,Sonstiges
56415,Sonstiges
24205,Automotive & Zulieferer
1046565,Sonstiges
85386,Sonstiges
4188,Sonstiges
94344,Sonstiges
56546,Sonstiges
84233,Sonstiges
32574,Kunststoff/Metall/Holz/Glas/Keramik-Verarbeitung
114691,Sonstiges
22710,Kunststoff/Metall/Holz/Glas/Keramik-Verarbeitung
33346,Chemie & Raffinerie
47199,Sonstiges
55357,Sonstiges
94254,Sonstiges
118515,Automotive & Zulieferer
1004749,Maschinen- & Anlagenbau
121758,Sonstiges
47001,Maschinen- & Anlagenbau
105636,Sonstiges
82570,Sonstiges
94837,Sonstiges
77663,Sonstiges
31878,Maschinen- & Anlagenbau
12194,Kunststoff/Metall/Holz/Glas/Keramik-Verarbeitung
87662,Kunststoff/Metall/Holz/Glas/Keramik-Verarbeitung
114262,Sonstiges
97560,Chemie & Raffinerie
113946,Sonstiges
12268,Sonstiges
128108,Sonstiges
103376,Maschinen- & Anlagenbau
111438,Sonstiges
128829,Maschinen- & Anlagenbau
89841,Luft- & Raumfahrt & Zulieferer
35563,Sonstiges
2882,Sonstiges
42925,Kunststoff/Metall/Holz/Glas/Keramik-Verarbeitung
110474,Sonstiges
99070,Energie
125173,Sonstiges
11905,Energie
1021996,Sonstiges
115386,Maschinen- & Anlagenbau
116086,Sonstiges
104956,Sonstiges
70546,Sonstiges
1017454,Maschinen- & Anlagenbau
33117,Maschinen- & Anlagenbau
119211,Sonstiges
107492,Kunststoff/Metall/Holz/Glas/Keramik-Verarbeitung
28314,Sonstiges
107685,Sonstiges
110269,Sonstiges
34688,Maschinen- & Anlagenbau
33891,Sonstiges
52075,Sonstiges
55513,Sonstiges
78854,Medical
82379,Sonstiges
83497,Sonstiges
90694,Defence
95522,Sonstiges
113325,Sonstiges
114084,Sonstiges
117284,Maschinen- & Anlagenbau
120647,Sonstiges
45033,Medical
85159,Sonstiges
4480,Sonstiges
42506,Sonstiges
12869,Sonstiges
115291,Automotive & Zulieferer
66701,Maschinen- & Anlagenbau
105272,Sonstiges
19263,Sonstiges
34183,Maschinen- & Anlagenbau
30596,Maschinen- & Anlagenbau
25005,Elektro & Mess-Regeltechnik
95962,Sonstiges
85364,Sonstiges
95981,Handel
113152,Handel
114770,Handel
19732,Handel
15330,Sonstiges
97279,Sonstiges
114279,Sonstiges
114827,Sonstiges
120295,Kunststoff/Metall/Holz/Glas/Keramik-Verarbeitung
29818,Elektro & Mess-Regeltechnik
86038,Maschinen- & Anlagenbau
79561,Defence
46782,Sonstiges
71617,Sonstiges
48696,Kunststoff/Metall/Holz/Glas/Keramik-Verarbeitung
88034,Sonstiges
70148,Sonstiges
55776,Maschinen- & Anlagenbau
54786,Kunststoff/Metall/Holz/Glas/Keramik-Verarbeitung
78867,Sonstiges
97595,Sonstiges
107449,Sonstiges
1008590,Kunststoff/Metall/Holz/Glas/Keramik-Verarbeitung
108907,Sonstiges
37943,Kunststoff/Metall/Holz/Glas/Keramik-Verarbeitung
50572,Sonstiges
120367,Sonstiges
50306,Sonstiges
129362,Kunststoff/Metall/Holz/Glas/Keramik-Verarbeitung
57970,Sonstiges
14783,Chemie & Raffinerie
127919,Maschinen- & Anlagenbau
82377,Maschinen- & Anlagenbau
117710,Sonstiges
3467,Luft- & Raumfahrt & Zulieferer
51847,Maschinen- & Anlagenbau
65961,Sonstiges
91622,Sonstiges
104387,Sonstiges
113425,Sonstiges
92079,Kunststoff/Metall/Holz/Glas/Keramik-Verarbeitung
129083,Sonstiges
39456,Kunststoff/Metall/Holz/Glas/Keramik-Verarbeitung
113336,Handel
38382,Kunststoff/Metall/Holz/Glas/Keramik-Verarbeitung
96655,Automotive & Zulieferer
71197,Kunststoff/Metall/Holz/Glas/Keramik-Verarbeitung
123615,Medical
80246,Sonstiges
102159,Sonstiges
111730,Sonstiges
64691,Elektro & Mess-Regeltechnik
18535,Sonstiges
114125,Sonstiges
78862,Handel
14240,Maschinen- & Anlagenbau
20654,Energie
23090,Maschinen- & Anlagenbau
19328,Kunststoff/Metall/Holz/Glas/Keramik-Verarbeitung
11274,Sonstiges
53955,Maschinen- & Anlagenbau
78074,Sonstiges
32144,Sonstiges
37646,Sonstiges
119057,Handel
18940,Maschinen- & Anlagenbau
87327,Sonstiges
99269,Sonstiges
27300,Sonstiges
121077,Sonstiges
113924,Sonstiges
68228,Automotive & Zulieferer
1001025,Kunststoff/Metall/Holz/Glas/Keramik-Verarbeitung
59378,Kunststoff/Metall/Holz/Glas/Keramik-Verarbeitung
11189,Maschinen- & Anlagenbau
103305,Sonstiges
62813,Sonstiges
80500,Sonstiges
127987,Maschinen- & Anlagenbau
117496,Handel
120294,Handel
121869,Handel
124015,Handel
120062,Kunststoff/Metall/Holz/Glas/Keramik-Verarbeitung
46302,Elektro & Mess-Regeltechnik
127806,Maschinen- & Anlagenbau
93158,Sonstiges
89227,Sonstiges
107400,Sonstiges
31634,Handel
77170,Sonstiges
87935,Sonstiges
67879,Sonstiges
56173,Sonstiges
100925,Maschinen- & Anlagenbau
103475,Sonstiges
32287,Kunststoff/Metall/Holz/Glas/Keramik-Verarbeitung
20081,Automotive & Zulieferer
112789,Sonstiges
127428,Elektro & Mess-Regeltechnik
71759,Sonstiges
115415,Sonstiges
38111,Maschinen- & Anlagenbau
68807,Sonstiges
91658,Sonstiges
119457,Sonstiges
15711,Sonstiges
80378,Sonstiges
125414,Sonstiges
113797,Automotive & Zulieferer
102057,Elektro & Mess-Regeltechnik
18958,Kunststoff/Metall/Holz/Glas/Keramik-Verarbeitung
19202,Automotive & Zulieferer
108925,Sonstiges
112230,Maschinen- & Anlagenbau
69001,Energie
99246,Kunststoff/Metall/Holz/Glas/Keramik-Verarbeitung
114243,Kunststoff/Metall/Holz/Glas/Keramik-Verarbeitung
127982,Automotive & Zulieferer
13992,Sonstiges
1756,Maschinen- & Anlagenbau
106787,Maschinen- & Anlagenbau
89924,Sonstiges
117745,Sonstiges
116818,Kunststoff/Metall/Holz/Glas/Keramik-Verarbeitung
37512,Kunststoff/Metall/Holz/Glas/Keramik-Verarbeitung
60362,Maschinen- & Anlagenbau
79697,Elektro & Mess-Regeltechnik
94703,Handel
98996,Automotive & Zulieferer
91996,Sonstiges
50751,Automotive & Zulieferer
43792,Sonstiges
62589,Handel
113010,Sonstiges
86104,Sonstiges
82962,Sonstiges
116087,Sonstiges
1202647,Kunststoff/Metall/Holz/Glas/Keramik-Verarbeitung
12759,Sonstiges
101609,Kunststoff/Metall/Holz/Glas/Keramik-Verarbeitung
30399,Kunststoff/Metall/Holz/Glas/Keramik-Verarbeitung
124004,Elektro & Mess-Regeltechnik
53864,Sonstiges
82353,Sonstiges
1012912,Kunststoff/Metall/Holz/Glas/Keramik-Verarbeitung
118306,Sonstiges
105006,Chemie & Raffinerie
58772,Sonstiges
111313,Handel
121445,Maschinen- & Anlagenbau
96504,Maschinen- & Anlagenbau
105669,Sonstiges
83621,Kunststoff/Metall/Holz/Glas/Keramik-Verarbeitung
29689,Automotive & Zulieferer
51152,Sonstiges
121790,Sonstiges
33014,Sonstiges
55858,Maschinen- & Anlagenbau
81127,Kunststoff/Metall/Holz/Glas/Keramik-Verarbeitung
82055,Automotive & Zulieferer
83806,Sonstiges
34265,Sonstiges
113067,Sonstiges
1050098,Kunststoff/Metall/Holz/Glas/Keramik-Verarbeitung
19776,Kunststoff/Metall/Holz/Glas/Keramik-Verarbeitung
119510,Handel
1015675,Elektro & Mess-Regeltechnik
43169,Maschinen- & Anlagenbau
120689,Handel
82821,Handel
126698,Sonstiges
17067,Maschinen- & Anlagenbau
83458,Sonstiges
1200,Maschinen- & Anlagenbau
54512,Maschinen- & Anlagenbau
34257,Sonstiges
96542,Medical
107982,Kunststoff/Metall/Holz/Glas/Keramik-Verarbeitung
125710,Energie
13373,Handel
51640,Kunststoff/Metall/Holz/Glas/Keramik-Verarbeitung
119318,Handel
31396,Maschinen- & Anlagenbau
57493,Sonstiges
101984,Kunststoff/Metall/Holz/Glas/Keramik-Verarbeitung
86952,Sonstiges
77446,Sonstiges
79410,Sonstiges
67314,Sonstiges
15548,Maschinen- & Anlagenbau
84181,Sonstiges
51313,Sonstiges
1015043,Kunststoff/Metall/Holz/Glas/Keramik-Verarbeitung
1564661,Kunststoff/Metall/Holz/Glas/Keramik-Verarbeitung
115435,Kunststoff/Metall/Holz/Glas/Keramik-Verarbeitung
93801,Sonstiges
113331,Kunststoff/Metall/Holz/Glas/Keramik-Verarbeitung
126188,Sonstiges
92881,Kunststoff/Metall/Holz/Glas/Keramik-Verarbeitung
1049579,Maschinen- & Anlagenbau
76799,Sonstiges
13170,Sonstiges
17544,Sonstiges
124486,Handel
87516,Sonstiges
112883,Kunststoff/Metall/Holz/Glas/Keramik-Verarbeitung
67598,Sonstiges
126228,Handel
118950,Elektro & Mess-Regeltechnik
99672,Sonstiges
58133,Sonstiges
81610,Maschinen- & Anlagenbau
118446,Sonstiges
113400,Sonstiges
126517,Maschinen- & Anlagenbau
125381,Sonstiges
39706,Sonstiges
509,Elektro & Mess-Regeltechnik
80028,Sonstiges
24792,Kunststoff/Metall/Holz/Glas/Keramik-Verarbeitung
94345,Automotive & Zulieferer
4596,Maschinen- & Anlagenbau
113988,Sonstiges
84218,Kunststoff/Metall/Holz/Glas/Keramik-Verarbeitung
1043421,Sonstiges
94728,Sonstiges
17875,Kunststoff/Metall/Holz/Glas/Keramik-Verarbeitung
48302,Kunststoff/Metall/Holz/Glas/Keramik-Verarbeitung
124517,Kunststoff/Metall/Holz/Glas/Keramik-Verarbeitung
13798,Handel
1020894,Kunststoff/Metall/Holz/Glas/Keramik-Verarbeitung
11165,Luft- & Raumfahrt & Zulieferer
39319,Sonstiges
42671,Automotive & Zulieferer
66258,Sonstiges
98682,Sonstiges
107859,Maschinen- & Anlagenbau
112222,Sonstiges
113740,Sonstiges
1002801,Sonstiges
84874,Maschinen- & Anlagenbau
127164,Sonstiges
83648,Sonstiges
78214,Sonstiges
82985,Sonstiges
83727,Sonstiges
98636,Sonstiges
16671,Maschinen- & Anlagenbau
113762,Maschinen- & Anlagenbau
28834,Sonstiges
99655,Kunststoff/Metall/Holz/Glas/Keramik-Verarbeitung
18219,Chemie & Raffinerie
13251,Kunststoff/Metall/Holz/Glas/Keramik-Verarbeitung
82475,Defence
85959,Automotive & Zulieferer
29836,Handel
50541,Sonstiges
102448,Handel
59894,Sonstiges
76090,Sonstiges
107162,Sonstiges
15748,Automotive & Zulieferer
86602,Sonstiges
107560,Sonstiges
107747,Automotive & Zulieferer
109575,Automotive & Zulieferer
77773,Sonstiges
114428,Handel
70330,Sonstiges
29007,Kunststoff/Metall/Holz/Glas/Keramik-Verarbeitung
115781,Sonstiges
64245,Sonstiges
125602,Automotive & Zulieferer
13214,Maschinen- & Anlagenbau
40126,Elektro & Mess-Regeltechnik
81832,Sonstiges
128570,Kunststoff/Metall/Holz/Glas/Keramik-Verarbeitung
17960,Sonstiges
116333,Handel
10035,Kunststoff/Metall/Holz/Glas/Keramik-Verarbeitung
97983,Sonstiges
113104,Sonstiges
114488,Sonstiges
1046286,Kunststoff/Metall/Holz/Glas/Keramik-Verarbeitung
87422,Handel
13351,Maschinen- & Anlagenbau
83973,Sonstiges
53414,Sonstiges
121047,Sonstiges
50084,Kunststoff/Metall/Holz/Glas/Keramik-Verarbeitung
91007,Sonstiges
113101,Sonstiges
99316,Elektro & Mess-Regeltechnik
51357,Kunststoff/Metall/Holz/Glas/Keramik-Verarbeitung
118136,Sonstiges
70829,Maschinen- & Anlagenbau
26604,Elektro & Mess-Regeltechnik
83615,Maschinen- & Anlagenbau
1041446,Kunststoff/Metall/Holz/Glas/Keramik-Verarbeitung
84918,Kunststoff/Metall/Holz/Glas/Keramik-Verarbeitung
63024,Kunststoff/Metall/Holz/Glas/Keramik-Verarbeitung
58813,Klima & Heizung (Facility)
113893,Sonstiges
108175,Maschinen- & Anlagenbau
37295,Sonstiges
71964,Sonstiges
98575,Sonstiges
115209,Sonstiges
22474,Sonstiges
115331,Sonstiges
90214,Sonstiges
99052,Elektro & Mess-Regeltechnik
1022789,Maschinen- & Anlagenbau
118255,Handel
120158,Sonstiges
102449,Elektro & Mess-Regeltechnik
44186,Sonstiges
94485,Sonstiges
115502,Maschinen- & Anlagenbau
50632,Maschinen- & Anlagenbau
81715,Sonstiges
98583,Sonstiges
54976,Sonstiges
95308,Sonstiges
118298,Sonstiges
38795,Kunststoff/Metall/Holz/Glas/Keramik-Verarbeitung
92420,Elektro & Mess-Regeltechnik
51167,Sonstiges
11401,Kunststoff/Metall/Holz/Glas/Keramik-Verarbeitung
95112,Sonstiges
106905,Sonstiges
110063,Chemie & Raffinerie
22139,Sonstiges
49497,Chemie & Raffinerie
68352,Sonstiges
66698,Sonstiges
41264,Maschinen- & Anlagenbau
30353,Maschinen- & Anlagenbau
86686,Kunststoff/Metall/Holz/Glas/Keramik-Verarbeitung
116462,Kunststoff/Metall/Holz/Glas/Keramik-Verarbeitung
109685,Sonstiges
1001842,Maschinen- & Anlagenbau
96466,Sonstiges
71235,Sonstiges
55424,Sonstiges
90617,Kunststoff/Metall/Holz/Glas/Keramik-Verarbeitung
89203,Chemie & Raffinerie
1053516,Handel
118951,Sonstiges
60338,Klima & Heizung (Facility)
27308,Handel
110716,Automotive & Zulieferer
114548,Sonstiges
12857,Kunststoff/Metall/Holz/Glas/Keramik-Verarbeitung
115286,Handel
109614,Sonstiges
1018791,Sonstiges
129366,Handel
52812,Medical
119726,Sonstiges
104643,Maschinen- & Anlagenbau
32900,Maschinen- & Anlagenbau
38754,Kunststoff/Metall/Holz/Glas/Keramik-Verarbeitung
114129,Maschinen- & Anlagenbau
114531,Sonstiges
117984,Automotive & Zulieferer
112889,Sonstiges
955,Automotive & Zulieferer
96990,Elektro & Mess-Regeltechnik
93248,Luft- & Raumfahrt & Zulieferer
93598,Sonstiges
114160,Sonstiges
1005761,Maschinen- & Anlagenbau
22844,Kunststoff/Metall/Holz/Glas/Keramik-Verarbeitung
109179,Sonstiges
1110786,Kunststoff/Metall/Holz/Glas/Keramik-Verarbeitung
39660,Automotive & Zulieferer
59797,Sonstiges
100221,Sonstiges
103702,Sonstiges
41946,Sonstiges
44942,Sonstiges
128496,Handel
16283,Maschinen- & Anlagenbau
104202,Kunststoff/Metall/Holz/Glas/Keramik-Verarbeitung
19339,Kunststoff/Metall/Holz/Glas/Keramik-Verarbeitung
79195,Sonstiges
31532,Maschinen- & Anlagenbau
57896,Sonstiges
121952,Kalibrierlabore & Zertifizierungsstellen
89637,Sonstiges
86785,Sonstiges
63251,Sonstiges
37618,Sonstiges
69535,Kunststoff/Metall/Holz/Glas/Keramik-Verarbeitung
33158,Kunststoff/Metall/Holz/Glas/Keramik-Verarbeitung
23747,Maschinen- & Anlagenbau
96952,Sonstiges
113007,Sonstiges
89635,Sonstiges
124173,Automotive & Zulieferer
1049605,Maschinen- & Anlagenbau
108308,Automotive & Zulieferer
61926,Handel
117065,Handel
121615,Sonstiges
70403,Handel
1043804,Maschinen- & Anlagenbau
20531,Sonstiges
127131,Sonstiges
18513,Handel
46637,Sonstiges
112896,Sonstiges
39697,Handel
14165,Sonstiges
1016287,Maschinen- & Anlagenbau
70642,Sonstiges
128311,Handel
32222,Sonstiges
30214,Kunststoff/Metall/Holz/Glas/Keramik-Verarbeitung
64249,Sonstiges
58431,Kunststoff/Metall/Holz/Glas/Keramik-Verarbeitung
18679,Elektro & Mess-Regeltechnik
29996,Kunststoff/Metall/Holz/Glas/Keramik-Verarbeitung
1563376,Elektro & Mess-Regeltechnik
81182,Sonstiges
11710,Sonstiges
71834,Sonstiges
69146,Medical
57888,Sonstiges
44601,Automotive & Zulieferer
11981,Kunststoff/Metall/Holz/Glas/Keramik-Verarbeitung
1044013,Kunststoff/Metall/Holz/Glas/Keramik-Verarbeitung
102155,Automotive & Zulieferer
109372,Sonstiges
57757,Maschinen- & Anlagenbau
52763,Sonstiges
128103,Handel
110762,Maschinen- & Anlagenbau
125951,Sonstiges
28830,Elektro & Mess-Regeltechnik
115348,Sonstiges
13708,Sonstiges
24330,Maschinen- & Anlagenbau
88622,Sonstiges
30777,Sonstiges
103061,Sonstiges
13243,Sonstiges
42768,Automotive & Zulieferer
87007,Sonstiges
120817,Sonstiges
81231,Sonstiges
81517,Sonstiges
125766,Handel
103246,Sonstiges
69148,Kunststoff/Metall/Holz/Glas/Keramik-Verarbeitung
107617,Sonstiges
94006,Elektro & Mess-Regeltechnik
103223,Sonstiges
124587,Handel
89205,Sonstiges
1051243,Kunststoff/Metall/Holz/Glas/Keramik-Verarbeitung
58631,Sonstiges
113749,Sonstiges
22917,Kunststoff/Metall/Holz/Glas/Keramik-Verarbeitung
11041,Chemie & Raffinerie
116832,Kunststoff/Metall/Holz/Glas/Keramik-Verarbeitung
92727,Sonstiges
103441,Sonstiges
113967,Sonstiges
13980,Chemie & Raffinerie
103662,Sonstiges
1000630,Kunststoff/Metall/Holz/Glas/Keramik-Verarbeitung
113209,Sonstiges
98685,Kunststoff/Metall/Holz/Glas/Keramik-Verarbeitung
118747,Kunststoff/Metall/Holz/Glas/Keramik-Verarbeitung
24885,Kunststoff/Metall/Holz/Glas/Keramik-Verarbeitung
1053481,Elektro & Mess-Regeltechnik
20957,Maschinen- & Anlagenbau
118126,Sonstiges
121386,Sonstiges
29531,Maschinen- & Anlagenbau
4065,Sonstiges
85010,Kunststoff/Metall/Holz/Glas/Keramik-Verarbeitung
43985,Maschinen- & Anlagenbau
19322,Handel
105302,Sonstiges
97921,Automotive & Zulieferer
109673,Sonstiges
45778,Sonstiges
114192,Sonstiges
25620,Maschinen- & Anlagenbau
24724,Maschinen- & Anlagenbau
116098,Sonstiges
31399,Maschinen- & Anlagenbau
100720,Sonstiges
78577,Defence
35790,Sonstiges
97431,Kunststoff/Metall/Holz/Glas/Keramik-Verarbeitung
128650,Sonstiges
36030,Medical
118027,Maschinen- & Anlagenbau
118196,Maschinen- & Anlagenbau
107786,Maschinen- & Anlagenbau
46927,Maschinen- & Anlagenbau
115349,Sonstiges
128666,Kunststoff/Metall/Holz/Glas/Keramik-Verarbeitung
27161,Handel
85828,Handel
1043064,Kunststoff/Metall/Holz/Glas/Keramik-Verarbeitung
129336,Handel
39412,Sonstiges
3644,Handel
94738,Sonstiges
19058,Elektro & Mess-Regeltechnik
76158,Automotive & Zulieferer
17754,Kunststoff/Metall/Holz/Glas/Keramik-Verarbeitung
1105490,Maschinen- & Anlagenbau
11439,Automotive & Zulieferer
59285,Sonstiges
84726,Sonstiges
101190,Handel
120435,Handel
1051477,Kunststoff/Metall/Holz/Glas/Keramik-Verarbeitung
91454,Sonstiges
78025,Sonstiges
38135,Sonstiges
70401,Maschinen- & Anlagenbau
107269,Sonstiges
31616,Sonstiges
94915,Sonstiges
80619,Maschinen- & Anlagenbau
112900,Sonstiges
122187,Sonstiges
122249,Maschinen- & Anlagenbau
4465,Sonstiges
65974,Maschinen- & Anlagenbau
19470,Elektro & Mess-Regeltechnik
10517,Sonstiges
98400,Automotive & Zulieferer
123959,Kunststoff/Metall/Holz/Glas/Keramik-Verarbeitung
85442,Sonstiges
28202,Handel
85613,Sonstiges
122331,Handel
113020,Kunststoff/Metall/Holz/Glas/Keramik-Verarbeitung
124269,Handel
71583,Sonstiges
105445,Sonstiges
1892,Kalibrierlabore & Zertifizierungsstellen
128640,Handel
122358,Automotive & Zulieferer
77273,Sonstiges
114075,Sonstiges
126578,Klima & Heizung (Facility)
125098,Handel
82659,Sonstiges
19171,Handel
101643,Maschinen- & Anlagenbau
46650,Sonstiges
117957,Elektro & Mess-Regeltechnik
1046424,Maschinen- & Anlagenbau
79085,Sonstiges
32792,Sonstiges
126969,Handel
10713,Kunststoff/Metall/Holz/Glas/Keramik-Verarbeitung
122969,Handel
419,Automotive & Zulieferer
64528,Sonstiges
105031,Sonstiges
32301,Maschinen- & Anlagenbau
84048,Sonstiges
91937,Sonstiges
53340,Sonstiges
111859,Sonstiges
84751,Sonstiges
117637,Maschinen- & Anlagenbau
26338,Elektro & Mess-Regeltechnik
23431,Sonstiges
20443,Kunststoff/Metall/Holz/Glas/Keramik-Verarbeitung
65933,Sonstiges
12788,Sonstiges
113676,Sonstiges
106250,Kunststoff/Metall/Holz/Glas/Keramik-Verarbeitung
83368,Sonstiges
50713,Sonstiges
48933,Sonstiges
25201,Kunststoff/Metall/Holz/Glas/Keramik-Verarbeitung
69895,Sonstiges
80331,Sonstiges
128585,Elektro & Mess-Regeltechnik
113241,Sonstiges
98612,Sonstiges
125174,Kunststoff/Metall/Holz/Glas/Keramik-Verarbeitung
127402,Maschinen- & Anlagenbau
43562,Kunststoff/Metall/Holz/Glas/Keramik-Verarbeitung
21117,Kunststoff/Metall/Holz/Glas/Keramik-Verarbeitung
81250,Sonstiges
113547,Medical
12749,Automotive & Zulieferer
18858,Kunststoff/Metall/Holz/Glas/Keramik-Verarbeitung
58488,Kunststoff/Metall/Holz/Glas/Keramik-Verarbeitung
32425,Sonstiges
128166,Sonstiges
77662,Sonstiges
108137,Sonstiges
27107,Sonstiges
90209,Kunststoff/Metall/Holz/Glas/Keramik-Verarbeitung
1048311,Handel
100324,Sonstiges
12978,Energie
47970,Sonstiges
90527,Sonstiges
23635,Sonstiges
122132,Maschinen- & Anlagenbau
82088,Automotive & Zulieferer
14753,Handel
48012,Elektro & Mess-Regeltechnik
1053389,Handel
94193,Maschinen- & Anlagenbau
102545,Sonstiges
114635,Sonstiges
41641,Elektro & Mess-Regeltechnik
815,Maschinen- & Anlagenbau
90034,Kunststoff/Metall/Holz/Glas/Keramik-Verarbeitung
4922,Elektro & Mess-Regeltechnik
35293,Sonstiges
115825,Kunststoff/Metall/Holz/Glas/Keramik-Verarbeitung
89972,Sonstiges
121040,Sonstiges
33502,Maschinen- & Anlagenbau
81875,Kalibrierlabore & Zertifizierungsstellen
20370,Kunststoff/Metall/Holz/Glas/Keramik-Verarbeitung
95004,Sonstiges
15174,Sonstiges
103803,Sonstiges
59560,Automotive & Zulieferer
109321,Elektro & Mess-Regeltechnik
109892,Maschinen- & Anlagenbau
116368,Maschinen- & Anlagenbau
12606,Maschinen- & Anlagenbau
111383,Sonstiges
51125,Kunststoff/Metall/Holz/Glas/Keramik-Verarbeitung
35387,Maschinen- & Anlagenbau
114395,Maschinen- & Anlagenbau
40817,Handel
39477,Kunststoff/Metall/Holz/Glas/Keramik-Verarbeitung
54509,Kunststoff/Metall/Holz/Glas/Keramik-Verarbeitung
56051,Kunststoff/Metall/Holz/Glas/Keramik-Verarbeitung
104579,Sonstiges
54035,Sonstiges
67772,Maschinen- & Anlagenbau
104438,Automotive & Zulieferer
97399,Sonstiges
67912,Sonstiges
58022,Automotive & Zulieferer
80387,Sonstiges
56451,Automotive & Zulieferer
101302,Sonstiges
1043059,Kunststoff/Metall/Holz/Glas/Keramik-Verarbeitung
71554,Sonstiges
122239,Sonstiges
53304,Sonstiges
122392,Sonstiges
1019276,Kunststoff/Metall/Holz/Glas/Keramik-Verarbeitung
1051141,Handel
102147,Sonstiges
115505,Sonstiges
43778,Pharma
25323,Kunststoff/Metall/Holz/Glas/Keramik-Verarbeitung
61315,Automotive & Zulieferer
124811,Kunststoff/Metall/Holz/Glas/Keramik-Verarbeitung
88897,Sonstiges
68517,Sonstiges
19500,Handel
14288,Handel
125883,Handel
124644,Sonstiges
114698,Maschinen- & Anlagenbau
1563692,Automotive & Zulieferer
122299,Kunststoff/Metall/Holz/Glas/Keramik-Verarbeitung
80051,Elektro & Mess-Regeltechnik
113214,Kunststoff/Metall/Holz/Glas/Keramik-Verarbeitung
1007799,Maschinen- & Anlagenbau
82253,Sonstiges
27915,Sonstiges
115742,Sonstiges
68533,Sonstiges
1001777,Maschinen- & Anlagenbau
16273,Maschinen- & Anlagenbau
120913,Handel
119732,Kunststoff/Metall/Holz/Glas/Keramik-Verarbeitung
90186,Sonstiges
69304,Sonstiges
1001520,Maschinen- & Anlagenbau
68715,Defence
81722,Sonstiges
1564056,Automotive & Zulieferer
22143,Maschinen- & Anlagenbau
89565,Medical
26907,Handel
32102,Sonstiges
123210,Handel
103416,Sonstiges
112959,Handel
51775,Sonstiges
52692,Sonstiges
80736,Sonstiges
115764,Maschinen- & Anlagenbau
127959,Maschinen- & Anlagenbau
69316,Luft- & Raumfahrt & Zulieferer
121519,Sonstiges
71060,Sonstiges
101382,Sonstiges
1053089,Elektro & Mess-Regeltechnik
92798,Sonstiges
76880,Kalibrierlabore & Zertifizierungsstellen
80693,Maschinen- & Anlagenbau
19077,Maschinen- & Anlagenbau
58096,Kunststoff/Metall/Holz/Glas/Keramik-Verarbeitung
89724,Kunststoff/Metall/Holz/Glas/Keramik-Verarbeitung
61027,Energie
100521,Kunststoff/Metall/Holz/Glas/Keramik-Verarbeitung
122485,Handel
52844,Sonstiges
125408,Kunststoff/Metall/Holz/Glas/Keramik-Verarbeitung
28508,Elektro & Mess-Regeltechnik
79610,Handel
44218,Kunststoff/Metall/Holz/Glas/Keramik-Verarbeitung
1051938,Automotive & Zulieferer
17749,Maschinen- & Anlagenbau
3655,Kunststoff/Metall/Holz/Glas/Keramik-Verarbeitung
66312,Elektro & Mess-Regeltechnik
1563960,Sonstiges
21585,Kunststoff/Metall/Holz/Glas/Keramik-Verarbeitung
66546,Sonstiges
87777,Maschinen- & Anlagenbau
15021,Kunststoff/Metall/Holz/Glas/Keramik-Verarbeitung
29890,Kunststoff/Metall/Holz/Glas/Keramik-Verarbeitung
87103,Sonstiges
122391,Sonstiges
113292,Luft- & Raumfahrt & Zulieferer
76485,Maschinen- & Anlagenbau
16451,Kunststoff/Metall/Holz/Glas/Keramik-Verarbeitung
114903,Sonstiges
128794,Handel
817,Luft- & Raumfahrt & Zulieferer
25399,Kunststoff/Metall/Holz/Glas/Keramik-Verarbeitung
63149,Maschinen- & Anlagenbau
83193,Sonstiges
118401,Handel
100482,Sonstiges
59640,Sonstiges
67482,Sonstiges
88494,Sonstiges
14786,Handel
45814,Maschinen- & Anlagenbau
1052130,Maschinen- & Anlagenbau
59990,Kunststoff/Metall/Holz/Glas/Keramik-Verarbeitung
31297,Elektro & Mess-Regeltechnik
70405,Maschinen- & Anlagenbau
122351,Sonstiges
13205,Sonstiges
95578,Sonstiges
89750,Sonstiges
82280,Sonstiges
89246,Sonstiges
124649,Sonstiges
1053203,Kunststoff/Metall/Holz/Glas/Keramik-Verarbeitung
30463,Sonstiges
53055,Kunststoff/Metall/Holz/Glas/Keramik-Verarbeitung
106679,Sonstiges
110795,Sonstiges
50318,Sonstiges
56086,Medical
5202,Luft- & Raumfahrt & Zulieferer
57556,Kunststoff/Metall/Holz/Glas/Keramik-Verarbeitung
28488,Sonstiges
105877,Sonstiges
118404,Sonstiges
1002276,Kunststoff/Metall/Holz/Glas/Keramik-Verarbeitung
52451,Sonstiges
32895,Kunststoff/Metall/Holz/Glas/Keramik-Verarbeitung
102263,Sonstiges
28510,Chemie & Raffinerie
12096,Kunststoff/Metall/Holz/Glas/Keramik-Verarbeitung
113827,Sonstiges
1019287,Kunststoff/Metall/Holz/Glas/Keramik-Verarbeitung
24367,Kunststoff/Metall/Holz/Glas/Keramik-Verarbeitung
50324,Sonstiges
83185,Sonstiges
90705,Automotive & Zulieferer
1014203,Kunststoff/Metall/Holz/Glas/Keramik-Verarbeitung
126278,Maschinen- & Anlagenbau
107137,Sonstiges
115883,Sonstiges
12686,Handel
20212,Automotive & Zulieferer
55975,Maschinen- & Anlagenbau
59033,Sonstiges
126990,Sonstiges
32893,Sonstiges
122876,Handel
90269,Kunststoff/Metall/Holz/Glas/Keramik-Verarbeitung
122346,Maschinen- & Anlagenbau
67533,Sonstiges
81990,Automotive & Zulieferer
89781,Sonstiges
114092,Sonstiges
13863,Handel
124855,Sonstiges
1008195,Kunststoff/Metall/Holz/Glas/Keramik-Verarbeitung
61156,Elektro & Mess-Regeltechnik
29008,Handel
47951,Maschinen- & Anlagenbau
47227,Kunststoff/Metall/Holz/Glas/Keramik-Verarbeitung
82419,Automotive & Zulieferer
63039,Sonstiges
118253,Sonstiges
117517,Handel
14613,Kunststoff/Metall/Holz/Glas/Keramik-Verarbeitung
10810,Maschinen- & Anlagenbau
122050,Sonstiges
29748,Kunststoff/Metall/Holz/Glas/Keramik-Verarbeitung
64960,Maschinen- & Anlagenbau
85476,Maschinen- & Anlagenbau
73813,Kunststoff/Metall/Holz/Glas/Keramik-Verarbeitung
24014,Kunststoff/Metall/Holz/Glas/Keramik-Verarbeitung
83362,Sonstiges
113659,Sonstiges
82548,Maschinen- & Anlagenbau
26576,Sonstiges
49679,Maschinen- & Anlagenbau
53757,Sonstiges
113444,Kunststoff/Metall/Holz/Glas/Keramik-Verarbeitung
48785,Sonstiges
87778,Maschinen- & Anlagenbau
82580,Maschinen- & Anlagenbau
20972,Kunststoff/Metall/Holz/Glas/Keramik-Verarbeitung
33689,Klima & Heizung (Facility)
94032,Sonstiges
1053072,Kunststoff/Metall/Holz/Glas/Keramik-Verarbeitung
116308,Sonstiges
34075,Kunststoff/Metall/Holz/Glas/Keramik-Verarbeitung
114348,Sonstiges
54748,Sonstiges
119328,Sonstiges
4241,Sonstiges
107694,Automotive & Zulieferer
121791,Sonstiges
109438,Sonstiges
112868,Sonstiges
89674,Sonstiges
108199,Sonstiges
96201,Sonstiges
70676,Sonstiges
90430,Sonstiges
20537,Maschinen- & Anlagenbau
126330,Maschinen- & Anlagenbau
108830,Automotive & Zulieferer
85727,Maschinen- & Anlagenbau
102496,Sonstiges
50368,Sonstiges
1000127,Maschinen- & Anlagenbau
101167,Sonstiges
104249,Sonstiges
107806,Sonstiges
110256,Kunststoff/Metall/Holz/Glas/Keramik-Verarbeitung
57042,Sonstiges
118127,Handel
94814,Sonstiges
31118,Sonstiges
106316,Elektro & Mess-Regeltechnik
39771,Handel
125559,Automotive & Zulieferer
89926,Sonstiges
121777,Sonstiges
93481,Sonstiges
76332,Kalibrierlabore & Zertifizierungsstellen
80667,Sonstiges
81800,Automotive & Zulieferer
93023,Sonstiges
79479,Sonstiges
37220,Sonstiges
17612,Elektro & Mess-Regeltechnik
37085,Defence
84453,Sonstiges
113239,Handel
115501,Maschinen- & Anlagenbau
14484,Kunststoff/Metall/Holz/Glas/Keramik-Verarbeitung
1000939,Kunststoff/Metall/Holz/Glas/Keramik-Verarbeitung
34431,Sonstiges
30870,Maschinen- & Anlagenbau
58162,Maschinen- & Anlagenbau
103131,Sonstiges
105350,Sonstiges
112986,Sonstiges
20402,Sonstiges
84623,Sonstiges
76008,Automotive & Zulieferer
79669,Maschinen- & Anlagenbau
101599,Sonstiges
126021,Handel
15941,Elektro & Mess-Regeltechnik
51022,Maschinen- & Anlagenbau
57144,Sonstiges
77978,Handel
59436,Sonstiges
86727,Kunststoff/Metall/Holz/Glas/Keramik-Verarbeitung
66673,Sonstiges
107017,Sonstiges
95730,Maschinen- & Anlagenbau
114381,Elektro & Mess-Regeltechnik
120736,Kunststoff/Metall/Holz/Glas/Keramik-Verarbeitung
98999,Sonstiges
83111,Sonstiges
20715,Kunststoff/Metall/Holz/Glas/Keramik-Verarbeitung
27795,Maschinen- & Anlagenbau
49863,Sonstiges
11176,Sonstiges
91563,Sonstiges
126208,Automotive & Zulieferer
3665,Defence
65971,Sonstiges
115389,Sonstiges
46835,Maschinen- & Anlagenbau
103819,Sonstiges
28671,Sonstiges
41649,Pharma
85679,Sonstiges
96163,Maschinen- & Anlagenbau
29739,Sonstiges
99628,Sonstiges
49556,Sonstiges
36825,Maschinen- & Anlagenbau
66973,Sonstiges
113440,Kunststoff/Metall/Holz/Glas/Keramik-Verarbeitung
14745,Elektro & Mess-Regeltechnik
115779,Sonstiges
57758,Sonstiges
1000100,Maschinen- & Anlagenbau
93303,Sonstiges
91201,Kunststoff/Metall/Holz/Glas/Keramik-Verarbeitung
1002353,Kunststoff/Metall/Holz/Glas/Keramik-Verarbeitung
104367,Sonstiges
28561,Sonstiges
115116,Maschinen- & Anlagenbau
1053646,Handel
46601,Sonstiges
104005,Sonstiges
113072,Handel
17792,Automotive & Zulieferer
18807,Chemie & Raffinerie
14263,Sonstiges
31826,Kunststoff/Metall/Holz/Glas/Keramik-Verarbeitung
111568,Sonstiges
99164,Maschinen- & Anlagenbau
48695,Automotive & Zulieferer
84131,Maschinen- & Anlagenbau
100029,Sonstiges
106233,Automotive & Zulieferer
14441,Sonstiges
63003,Sonstiges
27539,Sonstiges
55426,Chemie & Raffinerie
97220,Sonstiges
114803,Sonstiges
31300,Kunststoff/Metall/Holz/Glas/Keramik-Verarbeitung
110296,Sonstiges
85179,Sonstiges
114831,Handel
22772,Sonstiges
14919,Medical
30932,Maschinen- & Anlagenbau
46889,Automotive & Zulieferer
55648,Sonstiges
78023,Sonstiges
86569,Sonstiges
92551,Kunststoff/Metall/Holz/Glas/Keramik-Verarbeitung
95166,Sonstiges
101428,Sonstiges
106285,Automotive & Zulieferer
109904,Automotive & Zulieferer
114140,Sonstiges
1564535,Automotive & Zulieferer
61467,Kunststoff/Metall/Holz/Glas/Keramik-Verarbeitung
77222,Handel
88643,Kunststoff/Metall/Holz/Glas/Keramik-Verarbeitung
24620,Sonstiges
114054,Sonstiges
54424,Elektro & Mess-Regeltechnik
21262,Sonstiges
54194,Sonstiges
25192,Sonstiges
26778,Sonstiges
90843,Sonstiges
71356,Sonstiges
32021,Maschinen- & Anlagenbau
103510,Sonstiges
31419,Sonstiges
33467,Kunststoff/Metall/Holz/Glas/Keramik-Verarbeitung
128310,Sonstiges
1011748,Sonstiges
22617,Kunststoff/Metall/Holz/Glas/Keramik-Verarbeitung
122881,Handel
33164,Kunststoff/Metall/Holz/Glas/Keramik-Verarbeitung
91790,Kunststoff/Metall/Holz/Glas/Keramik-Verarbeitung
104746,Sonstiges
75727,Elektro & Mess-Regeltechnik
87083,Kunststoff/Metall/Holz/Glas/Keramik-Verarbeitung
101570,Kunststoff/Metall/Holz/Glas/Keramik-Verarbeitung
10434,Maschinen- & Anlagenbau
124835,Handel
77929,Kunststoff/Metall/Holz/Glas/Keramik-Verarbeitung
71844,Sonstiges
104576,Sonstiges
1005372,Kunststoff/Metall/Holz/Glas/Keramik-Verarbeitung
126159,Handel
90859,Automotive & Zulieferer
30882,Automotive & Zulieferer
48994,Sonstiges
51763,Sonstiges
122488,Sonstiges
87202,Sonstiges
82676,Sonstiges
90310,Chemie & Raffinerie
113746,Handel
114501,Sonstiges
86081,Kunststoff/Metall/Holz/Glas/Keramik-Verarbeitung
105232,Sonstiges
117773,Medical
90502,Handel
55147,Sonstiges
92657,Sonstiges
96539,Automotive & Zulieferer
107356,Kunststoff/Metall/Holz/Glas/Keramik-Verarbeitung
93494,Maschinen- & Anlagenbau
56100,Sonstiges
112426,Sonstiges
1019122,Maschinen- & Anlagenbau
22400,Automotive & Zulieferer
53299,Sonstiges
28772,Maschinen- & Anlagenbau
62839,Sonstiges
122149,Maschinen- & Anlagenbau
33725,Kunststoff/Metall/Holz/Glas/Keramik-Verarbeitung
97368,Sonstiges
21330,Kunststoff/Metall/Holz/Glas/Keramik-Verarbeitung
1045386,Maschinen- & Anlagenbau
122513,Sonstiges
86326,Handel
53283,Sonstiges
109410,Maschinen- & Anlagenbau
25881,Sonstiges
85500,Sonstiges
114515,Sonstiges
12624,Kunststoff/Metall/Holz/Glas/Keramik-Verarbeitung
95748,Sonstiges
114174,Automotive & Zulieferer
114286,Automotive & Zulieferer
87988,Sonstiges
52150,Sonstiges
46987,Maschinen- & Anlagenbau
20875,Sonstiges
96452,Sonstiges
75667,Sonstiges
1051305,Kunststoff/Metall/Holz/Glas/Keramik-Verarbeitung
38931,Kunststoff/Metall/Holz/Glas/Keramik-Verarbeitung
24047,Maschinen- & Anlagenbau
1533,Kunststoff/Metall/Holz/Glas/Keramik-Verarbeitung
36794,Kunststoff/Metall/Holz/Glas/Keramik-Verarbeitung
21210,Sonstiges
91798,Elektro & Mess-Regeltechnik
1050602,Maschinen- & Anlagenbau
114730,Handel
106040,Automotive & Zulieferer
99779,Sonstiges
63449,Kunststoff/Metall/Holz/Glas/Keramik-Verarbeitung
104066,Maschinen- & Anlagenbau
123723,Maschinen- & Anlagenbau
86190,Maschinen- & Anlagenbau
101989,Luft- & Raumfahrt & Zulieferer
67156,Sonstiges
51653,Maschinen- & Anlagenbau
86684,Sonstiges
58964,Sonstiges
122669,Kunststoff/Metall/Holz/Glas/Keramik-Verarbeitung
121394,Sonstiges
113829,Sonstiges
108518,Sonstiges
26033,Kunststoff/Metall/Holz/Glas/Keramik-Verarbeitung
19786,Handel
110255,Kunststoff/Metall/Holz/Glas/Keramik-Verarbeitung
50682,Elektro & Mess-Regeltechnik
55414,Automotive & Zulieferer
118991,Kalibrierlabore & Zertifizierungsstellen
89656,Maschinen- & Anlagenbau
1048629,Sonstiges
76825,Maschinen- & Anlagenbau
22988,Handel
58272,Kunststoff/Metall/Holz/Glas/Keramik-Verarbeitung
69455,Sonstiges
121731,Kunststoff/Metall/Holz/Glas/Keramik-Verarbeitung
69636,Sonstiges
124324,Handel
1564041,Kunststoff/Metall/Holz/Glas/Keramik-Verarbeitung
27282,Automotive & Zulieferer
99297,Maschinen- & Anlagenbau
128176,Handel
30497,Maschinen- & Anlagenbau
10364,Maschinen- & Anlagenbau
57761,Kunststoff/Metall/Holz/Glas/Keramik-Verarbeitung
76761,Sonstiges
44590,Maschinen- & Anlagenbau
67535,Handel
68885,Sonstiges
30343,Elektro & Mess-Regeltechnik
102734,Sonstiges
113015,Sonstiges
25635,Automotive & Zulieferer
47677,Automotive & Zulieferer
122948,Sonstiges
79728,Sonstiges
34451,Kunststoff/Metall/Holz/Glas/Keramik-Verarbeitung
70446,Kunststoff/Metall/Holz/Glas/Keramik-Verarbeitung
88083,Automotive & Zulieferer
10416,Maschinen- & Anlagenbau
36654,Elektro & Mess-Regeltechnik
57913,Sonstiges
109703,Sonstiges
113677,Sonstiges
49216,Sonstiges
112752,Elektro & Mess-Regeltechnik
69905,Sonstiges
119188,Sonstiges
15541,Elektro & Mess-Regeltechnik
90828,Sonstiges
92179,Sonstiges
1005825,Kunststoff/Metall/Holz/Glas/Keramik-Verarbeitung
78601,Sonstiges
1042552,Elektro & Mess-Regeltechnik
95696,Kunststoff/Metall/Holz/Glas/Keramik-Verarbeitung
95339,Sonstiges
17832,Maschinen- & Anlagenbau
71397,Kunststoff/Metall/Holz/Glas/Keramik-Verarbeitung
46718,Sonstiges
32165,Kunststoff/Metall/Holz/Glas/Keramik-Verarbeitung
120543,Handel
16355,Sonstiges
34016,Maschinen- & Anlagenbau
61132,Maschinen- & Anlagenbau
21446,Elektro & Mess-Regeltechnik
57900,Sonstiges
72025,Automotive & Zulieferer
71218,Chemie & Raffinerie
124666,Maschinen- & Anlagenbau
99336,Sonstiges
106065,Sonstiges
19897,Kunststoff/Metall/Holz/Glas/Keramik-Verarbeitung
79348,Automotive & Zulieferer
81116,Kunststoff/Metall/Holz/Glas/Keramik-Verarbeitung
77930,Sonstiges
107150,Sonstiges
93393,Sonstiges
93832,Kunststoff/Metall/Holz/Glas/Keramik-Verarbeitung
123311,Sonstiges
1050682,Handel
52193,Maschinen- & Anlagenbau
1053205,Kunststoff/Metall/Holz/Glas/Keramik-Verarbeitung
111771,Sonstiges
113160,Sonstiges
15597,Automotive & Zulieferer
54491,Sonstiges
92741,Kunststoff/Metall/Holz/Glas/Keramik-Verarbeitung
55691,Kunststoff/Metall/Holz/Glas/Keramik-Verarbeitung
1043083,Kunststoff/Metall/Holz/Glas/Keramik-Verarbeitung
37676,Maschinen- & Anlagenbau
15690,Kunststoff/Metall/Holz/Glas/Keramik-Verarbeitung
31733,Sonstiges
121512,Sonstiges
47565,Automotive & Zulieferer
61915,Automotive & Zulieferer
85075,Sonstiges
45936,Sonstiges
53248,Maschinen- & Anlagenbau
38266,Sonstiges
51973,Sonstiges
55396,Luft- & Raumfahrt & Zulieferer
112969,Sonstiges
128984,Handel
54353,Sonstiges
1005143,Kunststoff/Metall/Holz/Glas/Keramik-Verarbeitung
115703,Sonstiges
22071,Sonstiges
124650,Handel
107775,Sonstiges
93698,Sonstiges
69573,Sonstiges
27922,Elektro & Mess-Regeltechnik
1043110,Kunststoff/Metall/Holz/Glas/Keramik-Verarbeitung
41351,Sonstiges
54990,Kunststoff/Metall/Holz/Glas/Keramik-Verarbeitung
98901,Maschinen- & Anlagenbau
114677,Luft- & Raumfahrt & Zulieferer
52065,Maschinen- & Anlagenbau
579,Luft- & Raumfahrt & Zulieferer
79142,Elektro & Mess-Regeltechnik
1018889,Kunststoff/Metall/Holz/Glas/Keramik-Verarbeitung
34144,Sonstiges
114481,Sonstiges
58200,Sonstiges
78020,Sonstiges
22049,Kunststoff/Metall/Holz/Glas/Keramik-Verarbeitung
115125,Automotive & Zulieferer
120451,Sonstiges
129273,Kalibrierlabore & Zertifizierungsstellen
95751,Sonstiges
105934,Sonstiges
25106,Maschinen- & Anlagenbau
102000,Sonstiges
104120,Kunststoff/Metall/Holz/Glas/Keramik-Verarbeitung
120873,Sonstiges
92820,Kunststoff/Metall/Holz/Glas/Keramik-Verarbeitung
86365,Sonstiges
36919,Sonstiges
128671,Kunststoff/Metall/Holz/Glas/Keramik-Verarbeitung
1000528,Kunststoff/Metall/Holz/Glas/Keramik-Verarbeitung
106337,Maschinen- & Anlagenbau
79383,Maschinen- & Anlagenbau
1810,Automotive & Zulieferer
20543,Sonstiges
23624,Sonstiges
40742,Sonstiges
59114,Sonstiges
62645,Sonstiges
80451,Sonstiges
113229,Sonstiges
114214,Maschinen- & Anlagenbau
114404,Sonstiges
120906,Sonstiges
1010930,Kunststoff/Metall/Holz/Glas/Keramik-Verarbeitung
55115,Sonstiges
84952,Automotive & Zulieferer
123073,Sonstiges
49648,Kunststoff/Metall/Holz/Glas/Keramik-Verarbeitung
50995,Maschinen- & Anlagenbau
98163,Sonstiges
78668,Kunststoff/Metall/Holz/Glas/Keramik-Verarbeitung
115351,Kunststoff/Metall/Holz/Glas/Keramik-Verarbeitung
4262,Sonstiges
67099,Chemie & Raffinerie
101552,Sonstiges
125415,Handel
120591,Automotive & Zulieferer
121537,Medical
66393,Sonstiges
106888,Sonstiges
113121,Sonstiges
113204,Sonstiges
46123,Kunststoff/Metall/Holz/Glas/Keramik-Verarbeitung
112588,Sonstiges
110251,Sonstiges
114103,Sonstiges
113577,Sonstiges
32305,Sonstiges
1041478,Automotive & Zulieferer
84196,Sonstiges
40658,Kunststoff/Metall/Holz/Glas/Keramik-Verarbeitung
27546,Sonstiges
125848,Sonstiges
23857,Sonstiges
45913,Sonstiges
112510,Sonstiges
89502,Sonstiges
80822,Maschinen- & Anlagenbau
35711,Automotive & Zulieferer
1000858,Elektro & Mess-Regeltechnik
105183,Sonstiges
50766,Maschinen- & Anlagenbau
1101686,Maschinen- & Anlagenbau
79292,Kunststoff/Metall/Holz/Glas/Keramik-Verarbeitung
51546,Kunststoff/Metall/Holz/Glas/Keramik-Verarbeitung
99484,Sonstiges
114724,Sonstiges
107363,Sonstiges
99176,Automotive & Zulieferer
36282,Sonstiges
51088,Sonstiges
82636,Medical
83118,Sonstiges
88762,Maschinen- & Anlagenbau
10516,Elektro & Mess-Regeltechnik
14004,Sonstiges
103589,Sonstiges
92536,Sonstiges
25983,Kunststoff/Metall/Holz/Glas/Keramik-Verarbeitung
109768,Sonstiges
83908,Kunststoff/Metall/Holz/Glas/Keramik-Verarbeitung
110932,Sonstiges
80297,Elektro & Mess-Regeltechnik
119126,Handel
103222,Sonstiges
1041651,Energie
93641,Sonstiges
100196,Automotive & Zulieferer
13989,Maschinen- & Anlagenbau
67471,Maschinen- & Anlagenbau
97079,Sonstiges
122252,Handel
12354,Sonstiges
104655,Sonstiges
64708,Kunststoff/Metall/Holz/Glas/Keramik-Verarbeitung
48988,Sonstiges
125725,Energie
126719,Automotive & Zulieferer
119820,Sonstiges
85143,Sonstiges
92765,Maschinen- & Anlagenbau
26037,Sonstiges
56206,Kunststoff/Metall/Holz/Glas/Keramik-Verarbeitung
69186,Luft- & Raumfahrt & Zulieferer
69309,Sonstiges
19988,Maschinen- & Anlagenbau
93066,Sonstiges
111285,Energie
93571,Handel
13276,Maschinen- & Anlagenbau
115003,Sonstiges
66455,Maschinen- & Anlagenbau
59820,Kunststoff/Metall/Holz/Glas/Keramik-Verarbeitung
100298,Sonstiges
105446,Sonstiges
1564556,Kunststoff/Metall/Holz/Glas/Keramik-Verarbeitung
102023,Halbleiter & Mikroelektronik
11117,Automotive & Zulieferer
21895,Maschinen- & Anlagenbau
38054,Maschinen- & Anlagenbau
81529,Kunststoff/Metall/Holz/Glas/Keramik-Verarbeitung
26402,Sonstiges
113588,Sonstiges
1000241,Kunststoff/Metall/Holz/Glas/Keramik-Verarbeitung
22529,Sonstiges
99355,Medical
82624,Sonstiges
33710,Klima & Heizung (Facility)
100909,Sonstiges
111029,Sonstiges
78503,Kunststoff/Metall/Holz/Glas/Keramik-Verarbeitung
89913,Handel
26233,Kunststoff/Metall/Holz/Glas/Keramik-Verarbeitung
1501,Elektro & Mess-Regeltechnik
113610,Kunststoff/Metall/Holz/Glas/Keramik-Verarbeitung
66515,Sonstiges
63352,Automotive & Zulieferer
1054289,Kunststoff/Metall/Holz/Glas/Keramik-Verarbeitung
104929,Handel
80545,Sonstiges
33917,Elektro & Mess-Regeltechnik
78118,Sonstiges
55478,Sonstiges
88749,Maschinen- & Anlagenbau
122113,Sonstiges
78725,Maschinen- & Anlagenbau
58925,Sonstiges
127902,Handel
114014,Sonstiges
1101978,Maschinen- & Anlagenbau
66117,Sonstiges
116828,Luft- & Raumfahrt & Zulieferer
127668,Kunststoff/Metall/Holz/Glas/Keramik-Verarbeitung
69677,Medical
104391,Handel
7051,Automotive & Zulieferer
1003562,Sonstiges
113240,Sonstiges
33480,Maschinen- & Anlagenbau
83303,Sonstiges
115099,Sonstiges
115073,Sonstiges
117063,Elektro & Mess-Regeltechnik
63269,Energie
96600,Maschinen- & Anlagenbau
30201,Elektro & Mess-Regeltechnik
119361,Maschinen- & Anlagenbau
30554,Kunststoff/Metall/Holz/Glas/Keramik-Verarbeitung
103062,Kunststoff/Metall/Holz/Glas/Keramik-Verarbeitung
113735,Sonstiges
99210,Sonstiges
121689,Sonstiges
4562,Sonstiges
13151,Sonstiges
31889,Sonstiges
113227,Sonstiges
113628,Maschinen- & Anlagenbau
86485,Kunststoff/Metall/Holz/Glas/Keramik-Verarbeitung
22601,Elektro & Mess-Regeltechnik
62904,Sonstiges
104320,Sonstiges
104773,Sonstiges
40958,Sonstiges
114741,Sonstiges
40057,Elektro & Mess-Regeltechnik
98152,Sonstiges
53097,Sonstiges
109100,Maschinen- & Anlagenbau
115022,Sonstiges
113794,Sonstiges
24131,Kunststoff/Metall/Holz/Glas/Keramik-Verarbeitung
64934,Maschinen- & Anlagenbau
48055,Automotive & Zulieferer
82087,Sonstiges
23362,Elektro & Mess-Regeltechnik
3674,Elektro & Mess-Regeltechnik
33539,Sonstiges
4486,Sonstiges
4259,Sonstiges
1053820,Klima & Heizung (Facility)
1046719,Medical
111341,Elektro & Mess-Regeltechnik
64021,Kunststoff/Metall/Holz/Glas/Keramik-Verarbeitung
85410,Sonstiges
52236,Kunststoff/Metall/Holz/Glas/Keramik-Verarbeitung
10527,Handel
22491,Handel
101265,Kunststoff/Metall/Holz/Glas/Keramik-Verarbeitung
100003,Sonstiges
84909,Sonstiges
88640,Sonstiges
87119,Maschinen- & Anlagenbau
1006390,Maschinen- & Anlagenbau
1405,Handel
18424,Sonstiges
90228,Chemie & Raffinerie
14646,Automotive & Zulieferer
81282,Sonstiges
113087,Sonstiges
117046,Handel
103072,Sonstiges
20961,Elektro & Mess-Regeltechnik
128221,Sonstiges
67003,Defence
15572,Sonstiges
54105,Elektro & Mess-Regeltechnik
83204,Sonstiges
121601,Sonstiges
14721,Elektro & Mess-Regeltechnik
123041,Sonstiges
123893,Pharma
34252,Maschinen- & Anlagenbau
51762,Sonstiges
64773,Sonstiges
92634,Sonstiges
95671,Automotive & Zulieferer
108954,Maschinen- & Anlagenbau
109003,Automotive & Zulieferer
20007,Sonstiges
110127,Kunststoff/Metall/Holz/Glas/Keramik-Verarbeitung
21283,Sonstiges
33378,Sonstiges
31608,Handel
115737,Sonstiges
12074,Handel
30293,Sonstiges
19497,Kunststoff/Metall/Holz/Glas/Keramik-Verarbeitung
122453,Handel
81680,Sonstiges
76168,Sonstiges
108447,Sonstiges
11255,Elektro & Mess-Regeltechnik
15206,Sonstiges
92468,Automotive & Zulieferer
49672,Sonstiges
112691,Handel
122527,Sonstiges
80386,Maschinen- & Anlagenbau
83287,Elektro & Mess-Regeltechnik
52520,Sonstiges
126982,Maschinen- & Anlagenbau
108471,Automotive & Zulieferer
29896,Sonstiges
76769,Sonstiges
78267,Sonstiges
79908,Sonstiges
1043978,Kunststoff/Metall/Holz/Glas/Keramik-Verarbeitung
37860,Kunststoff/Metall/Holz/Glas/Keramik-Verarbeitung
101303,Sonstiges
101268,Sonstiges
109358,Sonstiges
14436,Sonstiges
13862,Sonstiges
101064,Kunststoff/Metall/Holz/Glas/Keramik-Verarbeitung
11557,Automotive & Zulieferer
54430,Sonstiges
5128,Sonstiges
122799,Sonstiges
24981,Kunststoff/Metall/Holz/Glas/Keramik-Verarbeitung
101952,Sonstiges
82614,Defence
12493,Elektro & Mess-Regeltechnik
120723,Maschinen- & Anlagenbau
15704,Kunststoff/Metall/Holz/Glas/Keramik-Verarbeitung
55917,Sonstiges
79458,Kunststoff/Metall/Holz/Glas/Keramik-Verarbeitung
98120,Medical
104702,Maschinen- & Anlagenbau
1022244,Kunststoff/Metall/Holz/Glas/Keramik-Verarbeitung
63224,Maschinen- & Anlagenbau
99135,Sonstiges
90853,Kunststoff/Metall/Holz/Glas/Keramik-Verarbeitung
67619,Sonstiges
113396,Sonstiges
11084,Automotive & Zulieferer
56358,Sonstiges
104885,Sonstiges
49461,Sonstiges
100824,Kunststoff/Metall/Holz/Glas/Keramik-Verarbeitung
55303,Kunststoff/Metall/Holz/Glas/Keramik-Verarbeitung
68432,Kunststoff/Metall/Holz/Glas/Keramik-Verarbeitung
4204,Sonstiges
36569,Sonstiges
52860,Automotive & Zulieferer
94080,Sonstiges
111301,Sonstiges
59254,Sonstiges
80548,Sonstiges
18359,Chemie & Raffinerie
64110,Luft- & Raumfahrt & Zulieferer
1001184,Kunststoff/Metall/Holz/Glas/Keramik-Verarbeitung
14518,Kunststoff/Metall/Holz/Glas/Keramik-Verarbeitung
32632,Maschinen- & Anlagenbau
88558,Defence
67999,Sonstiges
91735,Sonstiges
1563678,Kunststoff/Metall/Holz/Glas/Keramik-Verarbeitung
18762,Sonstiges
89808,Handel
54330,Sonstiges
3979,Kunststoff/Metall/Holz/Glas/Keramik-Verarbeitung
52882,Sonstiges
84942,Kunststoff/Metall/Holz/Glas/Keramik-Verarbeitung
14955,Maschinen- & Anlagenbau
57801,Kunststoff/Metall/Holz/Glas/Keramik-Verarbeitung
96916,Kunststoff/Metall/Holz/Glas/Keramik-Verarbeitung
174,Kunststoff/Metall/Holz/Glas/Keramik-Verarbeitung
113612,Sonstiges
78002,Sonstiges
108228,Maschinen- & Anlagenbau
22145,Sonstiges
86098,Sonstiges
124433,Handel
29153,Elektro & Mess-Regeltechnik
90030,Maschinen- & Anlagenbau
82785,Maschinen- & Anlagenbau
45388,Kunststoff/Metall/Holz/Glas/Keramik-Verarbeitung
58703,Sonstiges
79887,Kalibrierlabore & Zertifizierungsstellen
42504,Sonstiges
3512,Sonstiges
104386,Sonstiges
64928,Sonstiges
51407,Medical
1046421,Elektro & Mess-Regeltechnik
1018082,Elektro & Mess-Regeltechnik
16182,Elektro & Mess-Regeltechnik
56395,Sonstiges
52525,Sonstiges
2966,Sonstiges
1053776,Maschinen- & Anlagenbau
66838,Sonstiges
69111,Kunststoff/Metall/Holz/Glas/Keramik-Verarbeitung
116778,Sonstiges
66622,Elektro & Mess-Regeltechnik
92803,Sonstiges
101882,Handel
56356,Sonstiges
50246,Kunststoff/Metall/Holz/Glas/Keramik-Verarbeitung
87233,Elektro & Mess-Regeltechnik
107309,Sonstiges
100908,Sonstiges
37696,Maschinen- & Anlagenbau
115385,Sonstiges
116698,Sonstiges
118065,Sonstiges
22047,Kunststoff/Metall/Holz/Glas/Keramik-Verarbeitung
116940,Handel
54245,Sonstiges
15615,Handel
83833,Automotive & Zulieferer
1046631,Elektro & Mess-Regeltechnik
118665,Automotive & Zulieferer
117132,Sonstiges
89228,Sonstiges
91983,Sonstiges
113516,Sonstiges
34340,Sonstiges
50374,Sonstiges
50943,Kunststoff/Metall/Holz/Glas/Keramik-Verarbeitung
118229,Sonstiges
125897,Sonstiges
1000294,Maschinen- & Anlagenbau
1106487,Automotive & Zulieferer
83499,Sonstiges
109437,Sonstiges
1053898,Handel
106853,Sonstiges
92373,Sonstiges
41529,Kunststoff/Metall/Holz/Glas/Keramik-Verarbeitung
30635,Kunststoff/Metall/Holz/Glas/Keramik-Verarbeitung
13353,Sonstiges
114052,Sonstiges
56713,Maschinen- & Anlagenbau
32892,Maschinen- & Anlagenbau
54794,Sonstiges
46693,Maschinen- & Anlagenbau
100273,Kunststoff/Metall/Holz/Glas/Keramik-Verarbeitung
78030,Sonstiges
27337,Sonstiges
66849,Sonstiges
118048,Sonstiges
97917,Sonstiges
1009009,Elektro & Mess-Regeltechnik
64092,Automotive & Zulieferer
31077,Maschinen- & Anlagenbau
108206,Kunststoff/Metall/Holz/Glas/Keramik-Verarbeitung
14318,Handel
24633,Sonstiges
82603,Sonstiges
104180,Maschinen- & Anlagenbau
124455,Sonstiges
118668,Sonstiges
27296,Handel
38844,Maschinen- & Anlagenbau
13537,Elektro & Mess-Regeltechnik
58911,Sonstiges
92416,Sonstiges
121190,Sonstiges
68508,Sonstiges
15969,Kunststoff/Metall/Holz/Glas/Keramik-Verarbeitung
100878,Sonstiges
29368,Sonstiges
52502,Maschinen- & Anlagenbau
113505,Sonstiges
1409,Kunststoff/Metall/Holz/Glas/Keramik-Verarbeitung
112865,Energie
113819,Maschinen- & Anlagenbau
109683,Elektro & Mess-Regeltechnik
88432,Sonstiges
11889,Handel
17237,Sonstiges
43300,Sonstiges
96726,Sonstiges
102978,Kunststoff/Metall/Holz/Glas/Keramik-Verarbeitung
14671,Maschinen- & Anlagenbau
79644,Kunststoff/Metall/Holz/Glas/Keramik-Verarbeitung
92950,Sonstiges
105460,Kunststoff/Metall/Holz/Glas/Keramik-Verarbeitung
86473,Sonstiges
127704,Automotive & Zulieferer
97432,Handel
115604,Handel
105397,Sonstiges
86318,Sonstiges
77671,Handel
99723,Defence
14349,Maschinen- & Anlagenbau
70757,Medical
107956,Automotive & Zulieferer
101011,Maschinen- & Anlagenbau
77290,Sonstiges
114492,Sonstiges
64281,Sonstiges
97575,Kunststoff/Metall/Holz/Glas/Keramik-Verarbeitung
118247,Handel
104504,Luft- & Raumfahrt & Zulieferer
62833,Elektro & Mess-Regeltechnik
64590,Sonstiges
72007,Sonstiges
68709,Sonstiges
13028,Handel
105362,Sonstiges
114271,Handel
1001621,Maschinen- & Anlagenbau
26599,Sonstiges
70718,Kunststoff/Metall/Holz/Glas/Keramik-Verarbeitung
56604,Automotive & Zulieferer
106842,Maschinen- & Anlagenbau
77055,Sonstiges
1020488,Automotive & Zulieferer
62064,Kunststoff/Metall/Holz/Glas/Keramik-Verarbeitung
12851,Sonstiges
99925,Sonstiges
105279,Sonstiges
99074,Sonstiges
14180,Maschinen- & Anlagenbau
90493,Sonstiges
22432,Kunststoff/Metall/Holz/Glas/Keramik-Verarbeitung
44145,Handel
31457,Elektro & Mess-Regeltechnik
57473,Kunststoff/Metall/Holz/Glas/Keramik-Verarbeitung
76904,Sonstiges
77387,Sonstiges
86735,Kunststoff/Metall/Holz/Glas/Keramik-Verarbeitung
99129,Sonstiges
100916,Sonstiges
113458,Sonstiges
1000485,Kunststoff/Metall/Holz/Glas/Keramik-Verarbeitung
110358,Maschinen- & Anlagenbau
71938,Maschinen- & Anlagenbau
29548,Maschinen- & Anlagenbau
101247,Sonstiges
41858,Sonstiges
120561,Kunststoff/Metall/Holz/Glas/Keramik-Verarbeitung
115659,Handel
89909,Sonstiges
36354,Maschinen- & Anlagenbau
113678,Medical
114702,Sonstiges
116022,Kunststoff/Metall/Holz/Glas/Keramik-Verarbeitung
10760,Pharma
113253,Sonstiges
67296,Sonstiges
83342,Sonstiges
50517,Automotive & Zulieferer
67356,Maschinen- & Anlagenbau
95225,Sonstiges
66869,Automotive & Zulieferer
80518,Maschinen- & Anlagenbau
108762,Sonstiges
103942,Sonstiges
111216,Sonstiges
77896,Pharma
70560,Sonstiges
113031,Kunststoff/Metall/Holz/Glas/Keramik-Verarbeitung
114285,Handel
105984,Sonstiges
111540,Automotive & Zulieferer
23953,Maschinen- & Anlagenbau
70473,Sonstiges
50685,Sonstiges
54966,Sonstiges
112612,Sonstiges
127837,Sonstiges
1011224,Maschinen- & Anlagenbau
1488,Maschinen- & Anlagenbau
97268,Sonstiges
113801,Handel
114666,Sonstiges
88263,Sonstiges
18823,Chemie & Raffinerie
127277,Handel
96312,Handel
16652,Sonstiges
63444,Sonstiges
121600,Sonstiges
121670,Defence
56314,Maschinen- & Anlagenbau
66043,Sonstiges
83225,Elektro & Mess-Regeltechnik
1047849,Energie
32162,Sonstiges
30647,Maschinen- & Anlagenbau
24822,Kunststoff/Metall/Holz/Glas/Keramik-Verarbeitung
4822,Sonstiges
15356,Kunststoff/Metall/Holz/Glas/Keramik-Verarbeitung
111446,Sonstiges
101039,Sonstiges
11566,Handel
83182,Sonstiges
64116,Defence
114288,Handel
1050439,Maschinen- & Anlagenbau
36668,Maschinen- & Anlagenbau
1051381,Kunststoff/Metall/Holz/Glas/Keramik-Verarbeitung
94895,Sonstiges
70217,Automotive & Zulieferer
125357,Kunststoff/Metall/Holz/Glas/Keramik-Verarbeitung
23200,Sonstiges
122436,Sonstiges
122442,Sonstiges
49742,Sonstiges
105099,Sonstiges
54099,Chemie & Raffinerie
87621,Handel
24365,Kunststoff/Metall/Holz/Glas/Keramik-Verarbeitung
10222,Kunststoff/Metall/Holz/Glas/Keramik-Verarbeitung
49268,Sonstiges
30799,Kunststoff/Metall/Holz/Glas/Keramik-Verarbeitung
50047,Kunststoff/Metall/Holz/Glas/Keramik-Verarbeitung
50102,Sonstiges
16621,Kunststoff/Metall/Holz/Glas/Keramik-Verarbeitung
78310,Sonstiges
56473,Sonstiges
24611,Sonstiges
90328,Maschinen- & Anlagenbau
5292,Maschinen- & Anlagenbau
116502,Sonstiges
80805,Kunststoff/Metall/Holz/Glas/Keramik-Verarbeitung
114942,Kunststoff/Metall/Holz/Glas/Keramik-Verarbeitung
17230,Sonstiges
111683,Kunststoff/Metall/Holz/Glas/Keramik-Verarbeitung
98182,Handel
24178,Automotive & Zulieferer
101176,Maschinen- & Anlagenbau
53297,Elektro & Mess-Regeltechnik
17753,Sonstiges
47978,Maschinen- & Anlagenbau
120576,Maschinen- & Anlagenbau
112487,Sonstiges
98306,Sonstiges
66595,Sonstiges
68424,Kunststoff/Metall/Holz/Glas/Keramik-Verarbeitung
70197,Sonstiges
77478,Sonstiges
105277,Sonstiges
111193,Sonstiges
114437,Sonstiges
120681,Kunststoff/Metall/Holz/Glas/Keramik-Verarbeitung
89316,Sonstiges
81184,Maschinen- & Anlagenbau
101646,Sonstiges
1005532,Klima & Heizung (Facility)
76364,Sonstiges
83537,Sonstiges
92337,Sonstiges
89606,Pharma
80385,Elektro & Mess-Regeltechnik
92340,Sonstiges
90900,Maschinen- & Anlagenbau
116948,Sonstiges
121688,Elektro & Mess-Regeltechnik
126203,Kunststoff/Metall/Holz/Glas/Keramik-Verarbeitung
112965,Automotive & Zulieferer
4320,Kunststoff/Metall/Holz/Glas/Keramik-Verarbeitung
86380,Kunststoff/Metall/Holz/Glas/Keramik-Verarbeitung
39752,Elektro & Mess-Regeltechnik
80864,Sonstiges
86697,Sonstiges
118249,Sonstiges
109393,Sonstiges
119212,Chemie & Raffinerie
26586,Handel
77534,Sonstiges
115705,Kunststoff/Metall/Holz/Glas/Keramik-Verarbeitung
96676,Sonstiges
86770,Kunststoff/Metall/Holz/Glas/Keramik-Verarbeitung
22024,Kunststoff/Metall/Holz/Glas/Keramik-Verarbeitung
68202,Medical
62180,Handel
105990,Sonstiges
55429,Sonstiges
76877,Sonstiges
50661,Sonstiges
54904,Maschinen- & Anlagenbau
79633,Automotive & Zulieferer
105713,Maschinen- & Anlagenbau
1013805,Maschinen- & Anlagenbau
87408,Sonstiges
110657,Maschinen- & Anlagenbau
114132,Automotive & Zulieferer
55993,Medical
47969,Maschinen- & Anlagenbau
19665,Maschinen- & Anlagenbau
25097,Kunststoff/Metall/Holz/Glas/Keramik-Verarbeitung
69776,Kunststoff/Metall/Holz/Glas/Keramik-Verarbeitung
106088,Sonstiges
106683,Elektro & Mess-Regeltechnik
113012,Sonstiges
35567,Sonstiges
101244,Sonstiges
21802,Sonstiges
123884,Sonstiges
104940,Sonstiges
113774,Sonstiges
100768,Sonstiges
66442,Sonstiges
30713,Sonstiges
46284,Maschinen- & Anlagenbau
110356,Handel
114040,Sonstiges
104099,Maschinen- & Anlagenbau
1495,Kunststoff/Metall/Holz/Glas/Keramik-Verarbeitung
71237,Sonstiges
118385,Sonstiges
87305,Sonstiges
110087,Sonstiges
93507,Sonstiges
19315,Elektro & Mess-Regeltechnik
106548,Sonstiges
114213,Sonstiges
124148,Medical
50415,Sonstiges
114142,Sonstiges
124944,Handel
30167,Sonstiges
90168,Sonstiges
68777,Maschinen- & Anlagenbau
110417,Luft- & Raumfahrt & Zulieferer
84973,Sonstiges
21555,Kunststoff/Metall/Holz/Glas/Keramik-Verarbeitung
19434,Chemie & Raffinerie
19879,Maschinen- & Anlagenbau
69312,Sonstiges
35703,Kunststoff/Metall/Holz/Glas/Keramik-Verarbeitung
118601,Handel
54582,Sonstiges
99752,Sonstiges
66292,Automotive & Zulieferer
113118,Sonstiges
55665,Luft- & Raumfahrt & Zulieferer
1149,Maschinen- & Anlagenbau
93613,Handel
100209,Sonstiges
118246,Sonstiges
1045201,Sonstiges
108918,Sonstiges
2809,Sonstiges
18303,Maschinen- & Anlagenbau
111256,Sonstiges
58123,Sonstiges
19286,Sonstiges
89713,Kunststoff/Metall/Holz/Glas/Keramik-Verarbeitung
105526,Sonstiges
1019504,Sonstiges
31420,Sonstiges
103772,Sonstiges
23470,Kunststoff/Metall/Holz/Glas/Keramik-Verarbeitung
3499,Sonstiges
88869,Handel
78063,Sonstiges
114674,Sonstiges
10659,Handel
123890,Handel
41375,Sonstiges
92265,Sonstiges
2133,Kunststoff/Metall/Holz/Glas/Keramik-Verarbeitung
110866,Sonstiges
51043,Sonstiges
12204,Maschinen- & Anlagenbau
1005098,Kunststoff/Metall/Holz/Glas/Keramik-Verarbeitung
92153,Sonstiges
96208,Automotive & Zulieferer
94828,Handel
45073,Handel
113290,Sonstiges
20101,Sonstiges
25583,Handel
77442,Sonstiges
109538,Medical
42519,Sonstiges
76967,Sonstiges
84555,Handel
95841,Kunststoff/Metall/Holz/Glas/Keramik-Verarbeitung
96873,Sonstiges
113103,Sonstiges
114837,Kunststoff/Metall/Holz/Glas/Keramik-Verarbeitung
106460,Automotive & Zulieferer
116542,Kunststoff/Metall/Holz/Glas/Keramik-Verarbeitung
63238,Sonstiges
1005212,Kunststoff/Metall/Holz/Glas/Keramik-Verarbeitung
53264,Sonstiges
87882,Sonstiges
95015,Luft- & Raumfahrt & Zulieferer
80887,Sonstiges
91625,Maschinen- & Anlagenbau
50308,Maschinen- & Anlagenbau
1564283,Handel
105503,Elektro & Mess-Regeltechnik
51085,Sonstiges
66410,Sonstiges
51979,Handel
42912,Kunststoff/Metall/Holz/Glas/Keramik-Verarbeitung
90673,Energie
110011,Sonstiges
71993,Kunststoff/Metall/Holz/Glas/Keramik-Verarbeitung
115217,Automotive & Zulieferer
5980,Elektro & Mess-Regeltechnik
93657,Sonstiges
104873,Sonstiges
96824,Maschinen- & Anlagenbau
123431,Automotive & Zulieferer
113060,Maschinen- & Anlagenbau
15701,Chemie & Raffinerie
78014,Energie
1051963,Maschinen- & Anlagenbau
87475,Sonstiges
95176,Handel
114473,Sonstiges
24764,Luft- & Raumfahrt & Zulieferer
124190,Handel
2117,Sonstiges
128431,Kunststoff/Metall/Holz/Glas/Keramik-Verarbeitung
57754,Luft- & Raumfahrt & Zulieferer
37945,Sonstiges
93644,Sonstiges
110862,Sonstiges
35252,Elektro & Mess-Regeltechnik
88438,Sonstiges
87857,Sonstiges
102540,Sonstiges
56771,Handel
113807,Sonstiges
89081,Sonstiges
94275,Sonstiges
54280,Sonstiges
15856,Automotive & Zulieferer
92452,Sonstiges
107154,Sonstiges
65420,Sonstiges
12801,Elektro & Mess-Regeltechnik
114986,Maschinen- & Anlagenbau
124723,Elektro & Mess-Regeltechnik
90363,Sonstiges
105304,Sonstiges
119941,Maschinen- & Anlagenbau
18256,Sonstiges
125928,Handel
82071,Sonstiges
93080,Sonstiges
102483,Sonstiges
114888,Handel
116260,Sonstiges
116810,Sonstiges
117447,Handel
123988,Handel
90063,Automotive & Zulieferer
82709,Sonstiges
104041,Sonstiges
107958,Maschinen- & Anlagenbau
114455,Sonstiges
83218,Sonstiges
52592,Sonstiges
79090,Sonstiges
47458,Sonstiges
57834,Sonstiges
114316,Sonstiges
122029,Kunststoff/Metall/Holz/Glas/Keramik-Verarbeitung
36609,Sonstiges
97750,Kalibrierlabore & Zertifizierungsstellen
103869,Maschinen- & Anlagenbau
104819,Sonstiges
113213,Kunststoff/Metall/Holz/Glas/Keramik-Verarbeitung
114632,Sonstiges
115411,Handel
119038,Sonstiges
1005919,Sonstiges
105614,Handel
4958,Elektro & Mess-Regeltechnik
13033,Handel
16088,Kunststoff/Metall/Holz/Glas/Keramik-Verarbeitung
33884,Medical
53177,Elektro & Mess-Regeltechnik
29870,Sonstiges
127301,Kunststoff/Metall/Holz/Glas/Keramik-Verarbeitung
119466,Sonstiges
77029,Maschinen- & Anlagenbau
92237,Handel
125801,Kunststoff/Metall/Holz/Glas/Keramik-Verarbeitung
13416,Kunststoff/Metall/Holz/Glas/Keramik-Verarbeitung
54987,Elektro & Mess-Regeltechnik
81534,Sonstiges
106681,Handel
3483,Sonstiges
54901,Sonstiges
21231,Sonstiges
99885,Luft- & Raumfahrt & Zulieferer
51613,Kunststoff/Metall/Holz/Glas/Keramik-Verarbeitung
15757,Maschinen- & Anlagenbau
20677,Maschinen- & Anlagenbau
39277,Maschinen- & Anlagenbau
15783,Handel
107107,Sonstiges
91687,Maschinen- & Anlagenbau
50402,Sonstiges
66683,Sonstiges
120911,Sonstiges
68291,Kunststoff/Metall/Holz/Glas/Keramik-Verarbeitung
16319,Maschinen- & Anlagenbau
98711,Sonstiges
14283,Automotive & Zulieferer
117137,Sonstiges
60788,Energie
16903,Maschinen- & Anlagenbau
80493,Kunststoff/Metall/Holz/Glas/Keramik-Verarbeitung
99374,Sonstiges
101188,Kunststoff/Metall/Holz/Glas/Keramik-Verarbeitung
77434,Sonstiges
11927,Sonstiges
29241,Sonstiges
25777,Kunststoff/Metall/Holz/Glas/Keramik-Verarbeitung
111822,Sonstiges
114812,Handel
57217,Sonstiges
38140,Kunststoff/Metall/Holz/Glas/Keramik-Verarbeitung
54259,Sonstiges
69218,Sonstiges
35502,Handel
117963,Maschinen- & Anlagenbau
112128,Kalibrierlabore & Zertifizierungsstellen
5629,Maschinen- & Anlagenbau
64529,Sonstiges
15473,Sonstiges
30843,Automotive & Zulieferer
32587,Kunststoff/Metall/Holz/Glas/Keramik-Verarbeitung
36889,Maschinen- & Anlagenbau
59080,Sonstiges
99370,Maschinen- & Anlagenbau
99717,Sonstiges
113808,Sonstiges
64459,Sonstiges
79654,Sonstiges
20022,Luft- & Raumfahrt & Zulieferer
24581,Kunststoff/Metall/Holz/Glas/Keramik-Verarbeitung
3205,Sonstiges
55336,Kunststoff/Metall/Holz/Glas/Keramik-Verarbeitung
56309,Sonstiges
101083,Kunststoff/Metall/Holz/Glas/Keramik-Verarbeitung
105401,Sonstiges
113796,Sonstiges
116035,Sonstiges
101648,Automotive & Zulieferer
110435,Automotive & Zulieferer
1012547,Chemie & Raffinerie
46395,Sonstiges
108847,Sonstiges
86663,Sonstiges
70850,Sonstiges
26822,Sonstiges
39322,Sonstiges
104162,Sonstiges
125355,Sonstiges
85273,Sonstiges
49651,Sonstiges
5130,Kunststoff/Metall/Holz/Glas/Keramik-Verarbeitung
92065,Maschinen- & Anlagenbau
103216,Sonstiges
104312,Sonstiges
22726,Sonstiges
114369,Maschinen- & Anlagenbau
55854,Sonstiges
105675,Defence
126280,Maschinen- & Anlagenbau
32981,Sonstiges
124219,Handel
125927,Sonstiges
18013,Kunststoff/Metall/Holz/Glas/Keramik-Verarbeitung
101810,Kunststoff/Metall/Holz/Glas/Keramik-Verarbeitung
52700,Sonstiges
86217,Maschinen- & Anlagenbau
48666,Sonstiges
21852,Kunststoff/Metall/Holz/Glas/Keramik-Verarbeitung
109396,Sonstiges
117489,Defence
55932,Sonstiges
13439,Elektro & Mess-Regeltechnik
104423,Elektro & Mess-Regeltechnik
68401,Sonstiges
86632,Maschinen- & Anlagenbau
120313,Maschinen- & Anlagenbau
124687,Kunststoff/Metall/Holz/Glas/Keramik-Verarbeitung
91971,Maschinen- & Anlagenbau
60687,Elektro & Mess-Regeltechnik
71965,Kunststoff/Metall/Holz/Glas/Keramik-Verarbeitung
55123,Maschinen- & Anlagenbau
113250,Kunststoff/Metall/Holz/Glas/Keramik-Verarbeitung
39654,Sonstiges
118851,Handel
116708,Sonstiges
17373,Kunststoff/Metall/Holz/Glas/Keramik-Verarbeitung
51891,Sonstiges
120227,Handel
94317,Sonstiges
29419,Maschinen- & Anlagenbau
36991,Sonstiges
13328,Handel
93886,Automotive & Zulieferer
41386,Sonstiges
66396,Sonstiges
114228,Sonstiges
118050,Sonstiges
97433,Sonstiges
1051348,Elektro & Mess-Regeltechnik
122661,Sonstiges
113225,Sonstiges
41257,Kunststoff/Metall/Holz/Glas/Keramik-Verarbeitung
57889,Automotive & Zulieferer
56665,Maschinen- & Anlagenbau
28377,Sonstiges
112500,Maschinen- & Anlagenbau
122516,Sonstiges
114151,Kunststoff/Metall/Holz/Glas/Keramik-Verarbeitung
23716,Sonstiges
112895,Defence
17070,Sonstiges
98068,Sonstiges
1018371,Maschinen- & Anlagenbau
102906,Sonstiges
37980,Maschinen- & Anlagenbau
111490,Sonstiges
115193,Handel
58965,Elektro & Mess-Regeltechnik
91088,Luft- & Raumfahrt & Zulieferer
94502,Sonstiges
70158,Sonstiges
119885,Chemie & Raffinerie
1001114,Kunststoff/Metall/Holz/Glas/Keramik-Verarbeitung
3620,Sonstiges
117374,Handel
30197,Kunststoff/Metall/Holz/Glas/Keramik-Verarbeitung
1001669,Kunststoff/Metall/Holz/Glas/Keramik-Verarbeitung
1053502,Kalibrierlabore & Zertifizierungsstellen
78615,Sonstiges
119725,Kunststoff/Metall/Holz/Glas/Keramik-Verarbeitung
51520,Medical
88303,Maschinen- & Anlagenbau
69439,Elektro & Mess-Regeltechnik
13597,Sonstiges
79019,Sonstiges
21937,Maschinen- & Anlagenbau
111931,Automotive & Zulieferer
13125,Chemie & Raffinerie
113048,Sonstiges
38696,Sonstiges
103954,Sonstiges
114429,Handel
112299,Sonstiges
89547,Sonstiges
40071,Automotive & Zulieferer
1003393,Halbleiter & Mikroelektronik
96005,Sonstiges
12385,Chemie & Raffinerie
53076,Sonstiges
1043014,Maschinen- & Anlagenbau
27812,Maschinen- & Anlagenbau
53945,Sonstiges
54313,Sonstiges
82933,Sonstiges
58540,Sonstiges
114372,Handel
1008513,Maschinen- & Anlagenbau
33303,Sonstiges
117470,Sonstiges
112138,Maschinen- & Anlagenbau
113171,Medical
93556,Kunststoff/Metall/Holz/Glas/Keramik-Verarbeitung
112613,Sonstiges
14625,Sonstiges
98186,Maschinen- & Anlagenbau
1043863,Sonstiges
17740,Handel
1011578,Kunststoff/Metall/Holz/Glas/Keramik-Verarbeitung
46837,Sonstiges
114630,Sonstiges
1021778,Kunststoff/Metall/Holz/Glas/Keramik-Verarbeitung
20232,Sonstiges
71795,Sonstiges
102502,Sonstiges
116313,Sonstiges
116922,Sonstiges
113075,Luft- & Raumfahrt & Zulieferer
1000626,Kunststoff/Metall/Holz/Glas/Keramik-Verarbeitung
67298,Luft- & Raumfahrt & Zulieferer
113427,Sonstiges
1101536,Kunststoff/Metall/Holz/Glas/Keramik-Verarbeitung
14791,Pharma
62298,Elektro & Mess-Regeltechnik
58536,Kunststoff/Metall/Holz/Glas/Keramik-Verarbeitung
77395,Sonstiges
86563,Handel
1045834,Sonstiges
111385,Sonstiges
66705,Sonstiges
87560,Sonstiges
116230,Handel
34087,Kunststoff/Metall/Holz/Glas/Keramik-Verarbeitung
85234,Sonstiges
68978,Sonstiges
109553,Sonstiges
50932,Maschinen- & Anlagenbau
55979,Sonstiges
90563,Sonstiges
45113,Elektro & Mess-Regeltechnik
24800,Kunststoff/Metall/Holz/Glas/Keramik-Verarbeitung
50300,Kunststoff/Metall/Holz/Glas/Keramik-Verarbeitung
111220,Sonstiges
17150,Sonstiges
121508,Sonstiges
32986,Sonstiges
113461,Sonstiges
116547,Kunststoff/Metall/Holz/Glas/Keramik-Verarbeitung
107089,Sonstiges
16311,Maschinen- & Anlagenbau
122949,Sonstiges
47831,Sonstiges
14215,Sonstiges
46591,Sonstiges
111030,Handel
113559,Luft- & Raumfahrt & Zulieferer
123255,Handel
1011030,Sonstiges
68934,Sonstiges
102724,Sonstiges
112636,Sonstiges
11734,Sonstiges
47234,Defence
110460,Sonstiges
117233,Kunststoff/Metall/Holz/Glas/Keramik-Verarbeitung
81898,Kunststoff/Metall/Holz/Glas/Keramik-Verarbeitung
67169,Sonstiges
120724,Maschinen- & Anlagenbau
77420,Kunststoff/Metall/Holz/Glas/Keramik-Verarbeitung
66995,Maschinen- & Anlagenbau
1050,Maschinen- & Anlagenbau
117903,Handel
67836,Kunststoff/Metall/Holz/Glas/Keramik-Verarbeitung
70780,Sonstiges
77796,Sonstiges
1016617,Kunststoff/Metall/Holz/Glas/Keramik-Verarbeitung
21123,Kunststoff/Metall/Holz/Glas/Keramik-Verarbeitung
57402,Kunststoff/Metall/Holz/Glas/Keramik-Verarbeitung
1042283,Kunststoff/Metall/Holz/Glas/Keramik-Verarbeitung
51887,Automotive & Zulieferer
66580,Maschinen- & Anlagenbau
21120,Elektro & Mess-Regeltechnik
56421,Sonstiges
121279,Handel
62910,Sonstiges
114665,Sonstiges
86366,Sonstiges
54664,Sonstiges
107138,Handel
54802,Sonstiges
96568,Sonstiges
71429,Sonstiges
55544,Sonstiges
114713,Kunststoff/Metall/Holz/Glas/Keramik-Verarbeitung
12626,Sonstiges
58352,Sonstiges
86842,Maschinen- & Anlagenbau
110047,Sonstiges
12880,Maschinen- & Anlagenbau
62884,Automotive & Zulieferer
24423,Sonstiges
49467,Sonstiges
38657,Sonstiges
108062,Sonstiges
102217,Sonstiges
89339,Sonstiges
102315,Sonstiges
99141,Sonstiges
121097,Sonstiges
114371,Handel
79715,Sonstiges
95033,Sonstiges
114511,Sonstiges
70018,Sonstiges
36359,Sonstiges
50814,Sonstiges
67718,Sonstiges
68594,Sonstiges
86291,Medical
95786,Automotive & Zulieferer
76049,Sonstiges
128005,Elektro & Mess-Regeltechnik
95592,Automotive & Zulieferer
50077,Sonstiges
109311,Sonstiges
106588,Maschinen- & Anlagenbau
68196,Kunststoff/Metall/Holz/Glas/Keramik-Verarbeitung
78610,Sonstiges
113673,Kunststoff/Metall/Holz/Glas/Keramik-Verarbeitung
98796,Sonstiges
2620,Kunststoff/Metall/Holz/Glas/Keramik-Verarbeitung
109943,Sonstiges
128028,Automotive & Zulieferer
100247,Sonstiges
60721,Automotive & Zulieferer
114778,Sonstiges
82314,Sonstiges
53526,Sonstiges
88517,Maschinen- & Anlagenbau
112934,Sonstiges
1101441,Sonstiges
111987,Sonstiges
58284,Maschinen- & Anlagenbau
116178,Sonstiges
3175,Sonstiges
98225,Automotive & Zulieferer
123272,Kunststoff/Metall/Holz/Glas/Keramik-Verarbeitung
25814,Sonstiges
93230,Sonstiges
125208,Elektro & Mess-Regeltechnik
79021,Sonstiges
55173,Sonstiges
114139,Sonstiges
122240,Sonstiges
15363,Maschinen- & Anlagenbau
61958,Elektro & Mess-Regeltechnik
121095,Sonstiges
59859,Sonstiges
60479,Kunststoff/Metall/Holz/Glas/Keramik-Verarbeitung
62851,Kunststoff/Metall/Holz/Glas/Keramik-Verarbeitung
114387,Sonstiges
126411,Klima & Heizung (Facility)
5397,Sonstiges
15293,Elektro & Mess-Regeltechnik
16992,Sonstiges
35742,Sonstiges
71499,Maschinen- & Anlagenbau
100675,Sonstiges
105557,Medical
55904,Sonstiges
124410,Maschinen- & Anlagenbau
82596,Sonstiges
91163,Sonstiges
1655,Maschinen- & Anlagenbau
128350,Sonstiges
97900,Elektro & Mess-Regeltechnik
43681,Sonstiges
108427,Sonstiges
37665,Kunststoff/Metall/Holz/Glas/Keramik-Verarbeitung
78521,Maschinen- & Anlagenbau
52141,Kunststoff/Metall/Holz/Glas/Keramik-Verarbeitung
1017534,Maschinen- & Anlagenbau
115422,Sonstiges
29750,Maschinen- & Anlagenbau
127943,Sonstiges
64877,Sonstiges
1008574,Kunststoff/Metall/Holz/Glas/Keramik-Verarbeitung
33019,Sonstiges
120368,Maschinen- & Anlagenbau
65359,Defence
2200,Kunststoff/Metall/Holz/Glas/Keramik-Verarbeitung
104546,Kunststoff/Metall/Holz/Glas/Keramik-Verarbeitung
51621,Sonstiges
3686,Kunststoff/Metall/Holz/Glas/Keramik-Verarbeitung
16463,Kalibrierlabore & Zertifizierungsstellen
50189,Sonstiges
50279,Sonstiges
1041459,Kunststoff/Metall/Holz/Glas/Keramik-Verarbeitung
29443,Sonstiges
108784,Sonstiges
1005546,Maschinen- & Anlagenbau
50494,Sonstiges
113006,Sonstiges
4960,Kunststoff/Metall/Holz/Glas/Keramik-Verarbeitung
13838,Sonstiges
66893,Maschinen- & Anlagenbau
89966,Sonstiges
104311,Sonstiges
67464,Automotive & Zulieferer
113760,Handel
78275,Sonstiges
127660,Handel
128015,Handel
128958,Handel
79933,Handel
112388,Maschinen- & Anlagenbau
111071,Sonstiges
120490,Sonstiges
119655,Maschinen- & Anlagenbau
114314,Maschinen- & Anlagenbau
90361,Halbleiter & Mikroelektronik
105457,Sonstiges
103285,Sonstiges
113518,Kunststoff/Metall/Holz/Glas/Keramik-Verarbeitung
101193,Sonstiges
115066,Automotive & Zulieferer
86886,Maschinen- & Anlagenbau
1900,Kunststoff/Metall/Holz/Glas/Keramik-Verarbeitung
10624,Elektro & Mess-Regeltechnik
41880,Sonstiges
51898,Elektro & Mess-Regeltechnik
70140,Sonstiges
82988,Sonstiges
104633,Sonstiges
106103,Sonstiges
106455,Sonstiges
109897,Maschinen- & Anlagenbau
115226,Sonstiges
88039,Sonstiges
122250,Kunststoff/Metall/Holz/Glas/Keramik-Verarbeitung
99337,Maschinen- & Anlagenbau
70770,Maschinen- & Anlagenbau
5543,Kunststoff/Metall/Holz/Glas/Keramik-Verarbeitung
30187,Sonstiges
52906,Sonstiges
93824,Sonstiges
101613,Sonstiges
69127,Sonstiges
59453,Sonstiges
78308,Sonstiges
84043,Sonstiges
90703,Sonstiges
102567,Sonstiges
113026,Kalibrierlabore & Zertifizierungsstellen
113039,Handel
120267,Sonstiges
43475,Maschinen- & Anlagenbau
77756,Kunststoff/Metall/Holz/Glas/Keramik-Verarbeitung
51443,Kunststoff/Metall/Holz/Glas/Keramik-Verarbeitung
96027,Kalibrierlabore & Zertifizierungsstellen
53061,Kunststoff/Metall/Holz/Glas/Keramik-Verarbeitung
57495,Maschinen- & Anlagenbau
78840,Maschinen- & Anlagenbau
76415,Sonstiges
64288,Sonstiges
85528,Sonstiges
109099,Sonstiges
51865,Sonstiges
98066,Automotive & Zulieferer
71784,Sonstiges
79916,Sonstiges
87690,Sonstiges
50634,Maschinen- & Anlagenbau
50906,Maschinen- & Anlagenbau
5414,Handel
96897,Kunststoff/Metall/Holz/Glas/Keramik-Verarbeitung
107776,Sonstiges
66509,Handel
13507,Kunststoff/Metall/Holz/Glas/Keramik-Verarbeitung
52750,Kunststoff/Metall/Holz/Glas/Keramik-Verarbeitung
95902,Medical
1051686,Kunststoff/Metall/Holz/Glas/Keramik-Verarbeitung
46076,Sonstiges
78084,Sonstiges
97284,Sonstiges
97003,Sonstiges
109137,Sonstiges
51217,Automotive & Zulieferer
115047,Kunststoff/Metall/Holz/Glas/Keramik-Verarbeitung
115880,Sonstiges
91494,Defence
50523,Medical
107173,Maschinen- & Anlagenbau
32395,Sonstiges
70128,Elektro & Mess-Regeltechnik
113028,Sonstiges
1016257,Maschinen- & Anlagenbau
121083,Sonstiges
114743,Elektro & Mess-Regeltechnik
110960,Sonstiges
32937,Maschinen- & Anlagenbau
85369,Sonstiges
112903,Sonstiges
109236,Sonstiges
99422,Sonstiges
56298,Kunststoff/Metall/Holz/Glas/Keramik-Verarbeitung
99554,Kunststoff/Metall/Holz/Glas/Keramik-Verarbeitung
49808,Sonstiges
4685,Automotive & Zulieferer
12185,Elektro & Mess-Regeltechnik
96083,Sonstiges
114427,Sonstiges
36125,Sonstiges
96486,Sonstiges
69272,Kunststoff/Metall/Holz/Glas/Keramik-Verarbeitung
70090,Sonstiges
107501,Sonstiges
55266,Sonstiges
113657,Sonstiges
114494,Sonstiges
66080,Maschinen- & Anlagenbau
1113984,Maschinen- & Anlagenbau
45084,Kunststoff/Metall/Holz/Glas/Keramik-Verarbeitung
81369,Kunststoff/Metall/Holz/Glas/Keramik-Verarbeitung
115766,Handel
67011,Handel
40582,Automotive & Zulieferer
85013,Sonstiges
85441,Maschinen- & Anlagenbau
124568,Sonstiges
107950,Sonstiges
117964,Kunststoff/Metall/Holz/Glas/Keramik-Verarbeitung
3304,Sonstiges
105308,Sonstiges
96697,Sonstiges
28858,Kunststoff/Metall/Holz/Glas/Keramik-Verarbeitung
113543,Sonstiges
57675,Sonstiges
106999,Sonstiges
98160,Sonstiges
62355,Maschinen- & Anlagenbau
38672,Maschinen- & Anlagenbau
87817,Chemie & Raffinerie
124824,Handel
83879,Kunststoff/Metall/Holz/Glas/Keramik-Verarbeitung
1049855,Kunststoff/Metall/Holz/Glas/Keramik-Verarbeitung
1043950,Elektro & Mess-Regeltechnik
54919,Sonstiges
99384,Kunststoff/Metall/Holz/Glas/Keramik-Verarbeitung
16263,Elektro & Mess-Regeltechnik
48812,Sonstiges
97947,Sonstiges
53321,Maschinen- & Anlagenbau
86008,Sonstiges
66356,Energie
119378,Kalibrierlabore & Zertifizierungsstellen
114779,Kunststoff/Metall/Holz/Glas/Keramik-Verarbeitung
11859,Luft- & Raumfahrt & Zulieferer
113100,Handel
116657,Automotive & Zulieferer
1000846,Automotive & Zulieferer
122827,Handel
79400,Sonstiges
59307,Sonstiges
25376,Kunststoff/Metall/Holz/Glas/Keramik-Verarbeitung
106215,Maschinen- & Anlagenbau
108211,Maschinen- & Anlagenbau
13635,Kunststoff/Metall/Holz/Glas/Keramik-Verarbeitung
25136,Elektro & Mess-Regeltechnik
86637,Kunststoff/Metall/Holz/Glas/Keramik-Verarbeitung
98939,Sonstiges
110966,Kunststoff/Metall/Holz/Glas/Keramik-Verarbeitung
53016,Maschinen- & Anlagenbau
111655,Energie
107540,Maschinen- & Anlagenbau
66445,Handel
109101,Sonstiges
123616,Sonstiges
3311,Maschinen- & Anlagenbau
59383,Sonstiges
112301,Sonstiges
109715,Sonstiges
1008099,Sonstiges
1564300,Chemie & Raffinerie
22320,Elektro & Mess-Regeltechnik
104305,Kunststoff/Metall/Holz/Glas/Keramik-Verarbeitung
112679,Sonstiges
1004746,Elektro & Mess-Regeltechnik
80951,Sonstiges
92879,Sonstiges
17623,Maschinen- & Anlagenbau
99494,Kunststoff/Metall/Holz/Glas/Keramik-Verarbeitung
109284,Sonstiges
87282,Maschinen- & Anlagenbau
109654,Maschinen- & Anlagenbau
11277,Handel
15830,Elektro & Mess-Regeltechnik
22043,Sonstiges
96105,Sonstiges
78268,Kunststoff/Metall/Holz/Glas/Keramik-Verarbeitung
113978,Sonstiges
5545,Kunststoff/Metall/Holz/Glas/Keramik-Verarbeitung
1347,Sonstiges
29042,Automotive & Zulieferer
35469,Sonstiges
36871,Sonstiges
37547,Kunststoff/Metall/Holz/Glas/Keramik-Verarbeitung
45294,Kunststoff/Metall/Holz/Glas/Keramik-Verarbeitung
45618,Automotive & Zulieferer
47783,Sonstiges
52794,Sonstiges
54005,Automotive & Zulieferer
64628,Sonstiges
69872,Maschinen- & Anlagenbau
70195,Sonstiges
70545,Sonstiges
71037,Sonstiges
71951,Sonstiges
76506,Maschinen- & Anlagenbau
82123,Automotive & Zulieferer
89187,Automotive & Zulieferer
90878,Sonstiges
91265,Handel
91869,Sonstiges
92393,Sonstiges
102979,Energie
103338,Sonstiges
105627,Sonstiges
106141,Sonstiges
106677,Sonstiges
107799,Defence
110175,Sonstiges
112609,Handel
112917,Sonstiges
113063,Sonstiges
113191,Sonstiges
113752,Sonstiges
113764,Sonstiges
113951,Sonstiges
114668,Elektro & Mess-Regeltechnik
1563714,Sonstiges
105098,Sonstiges
40957,Sonstiges
102211,Kunststoff/Metall/Holz/Glas/Keramik-Verarbeitung
6915,Automotive & Zulieferer
15169,Kunststoff/Metall/Holz/Glas/Keramik-Verarbeitung
41933,Kunststoff/Metall/Holz/Glas/Keramik-Verarbeitung
1504,Kunststoff/Metall/Holz/Glas/Keramik-Verarbeitung
38833,Kunststoff/Metall/Holz/Glas/Keramik-Verarbeitung
3771,Automotive & Zulieferer
21101,Energie
118680,Sonstiges
91203,Sonstiges
113236,Sonstiges
114080,Kalibrierlabore & Zertifizierungsstellen
120760,Sonstiges
1049329,Maschinen- & Anlagenbau
120019,Medical
124817,Kunststoff/Metall/Holz/Glas/Keramik-Verarbeitung
37479,Sonstiges
100735,Sonstiges
78942,Sonstiges
112897,Sonstiges
21260,Maschinen- & Anlagenbau
59432,Kunststoff/Metall/Holz/Glas/Keramik-Verarbeitung
69285,Sonstiges
106900,Maschinen- & Anlagenbau
22923,Handel
68398,Elektro & Mess-Regeltechnik
71994,Sonstiges
103107,Kunststoff/Metall/Holz/Glas/Keramik-Verarbeitung
114606,Sonstiges
1002134,Maschinen- & Anlagenbau
101061,Sonstiges
121442,Sonstiges
94221,Sonstiges
77042,Sonstiges
77050,Sonstiges
1001982,Maschinen- & Anlagenbau
128457,Sonstiges
18741,Elektro & Mess-Regeltechnik
60653,Chemie & Raffinerie
87291,Sonstiges
87989,Chemie & Raffinerie
119942,Sonstiges
20723,Energie
83622,Sonstiges
71631,Sonstiges
82730,Sonstiges
21755,Kunststoff/Metall/Holz/Glas/Keramik-Verarbeitung
2573,Maschinen- & Anlagenbau
113595,Maschinen- & Anlagenbau
1020110,Kalibrierlabore & Zertifizierungsstellen
52024,Sonstiges
109993,Maschinen- & Anlagenbau
96356,Sonstiges
66015,Sonstiges
75622,Sonstiges
18631,Kunststoff/Metall/Holz/Glas/Keramik-Verarbeitung
20871,Chemie & Raffinerie
1009983,Elektro & Mess-Regeltechnik
1052903,Kunststoff/Metall/Holz/Glas/Keramik-Verarbeitung
79488,Sonstiges
117061,Handel
95228,Medical
42121,Sonstiges
51661,Sonstiges
96454,Sonstiges
105621,Medical
116329,Automotive & Zulieferer
113937,Sonstiges
32136,Sonstiges
110465,Sonstiges
64597,Handel
1050103,Kunststoff/Metall/Holz/Glas/Keramik-Verarbeitung
102630,Kunststoff/Metall/Holz/Glas/Keramik-Verarbeitung
102957,Sonstiges
55896,Maschinen- & Anlagenbau
32719,Maschinen- & Anlagenbau
94832,Sonstiges
122288,Sonstiges
104954,Maschinen- & Anlagenbau
1045841,Sonstiges
44708,Sonstiges
51902,Maschinen- & Anlagenbau
123696,Handel
56459,Sonstiges
89739,Kunststoff/Metall/Holz/Glas/Keramik-Verarbeitung
71855,Luft- & Raumfahrt & Zulieferer
49891,Sonstiges
60633,Maschinen- & Anlagenbau
91207,Sonstiges
117211,Kunststoff/Metall/Holz/Glas/Keramik-Verarbeitung
122471,Medical
1009906,Maschinen- & Anlagenbau
84134,Sonstiges
110022,Sonstiges
35543,Maschinen- & Anlagenbau
76368,Sonstiges
83238,Sonstiges
98184,Sonstiges
106868,Sonstiges
1500197,Automotive & Zulieferer
109366,Maschinen- & Anlagenbau
42122,Automotive & Zulieferer
19135,Kunststoff/Metall/Holz/Glas/Keramik-Verarbeitung
42748,Kunststoff/Metall/Holz/Glas/Keramik-Verarbeitung
1002396,Maschinen- & Anlagenbau
54273,Sonstiges
12507,Kunststoff/Metall/Holz/Glas/Keramik-Verarbeitung
14650,Handel
106705,Sonstiges
94710,Kunststoff/Metall/Holz/Glas/Keramik-Verarbeitung
97879,Sonstiges
84585,Sonstiges
10620,Chemie & Raffinerie
114476,Sonstiges
122231,Sonstiges
110509,Kunststoff/Metall/Holz/Glas/Keramik-Verarbeitung
93590,Sonstiges
94078,Sonstiges
14251,Kunststoff/Metall/Holz/Glas/Keramik-Verarbeitung
110286,Sonstiges
76242,Sonstiges
24655,Maschinen- & Anlagenbau
47892,Automotive & Zulieferer
91093,Sonstiges
1011141,Handel
19462,Kunststoff/Metall/Holz/Glas/Keramik-Verarbeitung
21078,Maschinen- & Anlagenbau
7037,Sonstiges
113257,Kunststoff/Metall/Holz/Glas/Keramik-Verarbeitung
3421,Automotive & Zulieferer
110450,Sonstiges
120491,Sonstiges
123855,Kunststoff/Metall/Holz/Glas/Keramik-Verarbeitung
86399,Sonstiges
121795,Sonstiges
21676,Elektro & Mess-Regeltechnik
97976,Maschinen- & Anlagenbau
51178,Automotive & Zulieferer
37518,Maschinen- & Anlagenbau
59177,Sonstiges
82297,Automotive & Zulieferer
98971,Sonstiges
19220,Maschinen- & Anlagenbau
93324,Chemie & Raffinerie
1876,Sonstiges
79874,Sonstiges
82018,Sonstiges
42898,Sonstiges
127648,Sonstiges
79300,Sonstiges
44976,Handel
29593,Maschinen- & Anlagenbau
64801,Automotive & Zulieferer
76599,Sonstiges
77879,Sonstiges
90248,Sonstiges
88115,Sonstiges
48104,Sonstiges
81793,Sonstiges
2417,Sonstiges
113426,Luft- & Raumfahrt & Zulieferer
84295,Sonstiges
3536,Sonstiges
25179,Sonstiges
112498,Pharma
51188,Maschinen- & Anlagenbau
66134,Sonstiges
95838,Sonstiges
12120,Kunststoff/Metall/Holz/Glas/Keramik-Verarbeitung
43633,Sonstiges
88428,Sonstiges
25910,Maschinen- & Anlagenbau
36483,Pharma
16582,Handel
1005535,Kunststoff/Metall/Holz/Glas/Keramik-Verarbeitung
121414,Sonstiges
103935,Automotive & Zulieferer
116463,Kunststoff/Metall/Holz/Glas/Keramik-Verarbeitung
93887,Elektro & Mess-Regeltechnik
111981,Sonstiges
39670,Maschinen- & Anlagenbau
38194,Handel
94660,Kunststoff/Metall/Holz/Glas/Keramik-Verarbeitung
123552,Kunststoff/Metall/Holz/Glas/Keramik-Verarbeitung
118177,Sonstiges
32797,Sonstiges
32935,Kunststoff/Metall/Holz/Glas/Keramik-Verarbeitung
43315,Maschinen- & Anlagenbau
66310,Sonstiges
71571,Kunststoff/Metall/Holz/Glas/Keramik-Verarbeitung
87703,Sonstiges
92267,Sonstiges
103133,Sonstiges
106075,Sonstiges
107537,Kunststoff/Metall/Holz/Glas/Keramik-Verarbeitung
113083,Sonstiges
113587,Sonstiges
113840,Sonstiges
113889,Sonstiges
114166,Sonstiges
114540,Sonstiges
114605,Sonstiges
116048,Kunststoff/Metall/Holz/Glas/Keramik-Verarbeitung
48307,Maschinen- & Anlagenbau
85489,Sonstiges
52641,Sonstiges
41816,Sonstiges
56569,Sonstiges
122947,Sonstiges
44379,Kunststoff/Metall/Holz/Glas/Keramik-Verarbeitung
84143,Sonstiges
82671,Sonstiges
120222,Sonstiges
107219,Sonstiges
54592,Kunststoff/Metall/Holz/Glas/Keramik-Verarbeitung
3279,Sonstiges
84007,Chemie & Raffinerie
92658,Sonstiges
95943,Sonstiges
51999,Kunststoff/Metall/Holz/Glas/Keramik-Verarbeitung
76827,Pharma
53048,Elektro & Mess-Regeltechnik
119077,Sonstiges
53344,Elektro & Mess-Regeltechnik
65927,Sonstiges
113017,Automotive & Zulieferer
103861,Sonstiges
51238,Sonstiges
24524,Sonstiges
125761,Automotive & Zulieferer
47640,Sonstiges
50486,Elektro & Mess-Regeltechnik
65972,Sonstiges
59338,Sonstiges
62497,Kunststoff/Metall/Holz/Glas/Keramik-Verarbeitung
39608,Maschinen- & Anlagenbau
93719,Kunststoff/Metall/Holz/Glas/Keramik-Verarbeitung
47792,Sonstiges
84252,Maschinen- & Anlagenbau
104105,Sonstiges
55192,Sonstiges
89245,Handel
104988,Maschinen- & Anlagenbau
106780,Sonstiges
24184,Sonstiges
63102,Kunststoff/Metall/Holz/Glas/Keramik-Verarbeitung
27232,Handel
54834,Sonstiges
40839,Elektro & Mess-Regeltechnik
13648,Maschinen- & Anlagenbau
70712,Sonstiges
86764,Sonstiges
114472,Maschinen- & Anlagenbau
85777,Maschinen- & Anlagenbau
1003851,Kunststoff/Metall/Holz/Glas/Keramik-Verarbeitung
68741,Sonstiges
13619,Kunststoff/Metall/Holz/Glas/Keramik-Verarbeitung
50007,Sonstiges
81522,Kunststoff/Metall/Holz/Glas/Keramik-Verarbeitung
28627,Maschinen- & Anlagenbau
83620,Sonstiges
88333,Sonstiges
100973,Sonstiges
109918,Sonstiges
14016,Sonstiges
117064,Sonstiges
19584,Kunststoff/Metall/Holz/Glas/Keramik-Verarbeitung
44658,Sonstiges
61114,Chemie & Raffinerie
67672,Sonstiges
79552,Sonstiges
56895,Sonstiges
88712,Sonstiges
10115,Kunststoff/Metall/Holz/Glas/Keramik-Verarbeitung
81524,Sonstiges
103901,Medical
115025,Maschinen- & Anlagenbau
60514,Maschinen- & Anlagenbau
68625,Sonstiges
116524,Handel
125379,Sonstiges
1015353,Kunststoff/Metall/Holz/Glas/Keramik-Verarbeitung
31307,Sonstiges
99665,Sonstiges
56868,Sonstiges
81611,Maschinen- & Anlagenbau
112994,Sonstiges
113590,Sonstiges
16927,Elektro & Mess-Regeltechnik
52368,Handel
89785,Handel
18094,Maschinen- & Anlagenbau
39589,Sonstiges
67571,Sonstiges
98847,Sonstiges
34289,Kunststoff/Metall/Holz/Glas/Keramik-Verarbeitung
95573,Sonstiges
43696,Kunststoff/Metall/Holz/Glas/Keramik-Verarbeitung
41690,Sonstiges
14746,Maschinen- & Anlagenbau
115133,Sonstiges
1008931,Maschinen- & Anlagenbau
61249,Sonstiges
101444,Sonstiges
89130,Maschinen- & Anlagenbau
46562,Sonstiges
1010084,Maschinen- & Anlagenbau
57417,Sonstiges
109648,Sonstiges
117003,Sonstiges
85530,Sonstiges
1041997,Kunststoff/Metall/Holz/Glas/Keramik-Verarbeitung
55261,Sonstiges
59592,Sonstiges
10729,Kunststoff/Metall/Holz/Glas/Keramik-Verarbeitung
109782,Sonstiges
68751,Sonstiges
14731,Handel
87596,Sonstiges
92827,Sonstiges
15182,Sonstiges
113092,Handel
1043373,Kunststoff/Metall/Holz/Glas/Keramik-Verarbeitung
75780,Sonstiges
122709,Energie
1563728,Kunststoff/Metall/Holz/Glas/Keramik-Verarbeitung
76192,Sonstiges
16281,Handel
52055,Sonstiges
87652,Maschinen- & Anlagenbau
89537,Maschinen- & Anlagenbau
100717,Sonstiges
103113,Sonstiges
104411,Sonstiges
110031,Sonstiges
113053,Sonstiges
113061,Sonstiges
113310,Sonstiges
114068,Sonstiges
114251,Sonstiges
105589,Sonstiges
67825,Sonstiges
93147,Sonstiges
77860,Maschinen- & Anlagenbau
103147,Sonstiges
108373,Automotive & Zulieferer
63467,Sonstiges
118884,Kunststoff/Metall/Holz/Glas/Keramik-Verarbeitung
58854,Sonstiges
79991,Luft- & Raumfahrt & Zulieferer
60355,Chemie & Raffinerie
79075,Sonstiges
98471,Handel
106982,Sonstiges
92106,Chemie & Raffinerie
59786,Kunststoff/Metall/Holz/Glas/Keramik-Verarbeitung
29523,Sonstiges
71127,Kunststoff/Metall/Holz/Glas/Keramik-Verarbeitung
64215,Sonstiges
85589,Chemie & Raffinerie
4601,Sonstiges
105477,Luft- & Raumfahrt & Zulieferer
33068,Maschinen- & Anlagenbau
119509,Sonstiges
110549,Sonstiges
50320,Sonstiges
33902,Handel
118049,Sonstiges
49524,Sonstiges
121136,Sonstiges
34330,Maschinen- & Anlagenbau
36965,Maschinen- & Anlagenbau
98589,Sonstiges
115132,Sonstiges
90648,Defence
12337,Handel
79237,Maschinen- & Anlagenbau
35621,Elektro & Mess-Regeltechnik
56530,Sonstiges
89645,Sonstiges
110663,Sonstiges
95780,Pharma
113055,Sonstiges
90882,Sonstiges
115097,Handel
118365,Handel
1051325,Maschinen- & Anlagenbau
92374,Sonstiges
118275,Sonstiges
19639,Maschinen- & Anlagenbau
30277,Kunststoff/Metall/Holz/Glas/Keramik-Verarbeitung
51084,Maschinen- & Anlagenbau
52926,Kunststoff/Metall/Holz/Glas/Keramik-Verarbeitung
79357,Sonstiges
88209,Maschinen- & Anlagenbau
112990,Sonstiges
113507,Sonstiges
1011125,Kunststoff/Metall/Holz/Glas/Keramik-Verarbeitung
118684,Maschinen- & Anlagenbau
114030,Sonstiges
120521,Sonstiges
3357,Sonstiges
50046,Kunststoff/Metall/Holz/Glas/Keramik-Verarbeitung
56991,Sonstiges
1023132,Kunststoff/Metall/Holz/Glas/Keramik-Verarbeitung
118051,Sonstiges
65593,Sonstiges
88675,Automotive & Zulieferer
84249,Handel
105858,Kunststoff/Metall/Holz/Glas/Keramik-Verarbeitung
65513,Handel
78802,Sonstiges
92141,Sonstiges
6510,Sonstiges
1001086,Maschinen- & Anlagenbau
102255,Sonstiges
40092,Maschinen- & Anlagenbau
89251,Sonstiges
10403,Maschinen- & Anlagenbau
21548,Kunststoff/Metall/Holz/Glas/Keramik-Verarbeitung
97597,Kunststoff/Metall/Holz/Glas/Keramik-Verarbeitung
92219,Kunststoff/Metall/Holz/Glas/Keramik-Verarbeitung
64854,Kunststoff/Metall/Holz/Glas/Keramik-Verarbeitung
89554,Sonstiges
1043108,Kunststoff/Metall/Holz/Glas/Keramik-Verarbeitung
64267,Sonstiges
127594,Handel
56906,Kunststoff/Metall/Holz/Glas/Keramik-Verarbeitung
85333,Kunststoff/Metall/Holz/Glas/Keramik-Verarbeitung
32571,Sonstiges
100964,Sonstiges
104754,Sonstiges
90006,Sonstiges
23125,Sonstiges
93688,Automotive & Zulieferer
47806,Automotive & Zulieferer
81997,Sonstiges
80482,Kunststoff/Metall/Holz/Glas/Keramik-Verarbeitung
85124,Maschinen- & Anlagenbau
115579,Handel
63064,Sonstiges
81169,Sonstiges
58729,Sonstiges
1011292,Maschinen- & Anlagenbau
50650,Maschinen- & Anlagenbau
65911,Medical
84221,Sonstiges
86336,Sonstiges
114510,Sonstiges
22629,Kunststoff/Metall/Holz/Glas/Keramik-Verarbeitung
122599,Sonstiges
47982,Sonstiges
113423,Sonstiges
11467,Sonstiges
91409,Maschinen- & Anlagenbau
64966,Handel
105422,Luft- & Raumfahrt & Zulieferer
69531,Kunststoff/Metall/Holz/Glas/Keramik-Verarbeitung
96510,Elektro & Mess-Regeltechnik
10196,Elektro & Mess-Regeltechnik
50912,Maschinen- & Anlagenbau
33984,Elektro & Mess-Regeltechnik
99683,Sonstiges
121478,Sonstiges
38167,Maschinen- & Anlagenbau
1002592,Maschinen- & Anlagenbau
14677,Handel
108717,Automotive & Zulieferer
21829,Energie
82697,Sonstiges
40121,Sonstiges
10046,Kunststoff/Metall/Holz/Glas/Keramik-Verarbeitung
59492,Maschinen- & Anlagenbau
1012681,Kunststoff/Metall/Holz/Glas/Keramik-Verarbeitung
14331,Automotive & Zulieferer
95815,Handel
86957,Sonstiges
76685,Sonstiges
96326,Sonstiges
88806,Sonstiges
1042857,Sonstiges
86723,Maschinen- & Anlagenbau
117286,Sonstiges
62653,Medical
16133,Klima & Heizung (Facility)
113586,Defence
19344,Kunststoff/Metall/Holz/Glas/Keramik-Verarbeitung
99161,Maschinen- & Anlagenbau
11486,Handel
15679,Elektro & Mess-Regeltechnik
49494,Sonstiges
58469,Kunststoff/Metall/Holz/Glas/Keramik-Verarbeitung
97302,Kunststoff/Metall/Holz/Glas/Keramik-Verarbeitung
114315,Sonstiges
1021541,Maschinen- & Anlagenbau
94619,Sonstiges
92626,Maschinen- & Anlagenbau
100589,Sonstiges
113279,Sonstiges
113464,Sonstiges
113682,Sonstiges
83398,Sonstiges
120200,Maschinen- & Anlagenbau
38038,Sonstiges
78564,Sonstiges
45625,Sonstiges
93633,Sonstiges
113664,Sonstiges
113998,Sonstiges
96161,Kunststoff/Metall/Holz/Glas/Keramik-Verarbeitung
40882,Automotive & Zulieferer
121523,Sonstiges
115828,Sonstiges
94772,Sonstiges
114333,Kunststoff/Metall/Holz/Glas/Keramik-Verarbeitung
55981,Kunststoff/Metall/Holz/Glas/Keramik-Verarbeitung
429,Kunststoff/Metall/Holz/Glas/Keramik-Verarbeitung
21410,Kunststoff/Metall/Holz/Glas/Keramik-Verarbeitung
59332,Elektro & Mess-Regeltechnik
114456,Sonstiges
81572,Sonstiges
97901,Sonstiges
80175,Sonstiges
70724,Sonstiges
23151,Kunststoff/Metall/Holz/Glas/Keramik-Verarbeitung
106424,Sonstiges
52777,Sonstiges
87088,Elektro & Mess-Regeltechnik
99290,Sonstiges
107534,Kunststoff/Metall/Holz/Glas/Keramik-Verarbeitung
11995,Kunststoff/Metall/Holz/Glas/Keramik-Verarbeitung
63446,Sonstiges
90987,Sonstiges
95320,Sonstiges
54489,Sonstiges
25675,Sonstiges
67707,Sonstiges
125471,Handel
68214,Luft- & Raumfahrt & Zulieferer
114184,Handel
115340,Sonstiges
65873,Handel
81211,Sonstiges
114524,Sonstiges
123631,Handel
118248,Maschinen- & Anlagenbau
19086,Sonstiges
88713,Sonstiges
109831,Defence
111972,Sonstiges
48311,Maschinen- & Anlagenbau
90733,Sonstiges
15414,Sonstiges
84326,Sonstiges
2308,Kunststoff/Metall/Holz/Glas/Keramik-Verarbeitung
114364,Maschinen- & Anlagenbau
120385,Maschinen- & Anlagenbau
117441,Sonstiges
44375,Sonstiges
52330,Kunststoff/Metall/Holz/Glas/Keramik-Verarbeitung
60779,Maschinen- & Anlagenbau
47313,Sonstiges
98998,Sonstiges
121157,Handel
1114005,Kunststoff/Metall/Holz/Glas/Keramik-Verarbeitung
111273,Sonstiges
78662,Sonstiges
59212,Kunststoff/Metall/Holz/Glas/Keramik-Verarbeitung
47479,Sonstiges
24324,Maschinen- & Anlagenbau
19576,Sonstiges
56458,Sonstiges
59389,Sonstiges
69257,Sonstiges
111133,Sonstiges
67952,Sonstiges
3229,Sonstiges
4388,Sonstiges
14589,Kunststoff/Metall/Holz/Glas/Keramik-Verarbeitung
30338,Maschinen- & Anlagenbau
58056,Sonstiges
68079,Sonstiges
69839,Maschinen- & Anlagenbau
79143,Maschinen- & Anlagenbau
79298,Sonstiges
86292,Sonstiges
88116,Sonstiges
90499,Sonstiges
91456,Sonstiges
91685,Sonstiges
93488,Sonstiges
93984,Sonstiges
96234,Sonstiges
97835,Sonstiges
102693,Sonstiges
108232,Sonstiges
110891,Sonstiges
112777,Sonstiges
113105,Sonstiges
114122,Sonstiges
114181,Sonstiges
114457,Klima & Heizung (Facility)
124696,Maschinen- & Anlagenbau
78397,Sonstiges
13124,Sonstiges
106000,Sonstiges
110578,Sonstiges
21090,Maschinen- & Anlagenbau
99607,Sonstiges
123240,Handel
22223,Kunststoff/Metall/Holz/Glas/Keramik-Verarbeitung
58850,Sonstiges
38183,Elektro & Mess-Regeltechnik
95937,Automotive & Zulieferer
10827,Kunststoff/Metall/Holz/Glas/Keramik-Verarbeitung
68956,Sonstiges
114607,Kunststoff/Metall/Holz/Glas/Keramik-Verarbeitung
1794,Automotive & Zulieferer
106531,Sonstiges
46052,Sonstiges
70812,Sonstiges
38408,Maschinen- & Anlagenbau
85598,Sonstiges
98641,Sonstiges
2159,Sonstiges
114503,Sonstiges
48793,Sonstiges
62579,Sonstiges
90692,Sonstiges
111015,Automotive & Zulieferer
111830,Sonstiges
114583,Sonstiges
114687,Sonstiges
1050094,Maschinen- & Anlagenbau
97904,Maschinen- & Anlagenbau
81499,Luft- & Raumfahrt & Zulieferer
108668,Kunststoff/Metall/Holz/Glas/Keramik-Verarbeitung
1052689,Handel
39464,Kunststoff/Metall/Holz/Glas/Keramik-Verarbeitung
48061,Maschinen- & Anlagenbau
64399,Kalibrierlabore & Zertifizierungsstellen
85412,Maschinen- & Anlagenbau
124497,Elektro & Mess-Regeltechnik
33056,Elektro & Mess-Regeltechnik
39369,Automotive & Zulieferer
112169,Kalibrierlabore & Zertifizierungsstellen
11014,Maschinen- & Anlagenbau
29250,Elektro & Mess-Regeltechnik
93666,Sonstiges
18060,Elektro & Mess-Regeltechnik
23316,Maschinen- & Anlagenbau
28657,Automotive & Zulieferer
64737,Sonstiges
86071,Kunststoff/Metall/Holz/Glas/Keramik-Verarbeitung
91332,Sonstiges
98587,Sonstiges
102474,Automotive & Zulieferer
110612,Sonstiges
258,Kunststoff/Metall/Holz/Glas/Keramik-Verarbeitung
112989,Sonstiges
121342,Energie
33075,Maschinen- & Anlagenbau
40401,Sonstiges
100774,Sonstiges
110050,Sonstiges
106419,Kunststoff/Metall/Holz/Glas/Keramik-Verarbeitung
52933,Sonstiges
11551,Chemie & Raffinerie
13776,Handel
92788,Sonstiges
36470,Automotive & Zulieferer
79554,Maschinen- & Anlagenbau
76024,Kunststoff/Metall/Holz/Glas/Keramik-Verarbeitung
26390,Kunststoff/Metall/Holz/Glas/Keramik-Verarbeitung
36896,Sonstiges
80485,Sonstiges
49349,Sonstiges
113723,Sonstiges
1301,Kunststoff/Metall/Holz/Glas/Keramik-Verarbeitung
1019842,Kunststoff/Metall/Holz/Glas/Keramik-Verarbeitung
116622,Sonstiges
55636,Handel
26362,Sonstiges
128293,Handel
22876,Sonstiges
80698,Sonstiges
70940,Sonstiges
32609,Maschinen- & Anlagenbau
97662,Automotive & Zulieferer
96146,Sonstiges
113862,Energie
29555,Kunststoff/Metall/Holz/Glas/Keramik-Verarbeitung
37164,Sonstiges
87429,Sonstiges
106725,Sonstiges
108709,Sonstiges
114111,Sonstiges
115862,Klima & Heizung (Facility)
49990,Sonstiges
63072,Sonstiges
103418,Sonstiges
48406,Sonstiges
25706,Handel
110883,Kunststoff/Metall/Holz/Glas/Keramik-Verarbeitung
21152,Sonstiges
102919,Maschinen- & Anlagenbau
1100932,Sonstiges
12513,Kunststoff/Metall/Holz/Glas/Keramik-Verarbeitung
10574,Kunststoff/Metall/Holz/Glas/Keramik-Verarbeitung
28672,Sonstiges
41893,Maschinen- & Anlagenbau
79619,Sonstiges
98274,Sonstiges
89727,Kunststoff/Metall/Holz/Glas/Keramik-Verarbeitung
2203,Maschinen- & Anlagenbau
1019199,Kunststoff/Metall/Holz/Glas/Keramik-Verarbeitung
28152,Sonstiges
63375,Sonstiges
82763,Sonstiges
53409,Sonstiges
105387,Sonstiges
101699,Kunststoff/Metall/Holz/Glas/Keramik-Verarbeitung
58665,Sonstiges
49898,Sonstiges
68454,Automotive & Zulieferer
19266,Elektro & Mess-Regeltechnik
103967,Sonstiges
59123,Sonstiges
53613,Sonstiges
77577,Sonstiges
83459,Maschinen- & Anlagenbau
87242,Sonstiges
114070,Maschinen- & Anlagenbau
1017862,Kunststoff/Metall/Holz/Glas/Keramik-Verarbeitung
2328,Sonstiges
15303,Sonstiges
68931,Kunststoff/Metall/Holz/Glas/Keramik-Verarbeitung
79868,Automotive & Zulieferer
110100,Automotive & Zulieferer
112021,Sonstiges
62916,Sonstiges
75972,Sonstiges
107220,Kunststoff/Metall/Holz/Glas/Keramik-Verarbeitung
24778,Sonstiges
34343,Kunststoff/Metall/Holz/Glas/Keramik-Verarbeitung
80912,Maschinen- & Anlagenbau
119458,Sonstiges
37128,Sonstiges
51364,Sonstiges
114547,Sonstiges
76551,Sonstiges
30142,Kunststoff/Metall/Holz/Glas/Keramik-Verarbeitung
40684,Maschinen- & Anlagenbau
78280,Sonstiges
89879,Kunststoff/Metall/Holz/Glas/Keramik-Verarbeitung
102683,Sonstiges
85071,Sonstiges
112993,Sonstiges
53474,Sonstiges
89875,Sonstiges
11630,Elektro & Mess-Regeltechnik
92320,Sonstiges
104029,Sonstiges
53796,Sonstiges
95905,Sonstiges
1000845,Automotive & Zulieferer
1005976,Kunststoff/Metall/Holz/Glas/Keramik-Verarbeitung
66096,Kunststoff/Metall/Holz/Glas/Keramik-Verarbeitung
66458,Automotive & Zulieferer
67565,Sonstiges
78359,Sonstiges
96219,Sonstiges
100325,Sonstiges
113855,Sonstiges
114005,Sonstiges
1048930,Handel
16494,Automotive & Zulieferer
18344,Elektro & Mess-Regeltechnik
22146,Chemie & Raffinerie
45903,Sonstiges
37485,Sonstiges
53278,Sonstiges
1050250,Kunststoff/Metall/Holz/Glas/Keramik-Verarbeitung
86047,Maschinen- & Anlagenbau
89948,Sonstiges
99485,Maschinen- & Anlagenbau
103204,Energie
126829,Kunststoff/Metall/Holz/Glas/Keramik-Verarbeitung
20156,Sonstiges
48401,Sonstiges
59831,Sonstiges
66437,Sonstiges
114158,Sonstiges
91759,Sonstiges
114933,Elektro & Mess-Regeltechnik
56645,Maschinen- & Anlagenbau
82680,Automotive & Zulieferer
70369,Automotive & Zulieferer
58454,Sonstiges
81086,Sonstiges
40680,Maschinen- & Anlagenbau
82380,Automotive & Zulieferer
88786,Sonstiges
34701,Sonstiges
59955,Maschinen- & Anlagenbau
96574,Maschinen- & Anlagenbau
97105,Klima & Heizung (Facility)
97246,Sonstiges
10959,Sonstiges
10217,Sonstiges
41176,Elektro & Mess-Regeltechnik
43717,Sonstiges
64209,Elektro & Mess-Regeltechnik
67977,Sonstiges
87458,Maschinen- & Anlagenbau
94829,Sonstiges
102120,Kunststoff/Metall/Holz/Glas/Keramik-Verarbeitung
119098,Kunststoff/Metall/Holz/Glas/Keramik-Verarbeitung
1002869,Sonstiges
51954,Maschinen- & Anlagenbau
14766,Automotive & Zulieferer
80004,Maschinen- & Anlagenbau
89936,Sonstiges
92525,Medical
113378,Sonstiges
88771,Sonstiges
79575,Chemie & Raffinerie
18585,Automotive & Zulieferer
67759,Sonstiges
87148,Sonstiges
100252,Sonstiges
12891,Kunststoff/Metall/Holz/Glas/Keramik-Verarbeitung
50851,Sonstiges
105057,Maschinen- & Anlagenbau
106284,Maschinen- & Anlagenbau
40260,Kunststoff/Metall/Holz/Glas/Keramik-Verarbeitung
50302,Sonstiges
113736,Sonstiges
16142,Chemie & Raffinerie
88202,Maschinen- & Anlagenbau
123277,Maschinen- & Anlagenbau
18759,Kunststoff/Metall/Holz/Glas/Keramik-Verarbeitung
100873,Luft- & Raumfahrt & Zulieferer
108384,Elektro & Mess-Regeltechnik
122283,Sonstiges
93414,Automotive & Zulieferer
119518,Maschinen- & Anlagenbau
55943,Maschinen- & Anlagenbau
104512,Sonstiges
63144,Luft- & Raumfahrt & Zulieferer
100651,Sonstiges
115049,Sonstiges
77555,Sonstiges
114489,Sonstiges
14521,Maschinen- & Anlagenbau
22285,Sonstiges
124993,Handel
80596,Sonstiges
46561,Sonstiges
1041630,Halbleiter & Mikroelektronik
24151,Sonstiges
57465,Sonstiges
59877,Sonstiges
66627,Sonstiges
90453,Sonstiges
101422,Sonstiges
114451,Sonstiges
47687,Kunststoff/Metall/Holz/Glas/Keramik-Verarbeitung
90410,Sonstiges
113899,Sonstiges
53884,Sonstiges
65407,Sonstiges
38941,Automotive & Zulieferer
58279,Sonstiges
80958,Sonstiges
109593,Sonstiges
113787,Sonstiges
105291,Sonstiges
1001311,Kunststoff/Metall/Holz/Glas/Keramik-Verarbeitung
34262,Sonstiges
76206,Sonstiges
81444,Elektro & Mess-Regeltechnik
96613,Sonstiges
116611,Sonstiges
66643,Automotive & Zulieferer
66840,Sonstiges
89974,Maschinen- & Anlagenbau
90414,Sonstiges
101013,Sonstiges
113719,Sonstiges
113977,Sonstiges
106381,Sonstiges
92930,Sonstiges
1871,Sonstiges
49532,Sonstiges
113345,Sonstiges
4451,Sonstiges
98239,Automotive & Zulieferer
21810,Kunststoff/Metall/Holz/Glas/Keramik-Verarbeitung
71952,Sonstiges
116697,Sonstiges
121842,Sonstiges
1017442,Maschinen- & Anlagenbau
102867,Automotive & Zulieferer
105869,Sonstiges
85801,Kunststoff/Metall/Holz/Glas/Keramik-Verarbeitung
121597,Chemie & Raffinerie
56840,Sonstiges
15678,Maschinen- & Anlagenbau
28831,Sonstiges
55119,Sonstiges
59182,Sonstiges
106564,Maschinen- & Anlagenbau
55536,Sonstiges
98266,Handel
113912,Halbleiter & Mikroelektronik
26354,Sonstiges
29811,Sonstiges
50990,Sonstiges
52494,Sonstiges
57707,Sonstiges
70996,Sonstiges
77575,Sonstiges
82298,Sonstiges
86455,Maschinen- & Anlagenbau
87225,Sonstiges
87316,Sonstiges
96030,Sonstiges
96582,Sonstiges
99774,Sonstiges
102040,Sonstiges
108682,Sonstiges
112662,Sonstiges
113589,Sonstiges
114067,Sonstiges
114128,Sonstiges
114610,Sonstiges
33772,Sonstiges
93410,Kunststoff/Metall/Holz/Glas/Keramik-Verarbeitung
94320,Sonstiges
113228,Sonstiges
1017619,Maschinen- & Anlagenbau
16179,Sonstiges
32492,Maschinen- & Anlagenbau
58031,Kunststoff/Metall/Holz/Glas/Keramik-Verarbeitung
28128,Sonstiges
94302,Handel
63403,Sonstiges
66132,Sonstiges
51457,Handel
125497,Automotive & Zulieferer
105138,Sonstiges
126895,Luft- & Raumfahrt & Zulieferer
118189,Automotive & Zulieferer
1001687,Maschinen- & Anlagenbau
120361,Elektro & Mess-Regeltechnik
78297,Sonstiges
20549,Kunststoff/Metall/Holz/Glas/Keramik-Verarbeitung
80398,Kunststoff/Metall/Holz/Glas/Keramik-Verarbeitung
54921,Sonstiges
44623,Elektro & Mess-Regeltechnik
26854,Kunststoff/Metall/Holz/Glas/Keramik-Verarbeitung
120202,Sonstiges
96153,Sonstiges
113716,Automotive & Zulieferer
1046808,Sonstiges
114500,Sonstiges
111434,Sonstiges
13616,Maschinen- & Anlagenbau
30511,Kunststoff/Metall/Holz/Glas/Keramik-Verarbeitung
95899,Kunststoff/Metall/Holz/Glas/Keramik-Verarbeitung
2572,Kunststoff/Metall/Holz/Glas/Keramik-Verarbeitung
127518,Sonstiges
89990,Maschinen- & Anlagenbau
28487,Sonstiges
86722,Sonstiges
69306,Maschinen- & Anlagenbau
104155,Sonstiges
115218,Sonstiges
116403,Sonstiges
85207,Sonstiges
105454,Automotive & Zulieferer
114453,Handel
101222,Sonstiges
1053568,Kunststoff/Metall/Holz/Glas/Keramik-Verarbeitung
99729,Sonstiges
14447,Maschinen- & Anlagenbau
47819,Maschinen- & Anlagenbau
68602,Sonstiges
77868,Automotive & Zulieferer
112952,Maschinen- & Anlagenbau
113008,Sonstiges
113642,Sonstiges
114621,Sonstiges
1046987,Kunststoff/Metall/Holz/Glas/Keramik-Verarbeitung
81171,Maschinen- & Anlagenbau
126727,Handel
128494,Sonstiges
1042498,Kunststoff/Metall/Holz/Glas/Keramik-Verarbeitung
1053050,Maschinen- & Anlagenbau
76583,Sonstiges
76837,Defence
118781,Sonstiges
119140,Automotive & Zulieferer
120483,Defence
120601,Sonstiges
121755,Kunststoff/Metall/Holz/Glas/Keramik-Verarbeitung
121770,Sonstiges
16985,Sonstiges
85626,Energie
103624,Kunststoff/Metall/Holz/Glas/Keramik-Verarbeitung
58378,Medical
89315,Sonstiges
1019444,Defence
63198,Sonstiges
11650,Maschinen- & Anlagenbau
69433,Sonstiges
91921,Maschinen- & Anlagenbau
85027,Sonstiges
14360,Kunststoff/Metall/Holz/Glas/Keramik-Verarbeitung
58451,Sonstiges
82339,Kunststoff/Metall/Holz/Glas/Keramik-Verarbeitung
84872,Sonstiges
96647,Chemie & Raffinerie
56171,Sonstiges
1022796,Kunststoff/Metall/Holz/Glas/Keramik-Verarbeitung
70395,Maschinen- & Anlagenbau
60985,Elektro & Mess-Regeltechnik
113146,Kunststoff/Metall/Holz/Glas/Keramik-Verarbeitung
104321,Kunststoff/Metall/Holz/Glas/Keramik-Verarbeitung
59727,Sonstiges
15759,Kunststoff/Metall/Holz/Glas/Keramik-Verarbeitung
112237,Sonstiges
13469,Sonstiges
94081,Sonstiges
99799,Sonstiges
113923,Kunststoff/Metall/Holz/Glas/Keramik-Verarbeitung
80646,Sonstiges
11605,Kunststoff/Metall/Holz/Glas/Keramik-Verarbeitung
118545,Sonstiges
117877,Kunststoff/Metall/Holz/Glas/Keramik-Verarbeitung
29073,Kunststoff/Metall/Holz/Glas/Keramik-Verarbeitung
86676,Kunststoff/Metall/Holz/Glas/Keramik-Verarbeitung
104622,Sonstiges
111532,Kunststoff/Metall/Holz/Glas/Keramik-Verarbeitung
107209,Sonstiges
36095,Automotive & Zulieferer
76290,Sonstiges
85427,Sonstiges
97611,Sonstiges
110191,Sonstiges
113713,Sonstiges
114331,Sonstiges
77426,Sonstiges
13409,Kunststoff/Metall/Holz/Glas/Keramik-Verarbeitung
99533,Sonstiges
113524,Sonstiges
25953,Automotive & Zulieferer
50051,Sonstiges
29226,Maschinen- & Anlagenbau
125232,Sonstiges
126486,Sonstiges
111821,Automotive & Zulieferer
35755,Elektro & Mess-Regeltechnik
37077,Maschinen- & Anlagenbau
86105,Elektro & Mess-Regeltechnik
108695,Sonstiges
110436,Handel
113387,Sonstiges
117531,Sonstiges
94257,Elektro & Mess-Regeltechnik
117429,Sonstiges
81379,Sonstiges
113963,Sonstiges
22895,Maschinen- & Anlagenbau
116587,Elektro & Mess-Regeltechnik
36585,Maschinen- & Anlagenbau
80879,Automotive & Zulieferer
2132,Sonstiges
10204,Kunststoff/Metall/Holz/Glas/Keramik-Verarbeitung
113462,Sonstiges
6530,Sonstiges
40885,Sonstiges
81948,Automotive & Zulieferer
111910,Sonstiges
113106,Sonstiges
59451,Maschinen- & Anlagenbau
77209,Kunststoff/Metall/Holz/Glas/Keramik-Verarbeitung
101162,Sonstiges
15423,Maschinen- & Anlagenbau
24781,Sonstiges
62042,Handel
69119,Sonstiges
78406,Sonstiges
80489,Sonstiges
86903,Kunststoff/Metall/Holz/Glas/Keramik-Verarbeitung
92415,Sonstiges
97194,Sonstiges
105890,Kunststoff/Metall/Holz/Glas/Keramik-Verarbeitung
107903,Sonstiges
111826,Sonstiges
113218,Kunststoff/Metall/Holz/Glas/Keramik-Verarbeitung
113921,Sonstiges
114033,Sonstiges
114051,Sonstiges
79309,Sonstiges
63223,Sonstiges
40172,Sonstiges
42712,Elektro & Mess-Regeltechnik
122910,Kunststoff/Metall/Holz/Glas/Keramik-Verarbeitung
1052969,Sonstiges
1530,Kunststoff/Metall/Holz/Glas/Keramik-Verarbeitung
56627,Kunststoff/Metall/Holz/Glas/Keramik-Verarbeitung
106550,Sonstiges
71056,Sonstiges
49968,Sonstiges
120186,Sonstiges
10285,Maschinen- & Anlagenbau
10240,Elektro & Mess-Regeltechnik
38411,Kunststoff/Metall/Holz/Glas/Keramik-Verarbeitung
91590,Sonstiges
98639,Sonstiges
28920,Kunststoff/Metall/Holz/Glas/Keramik-Verarbeitung
113858,Sonstiges
69318,Sonstiges
49632,Automotive & Zulieferer
83860,Sonstiges
114840,Automotive & Zulieferer
1021303,Handel
1043817,Maschinen- & Anlagenbau
27307,Kunststoff/Metall/Holz/Glas/Keramik-Verarbeitung
76508,Maschinen- & Anlagenbau
93124,Sonstiges
106439,Sonstiges
114323,Sonstiges
114338,Maschinen- & Anlagenbau
16465,Kunststoff/Metall/Holz/Glas/Keramik-Verarbeitung
34028,Kunststoff/Metall/Holz/Glas/Keramik-Verarbeitung
117509,Sonstiges
12593,Sonstiges
90924,Elektro & Mess-Regeltechnik
109194,Sonstiges
113553,Sonstiges
64794,Sonstiges
118982,Sonstiges
42476,Kunststoff/Metall/Holz/Glas/Keramik-Verarbeitung
69213,Sonstiges
23927,Maschinen- & Anlagenbau
1870,Elektro & Mess-Regeltechnik
109785,Sonstiges
113306,Sonstiges
113734,Maschinen- & Anlagenbau
111611,Sonstiges
29351,Sonstiges
19902,Chemie & Raffinerie
90792,Sonstiges
64360,Sonstiges
113918,Sonstiges
32622,Sonstiges
115796,Elektro & Mess-Regeltechnik
113491,Sonstiges
113983,Sonstiges
114561,Maschinen- & Anlagenbau
105779,Sonstiges
16576,Maschinen- & Anlagenbau
83198,Sonstiges
110733,Sonstiges
113550,Sonstiges
113615,Sonstiges
103663,Elektro & Mess-Regeltechnik
118053,Sonstiges
20898,Maschinen- & Anlagenbau
51011,Sonstiges
107525,Sonstiges
13571,Sonstiges
87319,Maschinen- & Anlagenbau
113944,Sonstiges
25069,Sonstiges
114321,Sonstiges
99433,Sonstiges
114678,Sonstiges
67939,Sonstiges
14428,Kunststoff/Metall/Holz/Glas/Keramik-Verarbeitung
55407,Sonstiges
52987,Sonstiges
82533,Sonstiges
112929,Handel
65981,Automotive & Zulieferer
70340,Sonstiges
97955,Sonstiges
28632,Sonstiges
67639,Sonstiges
101848,Kunststoff/Metall/Holz/Glas/Keramik-Verarbeitung
36183,Maschinen- & Anlagenbau
98153,Sonstiges
2656,Kunststoff/Metall/Holz/Glas/Keramik-Verarbeitung
21493,Kunststoff/Metall/Holz/Glas/Keramik-Verarbeitung
48747,Maschinen- & Anlagenbau
104828,Sonstiges
50065,Sonstiges
29190,Sonstiges
6866,Medical
115368,Sonstiges
108239,Sonstiges
11360,Maschinen- & Anlagenbau
115726,Maschinen- & Anlagenbau
1009371,Maschinen- & Anlagenbau
70543,Sonstiges
82939,Sonstiges
90528,Sonstiges
113047,Sonstiges
114064,Maschinen- & Anlagenbau
92953,Maschinen- & Anlagenbau
114398,Kunststoff/Metall/Holz/Glas/Keramik-Verarbeitung
3185,Sonstiges
12384,Automotive & Zulieferer
109031,Sonstiges
113902,Sonstiges
1050760,Maschinen- & Anlagenbau
63390,Pharma
89112,Luft- & Raumfahrt & Zulieferer
117976,Automotive & Zulieferer
121945,Sonstiges
102360,Sonstiges
125317,Handel
92629,Maschinen- & Anlagenbau
113776,Sonstiges
53972,Kunststoff/Metall/Holz/Glas/Keramik-Verarbeitung
69247,Sonstiges
120123,Kunststoff/Metall/Holz/Glas/Keramik-Verarbeitung
35897,Maschinen- & Anlagenbau
109483,Kunststoff/Metall/Holz/Glas/Keramik-Verarbeitung
1002751,Elektro & Mess-Regeltechnik
30257,Automotive & Zulieferer
78281,Kunststoff/Metall/Holz/Glas/Keramik-Verarbeitung
127693,Kunststoff/Metall/Holz/Glas/Keramik-Verarbeitung
16830,Kunststoff/Metall/Holz/Glas/Keramik-Verarbeitung
49079,Sonstiges
85881,Sonstiges
119961,Kunststoff/Metall/Holz/Glas/Keramik-Verarbeitung
92228,Kunststoff/Metall/Holz/Glas/Keramik-Verarbeitung
40502,Chemie & Raffinerie
36471,Sonstiges
107169,Handel
75904,Sonstiges
1564376,Sonstiges
88607,Maschinen- & Anlagenbau
119808,Handel
70127,Sonstiges
112024,Sonstiges
69099,Sonstiges
102590,Sonstiges
114967,Sonstiges
25984,Kunststoff/Metall/Holz/Glas/Keramik-Verarbeitung
4250,Handel
18629,Sonstiges
71249,Sonstiges
82896,Kunststoff/Metall/Holz/Glas/Keramik-Verarbeitung
95061,Maschinen- & Anlagenbau
111960,Kunststoff/Metall/Holz/Glas/Keramik-Verarbeitung
5327,Kunststoff/Metall/Holz/Glas/Keramik-Verarbeitung
69644,Kunststoff/Metall/Holz/Glas/Keramik-Verarbeitung
64748,Kunststoff/Metall/Holz/Glas/Keramik-Verarbeitung
11954,Handel
53431,Automotive & Zulieferer
89371,Sonstiges
3526,Sonstiges
50487,Sonstiges
117867,Kunststoff/Metall/Holz/Glas/Keramik-Verarbeitung
20135,Sonstiges
20423,Kunststoff/Metall/Holz/Glas/Keramik-Verarbeitung
18571,Maschinen- & Anlagenbau
19061,Sonstiges
59390,Sonstiges
17445,Kunststoff/Metall/Holz/Glas/Keramik-Verarbeitung
66802,Sonstiges
119507,Maschinen- & Anlagenbau
25828,Sonstiges
77972,Sonstiges
99301,Handel
17395,Sonstiges
100615,Sonstiges
17570,Automotive & Zulieferer
89148,Sonstiges
33508,Chemie & Raffinerie
33594,Kunststoff/Metall/Holz/Glas/Keramik-Verarbeitung
40403,Kunststoff/Metall/Holz/Glas/Keramik-Verarbeitung
58474,Sonstiges
81363,Kunststoff/Metall/Holz/Glas/Keramik-Verarbeitung
105533,Sonstiges
110838,Sonstiges
113254,Sonstiges
114618,Sonstiges
116556,Sonstiges
48081,Maschinen- & Anlagenbau
125933,Kalibrierlabore & Zertifizierungsstellen
51816,Sonstiges
68001,Automotive & Zulieferer
116553,Kunststoff/Metall/Holz/Glas/Keramik-Verarbeitung
1051403,Automotive & Zulieferer
116068,Sonstiges
127755,Handel
1052216,Sonstiges
32575,Automotive & Zulieferer
88896,Sonstiges
91502,Maschinen- & Anlagenbau
96702,Sonstiges
106748,Maschinen- & Anlagenbau
109248,Sonstiges
17467,Maschinen- & Anlagenbau
62922,Automotive & Zulieferer
89893,Sonstiges
35958,Maschinen- & Anlagenbau
114380,Kunststoff/Metall/Holz/Glas/Keramik-Verarbeitung
124645,Handel
4620,Maschinen- & Anlagenbau
1009395,Elektro & Mess-Regeltechnik
47846,Sonstiges
114311,Maschinen- & Anlagenbau
90808,Sonstiges
89579,Sonstiges
95917,Sonstiges
24145,Sonstiges
39889,Sonstiges
114153,Maschinen- & Anlagenbau
109702,Sonstiges
109766,Sonstiges
42480,Elektro & Mess-Regeltechnik
115235,Sonstiges
106948,Kunststoff/Metall/Holz/Glas/Keramik-Verarbeitung
37981,Kunststoff/Metall/Holz/Glas/Keramik-Verarbeitung
39251,Sonstiges
62543,Kunststoff/Metall/Holz/Glas/Keramik-Verarbeitung
85888,Sonstiges
93697,Sonstiges
94866,Sonstiges
97115,Sonstiges
113544,Sonstiges
114685,Sonstiges
53349,Sonstiges
90814,Sonstiges
125896,Sonstiges
68103,Sonstiges
92596,Sonstiges
3825,Sonstiges
116127,Kunststoff/Metall/Holz/Glas/Keramik-Verarbeitung
55762,Sonstiges
92458,Sonstiges
104676,Energie
123211,Energie
26422,Maschinen- & Anlagenbau
54507,Sonstiges
25287,Kunststoff/Metall/Holz/Glas/Keramik-Verarbeitung
17092,Elektro & Mess-Regeltechnik
127967,Maschinen- & Anlagenbau
3718,Kunststoff/Metall/Holz/Glas/Keramik-Verarbeitung
19234,Kunststoff/Metall/Holz/Glas/Keramik-Verarbeitung
38822,Maschinen- & Anlagenbau
54975,Maschinen- & Anlagenbau
52381,Sonstiges
1049658,Sonstiges
89596,Chemie & Raffinerie
96908,Sonstiges
86825,Sonstiges
113961,Sonstiges
112791,Sonstiges
114916,Elektro & Mess-Regeltechnik
106869,Sonstiges
22356,Kunststoff/Metall/Holz/Glas/Keramik-Verarbeitung
41814,Elektro & Mess-Regeltechnik
112016,Sonstiges
87889,Sonstiges
90930,Sonstiges
106877,Sonstiges
119511,Automotive & Zulieferer
121642,Sonstiges
112469,Maschinen- & Anlagenbau
66466,Kunststoff/Metall/Holz/Glas/Keramik-Verarbeitung
113182,Sonstiges
29664,Defence
56007,Automotive & Zulieferer
66842,Automotive & Zulieferer
116550,Handel
62061,Automotive & Zulieferer
123981,Automotive & Zulieferer
77768,Maschinen- & Anlagenbau
80198,Automotive & Zulieferer
97223,Sonstiges
48625,Sonstiges
59742,Sonstiges
68323,Sonstiges
70706,Sonstiges
90036,Sonstiges
98710,Sonstiges
1841,Automotive & Zulieferer
52322,Sonstiges
58092,Sonstiges
86762,Sonstiges
16756,Maschinen- & Anlagenbau
86664,Sonstiges
1019685,Handel
24261,Sonstiges
33963,Kunststoff/Metall/Holz/Glas/Keramik-Verarbeitung
59817,Sonstiges
88925,Automotive & Zulieferer
103212,Sonstiges
109348,Sonstiges
113900,Sonstiges
114179,Sonstiges
122677,Sonstiges
115784,Sonstiges
84445,Sonstiges
87257,Sonstiges
101380,Sonstiges
126785,Kunststoff/Metall/Holz/Glas/Keramik-Verarbeitung
1007520,Kunststoff/Metall/Holz/Glas/Keramik-Verarbeitung
21825,Kunststoff/Metall/Holz/Glas/Keramik-Verarbeitung
113375,Sonstiges
86824,Sonstiges
85605,Sonstiges
122314,Maschinen- & Anlagenbau
22333,Sonstiges
108484,Sonstiges
1019694,Kunststoff/Metall/Holz/Glas/Keramik-Verarbeitung
56975,Sonstiges
89831,Sonstiges
4551,Sonstiges
109693,Sonstiges
122188,Handel
23866,Handel
33815,Sonstiges
17122,Kunststoff/Metall/Holz/Glas/Keramik-Verarbeitung
124222,Kunststoff/Metall/Holz/Glas/Keramik-Verarbeitung
98398,Automotive & Zulieferer
98406,Automotive & Zulieferer
98407,Automotive & Zulieferer
98456,Automotive & Zulieferer
101999,Automotive & Zulieferer
106296,Automotive & Zulieferer
106522,Automotive & Zulieferer
106551,Automotive & Zulieferer
106752,Automotive & Zulieferer
114694,Automotive & Zulieferer
52112,Sonstiges
108369,Sonstiges
47987,Sonstiges
115394,Handel
2339,Elektro & Mess-Regeltechnik
69650,Sonstiges
98122,Sonstiges
1000742,Kunststoff/Metall/Holz/Glas/Keramik-Verarbeitung
21556,Kunststoff/Metall/Holz/Glas/Keramik-Verarbeitung
99918,Sonstiges
22475,Sonstiges
60928,Handel
95231,Automotive & Zulieferer
100759,Handel
113143,Sonstiges
113737,Kunststoff/Metall/Holz/Glas/Keramik-Verarbeitung
55541,Sonstiges
77023,Sonstiges
78408,Kunststoff/Metall/Holz/Glas/Keramik-Verarbeitung
100903,Sonstiges
52101,Elektro & Mess-Regeltechnik
90738,Sonstiges
38273,Kunststoff/Metall/Holz/Glas/Keramik-Verarbeitung
65889,Sonstiges
126552,Klima & Heizung (Facility)
64768,Sonstiges
66728,Luft- & Raumfahrt & Zulieferer
98892,Sonstiges
69695,Sonstiges
3804,Automotive & Zulieferer
75892,Handel
118439,Maschinen- & Anlagenbau
113163,Sonstiges
113556,Sonstiges
15673,Sonstiges
16857,Sonstiges
102686,Maschinen- & Anlagenbau
47943,Sonstiges
97117,Kunststoff/Metall/Holz/Glas/Keramik-Verarbeitung
19557,Sonstiges
20974,Maschinen- & Anlagenbau
54681,Automotive & Zulieferer
59684,Sonstiges
70295,Klima & Heizung (Facility)
79391,Sonstiges
87600,Sonstiges
99605,Sonstiges
105246,Sonstiges
112557,Sonstiges
113468,Sonstiges
113859,Sonstiges
114411,Sonstiges
114412,Sonstiges
98520,Sonstiges
92446,Kalibrierlabore & Zertifizierungsstellen
109124,Sonstiges
106985,Kunststoff/Metall/Holz/Glas/Keramik-Verarbeitung
22456,Sonstiges
36882,Chemie & Raffinerie
106125,Sonstiges
59994,Sonstiges
108635,Sonstiges
13206,Elektro & Mess-Regeltechnik
15126,Sonstiges
30155,Maschinen- & Anlagenbau
49343,Sonstiges
63353,Sonstiges
78688,Sonstiges
83168,Sonstiges
84244,Sonstiges
85303,Sonstiges
97762,Kalibrierlabore & Zertifizierungsstellen
103811,Sonstiges
106540,Sonstiges
106981,Sonstiges
113219,Sonstiges
33649,Kunststoff/Metall/Holz/Glas/Keramik-Verarbeitung
68141,Maschinen- & Anlagenbau
83047,Sonstiges
109750,Sonstiges
104714,Sonstiges
84649,Sonstiges
37293,Sonstiges
4171,Sonstiges
20747,Elektro & Mess-Regeltechnik
106695,Sonstiges
112086,Sonstiges
112800,Sonstiges
113088,Maschinen- & Anlagenbau
97862,Kunststoff/Metall/Holz/Glas/Keramik-Verarbeitung
114148,Sonstiges
99900,Sonstiges
93408,Sonstiges
125466,Handel
1202580,Kunststoff/Metall/Holz/Glas/Keramik-Verarbeitung
32891,Sonstiges
115482,Kalibrierlabore & Zertifizierungsstellen
87117,Sonstiges
108083,Kunststoff/Metall/Holz/Glas/Keramik-Verarbeitung
128291,Maschinen- & Anlagenbau
102968,Sonstiges
100761,Maschinen- & Anlagenbau
91396,Sonstiges
71667,Sonstiges
1003386,Handel
10458,Kunststoff/Metall/Holz/Glas/Keramik-Verarbeitung
98238,Sonstiges
104449,Sonstiges
113487,Sonstiges
113488,Sonstiges
57641,Chemie & Raffinerie
23841,Medical
46730,Maschinen- & Anlagenbau
105739,Sonstiges
114312,Sonstiges
43550,Kunststoff/Metall/Holz/Glas/Keramik-Verarbeitung
62435,Handel
78632,Automotive & Zulieferer
119029,Elektro & Mess-Regeltechnik
126015,Sonstiges
124751,Kunststoff/Metall/Holz/Glas/Keramik-Verarbeitung
106038,Automotive & Zulieferer
113109,Sonstiges
106735,Sonstiges
111103,Maschinen- & Anlagenbau
25821,Automotive & Zulieferer
17745,Kunststoff/Metall/Holz/Glas/Keramik-Verarbeitung
25714,Kunststoff/Metall/Holz/Glas/Keramik-Verarbeitung
30264,Maschinen- & Anlagenbau
36694,Maschinen- & Anlagenbau
60832,Kunststoff/Metall/Holz/Glas/Keramik-Verarbeitung
70572,Maschinen- & Anlagenbau
88170,Handel
116571,Handel
41252,Sonstiges
81984,Sonstiges
1049781,Kunststoff/Metall/Holz/Glas/Keramik-Verarbeitung
88870,Sonstiges
48271,Sonstiges
55651,Sonstiges
64945,Sonstiges
110193,Sonstiges
111154,Sonstiges
52562,Sonstiges
15391,Kunststoff/Metall/Holz/Glas/Keramik-Verarbeitung
101761,Sonstiges
67749,Sonstiges
105035,Automotive & Zulieferer
113467,Sonstiges
1022422,Sonstiges
121829,Maschinen- & Anlagenbau
113466,Sonstiges
78474,Sonstiges
39676,Sonstiges
95124,Sonstiges
111900,Maschinen- & Anlagenbau
85876,Kunststoff/Metall/Holz/Glas/Keramik-Verarbeitung
19771,Kunststoff/Metall/Holz/Glas/Keramik-Verarbeitung
59454,Kunststoff/Metall/Holz/Glas/Keramik-Verarbeitung
113745,Sonstiges
97730,Handel
10182,Kunststoff/Metall/Holz/Glas/Keramik-Verarbeitung
14388,Sonstiges
20827,Sonstiges
30981,Maschinen- & Anlagenbau
32978,Sonstiges
93411,Maschinen- & Anlagenbau
94267,Sonstiges
94966,Sonstiges
100478,Sonstiges
100927,Sonstiges
101441,Automotive & Zulieferer
106318,Luft- & Raumfahrt & Zulieferer
108766,Sonstiges
112236,Sonstiges
113009,Sonstiges
113195,Sonstiges
113200,Medical
113686,Sonstiges
114090,Sonstiges
114405,Sonstiges
50403,Sonstiges
1002360,Elektro & Mess-Regeltechnik
10015,Kunststoff/Metall/Holz/Glas/Keramik-Verarbeitung
122616,Klima & Heizung (Facility)
116426,Sonstiges
25965,Elektro & Mess-Regeltechnik
47915,Sonstiges
112604,Sonstiges
26945,Automotive & Zulieferer
18875,Kunststoff/Metall/Holz/Glas/Keramik-Verarbeitung
96538,Sonstiges
109701,Sonstiges
114091,Automotive & Zulieferer
20530,Kunststoff/Metall/Holz/Glas/Keramik-Verarbeitung
33918,Sonstiges
104557,Sonstiges
60021,Handel
115861,Sonstiges
55483,Sonstiges
93638,Automotive & Zulieferer
103452,Sonstiges
46196,Kunststoff/Metall/Holz/Glas/Keramik-Verarbeitung
13223,Automotive & Zulieferer
88400,Sonstiges
99080,Maschinen- & Anlagenbau
104370,Sonstiges
20742,Elektro & Mess-Regeltechnik
113069,Sonstiges
1002812,Maschinen- & Anlagenbau
60380,Automotive & Zulieferer
1043340,Maschinen- & Anlagenbau
20390,Kunststoff/Metall/Holz/Glas/Keramik-Verarbeitung
26136,Maschinen- & Anlagenbau
118544,Elektro & Mess-Regeltechnik
1102517,Maschinen- & Anlagenbau
98325,Sonstiges
106235,Sonstiges
21835,Elektro & Mess-Regeltechnik
45962,Maschinen- & Anlagenbau
100044,Kunststoff/Metall/Holz/Glas/Keramik-Verarbeitung
1018878,Sonstiges
77779,Sonstiges
88855,Maschinen- & Anlagenbau
101242,Sonstiges
76753,Sonstiges
52462,Sonstiges
65299,Kunststoff/Metall/Holz/Glas/Keramik-Verarbeitung
47502,Automotive & Zulieferer
94125,Sonstiges
118659,Maschinen- & Anlagenbau
103904,Sonstiges
1011189,Sonstiges
48833,Sonstiges
3370,Sonstiges
4311,Sonstiges
13554,Sonstiges
19399,Sonstiges
28003,Chemie & Raffinerie
28745,Maschinen- & Anlagenbau
30821,Sonstiges
31655,Sonstiges
37223,Sonstiges
40232,Sonstiges
41574,Sonstiges
45853,Sonstiges
50967,Maschinen- & Anlagenbau
51586,Sonstiges
52792,Sonstiges
54853,Maschinen- & Anlagenbau
55057,Sonstiges
57323,Sonstiges
57870,Sonstiges
57973,Kunststoff/Metall/Holz/Glas/Keramik-Verarbeitung
67218,Maschinen- & Anlagenbau
68465,Sonstiges
70352,Maschinen- & Anlagenbau
70910,Sonstiges
76366,Maschinen- & Anlagenbau
76492,Automotive & Zulieferer
77992,Sonstiges
78697,Sonstiges
80018,Maschinen- & Anlagenbau
82004,Sonstiges
82362,Sonstiges
83292,Sonstiges
85119,Sonstiges
85301,Elektro & Mess-Regeltechnik
85664,Sonstiges
87668,Maschinen- & Anlagenbau
88361,Maschinen- & Anlagenbau
88768,Sonstiges
89138,Kunststoff/Metall/Holz/Glas/Keramik-Verarbeitung
89163,Sonstiges
89927,Sonstiges
90791,Sonstiges
92682,Automotive & Zulieferer
96863,Automotive & Zulieferer
97189,Automotive & Zulieferer
98438,Sonstiges
98703,Maschinen- & Anlagenbau
98933,Sonstiges
100560,Elektro & Mess-Regeltechnik
102197,Sonstiges
102677,Sonstiges
102749,Sonstiges
102897,Sonstiges
104151,Kunststoff/Metall/Holz/Glas/Keramik-Verarbeitung
104764,Luft- & Raumfahrt & Zulieferer
104943,Sonstiges
108664,Maschinen- & Anlagenbau
109783,Sonstiges
110015,Medical
112188,Sonstiges
113205,Sonstiges
113226,Sonstiges
113367,Sonstiges
113515,Sonstiges
113558,Sonstiges
113788,Sonstiges
113792,Sonstiges
113806,Sonstiges
114147,Sonstiges
114157,Maschinen- & Anlagenbau
114168,Sonstiges
114389,Sonstiges
114433,Sonstiges
114435,Sonstiges
114438,Sonstiges
114490,Sonstiges
114609,Sonstiges
114652,Sonstiges
110322,Sonstiges
69763,Sonstiges
113578,Maschinen- & Anlagenbau
67607,Sonstiges
71061,Sonstiges
4194,Sonstiges
50417,Maschinen- & Anlagenbau
117788,Sonstiges
122896,Sonstiges
21344,Kunststoff/Metall/Holz/Glas/Keramik-Verarbeitung
15388,Kunststoff/Metall/Holz/Glas/Keramik-Verarbeitung
12579,Elektro & Mess-Regeltechnik
1041474,Handel
113011,Sonstiges
21848,Sonstiges
99168,Sonstiges
87645,Sonstiges
4445,Sonstiges
86738,Sonstiges
102400,Sonstiges
120618,Kunststoff/Metall/Holz/Glas/Keramik-Verarbeitung
120874,Kunststoff/Metall/Holz/Glas/Keramik-Verarbeitung
121135,Kunststoff/Metall/Holz/Glas/Keramik-Verarbeitung
121643,Sonstiges
27168,Kunststoff/Metall/Holz/Glas/Keramik-Verarbeitung
16348,Handel
18432,Kunststoff/Metall/Holz/Glas/Keramik-Verarbeitung
75700,Sonstiges
95762,Sonstiges
116707,Sonstiges
119622,Maschinen- & Anlagenbau
77462,Sonstiges
127477,Defence
120036,Kunststoff/Metall/Holz/Glas/Keramik-Verarbeitung
6774,Halbleiter & Mikroelektronik
86526,Sonstiges
33257,Sonstiges
90556,Automotive & Zulieferer
91943,Kunststoff/Metall/Holz/Glas/Keramik-Verarbeitung
34919,Elektro & Mess-Regeltechnik
27049,Sonstiges
61424,Maschinen- & Anlagenbau
36194,Sonstiges
12989,Sonstiges
13531,Automotive & Zulieferer
46584,Sonstiges
79099,Sonstiges
84063,Elektro & Mess-Regeltechnik
84989,Sonstiges
91728,Sonstiges
101910,Sonstiges
106962,Sonstiges
108515,Kunststoff/Metall/Holz/Glas/Keramik-Verarbeitung
111814,Sonstiges
113024,Sonstiges
113790,Sonstiges
92624,Elektro & Mess-Regeltechnik
81853,Sonstiges
120686,Sonstiges
95855,Sonstiges
11376,Elektro & Mess-Regeltechnik
29046,Sonstiges
49873,Sonstiges
75921,Sonstiges
121532,Kalibrierlabore & Zertifizierungsstellen
56482,Maschinen- & Anlagenbau
58093,Sonstiges
76702,Maschinen- & Anlagenbau
66346,Sonstiges
68670,Kunststoff/Metall/Holz/Glas/Keramik-Verarbeitung
21531,Sonstiges
27613,Sonstiges
54298,Klima & Heizung (Facility)
91725,Sonstiges
109639,Sonstiges
113045,Automotive & Zulieferer
113130,Sonstiges
114079,Sonstiges
114320,Sonstiges
88570,Kunststoff/Metall/Holz/Glas/Keramik-Verarbeitung
11358,Sonstiges
77778,Sonstiges
97213,Sonstiges
38104,Maschinen- & Anlagenbau
84343,Sonstiges
90148,Sonstiges
108903,Sonstiges
84581,Kunststoff/Metall/Holz/Glas/Keramik-Verarbeitung
119191,Maschinen- & Anlagenbau
120455,Automotive & Zulieferer
62580,Sonstiges
77257,Sonstiges
88773,Sonstiges
1007065,Elektro & Mess-Regeltechnik
115002,Sonstiges
60045,Kunststoff/Metall/Holz/Glas/Keramik-Verarbeitung
27894,Klima & Heizung (Facility)
18814,Kunststoff/Metall/Holz/Glas/Keramik-Verarbeitung
24530,Kunststoff/Metall/Holz/Glas/Keramik-Verarbeitung
80129,Sonstiges
86534,Maschinen- & Anlagenbau
89860,Sonstiges
93938,Sonstiges
96397,Sonstiges
105092,Sonstiges
107052,Sonstiges
112405,Sonstiges
112881,Sonstiges
114169,Sonstiges
24267,Sonstiges
83262,Automotive & Zulieferer
86853,Kunststoff/Metall/Holz/Glas/Keramik-Verarbeitung
98141,Sonstiges
40269,Elektro & Mess-Regeltechnik
44338,Sonstiges
116706,Automotive & Zulieferer
86340,Sonstiges
101272,Sonstiges
112845,Kunststoff/Metall/Holz/Glas/Keramik-Verarbeitung
52661,Handel
49015,Sonstiges
51742,Sonstiges
1011756,Maschinen- & Anlagenbau
62077,Elektro & Mess-Regeltechnik
70698,Handel
98178,Handel
63212,Sonstiges
22638,Sonstiges
22950,Elektro & Mess-Regeltechnik
80919,Sonstiges
88136,Sonstiges
17548,Kunststoff/Metall/Holz/Glas/Keramik-Verarbeitung
89568,Handel
95085,Sonstiges
104952,Sonstiges
91761,Maschinen- & Anlagenbau
4711,Kunststoff/Metall/Holz/Glas/Keramik-Verarbeitung
32764,Kunststoff/Metall/Holz/Glas/Keramik-Verarbeitung
68296,Sonstiges
1043810,Maschinen- & Anlagenbau
23822,Maschinen- & Anlagenbau
122804,Sonstiges
1021682,Handel
114339,Sonstiges
70199,Medical
14537,Kunststoff/Metall/Holz/Glas/Keramik-Verarbeitung
19572,Sonstiges
120122,Maschinen- & Anlagenbau
122893,Maschinen- & Anlagenbau
22591,Maschinen- & Anlagenbau
29331,Kunststoff/Metall/Holz/Glas/Keramik-Verarbeitung
52633,Elektro & Mess-Regeltechnik
98891,Sonstiges
114172,Sonstiges
114680,Chemie & Raffinerie
12723,Chemie & Raffinerie
92833,Maschinen- & Anlagenbau
50670,Maschinen- & Anlagenbau
24199,Medical
35064,Maschinen- & Anlagenbau
37551,Maschinen- & Anlagenbau
52747,Sonstiges
97945,Sonstiges
102776,Sonstiges
103399,Sonstiges
108295,Energie
114206,Automotive & Zulieferer
114560,Sonstiges
1006471,Sonstiges
79970,Sonstiges
1001727,Handel
91350,Maschinen- & Anlagenbau
89249,Sonstiges
85058,Sonstiges
22265,Sonstiges
95729,Sonstiges
12297,Handel
18299,Maschinen- & Anlagenbau
28826,Maschinen- & Anlagenbau
49042,Maschinen- & Anlagenbau
94009,Sonstiges
105235,Sonstiges
106591,Sonstiges
114167,Sonstiges
122241,Defence
3403,Sonstiges
48532,Kunststoff/Metall/Holz/Glas/Keramik-Verarbeitung
80315,Sonstiges
80806,Sonstiges
104923,Sonstiges
85211,Sonstiges
100519,Elektro & Mess-Regeltechnik
129113,Handel
89925,Sonstiges
1053357,Pharma
91812,Kunststoff/Metall/Holz/Glas/Keramik-Verarbeitung
54789,Sonstiges
13936,Kunststoff/Metall/Holz/Glas/Keramik-Verarbeitung
111276,Handel
111932,Sonstiges
119104,Sonstiges
45766,Maschinen- & Anlagenbau
35685,Handel
84387,Sonstiges
92768,Sonstiges
42946,Handel
1000595,Kunststoff/Metall/Holz/Glas/Keramik-Verarbeitung
58570,Sonstiges
77389,Sonstiges
11094,Kunststoff/Metall/Holz/Glas/Keramik-Verarbeitung
24356,Automotive & Zulieferer
26794,Maschinen- & Anlagenbau
90018,Maschinen- & Anlagenbau
2429,Sonstiges
85439,Sonstiges
104055,Maschinen- & Anlagenbau
1565559,Halbleiter & Mikroelektronik
80406,Sonstiges
119736,Automotive & Zulieferer
120732,Kunststoff/Metall/Holz/Glas/Keramik-Verarbeitung
114848,Sonstiges
19215,Handel
15375,Kunststoff/Metall/Holz/Glas/Keramik-Verarbeitung
79816,Sonstiges
81982,Sonstiges
107334,Sonstiges
3070,Maschinen- & Anlagenbau
54599,Sonstiges
110250,Sonstiges
115813,Sonstiges
3659,Sonstiges
4560,Sonstiges
33601,Handel
39071,Sonstiges
51537,Sonstiges
58743,Maschinen- & Anlagenbau
80278,Maschinen- & Anlagenbau
90484,Luft- & Raumfahrt & Zulieferer
105552,Sonstiges
111979,Automotive & Zulieferer
112270,Kunststoff/Metall/Holz/Glas/Keramik-Verarbeitung
113371,Sonstiges
124852,Handel
116711,Kunststoff/Metall/Holz/Glas/Keramik-Verarbeitung
114575,Sonstiges
1015154,Kunststoff/Metall/Holz/Glas/Keramik-Verarbeitung
114445,Sonstiges
2304,Sonstiges
5142,Sonstiges
15200,Sonstiges
57023,Sonstiges
57370,Sonstiges
67187,Sonstiges
86674,Sonstiges
92260,Sonstiges
95545,Sonstiges
102524,Sonstiges
113293,Sonstiges
22242,Elektro & Mess-Regeltechnik
46205,Handel
96191,Maschinen- & Anlagenbau
96478,Sonstiges
112344,Sonstiges
116554,Maschinen- & Anlagenbau
31215,Kunststoff/Metall/Holz/Glas/Keramik-Verarbeitung
11759,Elektro & Mess-Regeltechnik
18846,Sonstiges
54877,Sonstiges
55254,Sonstiges
56300,Sonstiges
66451,Sonstiges
67311,Sonstiges
70045,Sonstiges
77576,Kunststoff/Metall/Holz/Glas/Keramik-Verarbeitung
79595,Kunststoff/Metall/Holz/Glas/Keramik-Verarbeitung
80529,Kunststoff/Metall/Holz/Glas/Keramik-Verarbeitung
85576,Sonstiges
88748,Sonstiges
95530,Sonstiges
104549,Sonstiges
108092,Sonstiges
111623,Sonstiges
3038,Sonstiges
102940,Sonstiges
114105,Sonstiges
121033,Sonstiges
122337,Sonstiges
120917,Sonstiges
10040,Sonstiges
122895,Sonstiges
111300,Sonstiges
21373,Chemie & Raffinerie
43920,Kunststoff/Metall/Holz/Glas/Keramik-Verarbeitung
82451,Maschinen- & Anlagenbau
105492,Sonstiges
98174,Sonstiges
64250,Sonstiges
93049,Sonstiges
100893,Sonstiges
104611,Sonstiges
113086,Sonstiges
105606,Elektro & Mess-Regeltechnik
121395,Sonstiges
1013881,Sonstiges
118219,Sonstiges
120384,Kunststoff/Metall/Holz/Glas/Keramik-Verarbeitung
5688,Kunststoff/Metall/Holz/Glas/Keramik-Verarbeitung
59150,Kunststoff/Metall/Holz/Glas/Keramik-Verarbeitung
98974,Automotive & Zulieferer
120776,Kunststoff/Metall/Holz/Glas/Keramik-Verarbeitung
25472,Kunststoff/Metall/Holz/Glas/Keramik-Verarbeitung
1014944,Sonstiges
57009,Sonstiges
100718,Sonstiges
106045,Maschinen- & Anlagenbau
113334,Maschinen- & Anlagenbau
53499,Sonstiges
68383,Sonstiges
86410,Sonstiges
107955,Maschinen- & Anlagenbau
46666,Kunststoff/Metall/Holz/Glas/Keramik-Verarbeitung
42228,Elektro & Mess-Regeltechnik
93923,Kunststoff/Metall/Holz/Glas/Keramik-Verarbeitung
113037,Sonstiges
114597,Sonstiges
11371,Sonstiges
27016,Maschinen- & Anlagenbau
27914,Sonstiges
43172,Sonstiges
71427,Sonstiges
76641,Maschinen- & Anlagenbau
77010,Sonstiges
87014,Handel
94001,Sonstiges
105416,Maschinen- & Anlagenbau
113379,Sonstiges
113675,Sonstiges
114624,Sonstiges
1009586,Elektro & Mess-Regeltechnik
63344,Sonstiges
86617,Sonstiges
113684,Medical
14103,Kunststoff/Metall/Holz/Glas/Keramik-Verarbeitung
21611,Kunststoff/Metall/Holz/Glas/Keramik-Verarbeitung
32601,Kunststoff/Metall/Holz/Glas/Keramik-Verarbeitung
51779,Sonstiges
17917,Maschinen- & Anlagenbau
55253,Maschinen- & Anlagenbau
68212,Maschinen- & Anlagenbau
114684,Sonstiges
88609,Sonstiges
2278,Maschinen- & Anlagenbau
113439,Sonstiges
114161,Sonstiges
22478,Maschinen- & Anlagenbau
51553,Sonstiges
114112,Sonstiges
3846,Kunststoff/Metall/Holz/Glas/Keramik-Verarbeitung
121948,Sonstiges
119253,Sonstiges
116165,Automotive & Zulieferer
57598,Sonstiges
1014428,Handel
49993,Sonstiges
47639,Maschinen- & Anlagenbau
11845,Sonstiges
77858,Sonstiges
97418,Sonstiges
53948,Automotive & Zulieferer
1050093,Elektro & Mess-Regeltechnik
2005,Sonstiges
15838,Handel
64653,Sonstiges
83989,Sonstiges
112984,Sonstiges
114700,Sonstiges
92721,Sonstiges
118897,Maschinen- & Anlagenbau
82571,Maschinen- & Anlagenbau
121343,Elektro & Mess-Regeltechnik
124027,Maschinen- & Anlagenbau
78760,Kunststoff/Metall/Holz/Glas/Keramik-Verarbeitung
113398,Maschinen- & Anlagenbau
52968,Sonstiges
83673,Maschinen- & Anlagenbau
104146,Maschinen- & Anlagenbau
105741,Kunststoff/Metall/Holz/Glas/Keramik-Verarbeitung
127963,Kunststoff/Metall/Holz/Glas/Keramik-Verarbeitung
128758,Kunststoff/Metall/Holz/Glas/Keramik-Verarbeitung
12905,Sonstiges
3077,Kunststoff/Metall/Holz/Glas/Keramik-Verarbeitung
12738,Sonstiges
16120,Maschinen- & Anlagenbau
67058,Sonstiges
77520,Sonstiges
100266,Sonstiges
3170,Defence
50473,Kunststoff/Metall/Holz/Glas/Keramik-Verarbeitung
122401,Sonstiges
15577,Sonstiges
20378,Sonstiges
81408,Sonstiges
79496,Sonstiges
2747,Maschinen- & Anlagenbau
90926,Sonstiges
24331,Sonstiges
93781,Kunststoff/Metall/Holz/Glas/Keramik-Verarbeitung
1101701,Kunststoff/Metall/Holz/Glas/Keramik-Verarbeitung
1045542,Handel
94323,Kunststoff/Metall/Holz/Glas/Keramik-Verarbeitung
50957,Kunststoff/Metall/Holz/Glas/Keramik-Verarbeitung
82481,Elektro & Mess-Regeltechnik
94438,Sonstiges
1297,Kunststoff/Metall/Holz/Glas/Keramik-Verarbeitung
14619,Sonstiges
51808,Maschinen- & Anlagenbau
68330,Sonstiges
90123,Sonstiges
95115,Sonstiges
99181,Sonstiges
99677,Sonstiges
105946,Sonstiges
113809,Sonstiges
114126,Sonstiges
102438,Sonstiges
13289,Kunststoff/Metall/Holz/Glas/Keramik-Verarbeitung
4209,Maschinen- & Anlagenbau
19108,Sonstiges
68358,Sonstiges
68608,Sonstiges
70550,Sonstiges
83861,Sonstiges
87338,Sonstiges
99085,Sonstiges
100852,Sonstiges
114638,Luft- & Raumfahrt & Zulieferer
1008970,Maschinen- & Anlagenbau
1601690,Automotive & Zulieferer
56340,Kunststoff/Metall/Holz/Glas/Keramik-Verarbeitung
128013,Handel
1054230,Handel
1563802,Sonstiges
30383,Sonstiges
86531,Sonstiges
27845,Maschinen- & Anlagenbau
1053561,Kalibrierlabore & Zertifizierungsstellen
121760,Sonstiges
120600,Sonstiges
26189,Kunststoff/Metall/Holz/Glas/Keramik-Verarbeitung
15104,Kunststoff/Metall/Holz/Glas/Keramik-Verarbeitung
83588,Luft- & Raumfahrt & Zulieferer
120255,Sonstiges
99021,Sonstiges
112991,Medical
1049727,Kunststoff/Metall/Holz/Glas/Keramik-Verarbeitung
39310,Sonstiges
53224,Kunststoff/Metall/Holz/Glas/Keramik-Verarbeitung
110350,Elektro & Mess-Regeltechnik
19229,Elektro & Mess-Regeltechnik
25096,Sonstiges
50489,Maschinen- & Anlagenbau
59739,Sonstiges
17481,Maschinen- & Anlagenbau
113938,Sonstiges
77818,Sonstiges
123062,Sonstiges
31477,Sonstiges
47637,Automotive & Zulieferer
51941,Maschinen- & Anlagenbau
63474,Sonstiges
68086,Sonstiges
109044,Sonstiges
113089,Sonstiges
113680,Sonstiges
114242,Sonstiges
114344,Sonstiges
97998,Automotive & Zulieferer
122289,Kunststoff/Metall/Holz/Glas/Keramik-Verarbeitung
119791,Kunststoff/Metall/Holz/Glas/Keramik-Verarbeitung
120590,Sonstiges
89489,Sonstiges
23189,Maschinen- & Anlagenbau
55152,Kunststoff/Metall/Holz/Glas/Keramik-Verarbeitung
18898,Sonstiges
108675,Kunststoff/Metall/Holz/Glas/Keramik-Verarbeitung
32012,Maschinen- & Anlagenbau
13342,Elektro & Mess-Regeltechnik
96687,Sonstiges
122040,Sonstiges
78215,Sonstiges
101745,Sonstiges
119463,Sonstiges
52063,Sonstiges
120617,Elektro & Mess-Regeltechnik
29640,Sonstiges
1053866,Handel
27984,Sonstiges
117145,Sonstiges
111744,Sonstiges
1049338,Maschinen- & Anlagenbau
68867,Kunststoff/Metall/Holz/Glas/Keramik-Verarbeitung
54686,Sonstiges
113483,Sonstiges
36289,Sonstiges
63125,Sonstiges
83290,Maschinen- & Anlagenbau
113129,Kunststoff/Metall/Holz/Glas/Keramik-Verarbeitung
113681,Sonstiges
118560,Sonstiges
49952,Sonstiges
56979,Pharma
20720,Automotive & Zulieferer
97434,Defence
113286,Sonstiges
2663,Kalibrierlabore & Zertifizierungsstellen
80654,Sonstiges
88076,Sonstiges
113235,Sonstiges
70714,Sonstiges
79536,Maschinen- & Anlagenbau
113966,Sonstiges
114093,Elektro & Mess-Regeltechnik
114664,Kunststoff/Metall/Holz/Glas/Keramik-Verarbeitung
117859,Sonstiges
56752,Handel
66964,Sonstiges
85872,Sonstiges
118231,Sonstiges
86112,Kunststoff/Metall/Holz/Glas/Keramik-Verarbeitung
106892,Sonstiges
100629,Sonstiges
92262,Sonstiges
100045,Maschinen- & Anlagenbau
111447,Handel
120061,Sonstiges
94687,Automotive & Zulieferer
98121,Automotive & Zulieferer
108073,Automotive & Zulieferer
3574,Automotive & Zulieferer
26254,Sonstiges
82696,Sonstiges
111183,Maschinen- & Anlagenbau
179,Automotive & Zulieferer
121564,Kunststoff/Metall/Holz/Glas/Keramik-Verarbeitung
115722,Sonstiges
117831,Sonstiges
1002245,Sonstiges
58001,Sonstiges
59221,Sonstiges
116425,Sonstiges
117083,Kunststoff/Metall/Holz/Glas/Keramik-Verarbeitung
118047,Sonstiges
110254,Maschinen- & Anlagenbau
110837,Sonstiges
25199,Sonstiges
80312,Sonstiges
26109,Sonstiges
54086,Kunststoff/Metall/Holz/Glas/Keramik-Verarbeitung
84660,Sonstiges
90313,Kunststoff/Metall/Holz/Glas/Keramik-Verarbeitung
103085,Kunststoff/Metall/Holz/Glas/Keramik-Verarbeitung
108786,Sonstiges
122657,Sonstiges
113945,Sonstiges
114029,Sonstiges
114688,Sonstiges
117008,Sonstiges
84237,Sonstiges
92730,Maschinen- & Anlagenbau
103464,Sonstiges
1052109,Maschinen- & Anlagenbau
98219,Automotive & Zulieferer
100832,Automotive & Zulieferer
102887,Automotive & Zulieferer
108953,Automotive & Zulieferer
110955,Automotive & Zulieferer
113725,Automotive & Zulieferer
113995,Automotive & Zulieferer
98558,Sonstiges
114600,Sonstiges
1047463,Kunststoff/Metall/Holz/Glas/Keramik-Verarbeitung
59613,Maschinen- & Anlagenbau
33484,Kunststoff/Metall/Holz/Glas/Keramik-Verarbeitung
35596,Kunststoff/Metall/Holz/Glas/Keramik-Verarbeitung
37777,Kunststoff/Metall/Holz/Glas/Keramik-Verarbeitung
93864,Sonstiges
102929,Sonstiges
105735,Sonstiges
113567,Kunststoff/Metall/Holz/Glas/Keramik-Verarbeitung
95105,Kunststoff/Metall/Holz/Glas/Keramik-Verarbeitung
11148,Maschinen- & Anlagenbau
1016449,Kunststoff/Metall/Holz/Glas/Keramik-Verarbeitung
58571,Sonstiges
122400,Medical
113714,Sonstiges
15957,Kunststoff/Metall/Holz/Glas/Keramik-Verarbeitung
97890,Kunststoff/Metall/Holz/Glas/Keramik-Verarbeitung
120954,Sonstiges
49191,Sonstiges
95478,Sonstiges
114062,Sonstiges
13336,Sonstiges
14261,Kunststoff/Metall/Holz/Glas/Keramik-Verarbeitung
15612,Sonstiges
20263,Handel
21485,Sonstiges
38882,Sonstiges
39760,Kunststoff/Metall/Holz/Glas/Keramik-Verarbeitung
56741,Sonstiges
57716,Sonstiges
59988,Maschinen- & Anlagenbau
68334,Sonstiges
69037,Sonstiges
69379,Automotive & Zulieferer
71308,Maschinen- & Anlagenbau
77564,Sonstiges
81677,Sonstiges
82385,Sonstiges
83207,Sonstiges
83904,Sonstiges
85246,Kunststoff/Metall/Holz/Glas/Keramik-Verarbeitung
86761,Sonstiges
87521,Sonstiges
90007,Medical
90022,Maschinen- & Anlagenbau
90981,Sonstiges
92940,Sonstiges
95456,Sonstiges
98261,Sonstiges
98691,Sonstiges
100746,Sonstiges
107213,Maschinen- & Anlagenbau
107379,Sonstiges
108646,Automotive & Zulieferer
109132,Sonstiges
113430,Sonstiges
113432,Sonstiges
114023,Sonstiges
114290,Sonstiges
117529,Sonstiges
119766,Sonstiges
10150,Handel
111459,Kalibrierlabore & Zertifizierungsstellen
1313,Kunststoff/Metall/Holz/Glas/Keramik-Verarbeitung
79937,Sonstiges
95313,Sonstiges
35044,Sonstiges
57282,Sonstiges
76312,Sonstiges
114231,Sonstiges
109670,Sonstiges
31254,Sonstiges
31753,Kunststoff/Metall/Holz/Glas/Keramik-Verarbeitung
49944,Sonstiges
58697,Sonstiges
77761,Automotive & Zulieferer
81005,Automotive & Zulieferer
81037,Sonstiges
84672,Elektro & Mess-Regeltechnik
102835,Sonstiges
104452,Sonstiges
106476,Automotive & Zulieferer
113670,Sonstiges
114672,Sonstiges
77406,Sonstiges
92249,Sonstiges
121936,Medical
51004,Maschinen- & Anlagenbau
129308,Handel
90242,Sonstiges
101091,Sonstiges
118893,Sonstiges
124379,Maschinen- & Anlagenbau
66706,Sonstiges
100319,Kunststoff/Metall/Holz/Glas/Keramik-Verarbeitung
104150,Sonstiges
110095,Sonstiges
53237,Sonstiges
53942,Sonstiges
55556,Sonstiges
59335,Sonstiges
64776,Maschinen- & Anlagenbau
81684,Sonstiges
82289,Sonstiges
88475,Sonstiges
89828,Sonstiges
93296,Sonstiges
106503,Sonstiges
106622,Sonstiges
106921,Sonstiges
107353,Sonstiges
114155,Sonstiges
3446,Sonstiges
40973,Sonstiges
64519,Sonstiges
76114,Kunststoff/Metall/Holz/Glas/Keramik-Verarbeitung
87914,Sonstiges
111486,Sonstiges
1044128,Maschinen- & Anlagenbau
1278,Maschinen- & Anlagenbau
86009,Automotive & Zulieferer
1048143,Kunststoff/Metall/Holz/Glas/Keramik-Verarbeitung
1563389,Sonstiges
28257,Sonstiges
53705,Chemie & Raffinerie
67277,Sonstiges
50342,Sonstiges
87956,Sonstiges
120905,Maschinen- & Anlagenbau
121389,Sonstiges
21137,Handel
52635,Maschinen- & Anlagenbau
86610,Maschinen- & Anlagenbau
99390,Kunststoff/Metall/Holz/Glas/Keramik-Verarbeitung
54977,Automotive & Zulieferer
111886,Sonstiges
122352,Sonstiges
122539,Kunststoff/Metall/Holz/Glas/Keramik-Verarbeitung
122810,Sonstiges
128097,Handel
117865,Sonstiges
108992,Sonstiges
62181,Medical
12577,Maschinen- & Anlagenbau
13512,Sonstiges
31163,Kunststoff/Metall/Holz/Glas/Keramik-Verarbeitung
48753,Sonstiges
56464,Pharma
63388,Sonstiges
83514,Sonstiges
86107,Sonstiges
87330,Kunststoff/Metall/Holz/Glas/Keramik-Verarbeitung
91534,Automotive & Zulieferer
105987,Sonstiges
113174,Maschinen- & Anlagenbau
114165,Sonstiges
120338,Automotive & Zulieferer
54961,Kunststoff/Metall/Holz/Glas/Keramik-Verarbeitung
119326,Handel
120714,Kunststoff/Metall/Holz/Glas/Keramik-Verarbeitung
1013816,Maschinen- & Anlagenbau
1048957,Kunststoff/Metall/Holz/Glas/Keramik-Verarbeitung
12677,Sonstiges
89577,Luft- & Raumfahrt & Zulieferer
101637,Kunststoff/Metall/Holz/Glas/Keramik-Verarbeitung
127398,Handel
1016409,Kunststoff/Metall/Holz/Glas/Keramik-Verarbeitung
76745,Sonstiges
94902,Sonstiges
99376,Sonstiges
113276,Sonstiges
113611,Maschinen- & Anlagenbau
113906,Sonstiges
114616,Sonstiges
54181,Sonstiges
92890,Sonstiges
116552,Sonstiges
116976,Sonstiges
22761,Sonstiges
24891,Elektro & Mess-Regeltechnik
20966,Sonstiges
45527,Maschinen- & Anlagenbau
69174,Sonstiges
95533,Sonstiges
107643,Sonstiges
105398,Handel
126547,Handel
127618,Kunststoff/Metall/Holz/Glas/Keramik-Verarbeitung
1042426,Sonstiges
64767,Sonstiges
34291,Sonstiges
121841,Sonstiges
44899,Kunststoff/Metall/Holz/Glas/Keramik-Verarbeitung
59483,Sonstiges
1017491,Kunststoff/Metall/Holz/Glas/Keramik-Verarbeitung
68865,Sonstiges
94929,Sonstiges
107369,Sonstiges
113142,Maschinen- & Anlagenbau
114528,Sonstiges
13077,Maschinen- & Anlagenbau
53774,Sonstiges
79850,Sonstiges
104148,Maschinen- & Anlagenbau
112296,Sonstiges
82831,Defence
116429,Sonstiges
13249,Sonstiges
114598,Sonstiges
114777,Sonstiges
16996,Maschinen- & Anlagenbau
52192,Defence
90977,Sonstiges
109121,Sonstiges
81035,Sonstiges
100434,Sonstiges
97053,Kunststoff/Metall/Holz/Glas/Keramik-Verarbeitung
83234,Sonstiges
84081,Sonstiges
97632,Sonstiges
119596,Sonstiges
121319,Maschinen- & Anlagenbau
1052125,Handel
85257,Automotive & Zulieferer
118260,Sonstiges
118589,Kunststoff/Metall/Holz/Glas/Keramik-Verarbeitung
12116,Elektro & Mess-Regeltechnik
1009722,Chemie & Raffinerie
65849,Sonstiges
119078,Sonstiges
3201,Sonstiges
47543,Maschinen- & Anlagenbau
57242,Sonstiges
98693,Sonstiges
120789,Sonstiges
29956,Kunststoff/Metall/Holz/Glas/Keramik-Verarbeitung
80013,Sonstiges
80231,Maschinen- & Anlagenbau
120713,Sonstiges
1011953,Automotive & Zulieferer
43810,Sonstiges
51295,Kunststoff/Metall/Holz/Glas/Keramik-Verarbeitung
1020141,Automotive & Zulieferer
95911,Kunststoff/Metall/Holz/Glas/Keramik-Verarbeitung
94589,Sonstiges
116175,Sonstiges
42637,Sonstiges
109479,Sonstiges
53475,Sonstiges
62528,Automotive & Zulieferer
82761,Maschinen- & Anlagenbau
114368,Medical
37312,Kunststoff/Metall/Holz/Glas/Keramik-Verarbeitung
1021777,Kunststoff/Metall/Holz/Glas/Keramik-Verarbeitung
32070,Sonstiges
77792,Sonstiges
70626,Maschinen- & Anlagenbau
107521,Sonstiges
95759,Sonstiges
105897,Sonstiges
113887,Sonstiges
113939,Sonstiges
10816,Maschinen- & Anlagenbau
30656,Handel
42151,Sonstiges
82825,Kunststoff/Metall/Holz/Glas/Keramik-Verarbeitung
60706,Kunststoff/Metall/Holz/Glas/Keramik-Verarbeitung
83469,Handel
25109,Sonstiges
53607,Maschinen- & Anlagenbau
98319,Sonstiges
24994,Kunststoff/Metall/Holz/Glas/Keramik-Verarbeitung
38685,Sonstiges
124539,Sonstiges
57352,Maschinen- & Anlagenbau
14335,Sonstiges
15598,Maschinen- & Anlagenbau
56299,Sonstiges
108100,Sonstiges
68185,Sonstiges
109161,Elektro & Mess-Regeltechnik
118225,Handel
118364,Sonstiges
128309,Sonstiges
1051322,Handel
22879,Sonstiges
1044163,Maschinen- & Anlagenbau
51761,Elektro & Mess-Regeltechnik
52752,Sonstiges
82931,Sonstiges
83004,Sonstiges
110455,Sonstiges
113299,Sonstiges
114594,Sonstiges
32371,Maschinen- & Anlagenbau
15486,Medical
1011232,Kunststoff/Metall/Holz/Glas/Keramik-Verarbeitung
24177,Handel
44561,Elektro & Mess-Regeltechnik
37835,Automotive & Zulieferer
42102,Handel
84163,Luft- & Raumfahrt & Zulieferer
104970,Sonstiges
52452,Kunststoff/Metall/Holz/Glas/Keramik-Verarbeitung
56192,Sonstiges
76450,Maschinen- & Anlagenbau
77428,Sonstiges
100652,Automotive & Zulieferer
114340,Luft- & Raumfahrt & Zulieferer
113469,Maschinen- & Anlagenbau
33600,Kunststoff/Metall/Holz/Glas/Keramik-Verarbeitung
43386,Maschinen- & Anlagenbau
47126,Kunststoff/Metall/Holz/Glas/Keramik-Verarbeitung
54952,Kunststoff/Metall/Holz/Glas/Keramik-Verarbeitung
102933,Sonstiges
1015211,Handel
1043911,Automotive & Zulieferer
30584,Sonstiges
34786,Sonstiges
43309,Sonstiges
44846,Automotive & Zulieferer
46612,Sonstiges
51023,Sonstiges
54750,Sonstiges
57340,Sonstiges
78383,Automotive & Zulieferer
80273,Sonstiges
85118,Sonstiges
86252,Sonstiges
86439,Sonstiges
87963,Sonstiges
93983,Sonstiges
99850,Automotive & Zulieferer
102184,Sonstiges
102291,Sonstiges
104164,Sonstiges
107860,Kunststoff/Metall/Holz/Glas/Keramik-Verarbeitung
113342,Kunststoff/Metall/Holz/Glas/Keramik-Verarbeitung
113726,Maschinen- & Anlagenbau
114059,Sonstiges
114150,Energie
105969,Sonstiges
65504,Sonstiges
68640,Elektro & Mess-Regeltechnik
76550,Elektro & Mess-Regeltechnik
1012434,Halbleiter & Mikroelektronik
120603,Maschinen- & Anlagenbau
106890,Sonstiges
60388,Maschinen- & Anlagenbau
1050666,Kunststoff/Metall/Holz/Glas/Keramik-Verarbeitung
68833,Kunststoff/Metall/Holz/Glas/Keramik-Verarbeitung
85040,Medical
90677,Handel
87495,Energie
1041922,Sonstiges
1432,Kunststoff/Metall/Holz/Glas/Keramik-Verarbeitung
108523,Automotive & Zulieferer
114149,Sonstiges
42406,Sonstiges
83801,Sonstiges
1054086,Handel
1201065,Medical
18728,Kunststoff/Metall/Holz/Glas/Keramik-Verarbeitung
113395,Sonstiges
11584,Handel
113271,Sonstiges
16240,Kunststoff/Metall/Holz/Glas/Keramik-Verarbeitung
96211,Sonstiges
119818,Maschinen- & Anlagenbau
102523,Handel
49835,Sonstiges
14539,Handel
17259,Sonstiges
20765,Maschinen- & Anlagenbau
20900,Automotive & Zulieferer
21293,Maschinen- & Anlagenbau
64393,Sonstiges
69575,Sonstiges
82229,Sonstiges
98614,Sonstiges
105491,Sonstiges
84884,Sonstiges
92457,Sonstiges
108520,Maschinen- & Anlagenbau
110546,Sonstiges
10520,Kunststoff/Metall/Holz/Glas/Keramik-Verarbeitung
11652,Sonstiges
23146,Maschinen- & Anlagenbau
68691,Sonstiges
11865,Handel
10477,Kunststoff/Metall/Holz/Glas/Keramik-Verarbeitung
114474,Sonstiges
56449,Kunststoff/Metall/Holz/Glas/Keramik-Verarbeitung
114422,Kunststoff/Metall/Holz/Glas/Keramik-Verarbeitung
87104,Sonstiges
19895,Handel
83010,Sonstiges
1042301,Sonstiges
34076,Sonstiges
55774,Sonstiges
66016,Sonstiges
103110,Sonstiges
50167,Sonstiges
67136,Sonstiges
113382,Sonstiges
114646,Maschinen- & Anlagenbau
115216,Sonstiges
116126,Kunststoff/Metall/Holz/Glas/Keramik-Verarbeitung
116975,Sonstiges
117144,Maschinen- & Anlagenbau
63246,Sonstiges
89735,Maschinen- & Anlagenbau
94545,Maschinen- & Anlagenbau
105791,Sonstiges
108489,Sonstiges
110993,Sonstiges
112280,Klima & Heizung (Facility)
112520,Handel
113036,Sonstiges
1050912,Energie
31820,Handel
105211,Sonstiges
27474,Sonstiges
23816,Elektro & Mess-Regeltechnik
116909,Elektro & Mess-Regeltechnik
29191,Kunststoff/Metall/Holz/Glas/Keramik-Verarbeitung
124604,Chemie & Raffinerie
124752,Chemie & Raffinerie
126794,Handel
1053584,Sonstiges
1053888,Kunststoff/Metall/Holz/Glas/Keramik-Verarbeitung
61271,Maschinen- & Anlagenbau
1003743,Kunststoff/Metall/Holz/Glas/Keramik-Verarbeitung
1051210,Kunststoff/Metall/Holz/Glas/Keramik-Verarbeitung
40066,Automotive & Zulieferer
82376,Sonstiges
104064,Sonstiges
56026,Sonstiges
113584,Sonstiges
120347,Kunststoff/Metall/Holz/Glas/Keramik-Verarbeitung
121413,Sonstiges
12597,Kunststoff/Metall/Holz/Glas/Keramik-Verarbeitung
47312,Sonstiges
16169,Chemie & Raffinerie
79425,Handel
80020,Defence
126558,Handel
126696,Handel
127326,Handel
1053762,Automotive & Zulieferer
79397,Maschinen- & Anlagenbau
86109,Maschinen- & Anlagenbau
49245,Sonstiges
69029,Handel
74007,Handel
80957,Handel
106119,Sonstiges
76765,Sonstiges
112650,Sonstiges
50944,Kunststoff/Metall/Holz/Glas/Keramik-Verarbeitung
83313,Sonstiges
93464,Maschinen- & Anlagenbau
112988,Kunststoff/Metall/Holz/Glas/Keramik-Verarbeitung
113062,Sonstiges
113634,Energie
113857,Sonstiges
114599,Sonstiges
16472,Sonstiges
30033,Maschinen- & Anlagenbau
84865,Sonstiges
98293,Sonstiges
100818,Sonstiges
1001398,Kunststoff/Metall/Holz/Glas/Keramik-Verarbeitung
1564465,Maschinen- & Anlagenbau
3570,Maschinen- & Anlagenbau
80380,Sonstiges
105917,Sonstiges
78055,Handel
59385,Sonstiges
98656,Sonstiges
114480,Sonstiges
115330,Sonstiges
115866,Sonstiges
112350,Sonstiges
114570,Sonstiges
100572,Maschinen- & Anlagenbau
1015747,Handel
28426,Sonstiges
18566,Kunststoff/Metall/Holz/Glas/Keramik-Verarbeitung
110150,Sonstiges
111609,Sonstiges
11797,Kunststoff/Metall/Holz/Glas/Keramik-Verarbeitung
29700,Kunststoff/Metall/Holz/Glas/Keramik-Verarbeitung
1920,Kunststoff/Metall/Holz/Glas/Keramik-Verarbeitung
24426,Kunststoff/Metall/Holz/Glas/Keramik-Verarbeitung
27735,Sonstiges
39388,Sonstiges
66665,Sonstiges
78328,Sonstiges
78646,Sonstiges
79201,Sonstiges
89254,Sonstiges
94416,Sonstiges
112427,Sonstiges
122621,Sonstiges
122819,Sonstiges
123088,Maschinen- & Anlagenbau
123383,Maschinen- & Anlagenbau
24629,Sonstiges
77854,Elektro & Mess-Regeltechnik
114596,Sonstiges
51650,Kunststoff/Metall/Holz/Glas/Keramik-Verarbeitung
121399,Maschinen- & Anlagenbau
1000184,Kunststoff/Metall/Holz/Glas/Keramik-Verarbeitung
1052950,Handel
12991,Chemie & Raffinerie
32920,Kunststoff/Metall/Holz/Glas/Keramik-Verarbeitung
101945,Kunststoff/Metall/Holz/Glas/Keramik-Verarbeitung
27421,Sonstiges
88282,Sonstiges
96553,Medical
100317,Kunststoff/Metall/Holz/Glas/Keramik-Verarbeitung
100667,Sonstiges
115926,Sonstiges
116306,Sonstiges
116398,Kunststoff/Metall/Holz/Glas/Keramik-Verarbeitung
117043,Sonstiges
117194,Sonstiges
108908,Maschinen- & Anlagenbau
48199,Maschinen- & Anlagenbau
28364,Elektro & Mess-Regeltechnik
109453,Kunststoff/Metall/Holz/Glas/Keramik-Verarbeitung
95874,Sonstiges
113180,Sonstiges
1050487,Kunststoff/Metall/Holz/Glas/Keramik-Verarbeitung
114458,Sonstiges
22514,Sonstiges
53680,Kunststoff/Metall/Holz/Glas/Keramik-Verarbeitung
54994,Sonstiges
79023,Sonstiges
82383,Sonstiges
90817,Sonstiges
102769,Sonstiges
103718,Sonstiges
107509,Sonstiges
50389,Sonstiges
71202,Sonstiges
103025,Maschinen- & Anlagenbau
116066,Defence
85651,Maschinen- & Anlagenbau
57155,Sonstiges
82042,Sonstiges
94446,Sonstiges
96171,Sonstiges
17177,Sonstiges
79757,Sonstiges
119046,Sonstiges
51103,Elektro & Mess-Regeltechnik
54924,Kunststoff/Metall/Holz/Glas/Keramik-Verarbeitung
65715,Automotive & Zulieferer
85656,Sonstiges
110910,Elektro & Mess-Regeltechnik
111237,Sonstiges
113549,Sonstiges
114173,Sonstiges
114185,Sonstiges
114543,Sonstiges
49958,Sonstiges
80578,Defence
87416,Sonstiges
90136,Sonstiges
96505,Sonstiges
121221,Sonstiges
121514,Sonstiges
118402,Kunststoff/Metall/Holz/Glas/Keramik-Verarbeitung
19833,Automotive & Zulieferer
46484,Sonstiges
53432,Sonstiges
62033,Elektro & Mess-Regeltechnik
68779,Automotive & Zulieferer
70658,Sonstiges
76262,Sonstiges
81814,Sonstiges
90365,Sonstiges
93045,Sonstiges
94785,Maschinen- & Anlagenbau
97984,Sonstiges
113484,Sonstiges
114471,Sonstiges
17860,Handel
111802,Kunststoff/Metall/Holz/Glas/Keramik-Verarbeitung
115243,Sonstiges
6893,Maschinen- & Anlagenbau
123171,Sonstiges
12431,Elektro & Mess-Regeltechnik
18700,Automotive & Zulieferer
21167,Kunststoff/Metall/Holz/Glas/Keramik-Verarbeitung
22249,Sonstiges
24323,Maschinen- & Anlagenbau
25913,Sonstiges
32458,Elektro & Mess-Regeltechnik
35561,Sonstiges
35647,Kunststoff/Metall/Holz/Glas/Keramik-Verarbeitung
37113,Medical
39367,Kunststoff/Metall/Holz/Glas/Keramik-Verarbeitung
39806,Sonstiges
43488,Kunststoff/Metall/Holz/Glas/Keramik-Verarbeitung
57055,Sonstiges
59334,Pharma
59644,Sonstiges
65562,Sonstiges
68825,Sonstiges
69179,Sonstiges
76136,Sonstiges
80157,Sonstiges
81065,Sonstiges
87704,Maschinen- & Anlagenbau
88241,Sonstiges
90187,Sonstiges
95352,Sonstiges
97096,Sonstiges
97254,Automotive & Zulieferer
98071,Sonstiges
99446,Kunststoff/Metall/Holz/Glas/Keramik-Verarbeitung
101084,Sonstiges
103505,Maschinen- & Anlagenbau
105077,Sonstiges
107060,Sonstiges
112558,Elektro & Mess-Regeltechnik
114406,Maschinen- & Anlagenbau
114963,Handel
116103,Sonstiges
108237,Sonstiges
1014035,Maschinen- & Anlagenbau
115738,Sonstiges
116575,Handel
1010130,Sonstiges
6578,Kunststoff/Metall/Holz/Glas/Keramik-Verarbeitung
13131,Kunststoff/Metall/Holz/Glas/Keramik-Verarbeitung
30770,Sonstiges
33456,Sonstiges
34014,Sonstiges
37681,Kunststoff/Metall/Holz/Glas/Keramik-Verarbeitung
57958,Sonstiges
69311,Kunststoff/Metall/Holz/Glas/Keramik-Verarbeitung
75857,Sonstiges
78340,Sonstiges
81395,Sonstiges
82817,Sonstiges
91912,Kunststoff/Metall/Holz/Glas/Keramik-Verarbeitung
94575,Kunststoff/Metall/Holz/Glas/Keramik-Verarbeitung
100446,Sonstiges
111152,Sonstiges
113054,Maschinen- & Anlagenbau
113173,Sonstiges
113861,Sonstiges
113968,Sonstiges
114564,Sonstiges
89921,Handel
1052407,Maschinen- & Anlagenbau
63323,Sonstiges
5651,Sonstiges
22288,Sonstiges
63216,Sonstiges
94276,Sonstiges
100300,Sonstiges
107727,Sonstiges
110929,Sonstiges
12750,Sonstiges
33416,Elektro & Mess-Regeltechnik
99741,Sonstiges
120320,Kunststoff/Metall/Holz/Glas/Keramik-Verarbeitung
1051055,Handel
15868,Kunststoff/Metall/Holz/Glas/Keramik-Verarbeitung
79372,Sonstiges
1001532,Maschinen- & Anlagenbau
58551,Sonstiges
24381,Chemie & Raffinerie
64575,Sonstiges
3207,Sonstiges
20970,Maschinen- & Anlagenbau
34420,Maschinen- & Anlagenbau
44352,Kunststoff/Metall/Holz/Glas/Keramik-Verarbeitung
46193,Automotive & Zulieferer
54471,Kunststoff/Metall/Holz/Glas/Keramik-Verarbeitung
54704,Sonstiges
56365,Sonstiges
63275,Sonstiges
68333,Sonstiges
76870,Sonstiges
83462,Handel
95142,Sonstiges
104217,Kunststoff/Metall/Holz/Glas/Keramik-Verarbeitung
104505,Sonstiges
108875,Sonstiges
110223,Sonstiges
111471,Maschinen- & Anlagenbau
111774,Sonstiges
113025,Sonstiges
113162,Sonstiges
113388,Sonstiges
120030,Automotive & Zulieferer
12409,Maschinen- & Anlagenbau
59801,Automotive & Zulieferer
76732,Sonstiges
87098,Sonstiges
90336,Sonstiges
113729,Sonstiges
20361,Sonstiges
99783,Sonstiges
104183,Maschinen- & Anlagenbau
112795,Sonstiges
114436,Sonstiges
1008953,Sonstiges
245,Klima & Heizung (Facility)
69581,Sonstiges
1051401,Maschinen- & Anlagenbau
13749,Elektro & Mess-Regeltechnik
102826,Handel
99512,Kunststoff/Metall/Holz/Glas/Keramik-Verarbeitung
113755,Kunststoff/Metall/Holz/Glas/Keramik-Verarbeitung
117229,Maschinen- & Anlagenbau
42299,Maschinen- & Anlagenbau
62084,Kunststoff/Metall/Holz/Glas/Keramik-Verarbeitung
1002663,Maschinen- & Anlagenbau
19755,Kunststoff/Metall/Holz/Glas/Keramik-Verarbeitung
105601,Sonstiges
1000921,Automotive & Zulieferer
15210,Maschinen- & Anlagenbau
59491,Automotive & Zulieferer
85225,Sonstiges
113399,Kunststoff/Metall/Holz/Glas/Keramik-Verarbeitung
3238,Sonstiges
114170,Sonstiges
1017784,Maschinen- & Anlagenbau
56765,Automotive & Zulieferer
20950,Kunststoff/Metall/Holz/Glas/Keramik-Verarbeitung
16812,Luft- & Raumfahrt & Zulieferer
96508,Sonstiges
101194,Sonstiges
112206,Sonstiges
114108,Sonstiges
14572,Sonstiges
95695,Sonstiges
103974,Sonstiges
113489,Sonstiges
1022148,Kunststoff/Metall/Holz/Glas/Keramik-Verarbeitung
114294,Sonstiges
32947,Kunststoff/Metall/Holz/Glas/Keramik-Verarbeitung
98663,Handel
11596,Sonstiges
21684,Handel
84045,Sonstiges
99276,Sonstiges
113027,Sonstiges
61427,Kunststoff/Metall/Holz/Glas/Keramik-Verarbeitung
1043184,Halbleiter & Mikroelektronik
1051352,Kunststoff/Metall/Holz/Glas/Keramik-Verarbeitung
40583,Sonstiges
56351,Sonstiges
69687,Sonstiges
82794,Sonstiges
107185,Sonstiges
55991,Sonstiges
83818,Sonstiges
124702,Kunststoff/Metall/Holz/Glas/Keramik-Verarbeitung
82197,Chemie & Raffinerie
1002639,Kunststoff/Metall/Holz/Glas/Keramik-Verarbeitung
4597,Sonstiges
22120,Kunststoff/Metall/Holz/Glas/Keramik-Verarbeitung
50625,Sonstiges
51232,Maschinen- & Anlagenbau
57420,Sonstiges
59014,Sonstiges
63510,Sonstiges
65325,Maschinen- & Anlagenbau
69989,Maschinen- & Anlagenbau
70198,Sonstiges
76746,Sonstiges
78361,Sonstiges
85310,Sonstiges
86347,Kunststoff/Metall/Holz/Glas/Keramik-Verarbeitung
105994,Sonstiges
106692,Sonstiges
113244,Sonstiges
113564,Maschinen- & Anlagenbau
15974,Maschinen- & Anlagenbau
19676,Kunststoff/Metall/Holz/Glas/Keramik-Verarbeitung
24704,Sonstiges
50984,Sonstiges
52121,Sonstiges
57910,Kunststoff/Metall/Holz/Glas/Keramik-Verarbeitung
62892,Sonstiges
63190,Maschinen- & Anlagenbau
64793,Sonstiges
68633,Sonstiges
84566,Sonstiges
89441,Sonstiges
91234,Sonstiges
92627,Sonstiges
92871,Sonstiges
94278,Sonstiges
96759,Kunststoff/Metall/Holz/Glas/Keramik-Verarbeitung
99281,Sonstiges
101782,Sonstiges
103761,Maschinen- & Anlagenbau
103773,Maschinen- & Anlagenbau
104102,Sonstiges
104863,Sonstiges
106207,Sonstiges
107382,Sonstiges
110903,Automotive & Zulieferer
111192,Kunststoff/Metall/Holz/Glas/Keramik-Verarbeitung
113005,Sonstiges
113666,Kunststoff/Metall/Holz/Glas/Keramik-Verarbeitung
114050,Sonstiges
114188,Sonstiges
114352,Sonstiges
114487,Sonstiges
1000354,Maschinen- & Anlagenbau
1011877,Maschinen- & Anlagenbau
1816,Kunststoff/Metall/Holz/Glas/Keramik-Verarbeitung
65966,Elektro & Mess-Regeltechnik
114608,Kunststoff/Metall/Holz/Glas/Keramik-Verarbeitung
10996,Maschinen- & Anlagenbau
53114,Maschinen- & Anlagenbau
78421,Sonstiges
84777,Sonstiges
85250,Sonstiges
88383,Maschinen- & Anlagenbau
91730,Sonstiges
108997,Sonstiges
111502,Sonstiges
113258,Sonstiges
113870,Sonstiges
114602,Sonstiges
111505,Kunststoff/Metall/Holz/Glas/Keramik-Verarbeitung
12570,Maschinen- & Anlagenbau
17836,Automotive & Zulieferer
23691,Maschinen- & Anlagenbau
24590,Sonstiges
24729,Sonstiges
38681,Sonstiges
38683,Sonstiges
55608,Maschinen- & Anlagenbau
63232,Sonstiges
63320,Sonstiges
79772,Maschinen- & Anlagenbau
80668,Kunststoff/Metall/Holz/Glas/Keramik-Verarbeitung
82041,Sonstiges
82151,Sonstiges
85783,Chemie & Raffinerie
86987,Sonstiges
88155,Elektro & Mess-Regeltechnik
93114,Kunststoff/Metall/Holz/Glas/Keramik-Verarbeitung
102591,Sonstiges
108755,Luft- & Raumfahrt & Zulieferer
109753,Sonstiges
109808,Sonstiges
113490,Sonstiges
113571,Maschinen- & Anlagenbau
113679,Sonstiges
113696,Energie
113700,Sonstiges
114016,Sonstiges
117330,Automotive & Zulieferer
1050185,Kunststoff/Metall/Holz/Glas/Keramik-Verarbeitung
55043,Sonstiges
66472,Maschinen- & Anlagenbau
81287,Sonstiges
86726,Sonstiges
87980,Sonstiges
89964,Sonstiges
94350,Sonstiges
97816,Maschinen- & Anlagenbau
100559,Sonstiges
105509,Sonstiges
13241,Kunststoff/Metall/Holz/Glas/Keramik-Verarbeitung
119395,Handel
18452,Elektro & Mess-Regeltechnik
58517,Sonstiges
114020,Sonstiges
119298,Kunststoff/Metall/Holz/Glas/Keramik-Verarbeitung
120808,Sonstiges
51904,Kunststoff/Metall/Holz/Glas/Keramik-Verarbeitung
10592,Maschinen- & Anlagenbau
19734,Kunststoff/Metall/Holz/Glas/Keramik-Verarbeitung
19250,Sonstiges
23386,Sonstiges
26127,Kunststoff/Metall/Holz/Glas/Keramik-Verarbeitung
27854,Handel
28272,Maschinen- & Anlagenbau
28851,Handel
35857,Sonstiges
38971,Chemie & Raffinerie
44526,Sonstiges
46682,Sonstiges
49403,Sonstiges
50745,Sonstiges
55300,Sonstiges
63001,Medical
66640,Elektro & Mess-Regeltechnik
80741,Sonstiges
90240,Sonstiges
96764,Kunststoff/Metall/Holz/Glas/Keramik-Verarbeitung
109816,Sonstiges
111758,Energie
113747,Sonstiges
114539,Handel
114604,Sonstiges
28819,Kunststoff/Metall/Holz/Glas/Keramik-Verarbeitung
65432,Sonstiges
83863,Sonstiges
94395,Sonstiges
110060,Medical
15077,Kunststoff/Metall/Holz/Glas/Keramik-Verarbeitung
19816,Maschinen- & Anlagenbau
54033,Sonstiges
65538,Kunststoff/Metall/Holz/Glas/Keramik-Verarbeitung
90500,Kunststoff/Metall/Holz/Glas/Keramik-Verarbeitung
93189,Automotive & Zulieferer
94541,Sonstiges
103427,Sonstiges
107041,Maschinen- & Anlagenbau
112995,Sonstiges
113536,Automotive & Zulieferer
114104,Sonstiges
114563,Kunststoff/Metall/Holz/Glas/Keramik-Verarbeitung
124380,Handel
1046221,Luft- & Raumfahrt & Zulieferer
1047041,Klima & Heizung (Facility)
1590025,Sonstiges
10296,Kunststoff/Metall/Holz/Glas/Keramik-Verarbeitung
10487,Kunststoff/Metall/Holz/Glas/Keramik-Verarbeitung
14191,Kunststoff/Metall/Holz/Glas/Keramik-Verarbeitung
39525,Chemie & Raffinerie
82543,Handel
100609,Handel
1009665,Maschinen- & Anlagenbau
108500,Luft- & Raumfahrt & Zulieferer
120069,Kunststoff/Metall/Holz/Glas/Keramik-Verarbeitung
114394,Sonstiges
1021069,Kunststoff/Metall/Holz/Glas/Keramik-Verarbeitung
5516,Sonstiges
24391,Sonstiges
27911,Automotive & Zulieferer
59244,Sonstiges
69474,Kunststoff/Metall/Holz/Glas/Keramik-Verarbeitung
80352,Maschinen- & Anlagenbau
97603,Kunststoff/Metall/Holz/Glas/Keramik-Verarbeitung
101834,Sonstiges
103352,Maschinen- & Anlagenbau
113401,Sonstiges
1009935,Maschinen- & Anlagenbau
33617,Sonstiges
32664,Elektro & Mess-Regeltechnik
11425,Chemie & Raffinerie
14110,Maschinen- & Anlagenbau
30676,Chemie & Raffinerie
89040,Kunststoff/Metall/Holz/Glas/Keramik-Verarbeitung
14517,Handel
55094,Sonstiges
55493,Kalibrierlabore & Zertifizierungsstellen
63508,Sonstiges
84896,Sonstiges
105220,Maschinen- & Anlagenbau
112076,Sonstiges
113183,Sonstiges
116977,Maschinen- & Anlagenbau
1015451,Maschinen- & Anlagenbau
24882,Sonstiges
49918,Sonstiges
50252,Sonstiges
68687,Sonstiges
78835,Luft- & Raumfahrt & Zulieferer
80801,Maschinen- & Anlagenbau
90827,Sonstiges
106182,Sonstiges
112973,Sonstiges
113506,Sonstiges
116176,Sonstiges
116500,Sonstiges
116555,Sonstiges
116998,Sonstiges
117530,Sonstiges
117709,Sonstiges
17492,Maschinen- & Anlagenbau
1021246,Maschinen- & Anlagenbau
113125,Handel
21051,Chemie & Raffinerie
19592,Energie
1113223,Pharma
67121,Handel
1047739,Kunststoff/Metall/Holz/Glas/Keramik-Verarbeitung
76164,Elektro & Mess-Regeltechnik
21682,Handel
13772,Maschinen- & Anlagenbau
11122,Automotive & Zulieferer
28058,Automotive & Zulieferer
29177,Sonstiges
31779,Sonstiges
43738,Sonstiges
50750,Sonstiges
51237,Kunststoff/Metall/Holz/Glas/Keramik-Verarbeitung
54000,Maschinen- & Anlagenbau
58505,Sonstiges
78283,Sonstiges
80605,Sonstiges
84667,Sonstiges
88470,Sonstiges
89073,Sonstiges
91692,Sonstiges
97659,Sonstiges
109800,Maschinen- & Anlagenbau
110534,Sonstiges
111091,Sonstiges
113181,Sonstiges
113976,Sonstiges
68072,Sonstiges
83271,Sonstiges
60082,Automotive & Zulieferer
96994,Maschinen- & Anlagenbau
23444,Kunststoff/Metall/Holz/Glas/Keramik-Verarbeitung
77413,Sonstiges
91889,Sonstiges
95407,Sonstiges
5528,Automotive & Zulieferer
27181,Maschinen- & Anlagenbau
50593,Sonstiges
81498,Kunststoff/Metall/Holz/Glas/Keramik-Verarbeitung
115265,Handel
39130,Sonstiges
128375,Sonstiges
1007375,Sonstiges
112841,Sonstiges
1018999,Handel
50503,Sonstiges
87032,Sonstiges
20825,Kunststoff/Metall/Holz/Glas/Keramik-Verarbeitung
14743,Kunststoff/Metall/Holz/Glas/Keramik-Verarbeitung
3373,Kunststoff/Metall/Holz/Glas/Keramik-Verarbeitung
4588,Klima & Heizung (Facility)
26706,Maschinen- & Anlagenbau
29134,Maschinen- & Anlagenbau
47493,Sonstiges
51077,Sonstiges
80980,Kunststoff/Metall/Holz/Glas/Keramik-Verarbeitung
82273,Sonstiges
84179,Automotive & Zulieferer
90079,Sonstiges
91243,Sonstiges
92343,Maschinen- & Anlagenbau
95035,Sonstiges
95497,Sonstiges
96004,Automotive & Zulieferer
102022,Kunststoff/Metall/Holz/Glas/Keramik-Verarbeitung
103485,Sonstiges
107886,Maschinen- & Anlagenbau
109602,Sonstiges
110405,Sonstiges
110425,Sonstiges
110683,Sonstiges
112089,Sonstiges
112846,Sonstiges
113172,Sonstiges
71104,Sonstiges
77518,Sonstiges
113702,Kalibrierlabore & Zertifizierungsstellen
114241,Sonstiges
1050864,Maschinen- & Anlagenbau
3458,Maschinen- & Anlagenbau
111764,Kunststoff/Metall/Holz/Glas/Keramik-Verarbeitung
1309,Elektro & Mess-Regeltechnik
20524,Handel
80267,Kunststoff/Metall/Holz/Glas/Keramik-Verarbeitung
1016730,Kunststoff/Metall/Holz/Glas/Keramik-Verarbeitung
14557,Maschinen- & Anlagenbau
36781,Sonstiges
42227,Kunststoff/Metall/Holz/Glas/Keramik-Verarbeitung
70103,Luft- & Raumfahrt & Zulieferer
76116,Automotive & Zulieferer
82201,Sonstiges
84756,Sonstiges
91837,Sonstiges
102904,Sonstiges
104846,Sonstiges
107184,Maschinen- & Anlagenbau
113446,Sonstiges
113641,Elektro & Mess-Regeltechnik
113674,Sonstiges
114110,Sonstiges
11603,Kunststoff/Metall/Holz/Glas/Keramik-Verarbeitung
90630,Kunststoff/Metall/Holz/Glas/Keramik-Verarbeitung
37125,Sonstiges
108189,Sonstiges
12911,Handel
122459,Pharma
1049697,Kunststoff/Metall/Holz/Glas/Keramik-Verarbeitung
1049909,Handel
3588,Sonstiges
4951,Sonstiges
6403,Sonstiges
11029,Kunststoff/Metall/Holz/Glas/Keramik-Verarbeitung
17169,Sonstiges
17242,Sonstiges
17794,Kunststoff/Metall/Holz/Glas/Keramik-Verarbeitung
18524,Sonstiges
20065,Sonstiges
28962,Sonstiges
33855,Maschinen- & Anlagenbau
36990,Handel
47497,Sonstiges
51173,Sonstiges
51415,Sonstiges
51505,Sonstiges
54174,Kunststoff/Metall/Holz/Glas/Keramik-Verarbeitung
54767,Sonstiges
55274,Sonstiges
58590,Sonstiges
59347,Sonstiges
61899,Maschinen- & Anlagenbau
62661,Sonstiges
67873,Luft- & Raumfahrt & Zulieferer
68144,Automotive & Zulieferer
68903,Elektro & Mess-Regeltechnik
70182,Sonstiges
70668,Sonstiges
75764,Sonstiges
75970,Sonstiges
76930,Sonstiges
77676,Sonstiges
78426,Sonstiges
78569,Sonstiges
80874,Sonstiges
81826,Sonstiges
83098,Sonstiges
85289,Sonstiges
85406,Sonstiges
85847,Sonstiges
86208,Sonstiges
86484,Kunststoff/Metall/Holz/Glas/Keramik-Verarbeitung
88225,Sonstiges
88449,Sonstiges
95684,Elektro & Mess-Regeltechnik
98523,Sonstiges
98900,Sonstiges
100494,Sonstiges
102520,Kunststoff/Metall/Holz/Glas/Keramik-Verarbeitung
104895,Elektro & Mess-Regeltechnik
105274,Sonstiges
105431,Sonstiges
106782,Maschinen- & Anlagenbau
107243,Sonstiges
107740,Sonstiges
108811,Sonstiges
110034,Sonstiges
111448,Sonstiges
112181,Sonstiges
112992,Kunststoff/Metall/Holz/Glas/Keramik-Verarbeitung
113197,Sonstiges
113294,Sonstiges
113542,Sonstiges
113568,Sonstiges
113633,Luft- & Raumfahrt & Zulieferer
114065,Sonstiges
114095,Kunststoff/Metall/Holz/Glas/Keramik-Verarbeitung
114119,Sonstiges
114504,Maschinen- & Anlagenbau
114633,Sonstiges
54149,Maschinen- & Anlagenbau
88118,Sonstiges
1003073,Kunststoff/Metall/Holz/Glas/Keramik-Verarbeitung
6997,Elektro & Mess-Regeltechnik
21451,Kunststoff/Metall/Holz/Glas/Keramik-Verarbeitung
30046,Chemie & Raffinerie
90849,Elektro & Mess-Regeltechnik
1015472,Kunststoff/Metall/Holz/Glas/Keramik-Verarbeitung
62453,Sonstiges
10931,Sonstiges
11228,Elektro & Mess-Regeltechnik
11679,Sonstiges
21145,Chemie & Raffinerie
22159,Sonstiges
23919,Kunststoff/Metall/Holz/Glas/Keramik-Verarbeitung
24077,Maschinen- & Anlagenbau
25972,Sonstiges
27315,Sonstiges
27849,Maschinen- & Anlagenbau
28289,Elektro & Mess-Regeltechnik
28756,Kunststoff/Metall/Holz/Glas/Keramik-Verarbeitung
37066,Sonstiges
38755,Maschinen- & Anlagenbau
40161,Sonstiges
48708,Sonstiges
53713,Elektro & Mess-Regeltechnik
53838,Sonstiges
54988,Kunststoff/Metall/Holz/Glas/Keramik-Verarbeitung
55289,Maschinen- & Anlagenbau
55457,Sonstiges
55918,Kunststoff/Metall/Holz/Glas/Keramik-Verarbeitung
56679,Sonstiges
58929,Sonstiges
59893,Sonstiges
60027,Maschinen- & Anlagenbau
63205,Sonstiges
66148,Sonstiges
66259,Sonstiges
69506,Sonstiges
75959,Sonstiges
78129,Automotive & Zulieferer
78985,Sonstiges
79695,Sonstiges
80507,Kunststoff/Metall/Holz/Glas/Keramik-Verarbeitung
82977,Maschinen- & Anlagenbau
83504,Sonstiges
86284,Sonstiges
88890,Sonstiges
90753,Automotive & Zulieferer
92520,Sonstiges
93639,Sonstiges
94296,Kunststoff/Metall/Holz/Glas/Keramik-Verarbeitung
94653,Sonstiges
97462,Sonstiges
97507,Kunststoff/Metall/Holz/Glas/Keramik-Verarbeitung
97627,Handel
98507,Sonstiges
101507,Sonstiges
101742,Maschinen- & Anlagenbau
102122,Maschinen- & Anlagenbau
105252,Sonstiges
105847,Sonstiges
107370,Sonstiges
108207,Automotive & Zulieferer
109529,Sonstiges
109964,Sonstiges
110728,Sonstiges
110760,Sonstiges
113307,Sonstiges
113381,Sonstiges
113844,Sonstiges
114449,Sonstiges
114512,Sonstiges
114516,Sonstiges
114578,Sonstiges
1013810,Kunststoff/Metall/Holz/Glas/Keramik-Verarbeitung
1015455,Maschinen- & Anlagenbau
85662,Handel
121752,Sonstiges
11480,Kunststoff/Metall/Holz/Glas/Keramik-Verarbeitung
33953,Kunststoff/Metall/Holz/Glas/Keramik-Verarbeitung
98762,Kunststoff/Metall/Holz/Glas/Keramik-Verarbeitung
2845,Sonstiges
4238,Sonstiges
15949,Sonstiges
18160,Elektro & Mess-Regeltechnik
20626,Kunststoff/Metall/Holz/Glas/Keramik-Verarbeitung
22166,Maschinen- & Anlagenbau
26562,Handel
26588,Kunststoff/Metall/Holz/Glas/Keramik-Verarbeitung
28683,Elektro & Mess-Regeltechnik
47879,Maschinen- & Anlagenbau
48726,Sonstiges
51236,Sonstiges
53399,Sonstiges
54095,Sonstiges
55443,Maschinen- & Anlagenbau
55825,Sonstiges
64936,Sonstiges
69282,Sonstiges
70163,Sonstiges
70563,Sonstiges
70699,Handel
71702,Sonstiges
71978,Kunststoff/Metall/Holz/Glas/Keramik-Verarbeitung
76686,Sonstiges
76788,Sonstiges
77128,Sonstiges
78737,Sonstiges
79473,Sonstiges
79530,Sonstiges
81340,Sonstiges
82686,Sonstiges
83076,Medical
83397,Automotive & Zulieferer
85469,Kunststoff/Metall/Holz/Glas/Keramik-Verarbeitung
85562,Sonstiges
91464,Sonstiges
92698,Sonstiges
92826,Sonstiges
92895,Sonstiges
92965,Maschinen- & Anlagenbau
95408,Sonstiges
98961,Sonstiges
100889,Sonstiges
100918,Sonstiges
101249,Sonstiges
102144,Kunststoff/Metall/Holz/Glas/Keramik-Verarbeitung
102758,Sonstiges
104145,Sonstiges
104371,Sonstiges
104831,Sonstiges
107217,Kunststoff/Metall/Holz/Glas/Keramik-Verarbeitung
107923,Sonstiges
109830,Sonstiges
112324,Maschinen- & Anlagenbau
113078,Sonstiges
113255,Maschinen- & Anlagenbau
113554,Sonstiges
113701,Sonstiges
113825,Sonstiges
114094,Sonstiges
114291,Sonstiges
114432,Sonstiges
117296,Kunststoff/Metall/Holz/Glas/Keramik-Verarbeitung
1002667,Maschinen- & Anlagenbau
1021685,Kunststoff/Metall/Holz/Glas/Keramik-Verarbeitung
1563888,Sonstiges
23973,Kunststoff/Metall/Holz/Glas/Keramik-Verarbeitung
70142,Elektro & Mess-Regeltechnik
83170,Handel
125178,Pharma
28221,Kunststoff/Metall/Holz/Glas/Keramik-Verarbeitung
107734,Energie
20241,Handel
79472,Sonstiges
111036,Sonstiges
114031,Sonstiges
95570,Luft- & Raumfahrt & Zulieferer
91360,Handel
124777,Sonstiges
13466,Maschinen- & Anlagenbau
15897,Automotive & Zulieferer
39778,Maschinen- & Anlagenbau
87116,Kunststoff/Metall/Holz/Glas/Keramik-Verarbeitung
96310,Elektro & Mess-Regeltechnik
110833,Kalibrierlabore & Zertifizierungsstellen
116736,Elektro & Mess-Regeltechnik
10731,Elektro & Mess-Regeltechnik
11075,Handel
12860,Handel
14635,Sonstiges
14644,Kunststoff/Metall/Holz/Glas/Keramik-Verarbeitung
18077,Handel
19191,Kunststoff/Metall/Holz/Glas/Keramik-Verarbeitung
36801,Sonstiges
60222,Sonstiges
60818,Energie
68881,Kunststoff/Metall/Holz/Glas/Keramik-Verarbeitung
105032,Handel
111552,Handel
111713,Handel
112156,Handel
122825,Handel
123426,Handel
127077,Maschinen- & Anlagenbau
127649,Kunststoff/Metall/Holz/Glas/Keramik-Verarbeitung
128871,Handel
1004880,Sonstiges
1010072,Maschinen- & Anlagenbau
1015151,Kunststoff/Metall/Holz/Glas/Keramik-Verarbeitung
1043977,Maschinen- & Anlagenbau
1047945,Sonstiges
1052115,Maschinen- & Anlagenbau
1052991,Maschinen- & Anlagenbau
10157,Kunststoff/Metall/Holz/Glas/Keramik-Verarbeitung
18568,Handel
25922,Kunststoff/Metall/Holz/Glas/Keramik-Verarbeitung
38470,Elektro & Mess-Regeltechnik
1101134,Pharma
12107,Sonstiges
15168,Sonstiges
16549,Halbleiter & Mikroelektronik
24484,Sonstiges
30779,Sonstiges
30873,Sonstiges
33203,Maschinen- & Anlagenbau
40174,Sonstiges
42734,Maschinen- & Anlagenbau
58952,Maschinen- & Anlagenbau
76321,Elektro & Mess-Regeltechnik
77382,Kunststoff/Metall/Holz/Glas/Keramik-Verarbeitung
81483,Automotive & Zulieferer
82919,Sonstiges
83465,Handel
84531,Sonstiges
84657,Sonstiges
87588,Sonstiges
88737,Automotive & Zulieferer
89401,Sonstiges
89419,Sonstiges
90432,Sonstiges
91884,Sonstiges
95798,Sonstiges
100840,Medical
102058,Sonstiges
103774,Sonstiges
105253,Sonstiges
106797,Sonstiges
107179,Sonstiges
113285,Sonstiges
113563,Sonstiges
113658,Sonstiges
113683,Sonstiges
113795,Elektro & Mess-Regeltechnik
113888,Sonstiges
113910,Handel
114145,Sonstiges
114303,Kunststoff/Metall/Holz/Glas/Keramik-Verarbeitung
114446,Sonstiges
114459,Sonstiges
114493,Sonstiges
1014133,Maschinen- & Anlagenbau
12006,Kunststoff/Metall/Holz/Glas/Keramik-Verarbeitung
1112394,Kunststoff/Metall/Holz/Glas/Keramik-Verarbeitung
80098,Kunststoff/Metall/Holz/Glas/Keramik-Verarbeitung
PE2500,Handel
11974,Energie
14194,Handel
20588,Kunststoff/Metall/Holz/Glas/Keramik-Verarbeitung
20872,Handel
21973,Kunststoff/Metall/Holz/Glas/Keramik-Verarbeitung
32704,Kunststoff/Metall/Holz/Glas/Keramik-Verarbeitung
107504,Sonstiges
119400,Handel
1000500,Sonstiges
1001686,Kunststoff/Metall/Holz/Glas/Keramik-Verarbeitung
1010297,Maschinen- & Anlagenbau
1018367,Maschinen- & Anlagenbau
1020944,Kunststoff/Metall/Holz/Glas/Keramik-Verarbeitung
1051050,Maschinen- & Anlagenbau
1600008,Sonstiges
18449,Handel
84728,Kunststoff/Metall/Holz/Glas/Keramik-Verarbeitung
86679,Maschinen- & Anlagenbau
2090,Medical
33444,Sonstiges
56193,Kunststoff/Metall/Holz/Glas/Keramik-Verarbeitung
66178,Automotive & Zulieferer
69770,Sonstiges
71547,Sonstiges
76222,Sonstiges
89144,Maschinen- & Anlagenbau
96079,Sonstiges
113380,Sonstiges
37983,Sonstiges
71879,Maschinen- & Anlagenbau
93701,Sonstiges
101376,Sonstiges
63365,Sonstiges
92693,Sonstiges
92865,Automotive & Zulieferer
93135,Elektro & Mess-Regeltechnik
97364,Elektro & Mess-Regeltechnik
98528,Medical
104332,Maschinen- & Anlagenbau
105924,Elektro & Mess-Regeltechnik
110325,Kalibrierlabore & Zertifizierungsstellen
114300,Sonstiges
114870,Kunststoff/Metall/Holz/Glas/Keramik-Verarbeitung
120008,Handel
121392,Kalibrierlabore & Zertifizierungsstellen
98,Kunststoff/Metall/Holz/Glas/Keramik-Verarbeitung
2561,Sonstiges
3166,Sonstiges
3184,Sonstiges
13604,Maschinen- & Anlagenbau
17005,Elektro & Mess-Regeltechnik
18154,Maschinen- & Anlagenbau
18208,Elektro & Mess-Regeltechnik
19323,Handel
22287,Sonstiges
26549,Sonstiges
26648,Sonstiges
26909,Maschinen- & Anlagenbau
27089,Sonstiges
31366,Sonstiges
38227,Sonstiges
41206,Automotive & Zulieferer
45996,Kunststoff/Metall/Holz/Glas/Keramik-Verarbeitung
48284,Maschinen- & Anlagenbau
48647,Sonstiges
52639,Kunststoff/Metall/Holz/Glas/Keramik-Verarbeitung
53315,Handel
53538,Sonstiges
54705,Sonstiges
54998,Medical
55831,Sonstiges
59696,Sonstiges
67134,Sonstiges
67955,Sonstiges
68507,Elektro & Mess-Regeltechnik
69294,Sonstiges
69791,Sonstiges
76121,Sonstiges
78332,Sonstiges
81077,Kunststoff/Metall/Holz/Glas/Keramik-Verarbeitung
81219,Medical
81827,Sonstiges
83808,Sonstiges
86955,Sonstiges
90473,Maschinen- & Anlagenbau
92713,Sonstiges
93707,Kalibrierlabore & Zertifizierungsstellen
94040,Sonstiges
95412,Sonstiges
96402,Kunststoff/Metall/Holz/Glas/Keramik-Verarbeitung
97579,Sonstiges
99365,Kunststoff/Metall/Holz/Glas/Keramik-Verarbeitung
100229,Sonstiges
100268,Kunststoff/Metall/Holz/Glas/Keramik-Verarbeitung
100496,Sonstiges
101277,Sonstiges
101280,Sonstiges
101515,Sonstiges
102510,Automotive & Zulieferer
102786,Sonstiges
106077,Sonstiges
108779,Sonstiges
109091,Sonstiges
110036,Sonstiges
110305,Automotive & Zulieferer
110670,Automotive & Zulieferer
111669,Sonstiges
111856,Elektro & Mess-Regeltechnik
112228,Kunststoff/Metall/Holz/Glas/Keramik-Verarbeitung
112799,Elektro & Mess-Regeltechnik
113023,Sonstiges
113124,Sonstiges
113208,Sonstiges
113407,Maschinen- & Anlagenbau
113433,Sonstiges
113434,Sonstiges
113501,Maschinen- & Anlagenbau
113529,Sonstiges
113665,Sonstiges
113863,Sonstiges
113892,Sonstiges
113999,Sonstiges
114109,Sonstiges
114399,Sonstiges
114475,Sonstiges
114477,Elektro & Mess-Regeltechnik
114478,Sonstiges
114513,Sonstiges
114518,Sonstiges
114529,Kunststoff/Metall/Holz/Glas/Keramik-Verarbeitung
114786,Handel
117580,Handel
1001351,Automotive & Zulieferer
1001780,Automotive & Zulieferer
1049628,Kalibrierlabore & Zertifizierungsstellen
1001280,Maschinen- & Anlagenbau
1022390,Sonstiges
26359,Handel
26647,Kunststoff/Metall/Holz/Glas/Keramik-Verarbeitung
47844,Sonstiges
51745,Sonstiges
58105,Sonstiges
58782,Sonstiges
85206,Sonstiges
89275,Maschinen- & Anlagenbau
91860,Sonstiges
93764,Sonstiges
102033,Sonstiges
109948,Sonstiges
112170,Sonstiges
112565,Maschinen- & Anlagenbau
113040,Sonstiges
113613,Elektro & Mess-Regeltechnik
114576,Maschinen- & Anlagenbau
13088,Sonstiges
69263,Sonstiges
100118,Sonstiges
1174,Kunststoff/Metall/Holz/Glas/Keramik-Verarbeitung
15915,Maschinen- & Anlagenbau
26226,Kunststoff/Metall/Holz/Glas/Keramik-Verarbeitung
84583,Kunststoff/Metall/Holz/Glas/Keramik-Verarbeitung
13544,Kunststoff/Metall/Holz/Glas/Keramik-Verarbeitung
19014,Maschinen- & Anlagenbau
21164,Maschinen- & Anlagenbau
21554,Maschinen- & Anlagenbau
22161,Kunststoff/Metall/Holz/Glas/Keramik-Verarbeitung
29479,Maschinen- & Anlagenbau
47575,Maschinen- & Anlagenbau
50933,Maschinen- & Anlagenbau
53578,Sonstiges
57425,Sonstiges
62897,Maschinen- & Anlagenbau
67007,Maschinen- & Anlagenbau
67497,Sonstiges
82207,Sonstiges
98841,Sonstiges
105193,Sonstiges
113492,Sonstiges
113495,Sonstiges
113663,Sonstiges
113694,Sonstiges
107778,Sonstiges
113242,Sonstiges
113793,Sonstiges
114190,Kunststoff/Metall/Holz/Glas/Keramik-Verarbeitung
45070,Maschinen- & Anlagenbau
105826,Sonstiges
122929,Sonstiges
54,Sonstiges
104665,Maschinen- & Anlagenbau
1045439,Kunststoff/Metall/Holz/Glas/Keramik-Verarbeitung
97226,Sonstiges
106234,Sonstiges
114491,Sonstiges
16483,Maschinen- & Anlagenbau
542,Maschinen- & Anlagenbau
119675,Kalibrierlabore & Zertifizierungsstellen
119259,Handel
22860,Kunststoff/Metall/Holz/Glas/Keramik-Verarbeitung
60129,Kunststoff/Metall/Holz/Glas/Keramik-Verarbeitung
84730,Elektro & Mess-Regeltechnik
115838,Handel
116381,Kunststoff/Metall/Holz/Glas/Keramik-Verarbeitung
1000628,Kunststoff/Metall/Holz/Glas/Keramik-Verarbeitung
1563707,Sonstiges
59011,Kunststoff/Metall/Holz/Glas/Keramik-Verarbeitung
10606,Chemie & Raffinerie
1048574,Maschinen- & Anlagenbau
14623,Handel
1022996,Maschinen- & Anlagenbau
12542,Sonstiges
115370,Kunststoff/Metall/Holz/Glas/Keramik-Verarbeitung
63193,Sonstiges
14607,Maschinen- & Anlagenbau
23126,Luft- & Raumfahrt & Zulieferer
70495,Sonstiges
64919,Handel
49875,Sonstiges
106132,Sonstiges
113890,Sonstiges
2424,Sonstiges
5007,Kunststoff/Metall/Holz/Glas/Keramik-Verarbeitung
5628,Sonstiges
12036,Elektro & Mess-Regeltechnik
19081,Maschinen- & Anlagenbau
20946,Handel
22469,Maschinen- & Anlagenbau
23330,Sonstiges
27385,Maschinen- & Anlagenbau
28781,Sonstiges
42155,Sonstiges
46321,Kunststoff/Metall/Holz/Glas/Keramik-Verarbeitung
52476,Sonstiges
52689,Sonstiges
56130,Sonstiges
58235,Maschinen- & Anlagenbau
59203,Medical
75907,Sonstiges
76614,Sonstiges
77608,Sonstiges
77616,Elektro & Mess-Regeltechnik
77698,Sonstiges
79132,Sonstiges
79134,Sonstiges
80699,Kunststoff/Metall/Holz/Glas/Keramik-Verarbeitung
80841,Elektro & Mess-Regeltechnik
81069,Sonstiges
82777,Kunststoff/Metall/Holz/Glas/Keramik-Verarbeitung
82833,Sonstiges
84563,Sonstiges
84749,Sonstiges
84828,Sonstiges
86048,Sonstiges
86598,Sonstiges
87060,Sonstiges
88235,Sonstiges
88853,Sonstiges
89706,Sonstiges
90095,Sonstiges
91704,Elektro & Mess-Regeltechnik
92067,Sonstiges
92295,Kunststoff/Metall/Holz/Glas/Keramik-Verarbeitung
92518,Kunststoff/Metall/Holz/Glas/Keramik-Verarbeitung
93593,Sonstiges
95393,Sonstiges
95534,Sonstiges
95753,Sonstiges
96028,Sonstiges
96389,Sonstiges
97078,Maschinen- & Anlagenbau
97703,Maschinen- & Anlagenbau
98253,Sonstiges
98488,Sonstiges
98527,Maschinen- & Anlagenbau
99359,Luft- & Raumfahrt & Zulieferer
101731,Sonstiges
102421,Maschinen- & Anlagenbau
102586,Sonstiges
104803,Sonstiges
107625,Kunststoff/Metall/Holz/Glas/Keramik-Verarbeitung
108758,Automotive & Zulieferer
109126,Sonstiges
110390,Sonstiges
113406,Sonstiges
113498,Sonstiges
113528,Sonstiges
113979,Sonstiges
114043,Sonstiges
114044,Sonstiges
114313,Elektro & Mess-Regeltechnik
114683,Sonstiges
21787,Maschinen- & Anlagenbau
24451,Maschinen- & Anlagenbau
41554,Maschinen- & Anlagenbau
65742,Energie
109115,Handel
1003181,Luft- & Raumfahrt & Zulieferer
118881,Kunststoff/Metall/Holz/Glas/Keramik-Verarbeitung
10785,Kunststoff/Metall/Holz/Glas/Keramik-Verarbeitung
11414,Kunststoff/Metall/Holz/Glas/Keramik-Verarbeitung
24875,Automotive & Zulieferer
36408,Chemie & Raffinerie
42586,Automotive & Zulieferer
55021,Medical
61547,Kunststoff/Metall/Holz/Glas/Keramik-Verarbeitung
62490,Kunststoff/Metall/Holz/Glas/Keramik-Verarbeitung
71621,Kunststoff/Metall/Holz/Glas/Keramik-Verarbeitung
1012659,Elektro & Mess-Regeltechnik
1052657,Maschinen- & Anlagenbau
20482,Sonstiges
42182,Maschinen- & Anlagenbau
92918,Sonstiges
114113,Sonstiges
114177,Sonstiges
10372,Kunststoff/Metall/Holz/Glas/Keramik-Verarbeitung
27356,Kunststoff/Metall/Holz/Glas/Keramik-Verarbeitung
46220,Maschinen- & Anlagenbau
77278,Kunststoff/Metall/Holz/Glas/Keramik-Verarbeitung
119102,Maschinen- & Anlagenbau
119782,Handel
1050576,Maschinen- & Anlagenbau
1052120,Elektro & Mess-Regeltechnik
1624,Maschinen- & Anlagenbau
4628,Sonstiges
5180,Luft- & Raumfahrt & Zulieferer
11437,Sonstiges
13167,Sonstiges
13642,Kunststoff/Metall/Holz/Glas/Keramik-Verarbeitung
14614,Maschinen- & Anlagenbau
15809,Sonstiges
16033,Sonstiges
17567,Maschinen- & Anlagenbau
17641,Maschinen- & Anlagenbau
19791,Kunststoff/Metall/Holz/Glas/Keramik-Verarbeitung
19889,Sonstiges
20182,Maschinen- & Anlagenbau
24246,Sonstiges
25613,Maschinen- & Anlagenbau
26753,Maschinen- & Anlagenbau
27026,Sonstiges
27905,Maschinen- & Anlagenbau
28456,Elektro & Mess-Regeltechnik
28535,Sonstiges
30158,Sonstiges
31104,Sonstiges
33771,Kunststoff/Metall/Holz/Glas/Keramik-Verarbeitung
35323,Sonstiges
37096,Sonstiges
38945,Sonstiges
39241,Kunststoff/Metall/Holz/Glas/Keramik-Verarbeitung
39529,Kunststoff/Metall/Holz/Glas/Keramik-Verarbeitung
39826,Kunststoff/Metall/Holz/Glas/Keramik-Verarbeitung
40814,Maschinen- & Anlagenbau
42839,Handel
45698,Automotive & Zulieferer
46971,Sonstiges
47824,Sonstiges
48486,Automotive & Zulieferer
48806,Medical
49354,Maschinen- & Anlagenbau
51026,Kunststoff/Metall/Holz/Glas/Keramik-Verarbeitung
51131,Sonstiges
51567,Sonstiges
52010,Medical
52346,Maschinen- & Anlagenbau
53353,Sonstiges
54861,Sonstiges
55250,Sonstiges
55400,Sonstiges
56156,Sonstiges
57513,Sonstiges
57908,Kunststoff/Metall/Holz/Glas/Keramik-Verarbeitung
58526,Sonstiges
58785,Sonstiges
59565,Sonstiges
59783,Maschinen- & Anlagenbau
63385,Sonstiges
64287,Sonstiges
67005,Sonstiges
67528,Maschinen- & Anlagenbau
67720,Sonstiges
68385,Maschinen- & Anlagenbau
69010,Sonstiges
69635,Elektro & Mess-Regeltechnik
70220,Sonstiges
71561,Elektro & Mess-Regeltechnik
71926,Sonstiges
76005,Sonstiges
76288,Sonstiges
77083,Automotive & Zulieferer
78026,Sonstiges
79015,Sonstiges
79412,Sonstiges
79446,Sonstiges
79890,Sonstiges
79894,Sonstiges
81057,Sonstiges
82057,Maschinen- & Anlagenbau
83595,Sonstiges
85537,Sonstiges
86058,Automotive & Zulieferer
87243,Sonstiges
88245,Sonstiges
89708,Sonstiges
90013,Sonstiges
90607,Sonstiges
91176,Sonstiges
91739,Medical
91846,Klima & Heizung (Facility)
92185,Elektro & Mess-Regeltechnik
92872,Sonstiges
93804,Sonstiges
94185,Kalibrierlabore & Zertifizierungsstellen
94739,Sonstiges
95170,Sonstiges
95350,Sonstiges
95865,Kunststoff/Metall/Holz/Glas/Keramik-Verarbeitung
95893,Sonstiges
96803,Sonstiges
96895,Sonstiges
97721,Sonstiges
97952,Medical
98126,Sonstiges
98297,Kunststoff/Metall/Holz/Glas/Keramik-Verarbeitung
99298,Sonstiges
99436,Kunststoff/Metall/Holz/Glas/Keramik-Verarbeitung
99837,Maschinen- & Anlagenbau
101089,Automotive & Zulieferer
102370,Sonstiges
103639,Sonstiges
105840,Sonstiges
106178,Sonstiges
106745,Sonstiges
107574,Sonstiges
108115,Sonstiges
108174,Sonstiges
108314,Automotive & Zulieferer
108707,Sonstiges
108733,Sonstiges
109269,Sonstiges
109335,Sonstiges
109851,Medical
110016,Sonstiges
110155,Maschinen- & Anlagenbau
110431,Sonstiges
110708,Sonstiges
110841,Sonstiges
111507,Kunststoff/Metall/Holz/Glas/Keramik-Verarbeitung
111563,Sonstiges
111579,Sonstiges
112983,Sonstiges
113016,Kunststoff/Metall/Holz/Glas/Keramik-Verarbeitung
113021,Energie
113066,Sonstiges
113097,Sonstiges
113122,Elektro & Mess-Regeltechnik
113150,Sonstiges
113270,Sonstiges
113288,Sonstiges
113370,Sonstiges
113373,Maschinen- & Anlagenbau
113391,Maschinen- & Anlagenbau
113422,Sonstiges
113443,Sonstiges
113463,Luft- & Raumfahrt & Zulieferer
113485,Sonstiges
113517,Sonstiges
113572,Sonstiges
113717,Sonstiges
113733,Sonstiges
113739,Maschinen- & Anlagenbau
113763,Sonstiges
113791,Sonstiges
113818,Sonstiges
113832,Sonstiges
113874,Kunststoff/Metall/Holz/Glas/Keramik-Verarbeitung
114008,Sonstiges
114022,Sonstiges
114063,Sonstiges
114071,Maschinen- & Anlagenbau
114074,Sonstiges
114101,Sonstiges
114102,Sonstiges
114159,Sonstiges
114171,Sonstiges
114370,Sonstiges
114400,Sonstiges
114430,Kunststoff/Metall/Holz/Glas/Keramik-Verarbeitung
114533,Sonstiges
114544,Sonstiges
114549,Elektro & Mess-Regeltechnik
114562,Sonstiges
114581,Sonstiges
114800,Handel
1046840,Elektro & Mess-Regeltechnik
1048320,Handel
1110970,Kunststoff/Metall/Holz/Glas/Keramik-Verarbeitung
1261,Kunststoff/Metall/Holz/Glas/Keramik-Verarbeitung
2904,Kunststoff/Metall/Holz/Glas/Keramik-Verarbeitung
57683,Sonstiges
109360,Kunststoff/Metall/Holz/Glas/Keramik-Verarbeitung
18109,Kunststoff/Metall/Holz/Glas/Keramik-Verarbeitung
10601,Maschinen- & Anlagenbau
12963,Handel
28515,Chemie & Raffinerie
1003542,Kunststoff/Metall/Holz/Glas/Keramik-Verarbeitung
1013135,Kunststoff/Metall/Holz/Glas/Keramik-Verarbeitung
19769,Maschinen- & Anlagenbau
55547,Luft- & Raumfahrt & Zulieferer
12765,Maschinen- & Anlagenbau
1010115,Handel
14375,Sonstiges
21119,Kunststoff/Metall/Holz/Glas/Keramik-Verarbeitung
1172,Sonstiges
11060,Handel
20473,Automotive & Zulieferer
4864,Sonstiges
20930,Sonstiges
67608,Sonstiges
70948,Maschinen- & Anlagenbau
76544,Maschinen- & Anlagenbau
77093,Sonstiges
77767,Sonstiges
80701,Sonstiges
90783,Sonstiges
102710,Sonstiges
113789,Kunststoff/Metall/Holz/Glas/Keramik-Verarbeitung
114343,Sonstiges
89052,Elektro & Mess-Regeltechnik
14568,Maschinen- & Anlagenbau
1011261,Kunststoff/Metall/Holz/Glas/Keramik-Verarbeitung
1048547,Kalibrierlabore & Zertifizierungsstellen
4833,Kunststoff/Metall/Holz/Glas/Keramik-Verarbeitung
27131,Kunststoff/Metall/Holz/Glas/Keramik-Verarbeitung
44807,Sonstiges
47966,Maschinen- & Anlagenbau
51363,Sonstiges
52222,Elektro & Mess-Regeltechnik
78133,Sonstiges
78425,Sonstiges
82219,Elektro & Mess-Regeltechnik
82912,Sonstiges
85971,Sonstiges
88765,Sonstiges
89104,Sonstiges
94309,Sonstiges
102771,Sonstiges
109875,Sonstiges
111923,Sonstiges
113656,Sonstiges
113770,Maschinen- & Anlagenbau
113864,Sonstiges
114502,Sonstiges
115126,Kunststoff/Metall/Holz/Glas/Keramik-Verarbeitung
1022886,Automotive & Zulieferer
114697,Handel
13551,Maschinen- & Anlagenbau
53329,Kunststoff/Metall/Holz/Glas/Keramik-Verarbeitung
83547,Handel
11820,Energie
13433,Kunststoff/Metall/Holz/Glas/Keramik-Verarbeitung
14515,Elektro & Mess-Regeltechnik
15223,Kunststoff/Metall/Holz/Glas/Keramik-Verarbeitung
15440,Maschinen- & Anlagenbau
17079,Kunststoff/Metall/Holz/Glas/Keramik-Verarbeitung
18114,Handel
18365,Kunststoff/Metall/Holz/Glas/Keramik-Verarbeitung
30679,Kunststoff/Metall/Holz/Glas/Keramik-Verarbeitung
45023,Chemie & Raffinerie
81468,Maschinen- & Anlagenbau
90874,Kunststoff/Metall/Holz/Glas/Keramik-Verarbeitung
1032,Kunststoff/Metall/Holz/Glas/Keramik-Verarbeitung
10302,Kunststoff/Metall/Holz/Glas/Keramik-Verarbeitung
12069,Maschinen- & Anlagenbau
12834,Handel
14769,Elektro & Mess-Regeltechnik
16860,Handel
30275,Kunststoff/Metall/Holz/Glas/Keramik-Verarbeitung
30401,Handel
31859,Maschinen- & Anlagenbau
32605,Handel
60449,Kunststoff/Metall/Holz/Glas/Keramik-Verarbeitung
70153,Elektro & Mess-Regeltechnik
91147,Elektro & Mess-Regeltechnik
92160,Maschinen- & Anlagenbau
96953,Automotive & Zulieferer
114752,Handel
115698,Maschinen- & Anlagenbau
1011262,Kunststoff/Metall/Holz/Glas/Keramik-Verarbeitung
1050351,Maschinen- & Anlagenbau
1820,Halbleiter & Mikroelektronik
14347,Maschinen- & Anlagenbau
25183,Handel
40273,Sonstiges
42793,Handel
65521,Kunststoff/Metall/Holz/Glas/Keramik-Verarbeitung
103733,Maschinen- & Anlagenbau
4412,Chemie & Raffinerie
76524,Sonstiges
82560,Sonstiges
82932,Sonstiges
94665,Sonstiges
102668,Medical
106530,Sonstiges
108209,Sonstiges
31518,Kunststoff/Metall/Holz/Glas/Keramik-Verarbeitung
64000,Handel
103695,Handel
107470,Sonstiges
27529,Sonstiges
58379,Sonstiges
45603,Kunststoff/Metall/Holz/Glas/Keramik-Verarbeitung
85251,Kunststoff/Metall/Holz/Glas/Keramik-Verarbeitung
31205,Maschinen- & Anlagenbau
PE2400,Handel
