Kalendertag (Intervall),KST,MESSRAUM,Kostenstelle,SOLL Sonstiges STD,SOLL Krank STD,SOLL Urlaub STD,SOLL Anwesend STD,Gesamtergebnis STD
2024-01-02,5211,MR11,MR11 Koordinatenm BS,0.0000,0.0000,7.7000,7.7000,15.4000
2024-01-02,5220,WE/WA,WE/WA BS,0.0000,0.0000,0.0000,7.7000,7.7000
2024-01-02,5222,WE,WE BS,0.0000,7.7000,15.4000,46.2000,69.3000
2024-01-02,5223,WA,WA BS,0.0000,7.7000,0.0000,15.4000,23.1000
2024-01-02,5225,Packplatz,PP,0.0000,0.0000,7.7000,23.1000,30.8000
2024-01-02,5230,Springer,Prüfer BS,0.0000,0.0000,7.7000,0.0000,7.7000
2024-01-02,5231,MR1,MR1 Endmaße BS,0.0000,0.0000,21.4000,15.4000,36.8000
2024-01-02,5232,MR7,MR7 Lehren BS,0.0000,0.0000,38.5000,35.8000,74.3000
2024-01-02,5233,MR4,MR4 Lohnmessung BS,0.0000,0.0000,7.7000,7.7000,15.4000
2024-01-02,5234,MR2,MR2 Drehmoment BS,0.0000,0.0000,7.7000,30.8000,38.5000
2024-01-02,5235,MR6,MR6 Messschieber BS,0.0000,0.0000,15.4000,23.1000,38.5000
2024-01-02,5236,MR3,MR3 Messuhren BS,0.0000,0.0000,15.4000,30.8000,46.2000
2024-01-02,5237,MR9,MR9 Elektro BS,0.0000,0.0000,15.4000,7.7000,23.1000
2024-01-02,5238,MR8,MR8 Temperatur BS,0.0000,0.0000,0.0000,7.7000,7.7000
2024-01-02,5239,MR5,MR5 Bügelmesss. BS,0.0000,0.0000,15.4000,30.8000,46.2000
2024-01-02,5240,AV,Arbeitsvorbereit. BS,0.0000,7.7000,25.4000,61.6000,94.7000
2024-01-03,5211,MR11,MR11 Koordinatenm BS,0.0000,0.0000,0.0000,15.4000,15.4000
2024-01-03,5220,WE/WA,WE/WA BS,0.0000,0.0000,0.0000,7.7000,7.7000
2024-01-03,5222,WE,WE BS,0.0000,7.7000,7.7000,53.9000,69.3000
2024-01-03,5223,WA,WA BS,0.0000,7.7000,0.0000,15.4000,23.1000
2024-01-03,5225,Packplatz,PP,0.0000,0.0000,7.7000,23.1000,30.8000
2024-01-03,5230,Springer,Prüfer BS,0.0000,0.0000,7.7000,0.0000,7.7000
2024-01-03,5231,MR1,MR1 Endmaße BS,0.0000,0.0000,21.4000,15.4000,36.8000
2024-01-03,5232,MR7,MR7 Lehren BS,0.0000,0.0000,30.8000,43.5000,74.3000
2024-01-03,5233,MR4,MR4 Lohnmessung BS,0.0000,0.0000,7.7000,7.7000,15.4000
2024-01-03,5234,MR2,MR2 Drehmoment BS,0.0000,0.0000,7.7000,38.5000,46.2000
2024-01-03,5235,MR6,MR6 Messschieber BS,0.0000,0.0000,7.7000,35.8000,43.5000
2024-01-03,5236,MR3,MR3 Messuhren BS,0.0000,0.0000,7.7000,30.8000,38.5000
2024-01-03,5237,MR9,MR9 Elektro BS,0.0000,0.0000,7.7000,15.4000,23.1000
2024-01-03,5238,MR8,MR8 Temperatur BS,0.0000,0.0000,0.0000,7.7000,7.7000
2024-01-03,5239,MR5,MR5 Bügelmesss. BS,0.0000,0.0000,7.7000,38.5000,46.2000
2024-01-03,5240,AV,Arbeitsvorbereit. BS,0.0000,7.7000,7.7000,75.3000,90.7000
2024-01-04,5211,MR11,MR11 Koordinatenm BS,0.0000,0.0000,0.0000,15.4000,15.4000
2024-01-04,5220,WE/WA,WE/WA BS,0.0000,0.0000,0.0000,7.7000,7.7000
2024-01-04,5222,WE,WE BS,0.0000,7.7000,0.0000,61.6000,69.3000
2024-01-04,5223,WA,WA BS,0.0000,7.7000,0.0000,15.4000,23.1000
2024-01-04,5225,Packplatz,PP,0.0000,0.0000,7.7000,23.1000,30.8000
2024-01-04,5230,Springer,Prüfer BS,0.0000,0.0000,7.7000,0.0000,7.7000
2024-01-04,5231,MR1,MR1 Endmaße BS,0.0000,0.0000,13.7000,23.1000,36.8000
2024-01-04,5232,MR7,MR7 Lehren BS,0.0000,0.0000,15.4000,58.9000,74.3000
2024-01-04,5233,MR4,MR4 Lohnmessung BS,0.0000,0.0000,7.7000,7.7000,15.4000
2024-01-04,5234,MR2,MR2 Drehmoment BS,0.0000,0.0000,7.7000,38.5000,46.2000
2024-01-04,5235,MR6,MR6 Messschieber BS,0.0000,0.0000,0.0000,43.5000,43.5000
2024-01-04,5236,MR3,MR3 Messuhren BS,0.0000,0.0000,15.4000,23.1000,38.5000
2024-01-04,5237,MR9,MR9 Elektro BS,0.0000,0.0000,7.7000,15.4000,23.1000
2024-01-04,5238,MR8,MR8 Temperatur BS,0.0000,0.0000,0.0000,7.7000,7.7000
2024-01-04,5239,MR5,MR5 Bügelmesss. BS,0.0000,0.0000,7.7000,38.5000,46.2000
2024-01-04,5240,AV,Arbeitsvorbereit. BS,0.0000,7.7000,0.0000,75.3000,83.0000
2024-01-05,5211,MR11,MR11 Koordinatenm BS,0.0000,0.0000,0.0000,15.4000,15.4000
2024-01-05,5220,WE/WA,WE/WA BS,0.0000,0.0000,0.0000,7.7000,7.7000
2024-01-05,5222,WE,WE BS,0.0000,15.4000,0.0000,53.9000,69.3000
2024-01-05,5223,WA,WA BS,0.0000,7.7000,0.0000,7.7000,15.4000
2024-01-05,5225,Packplatz,PP,0.0000,0.0000,7.7000,23.1000,30.8000
2024-01-05,5230,Springer,Prüfer BS,0.0000,0.0000,7.7000,0.0000,7.7000
2024-01-05,5231,MR1,MR1 Endmaße BS,0.0000,0.0000,13.7000,23.1000,36.8000
2024-01-05,5232,MR7,MR7 Lehren BS,0.0000,0.0000,15.4000,53.9000,69.3000
2024-01-05,5233,MR4,MR4 Lohnmessung BS,0.0000,0.0000,7.7000,7.7000,15.4000
2024-01-05,5234,MR2,MR2 Drehmoment BS,0.0000,0.0000,15.4000,30.8000,46.2000
2024-01-05,5235,MR6,MR6 Messschieber BS,0.0000,0.0000,0.0000,43.5000,43.5000
2024-01-05,5236,MR3,MR3 Messuhren BS,0.0000,0.0000,7.7000,23.1000,30.8000
2024-01-05,5237,MR9,MR9 Elektro BS,0.0000,0.0000,7.7000,15.4000,23.1000
2024-01-05,5238,MR8,MR8 Temperatur BS,0.0000,0.0000,0.0000,7.7000,7.7000
2024-01-05,5239,MR5,MR5 Bügelmesss. BS,0.0000,0.0000,7.7000,38.5000,46.2000
2024-01-05,5240,AV,Arbeitsvorbereit. BS,0.0000,15.4000,15.4000,52.2000,83.0000
2024-01-05,5900,Qualifizierung,Qualifizierung,0.0000,0.0000,0.0000,0.0000,0.0000
2024-01-08,5211,MR11,MR11 Koordinatenm BS,0.0000,0.0000,0.0000,15.4000,15.4000
2024-01-08,5220,WE/WA,WE/WA BS,0.0000,0.0000,0.0000,7.7000,7.7000
2024-01-08,5222,WE,WE BS,0.0000,0.0000,0.0000,69.3000,69.3000
2024-01-08,5223,WA,WA BS,0.0000,7.7000,0.0000,15.4000,23.1000
2024-01-08,5225,Packplatz,PP,0.0000,0.0000,0.0000,36.8000,36.8000
2024-01-08,5230,Springer,Prüfer BS,0.0000,0.0000,0.0000,0.0000,0.0000
2024-01-08,5231,MR1,MR1 Endmaße BS,0.0000,0.0000,0.0000,29.1000,29.1000
2024-01-08,5232,MR7,MR7 Lehren BS,0.0000,0.0000,12.7000,61.6000,74.3000
2024-01-08,5233,MR4,MR4 Lohnmessung BS,0.0000,0.0000,0.0000,15.4000,15.4000
2024-01-08,5234,MR2,MR2 Drehmoment BS,7.7000,0.0000,0.0000,38.5000,46.2000
2024-01-08,5235,MR6,MR6 Messschieber BS,0.0000,7.7000,0.0000,35.8000,43.5000
2024-01-08,5236,MR3,MR3 Messuhren BS,0.0000,15.4000,0.0000,23.1000,38.5000
2024-01-08,5237,MR9,MR9 Elektro BS,0.0000,0.0000,0.0000,23.1000,23.1000
2024-01-08,5238,MR8,MR8 Temperatur BS,0.0000,0.0000,0.0000,7.7000,7.7000
2024-01-08,5239,MR5,MR5 Bügelmesss. BS,0.0000,0.0000,0.0000,46.2000,46.2000
2024-01-08,5240,AV,Arbeitsvorbereit. BS,0.0000,15.4000,7.7000,71.6000,94.7000
2024-01-08,5900,Qualifizierung,Qualifizierung,0.0000,0.0000,0.0000,0.0000,0.0000
2024-01-09,5211,MR11,MR11 Koordinatenm BS,0.0000,0.0000,0.0000,15.4000,15.4000
2024-01-09,5220,WE/WA,WE/WA BS,0.0000,0.0000,0.0000,7.7000,7.7000
2024-01-09,5222,WE,WE BS,0.0000,0.0000,0.0000,69.3000,69.3000
2024-01-09,5223,WA,WA BS,0.0000,7.7000,0.0000,15.4000,23.1000
2024-01-09,5225,Packplatz,PP,0.0000,0.0000,0.0000,30.8000,30.8000
2024-01-09,5230,Springer,Prüfer BS,0.0000,0.0000,0.0000,0.0000,0.0000
2024-01-09,5231,MR1,MR1 Endmaße BS,0.0000,0.0000,0.0000,36.8000,36.8000
2024-01-09,5232,MR7,MR7 Lehren BS,0.0000,7.7000,7.7000,58.9000,74.3000
2024-01-09,5233,MR4,MR4 Lohnmessung BS,0.0000,0.0000,0.0000,15.4000,15.4000
2024-01-09,5234,MR2,MR2 Drehmoment BS,7.7000,7.7000,0.0000,30.8000,46.2000
2024-01-09,5235,MR6,MR6 Messschieber BS,0.0000,0.0000,0.0000,43.5000,43.5000
2024-01-09,5236,MR3,MR3 Messuhren BS,0.0000,7.7000,0.0000,30.8000,38.5000
2024-01-09,5237,MR9,MR9 Elektro BS,0.0000,0.0000,0.0000,23.1000,23.1000
2024-01-09,5238,MR8,MR8 Temperatur BS,0.0000,0.0000,0.0000,7.7000,7.7000
2024-01-09,5239,MR5,MR5 Bügelmesss. BS,0.0000,0.0000,0.0000,46.2000,46.2000
2024-01-09,5240,AV,Arbeitsvorbereit. BS,0.0000,7.7000,0.0000,87.0000,94.7000
2024-01-09,5900,Qualifizierung,Qualifizierung,0.0000,0.0000,0.0000,0.0000,0.0000
2024-01-10,5211,MR11,MR11 Koordinatenm BS,0.0000,0.0000,0.0000,15.4000,15.4000
2024-01-10,5220,WE/WA,WE/WA BS,0.0000,0.0000,0.0000,7.7000,7.7000
2024-01-10,5222,WE,WE BS,0.0000,7.7000,0.0000,61.6000,69.3000
2024-01-10,5223,WA,WA BS,0.0000,7.7000,0.0000,15.4000,23.1000
2024-01-10,5225,Packplatz,PP,0.0000,0.0000,0.0000,36.8000,36.8000
2024-01-10,5230,Springer,Prüfer BS,0.0000,0.0000,0.0000,0.0000,0.0000
2024-01-10,5231,MR1,MR1 Endmaße BS,0.0000,0.0000,0.0000,36.8000,36.8000
2024-01-10,5232,MR7,MR7 Lehren BS,0.0000,7.7000,0.0000,66.6000,74.3000
2024-01-10,5233,MR4,MR4 Lohnmessung BS,0.0000,0.0000,0.0000,15.4000,15.4000
2024-01-10,5234,MR2,MR2 Drehmoment BS,7.7000,7.7000,0.0000,30.8000,46.2000
2024-01-10,5235,MR6,MR6 Messschieber BS,0.0000,0.0000,0.0000,43.5000,43.5000
2024-01-10,5236,MR3,MR3 Messuhren BS,0.0000,7.7000,0.0000,30.8000,38.5000
2024-01-10,5237,MR9,MR9 Elektro BS,0.0000,0.0000,0.0000,23.1000,23.1000
2024-01-10,5238,MR8,MR8 Temperatur BS,0.0000,0.0000,0.0000,7.7000,7.7000
2024-01-10,5239,MR5,MR5 Bügelmesss. BS,0.0000,0.0000,0.0000,46.2000,46.2000
2024-01-10,5240,AV,Arbeitsvorbereit. BS,0.0000,15.4000,0.0000,75.3000,90.7000
2024-01-10,5900,Qualifizierung,Qualifizierung,0.0000,0.0000,0.0000,0.0000,0.0000
2024-01-11,5211,MR11,MR11 Koordinatenm BS,0.0000,0.0000,0.0000,15.4000,15.4000
2024-01-11,5220,WE/WA,WE/WA BS,0.0000,0.0000,0.0000,7.7000,7.7000
2024-01-11,5222,WE,WE BS,7.7000,0.0000,0.0000,61.6000,69.3000
2024-01-11,5223,WA,WA BS,0.0000,7.7000,0.0000,15.4000,23.1000
2024-01-11,5225,Packplatz,PP,0.0000,0.0000,0.0000,36.8000,36.8000
2024-01-11,5230,Springer,Prüfer BS,0.0000,0.0000,0.0000,0.0000,0.0000
2024-01-11,5231,MR1,MR1 Endmaße BS,0.0000,0.0000,0.0000,36.8000,36.8000
2024-01-11,5232,MR7,MR7 Lehren BS,0.0000,30.8000,0.0000,43.5000,74.3000
2024-01-11,5233,MR4,MR4 Lohnmessung BS,0.0000,0.0000,0.0000,15.4000,15.4000
2024-01-11,5234,MR2,MR2 Drehmoment BS,0.0000,7.7000,0.0000,38.5000,46.2000
2024-01-11,5235,MR6,MR6 Messschieber BS,0.0000,0.0000,0.0000,43.5000,43.5000
2024-01-11,5236,MR3,MR3 Messuhren BS,0.0000,7.7000,0.0000,30.8000,38.5000
2024-01-11,5237,MR9,MR9 Elektro BS,0.0000,0.0000,0.0000,23.1000,23.1000
2024-01-11,5238,MR8,MR8 Temperatur BS,0.0000,0.0000,0.0000,7.7000,7.7000
2024-01-11,5239,MR5,MR5 Bügelmesss. BS,0.0000,0.0000,0.0000,46.2000,46.2000
2024-01-11,5240,AV,Arbeitsvorbereit. BS,0.0000,0.0000,0.0000,94.7000,94.7000
2024-01-11,5900,Qualifizierung,Qualifizierung,0.0000,0.0000,0.0000,0.0000,0.0000
2024-01-12,5211,MR11,MR11 Koordinatenm BS,0.0000,0.0000,0.0000,15.4000,15.4000
2024-01-12,5220,WE/WA,WE/WA BS,0.0000,0.0000,0.0000,7.7000,7.7000
2024-01-12,5222,WE,WE BS,7.7000,7.7000,0.0000,53.9000,69.3000
2024-01-12,5223,WA,WA BS,0.0000,7.7000,0.0000,7.7000,15.4000
2024-01-12,5225,Packplatz,PP,0.0000,0.0000,7.7000,29.1000,36.8000
2024-01-12,5230,Springer,Prüfer BS,0.0000,0.0000,0.0000,0.0000,0.0000
2024-01-12,5231,MR1,MR1 Endmaße BS,0.0000,0.0000,0.0000,36.8000,36.8000
2024-01-12,5232,MR7,MR7 Lehren BS,0.0000,23.1000,0.0000,46.2000,69.3000
2024-01-12,5233,MR4,MR4 Lohnmessung BS,0.0000,0.0000,0.0000,15.4000,15.4000
2024-01-12,5234,MR2,MR2 Drehmoment BS,0.0000,7.7000,0.0000,38.5000,46.2000
2024-01-12,5235,MR6,MR6 Messschieber BS,0.0000,0.0000,0.0000,43.5000,43.5000
2024-01-12,5236,MR3,MR3 Messuhren BS,0.0000,7.7000,0.0000,23.1000,30.8000
2024-01-12,5237,MR9,MR9 Elektro BS,0.0000,0.0000,0.0000,23.1000,23.1000
2024-01-12,5238,MR8,MR8 Temperatur BS,0.0000,0.0000,0.0000,7.7000,7.7000
2024-01-12,5239,MR5,MR5 Bügelmesss. BS,0.0000,0.0000,0.0000,46.2000,46.2000
2024-01-12,5240,AV,Arbeitsvorbereit. BS,0.0000,0.0000,7.7000,81.0000,88.7000
2024-01-12,5900,Qualifizierung,Qualifizierung,0.0000,0.0000,0.0000,0.0000,0.0000
2024-01-15,5211,MR11,MR11 Koordinatenm BS,0.0000,0.0000,7.7000,7.7000,15.4000
2024-01-15,5220,WE/WA,WE/WA BS,0.0000,0.0000,0.0000,7.7000,7.7000
2024-01-15,5222,WE,WE BS,0.0000,0.0000,7.7000,61.6000,69.3000
2024-01-15,5223,WA,WA BS,0.0000,0.0000,0.0000,15.4000,15.4000
2024-01-15,5225,Packplatz,PP,0.0000,0.0000,0.0000,30.8000,30.8000
2024-01-15,5230,Springer,Prüfer BS,0.0000,0.0000,0.0000,7.7000,7.7000
2024-01-15,5231,MR1,MR1 Endmaße BS,0.0000,0.0000,0.0000,29.1000,29.1000
2024-01-15,5232,MR7,MR7 Lehren BS,0.0000,7.7000,7.7000,58.9000,74.3000
2024-01-15,5233,MR4,MR4 Lohnmessung BS,0.0000,0.0000,0.0000,15.4000,15.4000
2024-01-15,5234,MR2,MR2 Drehmoment BS,0.0000,0.0000,0.0000,46.2000,46.2000
2024-01-15,5235,MR6,MR6 Messschieber BS,0.0000,0.0000,0.0000,43.5000,43.5000
2024-01-15,5236,MR3,MR3 Messuhren BS,0.0000,0.0000,0.0000,38.5000,38.5000
2024-01-15,5237,MR9,MR9 Elektro BS,0.0000,0.0000,0.0000,23.1000,23.1000
2024-01-15,5238,MR8,MR8 Temperatur BS,0.0000,0.0000,0.0000,7.7000,7.7000
2024-01-15,5239,MR5,MR5 Bügelmesss. BS,0.0000,0.0000,0.0000,46.2000,46.2000
2024-01-15,5240,AV,Arbeitsvorbereit. BS,0.0000,0.0000,7.7000,87.0000,94.7000
2024-01-15,5900,Qualifizierung,Qualifizierung,0.0000,0.0000,0.0000,0.0000,0.0000
2024-01-16,5211,MR11,MR11 Koordinatenm BS,0.0000,0.0000,7.7000,15.4000,23.1000
2024-01-16,5220,WE/WA,WE/WA BS,0.0000,0.0000,0.0000,7.7000,7.7000
2024-01-16,5222,WE,WE BS,0.0000,0.0000,7.7000,61.6000,69.3000
2024-01-16,5223,WA,WA BS,0.0000,7.7000,0.0000,15.4000,23.1000
2024-01-16,5225,Packplatz,PP,0.0000,0.0000,0.0000,30.8000,30.8000
2024-01-16,5230,Springer,Prüfer BS,0.0000,0.0000,0.0000,7.7000,7.7000
2024-01-16,5231,MR1,MR1 Endmaße BS,0.0000,0.0000,0.0000,36.8000,36.8000
2024-01-16,5232,MR7,MR7 Lehren BS,0.0000,15.4000,7.7000,51.2000,74.3000
2024-01-16,5233,MR4,MR4 Lohnmessung BS,0.0000,0.0000,0.0000,15.4000,15.4000
2024-01-16,5234,MR2,MR2 Drehmoment BS,0.0000,7.7000,0.0000,30.8000,38.5000
2024-01-16,5235,MR6,MR6 Messschieber BS,0.0000,0.0000,7.7000,35.8000,43.5000
2024-01-16,5236,MR3,MR3 Messuhren BS,0.0000,0.0000,0.0000,38.5000,38.5000
2024-01-16,5237,MR9,MR9 Elektro BS,0.0000,0.0000,0.0000,23.1000,23.1000
2024-01-16,5238,MR8,MR8 Temperatur BS,0.0000,0.0000,0.0000,7.7000,7.7000
2024-01-16,5239,MR5,MR5 Bügelmesss. BS,0.0000,0.0000,0.0000,46.2000,46.2000
2024-01-16,5240,AV,Arbeitsvorbereit. BS,0.0000,0.0000,7.7000,87.0000,94.7000
2024-01-16,5900,Qualifizierung,Qualifizierung,0.0000,0.0000,0.0000,0.0000,0.0000
2024-01-17,5211,MR11,MR11 Koordinatenm BS,0.0000,0.0000,7.7000,15.4000,23.1000
2024-01-17,5220,WE/WA,WE/WA BS,0.0000,0.0000,0.0000,7.7000,7.7000
2024-01-17,5222,WE,WE BS,0.0000,0.0000,7.7000,61.6000,69.3000
2024-01-17,5223,WA,WA BS,0.0000,7.7000,0.0000,15.4000,23.1000
2024-01-17,5225,Packplatz,PP,0.0000,0.0000,0.0000,30.8000,30.8000
2024-01-17,5230,Springer,Prüfer BS,0.0000,0.0000,0.0000,7.7000,7.7000
2024-01-17,5231,MR1,MR1 Endmaße BS,0.0000,0.0000,0.0000,36.8000,36.8000
2024-01-17,5232,MR7,MR7 Lehren BS,0.0000,20.4000,7.7000,46.2000,74.3000
2024-01-17,5233,MR4,MR4 Lohnmessung BS,0.0000,0.0000,0.0000,15.4000,15.4000
2024-01-17,5234,MR2,MR2 Drehmoment BS,0.0000,7.7000,0.0000,30.8000,38.5000
2024-01-17,5235,MR6,MR6 Messschieber BS,0.0000,0.0000,7.7000,35.8000,43.5000
2024-01-17,5236,MR3,MR3 Messuhren BS,0.0000,7.7000,0.0000,30.8000,38.5000
2024-01-17,5237,MR9,MR9 Elektro BS,0.0000,0.0000,0.0000,23.1000,23.1000
2024-01-17,5238,MR8,MR8 Temperatur BS,0.0000,0.0000,0.0000,7.7000,7.7000
2024-01-17,5239,MR5,MR5 Bügelmesss. BS,0.0000,0.0000,0.0000,46.2000,46.2000
2024-01-17,5240,AV,Arbeitsvorbereit. BS,0.0000,7.7000,7.7000,75.3000,90.7000
2024-01-17,5900,Qualifizierung,Qualifizierung,0.0000,0.0000,0.0000,0.0000,0.0000
2024-01-18,5211,MR11,MR11 Koordinatenm BS,0.0000,0.0000,7.7000,15.4000,23.1000
2024-01-18,5220,WE/WA,WE/WA BS,0.0000,0.0000,0.0000,7.7000,7.7000
2024-01-18,5222,WE,WE BS,0.0000,0.0000,7.7000,61.6000,69.3000
2024-01-18,5223,WA,WA BS,0.0000,7.7000,0.0000,15.4000,23.1000
2024-01-18,5225,Packplatz,PP,0.0000,0.0000,0.0000,30.8000,30.8000
2024-01-18,5230,Springer,Prüfer BS,0.0000,0.0000,0.0000,7.7000,7.7000
2024-01-18,5231,MR1,MR1 Endmaße BS,0.0000,0.0000,0.0000,36.8000,36.8000
2024-01-18,5232,MR7,MR7 Lehren BS,0.0000,20.4000,0.0000,53.9000,74.3000
2024-01-18,5233,MR4,MR4 Lohnmessung BS,0.0000,0.0000,0.0000,15.4000,15.4000
2024-01-18,5234,MR2,MR2 Drehmoment BS,0.0000,7.7000,0.0000,30.8000,38.5000
2024-01-18,5235,MR6,MR6 Messschieber BS,0.0000,0.0000,7.7000,35.8000,43.5000
2024-01-18,5236,MR3,MR3 Messuhren BS,0.0000,7.7000,0.0000,30.8000,38.5000
2024-01-18,5237,MR9,MR9 Elektro BS,0.0000,0.0000,0.0000,23.1000,23.1000
2024-01-18,5238,MR8,MR8 Temperatur BS,0.0000,0.0000,0.0000,7.7000,7.7000
2024-01-18,5239,MR5,MR5 Bügelmesss. BS,0.0000,0.0000,7.7000,38.5000,46.2000
2024-01-18,5240,AV,Arbeitsvorbereit. BS,0.0000,0.0000,0.0000,94.7000,94.7000
2024-01-18,5900,Qualifizierung,Qualifizierung,0.0000,0.0000,0.0000,0.0000,0.0000
2024-01-19,5211,MR11,MR11 Koordinatenm BS,0.0000,0.0000,7.7000,15.4000,23.1000
2024-01-19,5220,WE/WA,WE/WA BS,0.0000,0.0000,0.0000,7.7000,7.7000
2024-01-19,5222,WE,WE BS,0.0000,0.0000,7.7000,61.6000,69.3000
2024-01-19,5223,WA,WA BS,0.0000,7.7000,0.0000,7.7000,15.4000
2024-01-19,5225,Packplatz,PP,0.0000,0.0000,0.0000,30.8000,30.8000
2024-01-19,5230,Springer,Prüfer BS,0.0000,0.0000,0.0000,0.0000,0.0000
2024-01-19,5231,MR1,MR1 Endmaße BS,0.0000,0.0000,0.0000,36.8000,36.8000
2024-01-19,5232,MR7,MR7 Lehren BS,0.0000,7.7000,7.7000,53.9000,69.3000
2024-01-19,5233,MR4,MR4 Lohnmessung BS,0.0000,0.0000,0.0000,15.4000,15.4000
2024-01-19,5234,MR2,MR2 Drehmoment BS,0.0000,7.7000,0.0000,30.8000,38.5000
2024-01-19,5235,MR6,MR6 Messschieber BS,0.0000,0.0000,0.0000,43.5000,43.5000
2024-01-19,5236,MR3,MR3 Messuhren BS,0.0000,7.7000,0.0000,23.1000,30.8000
2024-01-19,5237,MR9,MR9 Elektro BS,0.0000,0.0000,0.0000,23.1000,23.1000
2024-01-19,5238,MR8,MR8 Temperatur BS,0.0000,0.0000,0.0000,7.7000,7.7000
2024-01-19,5239,MR5,MR5 Bügelmesss. BS,0.0000,0.0000,7.7000,30.8000,38.5000
2024-01-19,5240,AV,Arbeitsvorbereit. BS,0.0000,0.0000,15.4000,79.3000,94.7000
2024-01-19,5900,Qualifizierung,Qualifizierung,0.0000,0.0000,0.0000,0.0000,0.0000
2024-01-22,5211,MR11,MR11 Koordinatenm BS,0.0000,0.0000,0.0000,23.1000,23.1000
2024-01-22,5220,WE/WA,WE/WA BS,0.0000,0.0000,0.0000,7.7000,7.7000
2024-01-22,5222,WE,WE BS,0.0000,0.0000,0.0000,61.6000,61.6000
2024-01-22,5223,WA,WA BS,0.0000,7.7000,0.0000,15.4000,23.1000
2024-01-22,5225,Packplatz,PP,0.0000,0.0000,0.0000,36.8000,36.8000
2024-01-22,5230,Springer,Prüfer BS,0.0000,0.0000,0.0000,0.0000,0.0000
2024-01-22,5231,MR1,MR1 Endmaße BS,0.0000,0.0000,0.0000,29.1000,29.1000
2024-01-22,5232,MR7,MR7 Lehren BS,0.0000,0.0000,7.7000,66.6000,74.3000
2024-01-22,5233,MR4,MR4 Lohnmessung BS,0.0000,0.0000,0.0000,15.4000,15.4000
2024-01-22,5234,MR2,MR2 Drehmoment BS,0.0000,0.0000,0.0000,38.5000,38.5000
2024-01-22,5235,MR6,MR6 Messschieber BS,0.0000,0.0000,0.0000,43.5000,43.5000
2024-01-22,5236,MR3,MR3 Messuhren BS,0.0000,0.0000,0.0000,38.5000,38.5000
2024-01-22,5237,MR9,MR9 Elektro BS,0.0000,0.0000,0.0000,23.1000,23.1000
2024-01-22,5238,MR8,MR8 Temperatur BS,0.0000,0.0000,0.0000,7.7000,7.7000
2024-01-22,5239,MR5,MR5 Bügelmesss. BS,0.0000,0.0000,7.7000,38.5000,46.2000
2024-01-22,5240,AV,Arbeitsvorbereit. BS,0.0000,0.0000,0.0000,94.7000,94.7000
2024-01-22,5900,Qualifizierung,Qualifizierung,0.0000,0.0000,0.0000,0.0000,0.0000
2024-01-23,5211,MR11,MR11 Koordinatenm BS,0.0000,0.0000,0.0000,23.1000,23.1000
2024-01-23,5220,WE/WA,WE/WA BS,0.0000,0.0000,0.0000,7.7000,7.7000
2024-01-23,5222,WE,WE BS,0.0000,7.7000,0.0000,53.9000,61.6000
2024-01-23,5223,WA,WA BS,0.0000,7.7000,0.0000,15.4000,23.1000
2024-01-23,5225,Packplatz,PP,0.0000,0.0000,0.0000,36.8000,36.8000
2024-01-23,5230,Springer,Prüfer BS,0.0000,0.0000,0.0000,0.0000,0.0000
2024-01-23,5231,MR1,MR1 Endmaße BS,0.0000,0.0000,0.0000,36.8000,36.8000
2024-01-23,5232,MR7,MR7 Lehren BS,0.0000,20.4000,0.0000,53.9000,74.3000
2024-01-23,5233,MR4,MR4 Lohnmessung BS,0.0000,0.0000,0.0000,15.4000,15.4000
2024-01-23,5234,MR2,MR2 Drehmoment BS,0.0000,7.7000,0.0000,30.8000,38.5000
2024-01-23,5235,MR6,MR6 Messschieber BS,0.0000,0.0000,0.0000,43.5000,43.5000
2024-01-23,5236,MR3,MR3 Messuhren BS,0.0000,0.0000,0.0000,38.5000,38.5000
2024-01-23,5237,MR9,MR9 Elektro BS,0.0000,0.0000,0.0000,23.1000,23.1000
2024-01-23,5238,MR8,MR8 Temperatur BS,0.0000,0.0000,0.0000,7.7000,7.7000
2024-01-23,5239,MR5,MR5 Bügelmesss. BS,0.0000,0.0000,7.7000,38.5000,46.2000
2024-01-23,5240,AV,Arbeitsvorbereit. BS,0.0000,7.7000,0.0000,87.0000,94.7000
2024-01-23,5900,Qualifizierung,Qualifizierung,0.0000,0.0000,0.0000,0.0000,0.0000
2024-01-24,5211,MR11,MR11 Koordinatenm BS,0.0000,0.0000,0.0000,23.1000,23.1000
2024-01-24,5220,WE/WA,WE/WA BS,0.0000,0.0000,0.0000,7.7000,7.7000
2024-01-24,5222,WE,WE BS,0.0000,0.0000,0.0000,69.3000,69.3000
2024-01-24,5223,WA,WA BS,0.0000,7.7000,0.0000,15.4000,23.1000
2024-01-24,5225,Packplatz,PP,0.0000,0.0000,0.0000,36.8000,36.8000
2024-01-24,5230,Springer,Prüfer BS,0.0000,0.0000,0.0000,0.0000,0.0000
2024-01-24,5231,MR1,MR1 Endmaße BS,0.0000,7.7000,0.0000,29.1000,36.8000
2024-01-24,5232,MR7,MR7 Lehren BS,0.0000,20.4000,0.0000,53.9000,74.3000
2024-01-24,5233,MR4,MR4 Lohnmessung BS,0.0000,0.0000,0.0000,15.4000,15.4000
2024-01-24,5234,MR2,MR2 Drehmoment BS,0.0000,7.7000,0.0000,30.8000,38.5000
2024-01-24,5235,MR6,MR6 Messschieber BS,0.0000,0.0000,0.0000,43.5000,43.5000
2024-01-24,5236,MR3,MR3 Messuhren BS,0.0000,0.0000,0.0000,30.8000,30.8000
2024-01-24,5237,MR9,MR9 Elektro BS,0.0000,0.0000,0.0000,23.1000,23.1000
2024-01-24,5238,MR8,MR8 Temperatur BS,0.0000,0.0000,0.0000,7.7000,7.7000
2024-01-24,5239,MR5,MR5 Bügelmesss. BS,0.0000,0.0000,7.7000,38.5000,46.2000
2024-01-24,5240,AV,Arbeitsvorbereit. BS,0.0000,7.7000,7.7000,75.3000,90.7000
2024-01-24,5900,Qualifizierung,Qualifizierung,0.0000,0.0000,0.0000,0.0000,0.0000
2024-01-25,5211,MR11,MR11 Koordinatenm BS,0.0000,0.0000,0.0000,23.1000,23.1000
2024-01-25,5220,WE/WA,WE/WA BS,0.0000,0.0000,0.0000,7.7000,7.7000
2024-01-25,5222,WE,WE BS,7.7000,0.0000,0.0000,61.6000,69.3000
2024-01-25,5223,WA,WA BS,0.0000,7.7000,0.0000,15.4000,23.1000
2024-01-25,5225,Packplatz,PP,0.0000,0.0000,0.0000,36.8000,36.8000
2024-01-25,5230,Springer,Prüfer BS,0.0000,0.0000,0.0000,0.0000,0.0000
2024-01-25,5231,MR1,MR1 Endmaße BS,0.0000,7.7000,0.0000,29.1000,36.8000
2024-01-25,5232,MR7,MR7 Lehren BS,0.0000,28.1000,0.0000,46.2000,74.3000
2024-01-25,5233,MR4,MR4 Lohnmessung BS,0.0000,0.0000,0.0000,15.4000,15.4000
2024-01-25,5234,MR2,MR2 Drehmoment BS,0.0000,7.7000,0.0000,30.8000,38.5000
2024-01-25,5235,MR6,MR6 Messschieber BS,0.0000,7.7000,0.0000,35.8000,43.5000
2024-01-25,5236,MR3,MR3 Messuhren BS,0.0000,0.0000,0.0000,30.8000,30.8000
2024-01-25,5237,MR9,MR9 Elektro BS,0.0000,0.0000,0.0000,23.1000,23.1000
2024-01-25,5238,MR8,MR8 Temperatur BS,0.0000,0.0000,0.0000,7.7000,7.7000
2024-01-25,5239,MR5,MR5 Bügelmesss. BS,0.0000,0.0000,7.7000,38.5000,46.2000
2024-01-25,5240,AV,Arbeitsvorbereit. BS,0.0000,7.7000,0.0000,87.0000,94.7000
2024-01-25,5900,Qualifizierung,Qualifizierung,0.0000,0.0000,0.0000,0.0000,0.0000
2024-01-26,5211,MR11,MR11 Koordinatenm BS,0.0000,0.0000,0.0000,23.1000,23.1000
2024-01-26,5220,WE/WA,WE/WA BS,0.0000,0.0000,0.0000,7.7000,7.7000
2024-01-26,5222,WE,WE BS,7.7000,0.0000,0.0000,61.6000,69.3000
2024-01-26,5223,WA,WA BS,0.0000,7.7000,0.0000,7.7000,15.4000
2024-01-26,5225,Packplatz,PP,0.0000,0.0000,0.0000,36.8000,36.8000
2024-01-26,5230,Springer,Prüfer BS,0.0000,0.0000,0.0000,0.0000,0.0000
2024-01-26,5231,MR1,MR1 Endmaße BS,0.0000,0.0000,7.7000,29.1000,36.8000
2024-01-26,5232,MR7,MR7 Lehren BS,7.7000,23.1000,0.0000,38.5000,69.3000
2024-01-26,5233,MR4,MR4 Lohnmessung BS,0.0000,0.0000,0.0000,15.4000,15.4000
2024-01-26,5234,MR2,MR2 Drehmoment BS,0.0000,7.7000,0.0000,30.8000,38.5000
2024-01-26,5235,MR6,MR6 Messschieber BS,0.0000,7.7000,0.0000,28.1000,35.8000
2024-01-26,5236,MR3,MR3 Messuhren BS,0.0000,0.0000,0.0000,30.8000,30.8000
2024-01-26,5237,MR9,MR9 Elektro BS,0.0000,0.0000,0.0000,23.1000,23.1000
2024-01-26,5238,MR8,MR8 Temperatur BS,0.0000,0.0000,0.0000,7.7000,7.7000
2024-01-26,5239,MR5,MR5 Bügelmesss. BS,0.0000,0.0000,7.7000,38.5000,46.2000
2024-01-26,5240,AV,Arbeitsvorbereit. BS,0.0000,7.7000,0.0000,81.0000,88.7000
2024-01-26,5900,Qualifizierung,Qualifizierung,0.0000,0.0000,0.0000,0.0000,0.0000
2024-01-29,5211,MR11,MR11 Koordinatenm BS,7.7000,0.0000,0.0000,15.4000,23.1000
2024-01-29,5220,WE/WA,WE/WA BS,0.0000,0.0000,0.0000,7.7000,7.7000
2024-01-29,5222,WE,WE BS,0.0000,0.0000,15.4000,53.9000,69.3000
2024-01-29,5223,WA,WA BS,0.0000,0.0000,0.0000,15.4000,15.4000
2024-01-29,5225,Packplatz,PP,0.0000,0.0000,0.0000,30.8000,30.8000
2024-01-29,5230,Springer,Prüfer BS,0.0000,0.0000,0.0000,0.0000,0.0000
2024-01-29,5231,MR1,MR1 Endmaße BS,0.0000,0.0000,7.7000,21.4000,29.1000
2024-01-29,5232,MR7,MR7 Lehren BS,0.0000,20.4000,0.0000,53.9000,74.3000
2024-01-29,5233,MR4,MR4 Lohnmessung BS,0.0000,0.0000,0.0000,15.4000,15.4000
2024-01-29,5234,MR2,MR2 Drehmoment BS,0.0000,7.7000,0.0000,30.8000,38.5000
2024-01-29,5235,MR6,MR6 Messschieber BS,0.0000,0.0000,0.0000,43.5000,43.5000
2024-01-29,5236,MR3,MR3 Messuhren BS,0.0000,0.0000,0.0000,30.8000,30.8000
2024-01-29,5237,MR9,MR9 Elektro BS,0.0000,0.0000,0.0000,23.1000,23.1000
2024-01-29,5238,MR8,MR8 Temperatur BS,0.0000,0.0000,0.0000,7.7000,7.7000
2024-01-29,5239,MR5,MR5 Bügelmesss. BS,0.0000,0.0000,7.7000,38.5000,46.2000
2024-01-29,5240,AV,Arbeitsvorbereit. BS,0.0000,0.0000,0.0000,94.7000,94.7000
2024-01-29,5900,Qualifizierung,Qualifizierung,0.0000,0.0000,0.0000,0.0000,0.0000
2024-01-30,5211,MR11,MR11 Koordinatenm BS,0.0000,0.0000,0.0000,15.4000,15.4000
2024-01-30,5220,WE/WA,WE/WA BS,0.0000,0.0000,0.0000,7.7000,7.7000
2024-01-30,5222,WE,WE BS,0.0000,0.0000,7.7000,61.6000,69.3000
2024-01-30,5223,WA,WA BS,0.0000,7.7000,0.0000,15.4000,23.1000
2024-01-30,5225,Packplatz,PP,0.0000,0.0000,0.0000,30.8000,30.8000
2024-01-30,5230,Springer,Prüfer BS,0.0000,0.0000,0.0000,0.0000,0.0000
2024-01-30,5231,MR1,MR1 Endmaße BS,0.0000,0.0000,0.0000,36.8000,36.8000
2024-01-30,5232,MR7,MR7 Lehren BS,0.0000,20.4000,0.0000,53.9000,74.3000
2024-01-30,5233,MR4,MR4 Lohnmessung BS,0.0000,0.0000,0.0000,15.4000,15.4000
2024-01-30,5234,MR2,MR2 Drehmoment BS,0.0000,7.7000,0.0000,30.8000,38.5000
2024-01-30,5235,MR6,MR6 Messschieber BS,0.0000,0.0000,0.0000,43.5000,43.5000
2024-01-30,5236,MR3,MR3 Messuhren BS,0.0000,0.0000,0.0000,38.5000,38.5000
2024-01-30,5237,MR9,MR9 Elektro BS,0.0000,0.0000,0.0000,23.1000,23.1000
2024-01-30,5238,MR8,MR8 Temperatur BS,0.0000,0.0000,0.0000,7.7000,7.7000
2024-01-30,5239,MR5,MR5 Bügelmesss. BS,0.0000,0.0000,7.7000,30.8000,38.5000
2024-01-30,5240,AV,Arbeitsvorbereit. BS,0.0000,7.7000,0.0000,87.0000,94.7000
2024-01-30,5900,Qualifizierung,Qualifizierung,0.0000,0.0000,0.0000,0.0000,0.0000
2024-01-31,5211,MR11,MR11 Koordinatenm BS,0.0000,0.0000,0.0000,15.4000,15.4000
2024-01-31,5220,WE/WA,WE/WA BS,0.0000,0.0000,0.0000,7.7000,7.7000
2024-01-31,5222,WE,WE BS,7.7000,0.0000,7.7000,53.9000,69.3000
2024-01-31,5223,WA,WA BS,0.0000,7.7000,0.0000,15.4000,23.1000
2024-01-31,5225,Packplatz,PP,0.0000,0.0000,0.0000,30.8000,30.8000
2024-01-31,5230,Springer,Prüfer BS,0.0000,0.0000,0.0000,0.0000,0.0000
2024-01-31,5231,MR1,MR1 Endmaße BS,0.0000,0.0000,0.0000,36.8000,36.8000
2024-01-31,5232,MR7,MR7 Lehren BS,0.0000,20.4000,0.0000,53.9000,74.3000
2024-01-31,5233,MR4,MR4 Lohnmessung BS,0.0000,0.0000,0.0000,15.4000,15.4000
2024-01-31,5234,MR2,MR2 Drehmoment BS,0.0000,7.7000,0.0000,30.8000,38.5000
2024-01-31,5235,MR6,MR6 Messschieber BS,0.0000,0.0000,0.0000,43.5000,43.5000
2024-01-31,5236,MR3,MR3 Messuhren BS,0.0000,0.0000,0.0000,38.5000,38.5000
2024-01-31,5237,MR9,MR9 Elektro BS,0.0000,0.0000,0.0000,23.1000,23.1000
2024-01-31,5238,MR8,MR8 Temperatur BS,0.0000,0.0000,0.0000,7.7000,7.7000
2024-01-31,5239,MR5,MR5 Bügelmesss. BS,0.0000,0.0000,7.7000,30.8000,38.5000
2024-01-31,5240,AV,Arbeitsvorbereit. BS,0.0000,7.7000,0.0000,75.3000,83.0000
2024-01-31,5900,Qualifizierung,Qualifizierung,0.0000,0.0000,0.0000,0.0000,0.0000
2024-02-01,5211,MR11,MR11 Koordinatenm BS,0.0000,0.0000,0.0000,15.4000,15.4000
2024-02-01,5220,WE/WA,WE/WA BS,0.0000,0.0000,0.0000,7.7000,7.7000
2024-02-01,5222,WE,WE BS,15.4000,0.0000,0.0000,53.9000,69.3000
2024-02-01,5223,WA,WA BS,0.0000,7.7000,0.0000,15.4000,23.1000
2024-02-01,5225,Packplatz,PP,0.0000,0.0000,0.0000,30.8000,30.8000
2024-02-01,5230,Springer,Prüfer BS,0.0000,0.0000,0.0000,0.0000,0.0000
2024-02-01,5231,MR1,MR1 Endmaße BS,0.0000,7.7000,0.0000,29.1000,36.8000
2024-02-01,5232,MR7,MR7 Lehren BS,0.0000,5.0000,0.0000,69.3000,74.3000
2024-02-01,5233,MR4,MR4 Lohnmessung BS,0.0000,0.0000,0.0000,15.4000,15.4000
2024-02-01,5234,MR2,MR2 Drehmoment BS,0.0000,0.0000,0.0000,38.5000,38.5000
2024-02-01,5235,MR6,MR6 Messschieber BS,0.0000,0.0000,0.0000,43.5000,43.5000
2024-02-01,5236,MR3,MR3 Messuhren BS,0.0000,0.0000,7.7000,30.8000,38.5000
2024-02-01,5237,MR9,MR9 Elektro BS,0.0000,0.0000,0.0000,23.1000,23.1000
2024-02-01,5238,MR8,MR8 Temperatur BS,0.0000,0.0000,0.0000,7.7000,7.7000
2024-02-01,5239,MR5,MR5 Bügelmesss. BS,0.0000,0.0000,0.0000,38.5000,38.5000
2024-02-01,5240,AV,Arbeitsvorbereit. BS,0.0000,7.7000,0.0000,87.0000,94.7000
2024-02-01,5900,Qualifizierung,Qualifizierung,0.0000,0.0000,0.0000,0.0000,0.0000
2024-02-02,5211,MR11,MR11 Koordinatenm BS,0.0000,7.7000,0.0000,7.7000,15.4000
2024-02-02,5220,WE/WA,WE/WA BS,0.0000,0.0000,0.0000,7.7000,7.7000
2024-02-02,5222,WE,WE BS,0.0000,0.0000,7.7000,61.6000,69.3000
2024-02-02,5223,WA,WA BS,0.0000,7.7000,0.0000,7.7000,15.4000
2024-02-02,5225,Packplatz,PP,0.0000,0.0000,0.0000,30.8000,30.8000
2024-02-02,5230,Springer,Prüfer BS,0.0000,0.0000,0.0000,0.0000,0.0000
2024-02-02,5231,MR1,MR1 Endmaße BS,0.0000,7.7000,0.0000,29.1000,36.8000
2024-02-02,5232,MR7,MR7 Lehren BS,0.0000,15.4000,0.0000,53.9000,69.3000
2024-02-02,5233,MR4,MR4 Lohnmessung BS,0.0000,0.0000,0.0000,15.4000,15.4000
2024-02-02,5234,MR2,MR2 Drehmoment BS,0.0000,0.0000,0.0000,38.5000,38.5000
2024-02-02,5235,MR6,MR6 Messschieber BS,0.0000,0.0000,0.0000,43.5000,43.5000
2024-02-02,5236,MR3,MR3 Messuhren BS,0.0000,0.0000,7.7000,23.1000,30.8000
2024-02-02,5237,MR9,MR9 Elektro BS,0.0000,0.0000,0.0000,23.1000,23.1000
2024-02-02,5238,MR8,MR8 Temperatur BS,0.0000,0.0000,0.0000,0.0000,0.0000
2024-02-02,5239,MR5,MR5 Bügelmesss. BS,0.0000,0.0000,0.0000,38.5000,38.5000
2024-02-02,5240,AV,Arbeitsvorbereit. BS,0.0000,7.7000,0.0000,79.3000,87.0000
2024-02-02,5900,Qualifizierung,Qualifizierung,0.0000,0.0000,0.0000,0.0000,0.0000
2024-02-05,5211,MR11,MR11 Koordinatenm BS,0.0000,0.0000,0.0000,15.4000,15.4000
2024-02-05,5220,WE/WA,WE/WA BS,0.0000,0.0000,0.0000,7.7000,7.7000
2024-02-05,5222,WE,WE BS,0.0000,0.0000,7.7000,61.6000,69.3000
2024-02-05,5223,WA,WA BS,0.0000,0.0000,0.0000,23.1000,23.1000
2024-02-05,5225,Packplatz,PP,0.0000,0.0000,0.0000,36.8000,36.8000
2024-02-05,5230,Springer,Prüfer BS,0.0000,0.0000,0.0000,0.0000,0.0000
2024-02-05,5231,MR1,MR1 Endmaße BS,0.0000,0.0000,0.0000,29.1000,29.1000
2024-02-05,5232,MR7,MR7 Lehren BS,0.0000,15.4000,0.0000,58.9000,74.3000
2024-02-05,5233,MR4,MR4 Lohnmessung BS,0.0000,0.0000,0.0000,15.4000,15.4000
2024-02-05,5234,MR2,MR2 Drehmoment BS,0.0000,0.0000,0.0000,30.8000,30.8000
2024-02-05,5235,MR6,MR6 Messschieber BS,0.0000,0.0000,0.0000,43.5000,43.5000
2024-02-05,5236,MR3,MR3 Messuhren BS,0.0000,0.0000,7.7000,23.1000,30.8000
2024-02-05,5237,MR9,MR9 Elektro BS,0.0000,0.0000,0.0000,23.1000,23.1000
2024-02-05,5238,MR8,MR8 Temperatur BS,7.7000,0.0000,0.0000,0.0000,7.7000
2024-02-05,5239,MR5,MR5 Bügelmesss. BS,0.0000,0.0000,0.0000,38.5000,38.5000
2024-02-05,5240,AV,Arbeitsvorbereit. BS,0.0000,7.7000,0.0000,87.0000,94.7000
2024-02-05,5900,Qualifizierung,Qualifizierung,0.0000,0.0000,0.0000,0.0000,0.0000
2024-02-06,5211,MR11,MR11 Koordinatenm BS,0.0000,0.0000,0.0000,15.4000,15.4000
2024-02-06,5220,WE/WA,WE/WA BS,0.0000,0.0000,0.0000,7.7000,7.7000
2024-02-06,5222,WE,WE BS,0.0000,0.0000,7.7000,61.6000,69.3000
2024-02-06,5223,WA,WA BS,0.0000,0.0000,0.0000,23.1000,23.1000
2024-02-06,5225,Packplatz,PP,0.0000,0.0000,0.0000,36.8000,36.8000
2024-02-06,5230,Springer,Prüfer BS,0.0000,0.0000,0.0000,0.0000,0.0000
2024-02-06,5231,MR1,MR1 Endmaße BS,0.0000,0.0000,0.0000,36.8000,36.8000
2024-02-06,5232,MR7,MR7 Lehren BS,0.0000,15.4000,0.0000,58.9000,74.3000
2024-02-06,5233,MR4,MR4 Lohnmessung BS,0.0000,0.0000,0.0000,15.4000,15.4000
2024-02-06,5234,MR2,MR2 Drehmoment BS,0.0000,0.0000,0.0000,38.5000,38.5000
2024-02-06,5235,MR6,MR6 Messschieber BS,0.0000,0.0000,0.0000,35.8000,35.8000
2024-02-06,5236,MR3,MR3 Messuhren BS,0.0000,0.0000,0.0000,38.5000,38.5000
2024-02-06,5237,MR9,MR9 Elektro BS,0.0000,0.0000,0.0000,23.1000,23.1000
2024-02-06,5238,MR8,MR8 Temperatur BS,7.7000,0.0000,0.0000,0.0000,7.7000
2024-02-06,5239,MR5,MR5 Bügelmesss. BS,0.0000,0.0000,0.0000,38.5000,38.5000
2024-02-06,5240,AV,Arbeitsvorbereit. BS,0.0000,7.7000,0.0000,87.0000,94.7000
2024-02-06,5900,Qualifizierung,Qualifizierung,0.0000,0.0000,0.0000,0.0000,0.0000
2024-02-07,5211,MR11,MR11 Koordinatenm BS,0.0000,7.7000,0.0000,7.7000,15.4000
2024-02-07,5220,WE/WA,WE/WA BS,0.0000,0.0000,0.0000,7.7000,7.7000
2024-02-07,5222,WE,WE BS,0.0000,7.7000,7.7000,53.9000,69.3000
2024-02-07,5223,WA,WA BS,0.0000,0.0000,0.0000,23.1000,23.1000
2024-02-07,5225,Packplatz,PP,0.0000,0.0000,0.0000,36.8000,36.8000
2024-02-07,5230,Springer,Prüfer BS,0.0000,0.0000,0.0000,0.0000,0.0000
2024-02-07,5231,MR1,MR1 Endmaße BS,0.0000,0.0000,0.0000,36.8000,36.8000
2024-02-07,5232,MR7,MR7 Lehren BS,0.0000,15.4000,0.0000,58.9000,74.3000
2024-02-07,5233,MR4,MR4 Lohnmessung BS,0.0000,0.0000,0.0000,15.4000,15.4000
2024-02-07,5234,MR2,MR2 Drehmoment BS,0.0000,0.0000,0.0000,38.5000,38.5000
2024-02-07,5235,MR6,MR6 Messschieber BS,0.0000,0.0000,0.0000,43.5000,43.5000
2024-02-07,5236,MR3,MR3 Messuhren BS,0.0000,0.0000,0.0000,38.5000,38.5000
2024-02-07,5237,MR9,MR9 Elektro BS,0.0000,0.0000,0.0000,23.1000,23.1000
2024-02-07,5238,MR8,MR8 Temperatur BS,0.0000,0.0000,0.0000,7.7000,7.7000
2024-02-07,5239,MR5,MR5 Bügelmesss. BS,0.0000,0.0000,0.0000,38.5000,38.5000
2024-02-07,5240,AV,Arbeitsvorbereit. BS,0.0000,7.7000,7.7000,75.3000,90.7000
2024-02-07,5900,Qualifizierung,Qualifizierung,0.0000,0.0000,0.0000,0.0000,0.0000
2024-02-08,5211,MR11,MR11 Koordinatenm BS,0.0000,0.0000,0.0000,15.4000,15.4000
2024-02-08,5220,WE/WA,WE/WA BS,0.0000,0.0000,0.0000,7.7000,7.7000
2024-02-08,5222,WE,WE BS,0.0000,15.4000,7.7000,46.2000,69.3000
2024-02-08,5223,WA,WA BS,0.0000,7.7000,0.0000,15.4000,23.1000
2024-02-08,5225,Packplatz,PP,0.0000,0.0000,0.0000,36.8000,36.8000
2024-02-08,5230,Springer,Prüfer BS,0.0000,0.0000,0.0000,0.0000,0.0000
2024-02-08,5231,MR1,MR1 Endmaße BS,0.0000,0.0000,7.7000,29.1000,36.8000
2024-02-08,5232,MR7,MR7 Lehren BS,0.0000,15.4000,0.0000,58.9000,74.3000
2024-02-08,5233,MR4,MR4 Lohnmessung BS,0.0000,0.0000,0.0000,15.4000,15.4000
2024-02-08,5234,MR2,MR2 Drehmoment BS,0.0000,0.0000,0.0000,38.5000,38.5000
2024-02-08,5235,MR6,MR6 Messschieber BS,0.0000,7.7000,0.0000,35.8000,43.5000
2024-02-08,5236,MR3,MR3 Messuhren BS,0.0000,0.0000,0.0000,38.5000,38.5000
2024-02-08,5237,MR9,MR9 Elektro BS,0.0000,0.0000,0.0000,23.1000,23.1000
2024-02-08,5238,MR8,MR8 Temperatur BS,0.0000,0.0000,0.0000,7.7000,7.7000
2024-02-08,5239,MR5,MR5 Bügelmesss. BS,0.0000,0.0000,0.0000,38.5000,38.5000
2024-02-08,5240,AV,Arbeitsvorbereit. BS,0.0000,11.7000,0.0000,83.0000,94.7000
2024-02-08,5900,Qualifizierung,Qualifizierung,0.0000,0.0000,0.0000,0.0000,0.0000
2024-02-09,5211,MR11,MR11 Koordinatenm BS,0.0000,0.0000,0.0000,15.4000,15.4000
2024-02-09,5220,WE/WA,WE/WA BS,0.0000,0.0000,0.0000,7.7000,7.7000
2024-02-09,5222,WE,WE BS,0.0000,15.4000,7.7000,46.2000,69.3000
2024-02-09,5223,WA,WA BS,0.0000,7.7000,0.0000,7.7000,15.4000
2024-02-09,5225,Packplatz,PP,0.0000,0.0000,0.0000,36.8000,36.8000
2024-02-09,5230,Springer,Prüfer BS,0.0000,0.0000,0.0000,0.0000,0.0000
2024-02-09,5231,MR1,MR1 Endmaße BS,0.0000,0.0000,7.7000,29.1000,36.8000
2024-02-09,5232,MR7,MR7 Lehren BS,0.0000,15.4000,0.0000,53.9000,69.3000
2024-02-09,5233,MR4,MR4 Lohnmessung BS,0.0000,0.0000,0.0000,7.7000,7.7000
2024-02-09,5234,MR2,MR2 Drehmoment BS,0.0000,0.0000,0.0000,38.5000,38.5000
2024-02-09,5235,MR6,MR6 Messschieber BS,0.0000,7.7000,0.0000,35.8000,43.5000
2024-02-09,5236,MR3,MR3 Messuhren BS,0.0000,0.0000,0.0000,38.5000,38.5000
2024-02-09,5237,MR9,MR9 Elektro BS,0.0000,0.0000,0.0000,23.1000,23.1000
2024-02-09,5238,MR8,MR8 Temperatur BS,0.0000,0.0000,0.0000,7.7000,7.7000
2024-02-09,5239,MR5,MR5 Bügelmesss. BS,0.0000,0.0000,0.0000,38.5000,38.5000
2024-02-09,5240,AV,Arbeitsvorbereit. BS,0.0000,11.7000,0.0000,77.0000,88.7000
2024-02-09,5900,Qualifizierung,Qualifizierung,0.0000,0.0000,0.0000,0.0000,0.0000
2024-02-12,5211,MR11,MR11 Koordinatenm BS,0.0000,0.0000,7.7000,7.7000,15.4000
2024-02-12,5220,WE/WA,WE/WA BS,0.0000,0.0000,0.0000,7.7000,7.7000
2024-02-12,5222,WE,WE BS,0.0000,15.4000,0.0000,53.9000,69.3000
2024-02-12,5223,WA,WA BS,0.0000,0.0000,0.0000,15.4000,15.4000
2024-02-12,5225,Packplatz,PP,0.0000,0.0000,0.0000,30.8000,30.8000
2024-02-12,5230,Springer,Prüfer BS,0.0000,0.0000,0.0000,7.7000,7.7000
2024-02-12,5231,MR1,MR1 Endmaße BS,0.0000,0.0000,7.7000,21.4000,29.1000
2024-02-12,5232,MR7,MR7 Lehren BS,0.0000,7.7000,7.7000,58.9000,74.3000
2024-02-12,5233,MR4,MR4 Lohnmessung BS,0.0000,0.0000,0.0000,15.4000,15.4000
2024-02-12,5234,MR2,MR2 Drehmoment BS,0.0000,0.0000,0.0000,38.5000,38.5000
2024-02-12,5235,MR6,MR6 Messschieber BS,0.0000,0.0000,7.7000,35.8000,43.5000
2024-02-12,5236,MR3,MR3 Messuhren BS,0.0000,0.0000,7.7000,30.8000,38.5000
2024-02-12,5237,MR9,MR9 Elektro BS,0.0000,0.0000,0.0000,23.1000,23.1000
2024-02-12,5238,MR8,MR8 Temperatur BS,0.0000,0.0000,0.0000,7.7000,7.7000
2024-02-12,5239,MR5,MR5 Bügelmesss. BS,0.0000,0.0000,7.7000,30.8000,38.5000
2024-02-12,5240,AV,Arbeitsvorbereit. BS,0.0000,0.0000,0.0000,94.7000,94.7000
2024-02-12,5900,Qualifizierung,Qualifizierung,0.0000,0.0000,0.0000,0.0000,0.0000
2024-02-13,5211,MR11,MR11 Koordinatenm BS,0.0000,0.0000,0.0000,15.4000,15.4000
2024-02-13,5220,WE/WA,WE/WA BS,0.0000,0.0000,0.0000,7.7000,7.7000
2024-02-13,5222,WE,WE BS,0.0000,7.7000,0.0000,61.6000,69.3000
2024-02-13,5223,WA,WA BS,0.0000,0.0000,0.0000,23.1000,23.1000
2024-02-13,5225,Packplatz,PP,0.0000,0.0000,0.0000,30.8000,30.8000
2024-02-13,5230,Springer,Prüfer BS,0.0000,0.0000,0.0000,0.0000,0.0000
2024-02-13,5231,MR1,MR1 Endmaße BS,0.0000,0.0000,0.0000,36.8000,36.8000
2024-02-13,5232,MR7,MR7 Lehren BS,0.0000,7.7000,0.0000,66.6000,74.3000
2024-02-13,5233,MR4,MR4 Lohnmessung BS,0.0000,0.0000,0.0000,15.4000,15.4000
2024-02-13,5234,MR2,MR2 Drehmoment BS,0.0000,0.0000,0.0000,38.5000,38.5000
2024-02-13,5235,MR6,MR6 Messschieber BS,0.0000,7.7000,0.0000,35.8000,43.5000
2024-02-13,5236,MR3,MR3 Messuhren BS,0.0000,0.0000,0.0000,38.5000,38.5000
2024-02-13,5237,MR9,MR9 Elektro BS,0.0000,0.0000,0.0000,23.1000,23.1000
2024-02-13,5238,MR8,MR8 Temperatur BS,0.0000,0.0000,0.0000,7.7000,7.7000
2024-02-13,5239,MR5,MR5 Bügelmesss. BS,0.0000,0.0000,0.0000,30.8000,30.8000
2024-02-13,5240,AV,Arbeitsvorbereit. BS,0.0000,4.0000,0.0000,90.7000,94.7000
2024-02-13,5900,Qualifizierung,Qualifizierung,0.0000,0.0000,0.0000,0.0000,0.0000
2024-02-14,5211,MR11,MR11 Koordinatenm BS,0.0000,0.0000,0.0000,15.4000,15.4000
2024-02-14,5220,WE/WA,WE/WA BS,0.0000,0.0000,0.0000,7.7000,7.7000
2024-02-14,5222,WE,WE BS,0.0000,15.4000,0.0000,53.9000,69.3000
2024-02-14,5223,WA,WA BS,0.0000,0.0000,0.0000,23.1000,23.1000
2024-02-14,5225,Packplatz,PP,0.0000,0.0000,0.0000,30.8000,30.8000
2024-02-14,5230,Springer,Prüfer BS,0.0000,0.0000,0.0000,0.0000,0.0000
2024-02-14,5231,MR1,MR1 Endmaße BS,0.0000,7.7000,0.0000,29.1000,36.8000
2024-02-14,5232,MR7,MR7 Lehren BS,0.0000,7.7000,0.0000,66.6000,74.3000
2024-02-14,5233,MR4,MR4 Lohnmessung BS,0.0000,0.0000,0.0000,15.4000,15.4000
2024-02-14,5234,MR2,MR2 Drehmoment BS,0.0000,0.0000,0.0000,30.8000,30.8000
2024-02-14,5235,MR6,MR6 Messschieber BS,0.0000,15.4000,0.0000,28.1000,43.5000
2024-02-14,5236,MR3,MR3 Messuhren BS,0.0000,0.0000,7.7000,30.8000,38.5000
2024-02-14,5237,MR9,MR9 Elektro BS,0.0000,0.0000,0.0000,23.1000,23.1000
2024-02-14,5238,MR8,MR8 Temperatur BS,0.0000,0.0000,0.0000,7.7000,7.7000
2024-02-14,5239,MR5,MR5 Bügelmesss. BS,0.0000,0.0000,7.7000,30.8000,38.5000
2024-02-14,5240,AV,Arbeitsvorbereit. BS,0.0000,0.0000,0.0000,90.7000,90.7000
2024-02-14,5900,Qualifizierung,Qualifizierung,0.0000,0.0000,0.0000,0.0000,0.0000
2024-02-15,5211,MR11,MR11 Koordinatenm BS,0.0000,0.0000,0.0000,15.4000,15.4000
2024-02-15,5220,WE/WA,WE/WA BS,0.0000,0.0000,0.0000,7.7000,7.7000
2024-02-15,5222,WE,WE BS,0.0000,15.4000,0.0000,53.9000,69.3000
2024-02-15,5223,WA,WA BS,0.0000,0.0000,0.0000,23.1000,23.1000
2024-02-15,5225,Packplatz,PP,0.0000,0.0000,0.0000,30.8000,30.8000
2024-02-15,5230,Springer,Prüfer BS,0.0000,0.0000,0.0000,0.0000,0.0000
2024-02-15,5231,MR1,MR1 Endmaße BS,0.0000,7.7000,0.0000,29.1000,36.8000
2024-02-15,5232,MR7,MR7 Lehren BS,0.0000,7.7000,0.0000,66.6000,74.3000
2024-02-15,5233,MR4,MR4 Lohnmessung BS,0.0000,0.0000,0.0000,15.4000,15.4000
2024-02-15,5234,MR2,MR2 Drehmoment BS,0.0000,0.0000,0.0000,38.5000,38.5000
2024-02-15,5235,MR6,MR6 Messschieber BS,0.0000,15.4000,0.0000,28.1000,43.5000
2024-02-15,5236,MR3,MR3 Messuhren BS,0.0000,0.0000,7.7000,23.1000,30.8000
2024-02-15,5237,MR9,MR9 Elektro BS,0.0000,0.0000,0.0000,23.1000,23.1000
2024-02-15,5238,MR8,MR8 Temperatur BS,0.0000,0.0000,0.0000,7.7000,7.7000
2024-02-15,5239,MR5,MR5 Bügelmesss. BS,0.0000,0.0000,0.0000,38.5000,38.5000
2024-02-15,5240,AV,Arbeitsvorbereit. BS,0.0000,7.7000,0.0000,87.0000,94.7000
2024-02-15,5900,Qualifizierung,Qualifizierung,0.0000,0.0000,0.0000,0.0000,0.0000
2024-02-16,5211,MR11,MR11 Koordinatenm BS,0.0000,0.0000,0.0000,15.4000,15.4000
2024-02-16,5220,WE/WA,WE/WA BS,0.0000,0.0000,0.0000,7.7000,7.7000
2024-02-16,5222,WE,WE BS,0.0000,15.4000,0.0000,53.9000,69.3000
2024-02-16,5223,WA,WA BS,0.0000,0.0000,0.0000,15.4000,15.4000
2024-02-16,5225,Packplatz,PP,0.0000,0.0000,0.0000,23.1000,23.1000
2024-02-16,5230,Springer,Prüfer BS,0.0000,0.0000,0.0000,0.0000,0.0000
2024-02-16,5231,MR1,MR1 Endmaße BS,0.0000,7.7000,0.0000,15.4000,23.1000
2024-02-16,5232,MR7,MR7 Lehren BS,0.0000,7.7000,7.7000,53.9000,69.3000
2024-02-16,5233,MR4,MR4 Lohnmessung BS,0.0000,0.0000,0.0000,7.7000,7.7000
2024-02-16,5234,MR2,MR2 Drehmoment BS,0.0000,0.0000,0.0000,38.5000,38.5000
2024-02-16,5235,MR6,MR6 Messschieber BS,0.0000,15.4000,0.0000,28.1000,43.5000
2024-02-16,5236,MR3,MR3 Messuhren BS,0.0000,0.0000,15.4000,15.4000,30.8000
2024-02-16,5237,MR9,MR9 Elektro BS,0.0000,0.0000,0.0000,23.1000,23.1000
2024-02-16,5238,MR8,MR8 Temperatur BS,0.0000,0.0000,0.0000,7.7000,7.7000
2024-02-16,5239,MR5,MR5 Bügelmesss. BS,0.0000,0.0000,0.0000,38.5000,38.5000
2024-02-16,5240,AV,Arbeitsvorbereit. BS,0.0000,7.7000,0.0000,71.6000,79.3000
2024-02-16,5900,Qualifizierung,Qualifizierung,0.0000,0.0000,0.0000,0.0000,0.0000
2024-02-19,5211,MR11,MR11 Koordinatenm BS,15.4000,0.0000,0.0000,0.0000,15.4000
2024-02-19,5220,WE/WA,WE/WA BS,0.0000,0.0000,0.0000,7.7000,7.7000
2024-02-19,5222,WE,WE BS,0.0000,7.7000,7.7000,53.9000,69.3000
2024-02-19,5223,WA,WA BS,0.0000,0.0000,0.0000,23.1000,23.1000
2024-02-19,5225,Packplatz,PP,0.0000,0.0000,7.7000,29.1000,36.8000
2024-02-19,5230,Springer,Prüfer BS,0.0000,0.0000,0.0000,7.7000,7.7000
2024-02-19,5231,MR1,MR1 Endmaße BS,0.0000,0.0000,7.7000,21.4000,29.1000
2024-02-19,5232,MR7,MR7 Lehren BS,0.0000,12.7000,0.0000,53.9000,66.6000
2024-02-19,5233,MR4,MR4 Lohnmessung BS,15.4000,0.0000,0.0000,0.0000,15.4000
2024-02-19,5234,MR2,MR2 Drehmoment BS,0.0000,0.0000,0.0000,38.5000,38.5000
2024-02-19,5235,MR6,MR6 Messschieber BS,0.0000,0.0000,0.0000,43.5000,43.5000
2024-02-19,5236,MR3,MR3 Messuhren BS,0.0000,0.0000,0.0000,38.5000,38.5000
2024-02-19,5237,MR9,MR9 Elektro BS,0.0000,0.0000,0.0000,23.1000,23.1000
2024-02-19,5238,MR8,MR8 Temperatur BS,0.0000,0.0000,0.0000,7.7000,7.7000
2024-02-19,5239,MR5,MR5 Bügelmesss. BS,0.0000,0.0000,0.0000,38.5000,38.5000
2024-02-19,5240,AV,Arbeitsvorbereit. BS,0.0000,7.7000,0.0000,87.0000,94.7000
2024-02-19,5900,Qualifizierung,Qualifizierung,0.0000,0.0000,0.0000,0.0000,0.0000
2024-02-20,5211,MR11,MR11 Koordinatenm BS,0.0000,0.0000,0.0000,15.4000,15.4000
2024-02-20,5220,WE/WA,WE/WA BS,0.0000,0.0000,0.0000,7.7000,7.7000
2024-02-20,5222,WE,WE BS,0.0000,15.4000,0.0000,53.9000,69.3000
2024-02-20,5223,WA,WA BS,0.0000,0.0000,0.0000,23.1000,23.1000
2024-02-20,5225,Packplatz,PP,0.0000,0.0000,7.7000,29.1000,36.8000
2024-02-20,5230,Springer,Prüfer BS,0.0000,0.0000,0.0000,7.7000,7.7000
2024-02-20,5231,MR1,MR1 Endmaße BS,0.0000,0.0000,7.7000,29.1000,36.8000
2024-02-20,5232,MR7,MR7 Lehren BS,0.0000,12.7000,0.0000,61.6000,74.3000
2024-02-20,5233,MR4,MR4 Lohnmessung BS,7.7000,0.0000,0.0000,7.7000,15.4000
2024-02-20,5234,MR2,MR2 Drehmoment BS,0.0000,0.0000,0.0000,38.5000,38.5000
2024-02-20,5235,MR6,MR6 Messschieber BS,0.0000,0.0000,0.0000,43.5000,43.5000
2024-02-20,5236,MR3,MR3 Messuhren BS,0.0000,0.0000,0.0000,38.5000,38.5000
2024-02-20,5237,MR9,MR9 Elektro BS,0.0000,0.0000,0.0000,23.1000,23.1000
2024-02-20,5238,MR8,MR8 Temperatur BS,0.0000,7.7000,0.0000,0.0000,7.7000
2024-02-20,5239,MR5,MR5 Bügelmesss. BS,0.0000,0.0000,0.0000,38.5000,38.5000
2024-02-20,5240,AV,Arbeitsvorbereit. BS,0.0000,7.7000,0.0000,79.3000,87.0000
2024-02-20,5900,Qualifizierung,Qualifizierung,0.0000,0.0000,0.0000,0.0000,0.0000
2024-02-21,5211,MR11,MR11 Koordinatenm BS,0.0000,0.0000,0.0000,15.4000,15.4000
2024-02-21,5220,WE/WA,WE/WA BS,0.0000,0.0000,0.0000,7.7000,7.7000
2024-02-21,5222,WE,WE BS,0.0000,15.4000,0.0000,53.9000,69.3000
2024-02-21,5223,WA,WA BS,0.0000,0.0000,0.0000,23.1000,23.1000
2024-02-21,5225,Packplatz,PP,0.0000,0.0000,7.7000,29.1000,36.8000
2024-02-21,5230,Springer,Prüfer BS,0.0000,0.0000,0.0000,7.7000,7.7000
2024-02-21,5231,MR1,MR1 Endmaße BS,0.0000,0.0000,7.7000,29.1000,36.8000
2024-02-21,5232,MR7,MR7 Lehren BS,0.0000,12.7000,0.0000,61.6000,74.3000
2024-02-21,5233,MR4,MR4 Lohnmessung BS,0.0000,0.0000,0.0000,15.4000,15.4000
2024-02-21,5234,MR2,MR2 Drehmoment BS,0.0000,0.0000,0.0000,38.5000,38.5000
2024-02-21,5235,MR6,MR6 Messschieber BS,0.0000,0.0000,0.0000,43.5000,43.5000
2024-02-21,5236,MR3,MR3 Messuhren BS,0.0000,0.0000,0.0000,38.5000,38.5000
2024-02-21,5237,MR9,MR9 Elektro BS,0.0000,0.0000,0.0000,23.1000,23.1000
2024-02-21,5238,MR8,MR8 Temperatur BS,0.0000,7.7000,0.0000,0.0000,7.7000
2024-02-21,5239,MR5,MR5 Bügelmesss. BS,0.0000,0.0000,0.0000,38.5000,38.5000
2024-02-21,5240,AV,Arbeitsvorbereit. BS,0.0000,7.7000,0.0000,75.3000,83.0000
2024-02-21,5900,Qualifizierung,Qualifizierung,0.0000,0.0000,0.0000,0.0000,0.0000
2024-02-22,5211,MR11,MR11 Koordinatenm BS,0.0000,0.0000,0.0000,15.4000,15.4000
2024-02-22,5220,WE/WA,WE/WA BS,0.0000,0.0000,0.0000,7.7000,7.7000
2024-02-22,5222,WE,WE BS,0.0000,15.4000,0.0000,53.9000,69.3000
2024-02-22,5223,WA,WA BS,0.0000,7.7000,0.0000,15.4000,23.1000
2024-02-22,5225,Packplatz,PP,0.0000,0.0000,7.7000,29.1000,36.8000
2024-02-22,5230,Springer,Prüfer BS,0.0000,0.0000,0.0000,7.7000,7.7000
2024-02-22,5231,MR1,MR1 Endmaße BS,0.0000,0.0000,7.7000,29.1000,36.8000
2024-02-22,5232,MR7,MR7 Lehren BS,0.0000,20.4000,7.7000,46.2000,74.3000
2024-02-22,5233,MR4,MR4 Lohnmessung BS,0.0000,0.0000,0.0000,15.4000,15.4000
2024-02-22,5234,MR2,MR2 Drehmoment BS,0.0000,0.0000,0.0000,38.5000,38.5000
2024-02-22,5235,MR6,MR6 Messschieber BS,0.0000,0.0000,0.0000,43.5000,43.5000
2024-02-22,5236,MR3,MR3 Messuhren BS,0.0000,0.0000,0.0000,38.5000,38.5000
2024-02-22,5237,MR9,MR9 Elektro BS,0.0000,0.0000,0.0000,23.1000,23.1000
2024-02-22,5238,MR8,MR8 Temperatur BS,0.0000,7.7000,0.0000,0.0000,7.7000
2024-02-22,5239,MR5,MR5 Bügelmesss. BS,0.0000,0.0000,0.0000,38.5000,38.5000
2024-02-22,5240,AV,Arbeitsvorbereit. BS,0.0000,0.0000,0.0000,90.7000,90.7000
2024-02-22,5900,Qualifizierung,Qualifizierung,0.0000,0.0000,0.0000,0.0000,0.0000
2024-02-23,5211,MR11,MR11 Koordinatenm BS,0.0000,0.0000,0.0000,15.4000,15.4000
2024-02-23,5220,WE/WA,WE/WA BS,0.0000,0.0000,0.0000,7.7000,7.7000
2024-02-23,5222,WE,WE BS,0.0000,15.4000,0.0000,53.9000,69.3000
2024-02-23,5223,WA,WA BS,0.0000,0.0000,0.0000,15.4000,15.4000
2024-02-23,5225,Packplatz,PP,0.0000,0.0000,15.4000,21.4000,36.8000
2024-02-23,5230,Springer,Prüfer BS,0.0000,0.0000,0.0000,7.7000,7.7000
2024-02-23,5231,MR1,MR1 Endmaße BS,0.0000,0.0000,7.7000,29.1000,36.8000
2024-02-23,5232,MR7,MR7 Lehren BS,0.0000,15.4000,7.7000,38.5000,61.6000
2024-02-23,5233,MR4,MR4 Lohnmessung BS,0.0000,0.0000,0.0000,15.4000,15.4000
2024-02-23,5234,MR2,MR2 Drehmoment BS,0.0000,0.0000,0.0000,38.5000,38.5000
2024-02-23,5235,MR6,MR6 Messschieber BS,0.0000,0.0000,0.0000,43.5000,43.5000
2024-02-23,5236,MR3,MR3 Messuhren BS,0.0000,0.0000,0.0000,38.5000,38.5000
2024-02-23,5237,MR9,MR9 Elektro BS,0.0000,0.0000,7.7000,15.4000,23.1000
2024-02-23,5238,MR8,MR8 Temperatur BS,0.0000,7.7000,0.0000,0.0000,7.7000
2024-02-23,5239,MR5,MR5 Bügelmesss. BS,0.0000,0.0000,0.0000,38.5000,38.5000
2024-02-23,5240,AV,Arbeitsvorbereit. BS,0.0000,0.0000,0.0000,87.0000,87.0000
2024-02-23,5900,Qualifizierung,Qualifizierung,0.0000,0.0000,0.0000,0.0000,0.0000
2024-02-26,5211,MR11,MR11 Koordinatenm BS,7.7000,0.0000,0.0000,7.7000,15.4000
2024-02-26,5220,WE/WA,WE/WA BS,0.0000,0.0000,0.0000,7.7000,7.7000
2024-02-26,5222,WE,WE BS,0.0000,7.7000,0.0000,61.6000,69.3000
2024-02-26,5223,WA,WA BS,0.0000,0.0000,0.0000,15.4000,15.4000
2024-02-26,5225,Packplatz,PP,0.0000,0.0000,0.0000,30.8000,30.8000
2024-02-26,5230,Springer,Prüfer BS,0.0000,0.0000,0.0000,7.7000,7.7000
2024-02-26,5231,MR1,MR1 Endmaße BS,0.0000,0.0000,0.0000,29.1000,29.1000
2024-02-26,5232,MR7,MR7 Lehren BS,0.0000,0.0000,0.0000,74.3000,74.3000
2024-02-26,5233,MR4,MR4 Lohnmessung BS,0.0000,0.0000,0.0000,15.4000,15.4000
2024-02-26,5234,MR2,MR2 Drehmoment BS,7.7000,0.0000,0.0000,30.8000,38.5000
2024-02-26,5235,MR6,MR6 Messschieber BS,0.0000,0.0000,0.0000,43.5000,43.5000
2024-02-26,5236,MR3,MR3 Messuhren BS,0.0000,0.0000,0.0000,38.5000,38.5000
2024-02-26,5237,MR9,MR9 Elektro BS,0.0000,0.0000,0.0000,23.1000,23.1000
2024-02-26,5238,MR8,MR8 Temperatur BS,0.0000,0.0000,0.0000,7.7000,7.7000
2024-02-26,5239,MR5,MR5 Bügelmesss. BS,0.0000,0.0000,0.0000,38.5000,38.5000
2024-02-26,5240,AV,Arbeitsvorbereit. BS,0.0000,0.0000,15.4000,79.3000,94.7000
2024-02-26,5900,Qualifizierung,Qualifizierung,0.0000,0.0000,0.0000,0.0000,0.0000
2024-02-27,5211,MR11,MR11 Koordinatenm BS,7.7000,0.0000,0.0000,7.7000,15.4000
2024-02-27,5220,WE/WA,WE/WA BS,0.0000,0.0000,0.0000,7.7000,7.7000
2024-02-27,5222,WE,WE BS,0.0000,7.7000,0.0000,61.6000,69.3000
2024-02-27,5223,WA,WA BS,0.0000,0.0000,0.0000,23.1000,23.1000
2024-02-27,5225,Packplatz,PP,0.0000,0.0000,0.0000,30.8000,30.8000
2024-02-27,5230,Springer,Prüfer BS,0.0000,7.7000,0.0000,0.0000,7.7000
2024-02-27,5231,MR1,MR1 Endmaße BS,0.0000,0.0000,0.0000,36.8000,36.8000
2024-02-27,5232,MR7,MR7 Lehren BS,0.0000,0.0000,0.0000,74.3000,74.3000
2024-02-27,5233,MR4,MR4 Lohnmessung BS,0.0000,0.0000,0.0000,15.4000,15.4000
2024-02-27,5234,MR2,MR2 Drehmoment BS,7.7000,0.0000,0.0000,30.8000,38.5000
2024-02-27,5235,MR6,MR6 Messschieber BS,0.0000,0.0000,0.0000,43.5000,43.5000
2024-02-27,5236,MR3,MR3 Messuhren BS,0.0000,0.0000,0.0000,38.5000,38.5000
2024-02-27,5237,MR9,MR9 Elektro BS,0.0000,0.0000,0.0000,23.1000,23.1000
2024-02-27,5238,MR8,MR8 Temperatur BS,0.0000,0.0000,0.0000,7.7000,7.7000
2024-02-27,5239,MR5,MR5 Bügelmesss. BS,0.0000,0.0000,0.0000,38.5000,38.5000
2024-02-27,5240,AV,Arbeitsvorbereit. BS,0.0000,0.0000,15.4000,79.3000,94.7000
2024-02-27,5900,Qualifizierung,Qualifizierung,0.0000,0.0000,0.0000,0.0000,0.0000
2024-02-28,5211,MR11,MR11 Koordinatenm BS,7.7000,0.0000,0.0000,15.4000,23.1000
2024-02-28,5220,WE/WA,WE/WA BS,0.0000,0.0000,0.0000,7.7000,7.7000
2024-02-28,5222,WE,WE BS,0.0000,7.7000,0.0000,61.6000,69.3000
2024-02-28,5223,WA,WA BS,0.0000,0.0000,0.0000,23.1000,23.1000
2024-02-28,5225,Packplatz,PP,0.0000,0.0000,0.0000,30.8000,30.8000
2024-02-28,5230,Springer,Prüfer BS,0.0000,7.7000,0.0000,0.0000,7.7000
2024-02-28,5231,MR1,MR1 Endmaße BS,0.0000,0.0000,0.0000,36.8000,36.8000
2024-02-28,5232,MR7,MR7 Lehren BS,0.0000,0.0000,0.0000,74.3000,74.3000
2024-02-28,5233,MR4,MR4 Lohnmessung BS,0.0000,0.0000,0.0000,15.4000,15.4000
2024-02-28,5234,MR2,MR2 Drehmoment BS,7.7000,7.7000,0.0000,23.1000,38.5000
2024-02-28,5235,MR6,MR6 Messschieber BS,0.0000,0.0000,0.0000,43.5000,43.5000
2024-02-28,5236,MR3,MR3 Messuhren BS,0.0000,0.0000,0.0000,38.5000,38.5000
2024-02-28,5237,MR9,MR9 Elektro BS,0.0000,7.7000,0.0000,7.7000,15.4000
2024-02-28,5238,MR8,MR8 Temperatur BS,0.0000,0.0000,0.0000,7.7000,7.7000
2024-02-28,5239,MR5,MR5 Bügelmesss. BS,0.0000,0.0000,0.0000,38.5000,38.5000
2024-02-28,5240,AV,Arbeitsvorbereit. BS,0.0000,0.0000,15.4000,67.6000,83.0000
2024-02-28,5900,Qualifizierung,Qualifizierung,0.0000,0.0000,0.0000,0.0000,0.0000
2024-02-29,5211,MR11,MR11 Koordinatenm BS,7.7000,0.0000,0.0000,15.4000,23.1000
2024-02-29,5220,WE/WA,WE/WA BS,0.0000,0.0000,0.0000,7.7000,7.7000
2024-02-29,5222,WE,WE BS,0.0000,7.7000,0.0000,61.6000,69.3000
2024-02-29,5223,WA,WA BS,0.0000,0.0000,0.0000,23.1000,23.1000
2024-02-29,5225,Packplatz,PP,0.0000,0.0000,0.0000,30.8000,30.8000
2024-02-29,5230,Springer,Prüfer BS,0.0000,7.7000,0.0000,0.0000,7.7000
2024-02-29,5231,MR1,MR1 Endmaße BS,0.0000,0.0000,0.0000,36.8000,36.8000
2024-02-29,5232,MR7,MR7 Lehren BS,0.0000,0.0000,0.0000,74.3000,74.3000
2024-02-29,5233,MR4,MR4 Lohnmessung BS,0.0000,0.0000,0.0000,15.4000,15.4000
2024-02-29,5234,MR2,MR2 Drehmoment BS,0.0000,0.0000,0.0000,38.5000,38.5000
2024-02-29,5235,MR6,MR6 Messschieber BS,0.0000,0.0000,0.0000,43.5000,43.5000
2024-02-29,5236,MR3,MR3 Messuhren BS,0.0000,0.0000,7.7000,38.5000,46.2000
2024-02-29,5237,MR9,MR9 Elektro BS,0.0000,7.7000,0.0000,7.7000,15.4000
2024-02-29,5238,MR8,MR8 Temperatur BS,0.0000,0.0000,0.0000,7.7000,7.7000
2024-02-29,5239,MR5,MR5 Bügelmesss. BS,0.0000,0.0000,0.0000,38.5000,38.5000
2024-02-29,5240,AV,Arbeitsvorbereit. BS,0.0000,0.0000,23.1000,63.9000,87.0000
2024-02-29,5900,Qualifizierung,Qualifizierung,0.0000,0.0000,0.0000,0.0000,0.0000
2024-03-01,5211,MR11,MR11 Koordinatenm BS,0.0000,0.0000,0.0000,23.1000,23.1000
2024-03-01,5220,WE/WA,WE/WA BS,0.0000,0.0000,0.0000,7.7000,7.7000
2024-03-01,5222,WE,WE BS,0.0000,15.4000,0.0000,53.9000,69.3000
2024-03-01,5223,WA,WA BS,0.0000,0.0000,0.0000,15.4000,15.4000
2024-03-01,5225,Packplatz,PP,0.0000,0.0000,0.0000,30.8000,30.8000
2024-03-01,5230,Springer,Prüfer BS,0.0000,7.7000,0.0000,0.0000,7.7000
2024-03-01,5231,MR1,MR1 Endmaße BS,0.0000,0.0000,0.0000,36.8000,36.8000
2024-03-01,5232,MR7,MR7 Lehren BS,0.0000,7.7000,0.0000,46.2000,53.9000
2024-03-01,5233,MR4,MR4 Lohnmessung BS,0.0000,0.0000,0.0000,15.4000,15.4000
2024-03-01,5234,MR2,MR2 Drehmoment BS,0.0000,0.0000,0.0000,38.5000,38.5000
2024-03-01,5235,MR6,MR6 Messschieber BS,0.0000,0.0000,0.0000,43.5000,43.5000
2024-03-01,5236,MR3,MR3 Messuhren BS,0.0000,0.0000,0.0000,46.2000,46.2000
2024-03-01,5237,MR9,MR9 Elektro BS,0.0000,7.7000,0.0000,7.7000,15.4000
2024-03-01,5238,MR8,MR8 Temperatur BS,0.0000,0.0000,0.0000,7.7000,7.7000
2024-03-01,5239,MR5,MR5 Bügelmesss. BS,0.0000,0.0000,0.0000,30.8000,30.8000
2024-03-01,5240,AV,Arbeitsvorbereit. BS,0.0000,0.0000,30.8000,56.2000,87.0000
2024-03-01,5900,Qualifizierung,Qualifizierung,0.0000,0.0000,0.0000,0.0000,0.0000
2024-03-04,5211,MR11,MR11 Koordinatenm BS,7.7000,0.0000,0.0000,15.4000,23.1000
2024-03-04,5220,WE/WA,WE/WA BS,0.0000,0.0000,0.0000,7.7000,7.7000
2024-03-04,5222,WE,WE BS,0.0000,7.7000,0.0000,53.9000,61.6000
2024-03-04,5223,WA,WA BS,0.0000,0.0000,0.0000,23.1000,23.1000
2024-03-04,5225,Packplatz,PP,0.0000,0.0000,0.0000,36.8000,36.8000
2024-03-04,5230,Springer,Prüfer BS,0.0000,0.0000,0.0000,7.7000,7.7000
2024-03-04,5231,MR1,MR1 Endmaße BS,0.0000,0.0000,0.0000,29.1000,29.1000
2024-03-04,5232,MR7,MR7 Lehren BS,0.0000,0.0000,0.0000,66.6000,66.6000
2024-03-04,5233,MR4,MR4 Lohnmessung BS,0.0000,0.0000,0.0000,15.4000,15.4000
2024-03-04,5234,MR2,MR2 Drehmoment BS,0.0000,0.0000,0.0000,38.5000,38.5000
2024-03-04,5235,MR6,MR6 Messschieber BS,0.0000,0.0000,0.0000,43.5000,43.5000
2024-03-04,5236,MR3,MR3 Messuhren BS,0.0000,0.0000,0.0000,53.9000,53.9000
2024-03-04,5237,MR9,MR9 Elektro BS,0.0000,0.0000,0.0000,23.1000,23.1000
2024-03-04,5238,MR8,MR8 Temperatur BS,0.0000,0.0000,0.0000,7.7000,7.7000
2024-03-04,5239,MR5,MR5 Bügelmesss. BS,0.0000,0.0000,7.7000,23.1000,30.8000
2024-03-04,5240,AV,Arbeitsvorbereit. BS,0.0000,0.0000,23.1000,71.6000,94.7000
2024-03-05,5211,MR11,MR11 Koordinatenm BS,7.7000,0.0000,0.0000,15.4000,23.1000
2024-03-05,5220,WE/WA,WE/WA BS,0.0000,0.0000,0.0000,7.7000,7.7000
2024-03-05,5222,WE,WE BS,0.0000,15.4000,0.0000,53.9000,69.3000
2024-03-05,5223,WA,WA BS,0.0000,0.0000,0.0000,23.1000,23.1000
2024-03-05,5225,Packplatz,PP,0.0000,0.0000,0.0000,36.8000,36.8000
2024-03-05,5230,Springer,Prüfer BS,0.0000,0.0000,0.0000,7.7000,7.7000
2024-03-05,5231,MR1,MR1 Endmaße BS,0.0000,0.0000,0.0000,36.8000,36.8000
2024-03-05,5232,MR7,MR7 Lehren BS,0.0000,5.0000,0.0000,61.6000,66.6000
2024-03-05,5233,MR4,MR4 Lohnmessung BS,0.0000,0.0000,0.0000,15.4000,15.4000
2024-03-05,5234,MR2,MR2 Drehmoment BS,0.0000,0.0000,0.0000,38.5000,38.5000
2024-03-05,5235,MR6,MR6 Messschieber BS,0.0000,0.0000,0.0000,43.5000,43.5000
2024-03-05,5236,MR3,MR3 Messuhren BS,0.0000,0.0000,0.0000,53.9000,53.9000
2024-03-05,5237,MR9,MR9 Elektro BS,0.0000,0.0000,0.0000,23.1000,23.1000
2024-03-05,5238,MR8,MR8 Temperatur BS,0.0000,0.0000,0.0000,7.7000,7.7000
2024-03-05,5239,MR5,MR5 Bügelmesss. BS,0.0000,0.0000,7.7000,30.8000,38.5000
2024-03-05,5240,AV,Arbeitsvorbereit. BS,0.0000,0.0000,15.4000,79.3000,94.7000
2024-03-06,5211,MR11,MR11 Koordinatenm BS,0.0000,7.7000,0.0000,15.4000,23.1000
2024-03-06,5220,WE/WA,WE/WA BS,0.0000,0.0000,0.0000,7.7000,7.7000
2024-03-06,5222,WE,WE BS,0.0000,7.7000,0.0000,61.6000,69.3000
2024-03-06,5223,WA,WA BS,0.0000,0.0000,0.0000,23.1000,23.1000
2024-03-06,5225,Packplatz,PP,0.0000,0.0000,0.0000,36.8000,36.8000
2024-03-06,5230,Springer,Prüfer BS,0.0000,0.0000,0.0000,7.7000,7.7000
2024-03-06,5231,MR1,MR1 Endmaße BS,0.0000,0.0000,0.0000,36.8000,36.8000
2024-03-06,5232,MR7,MR7 Lehren BS,0.0000,12.7000,0.0000,61.6000,74.3000
2024-03-06,5233,MR4,MR4 Lohnmessung BS,0.0000,0.0000,0.0000,15.4000,15.4000
2024-03-06,5234,MR2,MR2 Drehmoment BS,0.0000,0.0000,0.0000,38.5000,38.5000
2024-03-06,5235,MR6,MR6 Messschieber BS,0.0000,0.0000,0.0000,43.5000,43.5000
2024-03-06,5236,MR3,MR3 Messuhren BS,0.0000,0.0000,0.0000,46.2000,46.2000
2024-03-06,5237,MR9,MR9 Elektro BS,0.0000,0.0000,0.0000,23.1000,23.1000
2024-03-06,5238,MR8,MR8 Temperatur BS,0.0000,0.0000,0.0000,7.7000,7.7000
2024-03-06,5239,MR5,MR5 Bügelmesss. BS,0.0000,0.0000,0.0000,38.5000,38.5000
2024-03-06,5240,AV,Arbeitsvorbereit. BS,0.0000,0.0000,15.4000,75.3000,90.7000
2024-03-06,5900,Qualifizierung,Qualifizierung,0.0000,0.0000,0.0000,7.7000,7.7000
2024-03-07,5211,MR11,MR11 Koordinatenm BS,0.0000,7.7000,0.0000,15.4000,23.1000
2024-03-07,5220,WE/WA,WE/WA BS,0.0000,0.0000,0.0000,7.7000,7.7000
2024-03-07,5222,WE,WE BS,0.0000,7.7000,0.0000,61.6000,69.3000
2024-03-07,5223,WA,WA BS,0.0000,0.0000,0.0000,23.1000,23.1000
2024-03-07,5225,Packplatz,PP,0.0000,0.0000,0.0000,30.8000,30.8000
2024-03-07,5230,Springer,Prüfer BS,0.0000,0.0000,0.0000,7.7000,7.7000
2024-03-07,5231,MR1,MR1 Endmaße BS,0.0000,0.0000,0.0000,36.8000,36.8000
2024-03-07,5232,MR7,MR7 Lehren BS,0.0000,5.0000,0.0000,69.3000,74.3000
2024-03-07,5233,MR4,MR4 Lohnmessung BS,0.0000,0.0000,0.0000,15.4000,15.4000
2024-03-07,5234,MR2,MR2 Drehmoment BS,0.0000,0.0000,0.0000,38.5000,38.5000
2024-03-07,5235,MR6,MR6 Messschieber BS,0.0000,0.0000,0.0000,43.5000,43.5000
2024-03-07,5236,MR3,MR3 Messuhren BS,0.0000,0.0000,0.0000,46.2000,46.2000
2024-03-07,5237,MR9,MR9 Elektro BS,0.0000,0.0000,0.0000,23.1000,23.1000
2024-03-07,5238,MR8,MR8 Temperatur BS,0.0000,0.0000,0.0000,7.7000,7.7000
2024-03-07,5239,MR5,MR5 Bügelmesss. BS,0.0000,0.0000,0.0000,38.5000,38.5000
2024-03-07,5240,AV,Arbeitsvorbereit. BS,0.0000,0.0000,15.4000,79.3000,94.7000
2024-03-07,5900,Qualifizierung,Qualifizierung,0.0000,0.0000,0.0000,7.7000,7.7000
2024-03-08,5211,MR11,MR11 Koordinatenm BS,0.0000,7.7000,0.0000,15.4000,23.1000
2024-03-08,5220,WE/WA,WE/WA BS,0.0000,0.0000,0.0000,7.7000,7.7000
2024-03-08,5222,WE,WE BS,0.0000,7.7000,0.0000,53.9000,61.6000
2024-03-08,5223,WA,WA BS,0.0000,0.0000,0.0000,15.4000,15.4000
2024-03-08,5225,Packplatz,PP,0.0000,7.7000,7.7000,15.4000,30.8000
2024-03-08,5230,Springer,Prüfer BS,0.0000,0.0000,0.0000,7.7000,7.7000
2024-03-08,5231,MR1,MR1 Endmaße BS,0.0000,0.0000,0.0000,29.1000,29.1000
2024-03-08,5232,MR7,MR7 Lehren BS,0.0000,0.0000,0.0000,61.6000,61.6000
2024-03-08,5233,MR4,MR4 Lohnmessung BS,0.0000,0.0000,0.0000,15.4000,15.4000
2024-03-08,5234,MR2,MR2 Drehmoment BS,0.0000,0.0000,0.0000,38.5000,38.5000
2024-03-08,5235,MR6,MR6 Messschieber BS,0.0000,0.0000,0.0000,43.5000,43.5000
2024-03-08,5236,MR3,MR3 Messuhren BS,0.0000,0.0000,0.0000,30.8000,30.8000
2024-03-08,5237,MR9,MR9 Elektro BS,0.0000,0.0000,0.0000,23.1000,23.1000
2024-03-08,5238,MR8,MR8 Temperatur BS,0.0000,0.0000,0.0000,7.7000,7.7000
2024-03-08,5239,MR5,MR5 Bügelmesss. BS,0.0000,0.0000,0.0000,38.5000,38.5000
2024-03-08,5240,AV,Arbeitsvorbereit. BS,0.0000,0.0000,23.1000,65.6000,88.7000
2024-03-08,5900,Qualifizierung,Qualifizierung,0.0000,0.0000,0.0000,7.7000,7.7000
2024-03-11,5211,MR11,MR11 Koordinatenm BS,0.0000,7.7000,0.0000,15.4000,23.1000
2024-03-11,5220,WE/WA,WE/WA BS,0.0000,0.0000,0.0000,7.7000,7.7000
2024-03-11,5222,WE,WE BS,0.0000,0.0000,7.7000,61.6000,69.3000
2024-03-11,5223,WA,WA BS,0.0000,0.0000,0.0000,15.4000,15.4000
2024-03-11,5225,Packplatz,PP,0.0000,0.0000,0.0000,30.8000,30.8000
2024-03-11,5230,Springer,Prüfer BS,0.0000,0.0000,0.0000,7.7000,7.7000
2024-03-11,5231,MR1,MR1 Endmaße BS,0.0000,0.0000,7.7000,21.4000,29.1000
2024-03-11,5232,MR7,MR7 Lehren BS,0.0000,0.0000,0.0000,74.3000,74.3000
2024-03-11,5233,MR4,MR4 Lohnmessung BS,0.0000,0.0000,0.0000,15.4000,15.4000
2024-03-11,5234,MR2,MR2 Drehmoment BS,0.0000,0.0000,0.0000,30.8000,30.8000
2024-03-11,5235,MR6,MR6 Messschieber BS,0.0000,0.0000,7.7000,35.8000,43.5000
2024-03-11,5236,MR3,MR3 Messuhren BS,0.0000,0.0000,7.7000,38.5000,46.2000
2024-03-11,5237,MR9,MR9 Elektro BS,0.0000,0.0000,0.0000,23.1000,23.1000
2024-03-11,5238,MR8,MR8 Temperatur BS,0.0000,0.0000,0.0000,7.7000,7.7000
2024-03-11,5239,MR5,MR5 Bügelmesss. BS,0.0000,0.0000,0.0000,38.5000,38.5000
2024-03-11,5240,AV,Arbeitsvorbereit. BS,0.0000,0.0000,7.7000,79.3000,87.0000
2024-03-11,5900,Qualifizierung,Qualifizierung,0.0000,0.0000,0.0000,7.7000,7.7000
2024-03-12,5211,MR11,MR11 Koordinatenm BS,0.0000,7.7000,0.0000,15.4000,23.1000
2024-03-12,5220,WE/WA,WE/WA BS,0.0000,0.0000,0.0000,7.7000,7.7000
2024-03-12,5222,WE,WE BS,0.0000,0.0000,0.0000,69.3000,69.3000
2024-03-12,5223,WA,WA BS,0.0000,0.0000,0.0000,23.1000,23.1000
2024-03-12,5225,Packplatz,PP,0.0000,15.4000,0.0000,15.4000,30.8000
2024-03-12,5230,Springer,Prüfer BS,0.0000,0.0000,0.0000,7.7000,7.7000
2024-03-12,5231,MR1,MR1 Endmaße BS,0.0000,0.0000,7.7000,29.1000,36.8000
2024-03-12,5232,MR7,MR7 Lehren BS,0.0000,5.0000,0.0000,69.3000,74.3000
2024-03-12,5233,MR4,MR4 Lohnmessung BS,0.0000,0.0000,0.0000,15.4000,15.4000
2024-03-12,5234,MR2,MR2 Drehmoment BS,0.0000,0.0000,0.0000,30.8000,30.8000
2024-03-12,5235,MR6,MR6 Messschieber BS,0.0000,0.0000,7.7000,35.8000,43.5000
2024-03-12,5236,MR3,MR3 Messuhren BS,0.0000,0.0000,7.7000,38.5000,46.2000
2024-03-12,5237,MR9,MR9 Elektro BS,0.0000,0.0000,0.0000,23.1000,23.1000
2024-03-12,5238,MR8,MR8 Temperatur BS,0.0000,0.0000,0.0000,7.7000,7.7000
2024-03-12,5239,MR5,MR5 Bügelmesss. BS,0.0000,0.0000,0.0000,38.5000,38.5000
2024-03-12,5240,AV,Arbeitsvorbereit. BS,0.0000,7.7000,7.7000,79.3000,94.7000
2024-03-12,5900,Qualifizierung,Qualifizierung,0.0000,0.0000,0.0000,7.7000,7.7000
2024-03-13,5211,MR11,MR11 Koordinatenm BS,0.0000,7.7000,0.0000,15.4000,23.1000
2024-03-13,5220,WE/WA,WE/WA BS,0.0000,0.0000,0.0000,7.7000,7.7000
2024-03-13,5222,WE,WE BS,0.0000,0.0000,0.0000,69.3000,69.3000
2024-03-13,5223,WA,WA BS,0.0000,7.7000,0.0000,15.4000,23.1000
2024-03-13,5225,Packplatz,PP,0.0000,23.1000,0.0000,7.7000,30.8000
2024-03-13,5230,Springer,Prüfer BS,0.0000,0.0000,0.0000,7.7000,7.7000
2024-03-13,5231,MR1,MR1 Endmaße BS,0.0000,0.0000,7.7000,29.1000,36.8000
2024-03-13,5232,MR7,MR7 Lehren BS,0.0000,5.0000,0.0000,69.3000,74.3000
2024-03-13,5233,MR4,MR4 Lohnmessung BS,0.0000,0.0000,0.0000,15.4000,15.4000
2024-03-13,5234,MR2,MR2 Drehmoment BS,0.0000,0.0000,0.0000,30.8000,30.8000
2024-03-13,5235,MR6,MR6 Messschieber BS,0.0000,0.0000,7.7000,35.8000,43.5000
2024-03-13,5236,MR3,MR3 Messuhren BS,0.0000,0.0000,7.7000,38.5000,46.2000
2024-03-13,5237,MR9,MR9 Elektro BS,0.0000,7.7000,0.0000,15.4000,23.1000
2024-03-13,5238,MR8,MR8 Temperatur BS,0.0000,0.0000,0.0000,7.7000,7.7000
2024-03-13,5239,MR5,MR5 Bügelmesss. BS,0.0000,7.7000,0.0000,30.8000,38.5000
2024-03-13,5240,AV,Arbeitsvorbereit. BS,0.0000,23.1000,7.7000,59.9000,90.7000
2024-03-13,5900,Qualifizierung,Qualifizierung,0.0000,0.0000,0.0000,7.7000,7.7000
2024-03-14,5211,MR11,MR11 Koordinatenm BS,0.0000,7.7000,0.0000,15.4000,23.1000
2024-03-14,5220,WE/WA,WE/WA BS,0.0000,0.0000,0.0000,7.7000,7.7000
2024-03-14,5222,WE,WE BS,0.0000,0.0000,0.0000,69.3000,69.3000
2024-03-14,5223,WA,WA BS,0.0000,0.0000,0.0000,23.1000,23.1000
2024-03-14,5225,Packplatz,PP,0.0000,15.4000,0.0000,15.4000,30.8000
2024-03-14,5230,Springer,Prüfer BS,0.0000,0.0000,0.0000,7.7000,7.7000
2024-03-14,5231,MR1,MR1 Endmaße BS,0.0000,0.0000,7.7000,29.1000,36.8000
2024-03-14,5232,MR7,MR7 Lehren BS,0.0000,5.0000,0.0000,61.6000,66.6000
2024-03-14,5233,MR4,MR4 Lohnmessung BS,0.0000,0.0000,0.0000,15.4000,15.4000
2024-03-14,5234,MR2,MR2 Drehmoment BS,0.0000,0.0000,0.0000,30.8000,30.8000
2024-03-14,5235,MR6,MR6 Messschieber BS,0.0000,7.7000,7.7000,28.1000,43.5000
2024-03-14,5236,MR3,MR3 Messuhren BS,0.0000,0.0000,7.7000,38.5000,46.2000
2024-03-14,5237,MR9,MR9 Elektro BS,0.0000,7.7000,0.0000,15.4000,23.1000
2024-03-14,5238,MR8,MR8 Temperatur BS,0.0000,0.0000,0.0000,7.7000,7.7000
2024-03-14,5239,MR5,MR5 Bügelmesss. BS,0.0000,7.7000,0.0000,30.8000,38.5000
2024-03-14,5240,AV,Arbeitsvorbereit. BS,0.0000,7.7000,7.7000,79.3000,94.7000
2024-03-14,5900,Qualifizierung,Qualifizierung,0.0000,0.0000,0.0000,7.7000,7.7000
2024-03-15,5211,MR11,MR11 Koordinatenm BS,0.0000,7.7000,0.0000,15.4000,23.1000
2024-03-15,5220,WE/WA,WE/WA BS,0.0000,0.0000,0.0000,7.7000,7.7000
2024-03-15,5222,WE,WE BS,0.0000,0.0000,0.0000,61.6000,61.6000
2024-03-15,5223,WA,WA BS,0.0000,0.0000,0.0000,15.4000,15.4000
2024-03-15,5225,Packplatz,PP,0.0000,15.4000,0.0000,15.4000,30.8000
2024-03-15,5230,Springer,Prüfer BS,0.0000,0.0000,0.0000,7.7000,7.7000
2024-03-15,5231,MR1,MR1 Endmaße BS,0.0000,0.0000,7.7000,29.1000,36.8000
2024-03-15,5232,MR7,MR7 Lehren BS,0.0000,0.0000,0.0000,61.6000,61.6000
2024-03-15,5233,MR4,MR4 Lohnmessung BS,0.0000,0.0000,0.0000,15.4000,15.4000
2024-03-15,5234,MR2,MR2 Drehmoment BS,0.0000,0.0000,0.0000,30.8000,30.8000
2024-03-15,5235,MR6,MR6 Messschieber BS,0.0000,0.0000,7.7000,35.8000,43.5000
2024-03-15,5236,MR3,MR3 Messuhren BS,0.0000,0.0000,7.7000,30.8000,38.5000
2024-03-15,5237,MR9,MR9 Elektro BS,0.0000,7.7000,0.0000,7.7000,15.4000
2024-03-15,5238,MR8,MR8 Temperatur BS,0.0000,0.0000,0.0000,7.7000,7.7000
2024-03-15,5239,MR5,MR5 Bügelmesss. BS,0.0000,7.7000,0.0000,23.1000,30.8000
2024-03-15,5240,AV,Arbeitsvorbereit. BS,0.0000,7.7000,7.7000,79.3000,94.7000
2024-03-15,5900,Qualifizierung,Qualifizierung,0.0000,0.0000,0.0000,7.7000,7.7000
2024-03-18,5211,MR11,MR11 Koordinatenm BS,7.7000,0.0000,0.0000,15.4000,23.1000
2024-03-18,5220,WE/WA,WE/WA BS,0.0000,0.0000,7.7000,0.0000,7.7000
2024-03-18,5222,WE,WE BS,0.0000,0.0000,7.7000,61.6000,69.3000
2024-03-18,5223,WA,WA BS,0.0000,0.0000,7.7000,15.4000,23.1000
2024-03-18,5225,Packplatz,PP,0.0000,0.0000,0.0000,36.8000,36.8000
2024-03-18,5230,Springer,Prüfer BS,0.0000,0.0000,0.0000,7.7000,7.7000
2024-03-18,5231,MR1,MR1 Endmaße BS,0.0000,0.0000,0.0000,29.1000,29.1000
2024-03-18,5232,MR7,MR7 Lehren BS,0.0000,5.0000,0.0000,69.3000,74.3000
2024-03-18,5233,MR4,MR4 Lohnmessung BS,0.0000,0.0000,0.0000,15.4000,15.4000
2024-03-18,5234,MR2,MR2 Drehmoment BS,0.0000,0.0000,7.7000,30.8000,38.5000
2024-03-18,5235,MR6,MR6 Messschieber BS,0.0000,0.0000,0.0000,43.5000,43.5000
2024-03-18,5236,MR3,MR3 Messuhren BS,0.0000,0.0000,7.7000,30.8000,38.5000
2024-03-18,5237,MR9,MR9 Elektro BS,0.0000,0.0000,0.0000,23.1000,23.1000
2024-03-18,5238,MR8,MR8 Temperatur BS,0.0000,0.0000,0.0000,0.0000,0.0000
2024-03-18,5239,MR5,MR5 Bügelmesss. BS,0.0000,0.0000,0.0000,46.2000,46.2000
2024-03-18,5240,AV,Arbeitsvorbereit. BS,0.0000,0.0000,0.0000,94.7000,94.7000
2024-03-18,5900,Qualifizierung,Qualifizierung,0.0000,0.0000,0.0000,7.7000,7.7000
2024-03-19,5211,MR11,MR11 Koordinatenm BS,7.7000,0.0000,0.0000,15.4000,23.1000
2024-03-19,5220,WE/WA,WE/WA BS,0.0000,0.0000,7.7000,0.0000,7.7000
2024-03-19,5222,WE,WE BS,0.0000,7.7000,7.7000,53.9000,69.3000
2024-03-19,5223,WA,WA BS,0.0000,0.0000,0.0000,15.4000,15.4000
2024-03-19,5225,Packplatz,PP,0.0000,0.0000,0.0000,36.8000,36.8000
2024-03-19,5230,Springer,Prüfer BS,0.0000,0.0000,0.0000,7.7000,7.7000
2024-03-19,5231,MR1,MR1 Endmaße BS,0.0000,0.0000,0.0000,36.8000,36.8000
2024-03-19,5232,MR7,MR7 Lehren BS,0.0000,5.0000,0.0000,69.3000,74.3000
2024-03-19,5233,MR4,MR4 Lohnmessung BS,0.0000,0.0000,0.0000,15.4000,15.4000
2024-03-19,5234,MR2,MR2 Drehmoment BS,0.0000,0.0000,7.7000,30.8000,38.5000
2024-03-19,5235,MR6,MR6 Messschieber BS,0.0000,0.0000,0.0000,43.5000,43.5000
2024-03-19,5236,MR3,MR3 Messuhren BS,0.0000,0.0000,0.0000,38.5000,38.5000
2024-03-19,5237,MR9,MR9 Elektro BS,0.0000,0.0000,0.0000,23.1000,23.1000
2024-03-19,5238,MR8,MR8 Temperatur BS,0.0000,0.0000,0.0000,7.7000,7.7000
2024-03-19,5239,MR5,MR5 Bügelmesss. BS,0.0000,0.0000,0.0000,46.2000,46.2000
2024-03-19,5240,AV,Arbeitsvorbereit. BS,0.0000,7.7000,0.0000,87.0000,94.7000
2024-03-19,5900,Qualifizierung,Qualifizierung,0.0000,0.0000,0.0000,7.7000,7.7000
2024-03-20,5211,MR11,MR11 Koordinatenm BS,7.7000,0.0000,0.0000,15.4000,23.1000
2024-03-20,5220,WE/WA,WE/WA BS,0.0000,0.0000,7.7000,0.0000,7.7000
2024-03-20,5222,WE,WE BS,0.0000,7.7000,7.7000,53.9000,69.3000
2024-03-20,5223,WA,WA BS,0.0000,0.0000,7.7000,15.4000,23.1000
2024-03-20,5225,Packplatz,PP,0.0000,0.0000,0.0000,36.8000,36.8000
2024-03-20,5230,Springer,Prüfer BS,0.0000,0.0000,0.0000,7.7000,7.7000
2024-03-20,5231,MR1,MR1 Endmaße BS,0.0000,0.0000,0.0000,36.8000,36.8000
2024-03-20,5232,MR7,MR7 Lehren BS,0.0000,5.0000,0.0000,69.3000,74.3000
2024-03-20,5233,MR4,MR4 Lohnmessung BS,0.0000,0.0000,0.0000,15.4000,15.4000
2024-03-20,5234,MR2,MR2 Drehmoment BS,0.0000,0.0000,7.7000,30.8000,38.5000
2024-03-20,5235,MR6,MR6 Messschieber BS,0.0000,0.0000,0.0000,43.5000,43.5000
2024-03-20,5236,MR3,MR3 Messuhren BS,0.0000,0.0000,0.0000,38.5000,38.5000
2024-03-20,5237,MR9,MR9 Elektro BS,0.0000,0.0000,0.0000,23.1000,23.1000
2024-03-20,5238,MR8,MR8 Temperatur BS,0.0000,0.0000,0.0000,7.7000,7.7000
2024-03-20,5239,MR5,MR5 Bügelmesss. BS,0.0000,0.0000,0.0000,46.2000,46.2000
2024-03-20,5240,AV,Arbeitsvorbereit. BS,0.0000,7.7000,0.0000,83.0000,90.7000
2024-03-20,5900,Qualifizierung,Qualifizierung,0.0000,0.0000,0.0000,7.7000,7.7000
2024-03-21,5211,MR11,MR11 Koordinatenm BS,7.7000,0.0000,0.0000,15.4000,23.1000
2024-03-21,5220,WE/WA,WE/WA BS,0.0000,0.0000,7.7000,0.0000,7.7000
2024-03-21,5222,WE,WE BS,0.0000,7.7000,7.7000,53.9000,69.3000
2024-03-21,5223,WA,WA BS,0.0000,0.0000,7.7000,15.4000,23.1000
2024-03-21,5225,Packplatz,PP,0.0000,0.0000,0.0000,30.8000,30.8000
2024-03-21,5230,Springer,Prüfer BS,0.0000,0.0000,0.0000,7.7000,7.7000
2024-03-21,5231,MR1,MR1 Endmaße BS,0.0000,0.0000,0.0000,36.8000,36.8000
2024-03-21,5232,MR7,MR7 Lehren BS,0.0000,5.0000,0.0000,61.6000,66.6000
2024-03-21,5233,MR4,MR4 Lohnmessung BS,0.0000,0.0000,0.0000,15.4000,15.4000
2024-03-21,5234,MR2,MR2 Drehmoment BS,0.0000,0.0000,7.7000,30.8000,38.5000
2024-03-21,5235,MR6,MR6 Messschieber BS,0.0000,0.0000,0.0000,43.5000,43.5000
2024-03-21,5236,MR3,MR3 Messuhren BS,0.0000,0.0000,0.0000,38.5000,38.5000
2024-03-21,5237,MR9,MR9 Elektro BS,0.0000,0.0000,0.0000,23.1000,23.1000
2024-03-21,5238,MR8,MR8 Temperatur BS,0.0000,0.0000,0.0000,7.7000,7.7000
2024-03-21,5239,MR5,MR5 Bügelmesss. BS,0.0000,0.0000,0.0000,46.2000,46.2000
2024-03-21,5240,AV,Arbeitsvorbereit. BS,0.0000,7.7000,0.0000,87.0000,94.7000
2024-03-21,5900,Qualifizierung,Qualifizierung,0.0000,0.0000,0.0000,7.7000,7.7000
2024-03-22,5211,MR11,MR11 Koordinatenm BS,0.0000,0.0000,0.0000,23.1000,23.1000
2024-03-22,5220,WE/WA,WE/WA BS,0.0000,0.0000,7.7000,0.0000,7.7000
2024-03-22,5222,WE,WE BS,0.0000,7.7000,23.1000,30.8000,61.6000
2024-03-22,5223,WA,WA BS,0.0000,0.0000,0.0000,15.4000,15.4000
2024-03-22,5225,Packplatz,PP,0.0000,0.0000,0.0000,30.8000,30.8000
2024-03-22,5230,Springer,Prüfer BS,0.0000,0.0000,0.0000,7.7000,7.7000
2024-03-22,5231,MR1,MR1 Endmaße BS,0.0000,0.0000,0.0000,30.8000,30.8000
2024-03-22,5232,MR7,MR7 Lehren BS,0.0000,7.7000,0.0000,46.2000,53.9000
2024-03-22,5233,MR4,MR4 Lohnmessung BS,0.0000,0.0000,0.0000,15.4000,15.4000
2024-03-22,5234,MR2,MR2 Drehmoment BS,0.0000,0.0000,7.7000,30.8000,38.5000
2024-03-22,5235,MR6,MR6 Messschieber BS,0.0000,7.7000,0.0000,35.8000,43.5000
2024-03-22,5236,MR3,MR3 Messuhren BS,0.0000,0.0000,0.0000,30.8000,30.8000
2024-03-22,5237,MR9,MR9 Elektro BS,0.0000,0.0000,0.0000,23.1000,23.1000
2024-03-22,5238,MR8,MR8 Temperatur BS,0.0000,0.0000,0.0000,7.7000,7.7000
2024-03-22,5239,MR5,MR5 Bügelmesss. BS,0.0000,0.0000,0.0000,38.5000,38.5000
2024-03-22,5240,AV,Arbeitsvorbereit. BS,0.0000,15.4000,0.0000,79.3000,94.7000
2024-03-22,5900,Qualifizierung,Qualifizierung,0.0000,0.0000,0.0000,7.7000,7.7000
2024-03-25,5211,MR11,MR11 Koordinatenm BS,7.7000,0.0000,0.0000,15.4000,23.1000
2024-03-25,5220,WE/WA,WE/WA BS,0.0000,0.0000,0.0000,7.7000,7.7000
2024-03-25,5222,WE,WE BS,0.0000,0.0000,23.1000,46.2000,69.3000
2024-03-25,5223,WA,WA BS,0.0000,0.0000,7.7000,7.7000,15.4000
2024-03-25,5225,Packplatz,PP,0.0000,0.0000,7.7000,23.1000,30.8000
2024-03-25,5230,Springer,Prüfer BS,0.0000,0.0000,7.7000,0.0000,7.7000
2024-03-25,5231,MR1,MR1 Endmaße BS,0.0000,0.0000,6.0000,23.1000,29.1000
2024-03-25,5232,MR7,MR7 Lehren BS,0.0000,5.0000,23.1000,38.5000,66.6000
2024-03-25,5233,MR4,MR4 Lohnmessung BS,0.0000,0.0000,7.7000,7.7000,15.4000
2024-03-25,5234,MR2,MR2 Drehmoment BS,0.0000,0.0000,0.0000,38.5000,38.5000
2024-03-25,5235,MR6,MR6 Messschieber BS,0.0000,0.0000,5.0000,38.5000,43.5000
2024-03-25,5236,MR3,MR3 Messuhren BS,0.0000,0.0000,0.0000,38.5000,38.5000
2024-03-25,5237,MR9,MR9 Elektro BS,0.0000,0.0000,0.0000,23.1000,23.1000
2024-03-25,5238,MR8,MR8 Temperatur BS,0.0000,0.0000,0.0000,0.0000,0.0000
2024-03-25,5239,MR5,MR5 Bügelmesss. BS,0.0000,0.0000,15.4000,23.1000,38.5000
2024-03-25,5240,AV,Arbeitsvorbereit. BS,0.0000,0.0000,11.7000,83.0000,94.7000
2024-03-25,5900,Qualifizierung,Qualifizierung,0.0000,0.0000,0.0000,7.7000,7.7000
2024-03-26,5211,MR11,MR11 Koordinatenm BS,7.7000,0.0000,0.0000,15.4000,23.1000
2024-03-26,5220,WE/WA,WE/WA BS,0.0000,0.0000,0.0000,7.7000,7.7000
2024-03-26,5222,WE,WE BS,0.0000,0.0000,23.1000,46.2000,69.3000
2024-03-26,5223,WA,WA BS,0.0000,0.0000,7.7000,15.4000,23.1000
2024-03-26,5225,Packplatz,PP,0.0000,0.0000,7.7000,23.1000,30.8000
2024-03-26,5230,Springer,Prüfer BS,0.0000,0.0000,7.7000,0.0000,7.7000
2024-03-26,5231,MR1,MR1 Endmaße BS,0.0000,7.7000,6.0000,23.1000,36.8000
2024-03-26,5232,MR7,MR7 Lehren BS,0.0000,5.0000,23.1000,38.5000,66.6000
2024-03-26,5233,MR4,MR4 Lohnmessung BS,0.0000,0.0000,7.7000,7.7000,15.4000
2024-03-26,5234,MR2,MR2 Drehmoment BS,0.0000,0.0000,0.0000,38.5000,38.5000
2024-03-26,5235,MR6,MR6 Messschieber BS,0.0000,7.7000,5.0000,23.1000,35.8000
2024-03-26,5236,MR3,MR3 Messuhren BS,0.0000,0.0000,0.0000,38.5000,38.5000
2024-03-26,5237,MR9,MR9 Elektro BS,0.0000,0.0000,0.0000,23.1000,23.1000
2024-03-26,5238,MR8,MR8 Temperatur BS,0.0000,0.0000,0.0000,0.0000,0.0000
2024-03-26,5239,MR5,MR5 Bügelmesss. BS,0.0000,0.0000,15.4000,30.8000,46.2000
2024-03-26,5240,AV,Arbeitsvorbereit. BS,0.0000,15.4000,11.7000,67.6000,94.7000
2024-03-26,5900,Qualifizierung,Qualifizierung,0.0000,0.0000,0.0000,7.7000,7.7000
2024-03-27,5211,MR11,MR11 Koordinatenm BS,7.7000,0.0000,0.0000,15.4000,23.1000
2024-03-27,5220,WE/WA,WE/WA BS,0.0000,0.0000,0.0000,7.7000,7.7000
2024-03-27,5222,WE,WE BS,0.0000,0.0000,23.1000,38.5000,61.6000
2024-03-27,5223,WA,WA BS,0.0000,0.0000,7.7000,15.4000,23.1000
2024-03-27,5225,Packplatz,PP,0.0000,0.0000,7.7000,23.1000,30.8000
2024-03-27,5230,Springer,Prüfer BS,0.0000,0.0000,7.7000,0.0000,7.7000
2024-03-27,5231,MR1,MR1 Endmaße BS,0.0000,0.0000,6.0000,30.8000,36.8000
2024-03-27,5232,MR7,MR7 Lehren BS,0.0000,5.0000,23.1000,38.5000,66.6000
2024-03-27,5233,MR4,MR4 Lohnmessung BS,0.0000,0.0000,7.7000,7.7000,15.4000
2024-03-27,5234,MR2,MR2 Drehmoment BS,0.0000,0.0000,0.0000,38.5000,38.5000
2024-03-27,5235,MR6,MR6 Messschieber BS,0.0000,7.7000,5.0000,30.8000,43.5000
2024-03-27,5236,MR3,MR3 Messuhren BS,0.0000,0.0000,0.0000,38.5000,38.5000
2024-03-27,5237,MR9,MR9 Elektro BS,0.0000,0.0000,0.0000,23.1000,23.1000
2024-03-27,5238,MR8,MR8 Temperatur BS,0.0000,0.0000,7.7000,,7.7000
2024-03-27,5239,MR5,MR5 Bügelmesss. BS,0.0000,0.0000,15.4000,30.8000,46.2000
2024-03-27,5240,AV,Arbeitsvorbereit. BS,0.0000,30.8000,0.0000,59.9000,90.7000
2024-03-27,5900,Qualifizierung,Qualifizierung,0.0000,0.0000,0.0000,7.7000,7.7000
2024-03-28,5211,MR11,MR11 Koordinatenm BS,7.7000,0.0000,7.7000,7.7000,23.1000
2024-03-28,5220,WE/WA,WE/WA BS,0.0000,0.0000,0.0000,7.7000,7.7000
2024-03-28,5222,WE,WE BS,7.7000,0.0000,15.4000,38.5000,61.6000
2024-03-28,5223,WA,WA BS,0.0000,0.0000,7.7000,15.4000,23.1000
2024-03-28,5225,Packplatz,PP,0.0000,0.0000,7.7000,23.1000,30.8000
2024-03-28,5230,Springer,Prüfer BS,0.0000,0.0000,7.7000,0.0000,7.7000
2024-03-28,5231,MR1,MR1 Endmaße BS,0.0000,0.0000,6.0000,30.8000,36.8000
2024-03-28,5232,MR7,MR7 Lehren BS,0.0000,5.0000,30.8000,30.8000,66.6000
2024-03-28,5233,MR4,MR4 Lohnmessung BS,0.0000,0.0000,7.7000,7.7000,15.4000
2024-03-28,5234,MR2,MR2 Drehmoment BS,0.0000,0.0000,0.0000,38.5000,38.5000
2024-03-28,5235,MR6,MR6 Messschieber BS,0.0000,7.7000,12.7000,23.1000,43.5000
2024-03-28,5236,MR3,MR3 Messuhren BS,0.0000,0.0000,7.7000,30.8000,38.5000
2024-03-28,5237,MR9,MR9 Elektro BS,0.0000,0.0000,0.0000,23.1000,23.1000
2024-03-28,5238,MR8,MR8 Temperatur BS,0.0000,0.0000,7.7000,,7.7000
2024-03-28,5239,MR5,MR5 Bügelmesss. BS,0.0000,0.0000,15.4000,30.8000,46.2000
2024-03-28,5240,AV,Arbeitsvorbereit. BS,0.0000,15.4000,11.7000,67.6000,94.7000
2024-03-28,5900,Qualifizierung,Qualifizierung,0.0000,0.0000,0.0000,7.7000,7.7000
2024-04-02,5211,MR11,MR11 Koordinatenm BS,7.7000,0.0000,0.0000,7.7000,15.4000
2024-04-02,5220,WE/WA,WE/WA BS,0.0000,0.0000,0.0000,7.7000,7.7000
2024-04-02,5222,WE,WE BS,0.0000,0.0000,7.7000,61.6000,69.3000
2024-04-02,5223,WA,WA BS,0.0000,0.0000,7.7000,15.4000,23.1000
2024-04-02,5225,Packplatz,PP,0.0000,0.0000,7.7000,29.1000,36.8000
2024-04-02,5230,Springer,Prüfer BS,0.0000,0.0000,0.0000,7.7000,7.7000
2024-04-02,5231,MR1,MR1 Endmaße BS,0.0000,0.0000,15.4000,21.4000,36.8000
2024-04-02,5232,MR7,MR7 Lehren BS,0.0000,5.0000,23.1000,38.5000,66.6000
2024-04-02,5233,MR4,MR4 Lohnmessung BS,0.0000,0.0000,7.7000,7.7000,15.4000
2024-04-02,5234,MR2,MR2 Drehmoment BS,0.0000,7.7000,7.7000,23.1000,38.5000
2024-04-02,5235,MR6,MR6 Messschieber BS,0.0000,0.0000,15.4000,28.1000,43.5000
2024-04-02,5236,MR3,MR3 Messuhren BS,0.0000,7.7000,15.4000,15.4000,38.5000
2024-04-02,5237,MR9,MR9 Elektro BS,0.0000,0.0000,7.7000,15.4000,23.1000
2024-04-02,5238,MR8,MR8 Temperatur BS,0.0000,0.0000,0.0000,7.7000,7.7000
2024-04-02,5239,MR5,MR5 Bügelmesss. BS,0.0000,0.0000,7.7000,38.5000,46.2000
2024-04-02,5240,AV,Arbeitsvorbereit. BS,0.0000,0.0000,30.8000,63.9000,94.7000
2024-04-02,5900,Qualifizierung,Qualifizierung,0.0000,0.0000,0.0000,7.7000,7.7000
2024-04-03,5211,MR11,MR11 Koordinatenm BS,7.7000,0.0000,0.0000,15.4000,23.1000
2024-04-03,5220,WE/WA,WE/WA BS,0.0000,0.0000,0.0000,7.7000,7.7000
2024-04-03,5222,WE,WE BS,0.0000,0.0000,7.7000,61.6000,69.3000
2024-04-03,5223,WA,WA BS,0.0000,0.0000,7.7000,15.4000,23.1000
2024-04-03,5225,Packplatz,PP,0.0000,0.0000,7.7000,29.1000,36.8000
2024-04-03,5230,Springer,Prüfer BS,0.0000,0.0000,0.0000,0.0000,0.0000
2024-04-03,5231,MR1,MR1 Endmaße BS,0.0000,0.0000,15.4000,21.4000,36.8000
2024-04-03,5232,MR7,MR7 Lehren BS,0.0000,5.0000,15.4000,53.9000,74.3000
2024-04-03,5233,MR4,MR4 Lohnmessung BS,0.0000,0.0000,7.7000,7.7000,15.4000
2024-04-03,5234,MR2,MR2 Drehmoment BS,0.0000,7.7000,7.7000,23.1000,38.5000
2024-04-03,5235,MR6,MR6 Messschieber BS,0.0000,0.0000,15.4000,28.1000,43.5000
2024-04-03,5236,MR3,MR3 Messuhren BS,0.0000,7.7000,7.7000,30.8000,46.2000
2024-04-03,5237,MR9,MR9 Elektro BS,0.0000,0.0000,7.7000,15.4000,23.1000
2024-04-03,5238,MR8,MR8 Temperatur BS,0.0000,0.0000,0.0000,7.7000,7.7000
2024-04-03,5239,MR5,MR5 Bügelmesss. BS,0.0000,0.0000,7.7000,38.5000,46.2000
2024-04-03,5240,AV,Arbeitsvorbereit. BS,0.0000,7.7000,23.1000,59.9000,90.7000
2024-04-03,5900,Qualifizierung,Qualifizierung,0.0000,0.0000,0.0000,7.7000,7.7000
2024-04-04,5211,MR11,MR11 Koordinatenm BS,7.7000,0.0000,0.0000,15.4000,23.1000
2024-04-04,5220,WE/WA,WE/WA BS,0.0000,0.0000,0.0000,7.7000,7.7000
2024-04-04,5222,WE,WE BS,0.0000,0.0000,7.7000,61.6000,69.3000
2024-04-04,5223,WA,WA BS,0.0000,0.0000,7.7000,15.4000,23.1000
2024-04-04,5225,Packplatz,PP,0.0000,7.7000,7.7000,15.4000,30.8000
2024-04-04,5230,Springer,Prüfer BS,0.0000,0.0000,0.0000,0.0000,0.0000
2024-04-04,5231,MR1,MR1 Endmaße BS,0.0000,0.0000,7.7000,29.1000,36.8000
2024-04-04,5232,MR7,MR7 Lehren BS,0.0000,5.0000,15.4000,53.9000,74.3000
2024-04-04,5233,MR4,MR4 Lohnmessung BS,0.0000,0.0000,7.7000,7.7000,15.4000
2024-04-04,5234,MR2,MR2 Drehmoment BS,0.0000,7.7000,7.7000,23.1000,38.5000
2024-04-04,5235,MR6,MR6 Messschieber BS,0.0000,0.0000,15.4000,28.1000,43.5000
2024-04-04,5236,MR3,MR3 Messuhren BS,0.0000,7.7000,7.7000,30.8000,46.2000
2024-04-04,5237,MR9,MR9 Elektro BS,0.0000,0.0000,7.7000,15.4000,23.1000
2024-04-04,5238,MR8,MR8 Temperatur BS,0.0000,0.0000,0.0000,7.7000,7.7000
2024-04-04,5239,MR5,MR5 Bügelmesss. BS,0.0000,0.0000,7.7000,38.5000,46.2000
2024-04-04,5240,AV,Arbeitsvorbereit. BS,0.0000,7.7000,15.4000,71.6000,94.7000
2024-04-04,5900,Qualifizierung,Qualifizierung,0.0000,0.0000,0.0000,7.7000,7.7000
2024-04-05,5211,MR11,MR11 Koordinatenm BS,0.0000,0.0000,0.0000,15.4000,15.4000
2024-04-05,5220,WE/WA,WE/WA BS,0.0000,0.0000,0.0000,7.7000,7.7000
2024-04-05,5222,WE,WE BS,0.0000,0.0000,7.7000,61.6000,69.3000
2024-04-05,5223,WA,WA BS,0.0000,0.0000,7.7000,7.7000,15.4000
2024-04-05,5225,Packplatz,PP,0.0000,0.0000,7.7000,23.1000,30.8000
2024-04-05,5230,Springer,Prüfer BS,0.0000,0.0000,0.0000,0.0000,0.0000
2024-04-05,5231,MR1,MR1 Endmaße BS,0.0000,0.0000,7.7000,29.1000,36.8000
2024-04-05,5232,MR7,MR7 Lehren BS,0.0000,0.0000,15.4000,53.9000,69.3000
2024-04-05,5233,MR4,MR4 Lohnmessung BS,0.0000,0.0000,7.7000,7.7000,15.4000
2024-04-05,5234,MR2,MR2 Drehmoment BS,0.0000,7.7000,7.7000,23.1000,38.5000
2024-04-05,5235,MR6,MR6 Messschieber BS,0.0000,0.0000,15.4000,28.1000,43.5000
2024-04-05,5236,MR3,MR3 Messuhren BS,0.0000,7.7000,0.0000,30.8000,38.5000
2024-04-05,5237,MR9,MR9 Elektro BS,0.0000,0.0000,7.7000,15.4000,23.1000
2024-04-05,5238,MR8,MR8 Temperatur BS,0.0000,0.0000,0.0000,7.7000,7.7000
2024-04-05,5239,MR5,MR5 Bügelmesss. BS,0.0000,0.0000,7.7000,30.8000,38.5000
2024-04-05,5240,AV,Arbeitsvorbereit. BS,0.0000,7.7000,23.1000,63.9000,94.7000
2024-04-05,5900,Qualifizierung,Qualifizierung,0.0000,0.0000,0.0000,7.7000,7.7000
2024-04-08,5211,MR11,MR11 Koordinatenm BS,0.0000,0.0000,0.0000,7.7000,7.7000
2024-04-08,5220,WE/WA,WE/WA BS,0.0000,0.0000,0.0000,7.7000,7.7000
2024-04-08,5222,WE,WE BS,0.0000,0.0000,7.7000,69.3000,77.0000
2024-04-08,5223,WA,WA BS,0.0000,0.0000,7.7000,7.7000,15.4000
2024-04-08,5225,Packplatz,PP,0.0000,0.0000,0.0000,30.8000,30.8000
2024-04-08,5230,Springer,Prüfer BS,0.0000,0.0000,0.0000,0.0000,0.0000
2024-04-08,5231,MR1,MR1 Endmaße BS,0.0000,0.0000,0.0000,29.1000,29.1000
2024-04-08,5232,MR7,MR7 Lehren BS,0.0000,0.0000,0.0000,74.3000,74.3000
2024-04-08,5233,MR4,MR4 Lohnmessung BS,0.0000,0.0000,0.0000,7.7000,7.7000
2024-04-08,5234,MR2,MR2 Drehmoment BS,0.0000,0.0000,0.0000,38.5000,38.5000
2024-04-08,5235,MR6,MR6 Messschieber BS,0.0000,0.0000,7.7000,35.8000,43.5000
2024-04-08,5236,MR3,MR3 Messuhren BS,0.0000,0.0000,0.0000,46.2000,46.2000
2024-04-08,5237,MR9,MR9 Elektro BS,0.0000,0.0000,0.0000,23.1000,23.1000
2024-04-08,5238,MR8,MR8 Temperatur BS,0.0000,0.0000,0.0000,7.7000,7.7000
2024-04-08,5239,MR5,MR5 Bügelmesss. BS,0.0000,0.0000,0.0000,38.5000,38.5000
2024-04-08,5240,AV,Arbeitsvorbereit. BS,0.0000,0.0000,15.4000,75.3000,90.7000
2024-04-08,5900,Qualifizierung,Qualifizierung,0.0000,0.0000,0.0000,7.7000,7.7000
2024-04-09,5211,MR11,MR11 Koordinatenm BS,0.0000,0.0000,0.0000,7.7000,7.7000
2024-04-09,5220,WE/WA,WE/WA BS,0.0000,0.0000,0.0000,7.7000,7.7000
2024-04-09,5222,WE,WE BS,0.0000,0.0000,0.0000,77.0000,77.0000
2024-04-09,5223,WA,WA BS,0.0000,0.0000,7.7000,15.4000,23.1000
2024-04-09,5225,Packplatz,PP,0.0000,0.0000,0.0000,30.8000,30.8000
2024-04-09,5230,Springer,Prüfer BS,0.0000,0.0000,0.0000,0.0000,0.0000
2024-04-09,5231,MR1,MR1 Endmaße BS,0.0000,0.0000,0.0000,36.8000,36.8000
2024-04-09,5232,MR7,MR7 Lehren BS,0.0000,5.0000,0.0000,69.3000,74.3000
2024-04-09,5233,MR4,MR4 Lohnmessung BS,0.0000,0.0000,0.0000,15.4000,15.4000
2024-04-09,5234,MR2,MR2 Drehmoment BS,0.0000,7.7000,0.0000,30.8000,38.5000
2024-04-09,5235,MR6,MR6 Messschieber BS,0.0000,0.0000,0.0000,43.5000,43.5000
2024-04-09,5236,MR3,MR3 Messuhren BS,0.0000,0.0000,0.0000,46.2000,46.2000
2024-04-09,5237,MR9,MR9 Elektro BS,0.0000,0.0000,0.0000,23.1000,23.1000
2024-04-09,5238,MR8,MR8 Temperatur BS,0.0000,0.0000,0.0000,7.7000,7.7000
2024-04-09,5239,MR5,MR5 Bügelmesss. BS,0.0000,0.0000,0.0000,46.2000,46.2000
2024-04-09,5240,AV,Arbeitsvorbereit. BS,0.0000,0.0000,7.7000,87.0000,94.7000
2024-04-09,5900,Qualifizierung,Qualifizierung,0.0000,0.0000,0.0000,7.7000,7.7000
2024-04-10,5211,MR11,MR11 Koordinatenm BS,0.0000,0.0000,0.0000,7.7000,7.7000
2024-04-10,5220,WE/WA,WE/WA BS,0.0000,0.0000,0.0000,7.7000,7.7000
2024-04-10,5222,WE,WE BS,0.0000,0.0000,0.0000,77.0000,77.0000
2024-04-10,5223,WA,WA BS,0.0000,7.7000,7.7000,7.7000,23.1000
2024-04-10,5225,Packplatz,PP,0.0000,0.0000,0.0000,30.8000,30.8000
2024-04-10,5230,Springer,Prüfer BS,0.0000,0.0000,0.0000,0.0000,0.0000
2024-04-10,5231,MR1,MR1 Endmaße BS,0.0000,0.0000,0.0000,36.8000,36.8000
2024-04-10,5232,MR7,MR7 Lehren BS,0.0000,12.7000,0.0000,61.6000,74.3000
2024-04-10,5233,MR4,MR4 Lohnmessung BS,0.0000,0.0000,0.0000,15.4000,15.4000
2024-04-10,5234,MR2,MR2 Drehmoment BS,0.0000,7.7000,0.0000,30.8000,38.5000
2024-04-10,5235,MR6,MR6 Messschieber BS,0.0000,0.0000,0.0000,43.5000,43.5000
2024-04-10,5236,MR3,MR3 Messuhren BS,0.0000,0.0000,0.0000,46.2000,46.2000
2024-04-10,5237,MR9,MR9 Elektro BS,0.0000,0.0000,0.0000,23.1000,23.1000
2024-04-10,5238,MR8,MR8 Temperatur BS,0.0000,0.0000,0.0000,7.7000,7.7000
2024-04-10,5239,MR5,MR5 Bügelmesss. BS,0.0000,0.0000,7.7000,38.5000,46.2000
2024-04-10,5240,AV,Arbeitsvorbereit. BS,0.0000,0.0000,7.7000,83.0000,90.7000
2024-04-10,5900,Qualifizierung,Qualifizierung,0.0000,0.0000,0.0000,7.7000,7.7000
2024-04-11,5211,MR11,MR11 Koordinatenm BS,0.0000,0.0000,0.0000,7.7000,7.7000
2024-04-11,5220,WE/WA,WE/WA BS,0.0000,0.0000,0.0000,7.7000,7.7000
2024-04-11,5222,WE,WE BS,7.7000,0.0000,0.0000,61.6000,69.3000
2024-04-11,5223,WA,WA BS,0.0000,0.0000,7.7000,15.4000,23.1000
2024-04-11,5225,Packplatz,PP,0.0000,0.0000,0.0000,30.8000,30.8000
2024-04-11,5230,Springer,Prüfer BS,0.0000,0.0000,0.0000,0.0000,0.0000
2024-04-11,5231,MR1,MR1 Endmaße BS,0.0000,0.0000,0.0000,36.8000,36.8000
2024-04-11,5232,MR7,MR7 Lehren BS,0.0000,12.7000,0.0000,61.6000,74.3000
2024-04-11,5233,MR4,MR4 Lohnmessung BS,0.0000,0.0000,0.0000,15.4000,15.4000
2024-04-11,5234,MR2,MR2 Drehmoment BS,0.0000,7.7000,0.0000,30.8000,38.5000
2024-04-11,5235,MR6,MR6 Messschieber BS,0.0000,0.0000,0.0000,43.5000,43.5000
2024-04-11,5236,MR3,MR3 Messuhren BS,0.0000,0.0000,0.0000,30.8000,30.8000
2024-04-11,5237,MR9,MR9 Elektro BS,0.0000,0.0000,0.0000,23.1000,23.1000
2024-04-11,5238,MR8,MR8 Temperatur BS,0.0000,0.0000,0.0000,7.7000,7.7000
2024-04-11,5239,MR5,MR5 Bügelmesss. BS,0.0000,0.0000,0.0000,46.2000,46.2000
2024-04-11,5240,AV,Arbeitsvorbereit. BS,0.0000,0.0000,7.7000,87.0000,94.7000
2024-04-11,5900,Qualifizierung,Qualifizierung,0.0000,0.0000,0.0000,7.7000,7.7000
2024-04-12,5211,MR11,MR11 Koordinatenm BS,0.0000,0.0000,7.7000,7.7000,15.4000
2024-04-12,5220,WE/WA,WE/WA BS,0.0000,0.0000,0.0000,7.7000,7.7000
2024-04-12,5222,WE,WE BS,0.0000,0.0000,7.7000,61.6000,69.3000
2024-04-12,5223,WA,WA BS,0.0000,0.0000,0.0000,15.4000,15.4000
2024-04-12,5225,Packplatz,PP,0.0000,0.0000,7.7000,23.1000,30.8000
2024-04-12,5230,Springer,Prüfer BS,0.0000,0.0000,0.0000,0.0000,0.0000
2024-04-12,5231,MR1,MR1 Endmaße BS,0.0000,6.0000,0.0000,30.8000,36.8000
2024-04-12,5232,MR7,MR7 Lehren BS,0.0000,7.7000,0.0000,61.6000,69.3000
2024-04-12,5233,MR4,MR4 Lohnmessung BS,0.0000,0.0000,0.0000,15.4000,15.4000
2024-04-12,5234,MR2,MR2 Drehmoment BS,0.0000,7.7000,0.0000,30.8000,38.5000
2024-04-12,5235,MR6,MR6 Messschieber BS,0.0000,0.0000,0.0000,43.5000,43.5000
2024-04-12,5236,MR3,MR3 Messuhren BS,0.0000,0.0000,7.7000,15.4000,23.1000
2024-04-12,5237,MR9,MR9 Elektro BS,0.0000,0.0000,0.0000,23.1000,23.1000
2024-04-12,5238,MR8,MR8 Temperatur BS,0.0000,0.0000,0.0000,7.7000,7.7000
2024-04-12,5239,MR5,MR5 Bügelmesss. BS,0.0000,0.0000,0.0000,38.5000,38.5000
2024-04-12,5240,AV,Arbeitsvorbereit. BS,0.0000,7.7000,7.7000,79.3000,94.7000
2024-04-12,5900,Qualifizierung,Qualifizierung,0.0000,0.0000,0.0000,7.7000,7.7000
2024-04-15,5211,MR11,MR11 Koordinatenm BS,0.0000,0.0000,0.0000,15.4000,15.4000
2024-04-15,5220,WE/WA,WE/WA BS,0.0000,0.0000,0.0000,7.7000,7.7000
2024-04-15,5222,WE,WE BS,15.4000,0.0000,0.0000,61.6000,77.0000
2024-04-15,5223,WA,WA BS,0.0000,0.0000,0.0000,23.1000,23.1000
2024-04-15,5225,Packplatz,PP,0.0000,0.0000,0.0000,36.8000,36.8000
2024-04-15,5230,Springer,Prüfer BS,0.0000,0.0000,0.0000,0.0000,0.0000
2024-04-15,5231,MR1,MR1 Endmaße BS,0.0000,0.0000,0.0000,29.1000,29.1000
2024-04-15,5232,MR7,MR7 Lehren BS,0.0000,5.0000,0.0000,69.3000,74.3000
2024-04-15,5233,MR4,MR4 Lohnmessung BS,0.0000,0.0000,0.0000,15.4000,15.4000
2024-04-15,5234,MR2,MR2 Drehmoment BS,0.0000,0.0000,0.0000,38.5000,38.5000
2024-04-15,5235,MR6,MR6 Messschieber BS,0.0000,0.0000,0.0000,43.5000,43.5000
2024-04-15,5236,MR3,MR3 Messuhren BS,0.0000,0.0000,0.0000,46.2000,46.2000
2024-04-15,5237,MR9,MR9 Elektro BS,0.0000,0.0000,0.0000,23.1000,23.1000
2024-04-15,5238,MR8,MR8 Temperatur BS,0.0000,0.0000,0.0000,7.7000,7.7000
2024-04-15,5239,MR5,MR5 Bügelmesss. BS,0.0000,0.0000,0.0000,46.2000,46.2000
2024-04-15,5240,AV,Arbeitsvorbereit. BS,0.0000,7.7000,0.0000,87.0000,94.7000
2024-04-15,5900,Qualifizierung,Qualifizierung,0.0000,0.0000,0.0000,7.7000,7.7000
2024-04-16,5211,MR11,MR11 Koordinatenm BS,0.0000,0.0000,0.0000,15.4000,15.4000
2024-04-16,5220,WE/WA,WE/WA BS,0.0000,0.0000,0.0000,0.0000,0.0000
2024-04-16,5222,WE,WE BS,7.7000,0.0000,0.0000,69.3000,77.0000
2024-04-16,5223,WA,WA BS,0.0000,0.0000,0.0000,23.1000,23.1000
2024-04-16,5225,Packplatz,PP,0.0000,0.0000,0.0000,36.8000,36.8000
2024-04-16,5230,Springer,Prüfer BS,0.0000,0.0000,0.0000,0.0000,0.0000
2024-04-16,5231,MR1,MR1 Endmaße BS,0.0000,0.0000,0.0000,36.8000,36.8000
2024-04-16,5232,MR7,MR7 Lehren BS,0.0000,5.0000,0.0000,69.3000,74.3000
2024-04-16,5233,MR4,MR4 Lohnmessung BS,0.0000,0.0000,0.0000,15.4000,15.4000
2024-04-16,5234,MR2,MR2 Drehmoment BS,0.0000,0.0000,0.0000,38.5000,38.5000
2024-04-16,5235,MR6,MR6 Messschieber BS,0.0000,0.0000,0.0000,35.8000,35.8000
2024-04-16,5236,MR3,MR3 Messuhren BS,0.0000,0.0000,0.0000,30.8000,30.8000
2024-04-16,5237,MR9,MR9 Elektro BS,0.0000,0.0000,0.0000,23.1000,23.1000
2024-04-16,5238,MR8,MR8 Temperatur BS,0.0000,0.0000,0.0000,7.7000,7.7000
2024-04-16,5239,MR5,MR5 Bügelmesss. BS,0.0000,0.0000,0.0000,46.2000,46.2000
2024-04-16,5240,AV,Arbeitsvorbereit. BS,0.0000,7.7000,0.0000,87.0000,94.7000
2024-04-16,5900,Qualifizierung,Qualifizierung,0.0000,0.0000,0.0000,7.7000,7.7000
2024-04-17,5211,MR11,MR11 Koordinatenm BS,0.0000,0.0000,0.0000,15.4000,15.4000
2024-04-17,5220,WE/WA,WE/WA BS,0.0000,0.0000,0.0000,0.0000,0.0000
2024-04-17,5222,WE,WE BS,7.7000,0.0000,0.0000,69.3000,77.0000
2024-04-17,5223,WA,WA BS,0.0000,0.0000,0.0000,23.1000,23.1000
2024-04-17,5225,Packplatz,PP,0.0000,0.0000,0.0000,36.8000,36.8000
2024-04-17,5230,Springer,Prüfer BS,0.0000,0.0000,0.0000,0.0000,0.0000
2024-04-17,5231,MR1,MR1 Endmaße BS,0.0000,0.0000,0.0000,36.8000,36.8000
2024-04-17,5232,MR7,MR7 Lehren BS,0.0000,5.0000,0.0000,69.3000,74.3000
2024-04-17,5233,MR4,MR4 Lohnmessung BS,0.0000,0.0000,0.0000,15.4000,15.4000
2024-04-17,5234,MR2,MR2 Drehmoment BS,0.0000,0.0000,0.0000,38.5000,38.5000
2024-04-17,5235,MR6,MR6 Messschieber BS,0.0000,0.0000,0.0000,43.5000,43.5000
2024-04-17,5236,MR3,MR3 Messuhren BS,0.0000,0.0000,0.0000,46.2000,46.2000
2024-04-17,5237,MR9,MR9 Elektro BS,0.0000,0.0000,0.0000,15.4000,15.4000
2024-04-17,5238,MR8,MR8 Temperatur BS,0.0000,0.0000,0.0000,7.7000,7.7000
2024-04-17,5239,MR5,MR5 Bügelmesss. BS,0.0000,0.0000,0.0000,46.2000,46.2000
2024-04-17,5240,AV,Arbeitsvorbereit. BS,0.0000,7.7000,7.7000,75.3000,90.7000
2024-04-17,5900,Qualifizierung,Qualifizierung,0.0000,0.0000,0.0000,7.7000,7.7000
2024-04-18,5211,MR11,MR11 Koordinatenm BS,0.0000,0.0000,0.0000,15.4000,15.4000
2024-04-18,5220,WE/WA,WE/WA BS,0.0000,0.0000,0.0000,0.0000,0.0000
2024-04-18,5222,WE,WE BS,7.7000,0.0000,7.7000,61.6000,77.0000
2024-04-18,5223,WA,WA BS,0.0000,0.0000,0.0000,23.1000,23.1000
2024-04-18,5225,Packplatz,PP,0.0000,0.0000,0.0000,30.8000,30.8000
2024-04-18,5230,Springer,Prüfer BS,0.0000,0.0000,0.0000,0.0000,0.0000
2024-04-18,5231,MR1,MR1 Endmaße BS,0.0000,0.0000,0.0000,36.8000,36.8000
2024-04-18,5232,MR7,MR7 Lehren BS,0.0000,12.7000,0.0000,61.6000,74.3000
2024-04-18,5233,MR4,MR4 Lohnmessung BS,0.0000,0.0000,0.0000,15.4000,15.4000
2024-04-18,5234,MR2,MR2 Drehmoment BS,0.0000,0.0000,0.0000,38.5000,38.5000
2024-04-18,5235,MR6,MR6 Messschieber BS,0.0000,0.0000,0.0000,43.5000,43.5000
2024-04-18,5236,MR3,MR3 Messuhren BS,0.0000,7.7000,0.0000,38.5000,46.2000
2024-04-18,5237,MR9,MR9 Elektro BS,0.0000,0.0000,0.0000,23.1000,23.1000
2024-04-18,5238,MR8,MR8 Temperatur BS,0.0000,0.0000,0.0000,7.7000,7.7000
2024-04-18,5239,MR5,MR5 Bügelmesss. BS,0.0000,0.0000,0.0000,38.5000,38.5000
2024-04-18,5240,AV,Arbeitsvorbereit. BS,0.0000,7.7000,0.0000,87.0000,94.7000
2024-04-18,5900,Qualifizierung,Qualifizierung,0.0000,0.0000,0.0000,7.7000,7.7000
2024-04-19,5211,MR11,MR11 Koordinatenm BS,0.0000,0.0000,0.0000,15.4000,15.4000
2024-04-19,5220,WE/WA,WE/WA BS,0.0000,0.0000,0.0000,0.0000,0.0000
2024-04-19,5222,WE,WE BS,7.7000,0.0000,7.7000,61.6000,77.0000
2024-04-19,5223,WA,WA BS,0.0000,0.0000,0.0000,15.4000,15.4000
2024-04-19,5225,Packplatz,PP,0.0000,0.0000,7.7000,23.1000,30.8000
2024-04-19,5230,Springer,Prüfer BS,0.0000,0.0000,0.0000,0.0000,0.0000
2024-04-19,5231,MR1,MR1 Endmaße BS,7.7000,0.0000,0.0000,29.1000,36.8000
2024-04-19,5232,MR7,MR7 Lehren BS,0.0000,7.7000,0.0000,61.6000,69.3000
2024-04-19,5233,MR4,MR4 Lohnmessung BS,0.0000,0.0000,0.0000,15.4000,15.4000
2024-04-19,5234,MR2,MR2 Drehmoment BS,0.0000,0.0000,0.0000,38.5000,38.5000
2024-04-19,5235,MR6,MR6 Messschieber BS,0.0000,0.0000,7.7000,35.8000,43.5000
2024-04-19,5236,MR3,MR3 Messuhren BS,7.7000,0.0000,0.0000,23.1000,30.8000
2024-04-19,5237,MR9,MR9 Elektro BS,0.0000,0.0000,0.0000,23.1000,23.1000
2024-04-19,5238,MR8,MR8 Temperatur BS,0.0000,0.0000,0.0000,7.7000,7.7000
2024-04-19,5239,MR5,MR5 Bügelmesss. BS,0.0000,0.0000,0.0000,30.8000,30.8000
2024-04-19,5240,AV,Arbeitsvorbereit. BS,0.0000,7.7000,7.7000,73.3000,88.7000
2024-04-19,5900,Qualifizierung,Qualifizierung,0.0000,0.0000,0.0000,7.7000,7.7000
2024-04-22,5211,MR11,MR11 Koordinatenm BS,0.0000,0.0000,0.0000,15.4000,15.4000
2024-04-22,5220,WE/WA,WE/WA BS,0.0000,0.0000,0.0000,0.0000,0.0000
2024-04-22,5222,WE,WE BS,7.7000,0.0000,7.7000,53.9000,69.3000
2024-04-22,5223,WA,WA BS,0.0000,0.0000,0.0000,15.4000,15.4000
2024-04-22,5225,Packplatz,PP,0.0000,0.0000,7.7000,23.1000,30.8000
2024-04-22,5230,Springer,Prüfer BS,0.0000,0.0000,0.0000,0.0000,0.0000
2024-04-22,5231,MR1,MR1 Endmaße BS,0.0000,0.0000,7.7000,21.4000,29.1000
2024-04-22,5232,MR7,MR7 Lehren BS,0.0000,0.0000,0.0000,74.3000,74.3000
2024-04-22,5233,MR4,MR4 Lohnmessung BS,0.0000,0.0000,0.0000,15.4000,15.4000
2024-04-22,5234,MR2,MR2 Drehmoment BS,0.0000,0.0000,0.0000,38.5000,38.5000
2024-04-22,5235,MR6,MR6 Messschieber BS,0.0000,0.0000,0.0000,43.5000,43.5000
2024-04-22,5236,MR3,MR3 Messuhren BS,0.0000,0.0000,7.7000,38.5000,46.2000
2024-04-22,5237,MR9,MR9 Elektro BS,0.0000,0.0000,0.0000,23.1000,23.1000
2024-04-22,5238,MR8,MR8 Temperatur BS,0.0000,0.0000,0.0000,7.7000,7.7000
2024-04-22,5239,MR5,MR5 Bügelmesss. BS,0.0000,0.0000,0.0000,38.5000,38.5000
2024-04-22,5240,AV,Arbeitsvorbereit. BS,0.0000,0.0000,7.7000,87.0000,94.7000
2024-04-22,5900,Qualifizierung,Qualifizierung,0.0000,0.0000,0.0000,7.7000,7.7000
2024-04-23,5211,MR11,MR11 Koordinatenm BS,0.0000,0.0000,0.0000,15.4000,15.4000
2024-04-23,5220,WE/WA,WE/WA BS,0.0000,0.0000,0.0000,0.0000,0.0000
2024-04-23,5222,WE,WE BS,7.7000,0.0000,0.0000,69.3000,77.0000
2024-04-23,5223,WA,WA BS,0.0000,0.0000,0.0000,23.1000,23.1000
2024-04-23,5225,Packplatz,PP,0.0000,0.0000,7.7000,23.1000,30.8000
2024-04-23,5230,Springer,Prüfer BS,0.0000,0.0000,0.0000,0.0000,0.0000
2024-04-23,5231,MR1,MR1 Endmaße BS,0.0000,0.0000,0.0000,36.8000,36.8000
2024-04-23,5232,MR7,MR7 Lehren BS,0.0000,0.0000,0.0000,69.3000,69.3000
2024-04-23,5233,MR4,MR4 Lohnmessung BS,0.0000,0.0000,0.0000,15.4000,15.4000
2024-04-23,5234,MR2,MR2 Drehmoment BS,0.0000,0.0000,0.0000,38.5000,38.5000
2024-04-23,5235,MR6,MR6 Messschieber BS,0.0000,0.0000,0.0000,43.5000,43.5000
2024-04-23,5236,MR3,MR3 Messuhren BS,0.0000,0.0000,0.0000,46.2000,46.2000
2024-04-23,5237,MR9,MR9 Elektro BS,0.0000,0.0000,0.0000,23.1000,23.1000
2024-04-23,5238,MR8,MR8 Temperatur BS,0.0000,0.0000,0.0000,7.7000,7.7000
2024-04-23,5239,MR5,MR5 Bügelmesss. BS,0.0000,0.0000,0.0000,46.2000,46.2000
2024-04-23,5240,AV,Arbeitsvorbereit. BS,0.0000,0.0000,7.7000,87.0000,94.7000
2024-04-23,5900,Qualifizierung,Qualifizierung,0.0000,0.0000,0.0000,7.7000,7.7000
2024-04-24,5211,MR11,MR11 Koordinatenm BS,0.0000,0.0000,0.0000,15.4000,15.4000
2024-04-24,5220,WE/WA,WE/WA BS,0.0000,0.0000,0.0000,0.0000,0.0000
2024-04-24,5222,WE,WE BS,7.7000,7.7000,0.0000,61.6000,77.0000
2024-04-24,5223,WA,WA BS,0.0000,0.0000,0.0000,23.1000,23.1000
2024-04-24,5225,Packplatz,PP,0.0000,0.0000,7.7000,23.1000,30.8000
2024-04-24,5230,Springer,Prüfer BS,0.0000,0.0000,0.0000,0.0000,0.0000
2024-04-24,5231,MR1,MR1 Endmaße BS,0.0000,0.0000,0.0000,36.8000,36.8000
2024-04-24,5232,MR7,MR7 Lehren BS,0.0000,0.0000,0.0000,69.3000,69.3000
2024-04-24,5233,MR4,MR4 Lohnmessung BS,0.0000,0.0000,0.0000,15.4000,15.4000
2024-04-24,5234,MR2,MR2 Drehmoment BS,0.0000,0.0000,0.0000,38.5000,38.5000
2024-04-24,5235,MR6,MR6 Messschieber BS,0.0000,0.0000,0.0000,43.5000,43.5000
2024-04-24,5236,MR3,MR3 Messuhren BS,0.0000,0.0000,0.0000,46.2000,46.2000
2024-04-24,5237,MR9,MR9 Elektro BS,0.0000,0.0000,0.0000,15.4000,15.4000
2024-04-24,5238,MR8,MR8 Temperatur BS,0.0000,0.0000,0.0000,7.7000,7.7000
2024-04-24,5239,MR5,MR5 Bügelmesss. BS,0.0000,0.0000,0.0000,46.2000,46.2000
2024-04-24,5240,AV,Arbeitsvorbereit. BS,0.0000,0.0000,0.0000,90.7000,90.7000
2024-04-24,5900,Qualifizierung,Qualifizierung,0.0000,0.0000,0.0000,7.7000,7.7000
2024-04-25,5211,MR11,MR11 Koordinatenm BS,0.0000,0.0000,0.0000,15.4000,15.4000
2024-04-25,5220,WE/WA,WE/WA BS,0.0000,0.0000,0.0000,0.0000,0.0000
2024-04-25,5222,WE,WE BS,7.7000,7.7000,0.0000,61.6000,77.0000
2024-04-25,5223,WA,WA BS,0.0000,0.0000,0.0000,23.1000,23.1000
2024-04-25,5225,Packplatz,PP,0.0000,0.0000,7.7000,23.1000,30.8000
2024-04-25,5230,Springer,Prüfer BS,0.0000,0.0000,0.0000,0.0000,0.0000
2024-04-25,5231,MR1,MR1 Endmaße BS,0.0000,0.0000,0.0000,36.8000,36.8000
2024-04-25,5232,MR7,MR7 Lehren BS,0.0000,0.0000,0.0000,69.3000,69.3000
2024-04-25,5233,MR4,MR4 Lohnmessung BS,0.0000,0.0000,0.0000,15.4000,15.4000
2024-04-25,5234,MR2,MR2 Drehmoment BS,0.0000,0.0000,0.0000,38.5000,38.5000
2024-04-25,5235,MR6,MR6 Messschieber BS,0.0000,0.0000,0.0000,43.5000,43.5000
2024-04-25,5236,MR3,MR3 Messuhren BS,0.0000,0.0000,0.0000,38.5000,38.5000
2024-04-25,5237,MR9,MR9 Elektro BS,0.0000,0.0000,0.0000,23.1000,23.1000
2024-04-25,5238,MR8,MR8 Temperatur BS,0.0000,0.0000,0.0000,7.7000,7.7000
2024-04-25,5239,MR5,MR5 Bügelmesss. BS,0.0000,7.7000,0.0000,38.5000,46.2000
2024-04-25,5240,AV,Arbeitsvorbereit. BS,0.0000,0.0000,0.0000,94.7000,94.7000
2024-04-25,5900,Qualifizierung,Qualifizierung,0.0000,0.0000,0.0000,7.7000,7.7000
2024-04-26,5211,MR11,MR11 Koordinatenm BS,0.0000,0.0000,0.0000,15.4000,15.4000
2024-04-26,5220,WE/WA,WE/WA BS,0.0000,0.0000,0.0000,0.0000,0.0000
2024-04-26,5222,WE,WE BS,7.7000,7.7000,0.0000,61.6000,77.0000
2024-04-26,5223,WA,WA BS,0.0000,0.0000,0.0000,15.4000,15.4000
2024-04-26,5225,Packplatz,PP,0.0000,0.0000,15.4000,15.4000,30.8000
2024-04-26,5230,Springer,Prüfer BS,0.0000,0.0000,0.0000,0.0000,0.0000
2024-04-26,5231,MR1,MR1 Endmaße BS,0.0000,0.0000,0.0000,29.1000,29.1000
2024-04-26,5232,MR7,MR7 Lehren BS,0.0000,7.7000,0.0000,61.6000,69.3000
2024-04-26,5233,MR4,MR4 Lohnmessung BS,0.0000,0.0000,0.0000,15.4000,15.4000
2024-04-26,5234,MR2,MR2 Drehmoment BS,0.0000,0.0000,0.0000,38.5000,38.5000
2024-04-26,5235,MR6,MR6 Messschieber BS,0.0000,0.0000,0.0000,43.5000,43.5000
2024-04-26,5236,MR3,MR3 Messuhren BS,7.7000,0.0000,0.0000,30.8000,38.5000
2024-04-26,5237,MR9,MR9 Elektro BS,0.0000,0.0000,0.0000,23.1000,23.1000
2024-04-26,5238,MR8,MR8 Temperatur BS,0.0000,0.0000,0.0000,7.7000,7.7000
2024-04-26,5239,MR5,MR5 Bügelmesss. BS,7.7000,7.7000,7.7000,23.1000,46.2000
2024-04-26,5240,AV,Arbeitsvorbereit. BS,7.7000,0.0000,7.7000,71.6000,87.0000
2024-04-26,5900,Qualifizierung,Qualifizierung,0.0000,0.0000,0.0000,7.7000,7.7000
2024-04-29,5211,MR11,MR11 Koordinatenm BS,0.0000,0.0000,7.7000,7.7000,15.4000
2024-04-29,5220,WE/WA,WE/WA BS,0.0000,0.0000,0.0000,0.0000,0.0000
2024-04-29,5222,WE,WE BS,0.0000,0.0000,7.7000,61.6000,69.3000
2024-04-29,5223,WA,WA BS,0.0000,0.0000,7.7000,15.4000,23.1000
2024-04-29,5225,Packplatz,PP,0.0000,0.0000,7.7000,29.1000,36.8000
2024-04-29,5230,Springer,Prüfer BS,0.0000,0.0000,0.0000,0.0000,0.0000
2024-04-29,5231,MR1,MR1 Endmaße BS,0.0000,0.0000,0.0000,21.4000,21.4000
2024-04-29,5232,MR7,MR7 Lehren BS,0.0000,0.0000,7.7000,53.9000,61.6000
2024-04-29,5233,MR4,MR4 Lohnmessung BS,0.0000,0.0000,0.0000,15.4000,15.4000
2024-04-29,5234,MR2,MR2 Drehmoment BS,0.0000,0.0000,7.7000,30.8000,38.5000
2024-04-29,5235,MR6,MR6 Messschieber BS,0.0000,0.0000,0.0000,43.5000,43.5000
2024-04-29,5236,MR3,MR3 Messuhren BS,0.0000,0.0000,0.0000,46.2000,46.2000
2024-04-29,5237,MR9,MR9 Elektro BS,0.0000,0.0000,0.0000,23.1000,23.1000
2024-04-29,5238,MR8,MR8 Temperatur BS,0.0000,0.0000,0.0000,7.7000,7.7000
2024-04-29,5239,MR5,MR5 Bügelmesss. BS,0.0000,0.0000,0.0000,46.2000,46.2000
2024-04-29,5240,AV,Arbeitsvorbereit. BS,0.0000,0.0000,7.7000,79.3000,87.0000
2024-04-29,5900,Qualifizierung,Qualifizierung,0.0000,0.0000,0.0000,7.7000,7.7000
2024-04-30,5211,MR11,MR11 Koordinatenm BS,0.0000,0.0000,7.7000,7.7000,15.4000
2024-04-30,5220,WE/WA,WE/WA BS,0.0000,0.0000,0.0000,0.0000,0.0000
2024-04-30,5222,WE,WE BS,0.0000,7.7000,7.7000,53.9000,69.3000
2024-04-30,5223,WA,WA BS,0.0000,0.0000,7.7000,15.4000,23.1000
2024-04-30,5225,Packplatz,PP,0.0000,7.7000,7.7000,21.4000,36.8000
2024-04-30,5230,Springer,Prüfer BS,0.0000,0.0000,0.0000,0.0000,0.0000
2024-04-30,5231,MR1,MR1 Endmaße BS,0.0000,0.0000,15.4000,21.4000,36.8000
2024-04-30,5232,MR7,MR7 Lehren BS,0.0000,15.4000,7.7000,38.5000,61.6000
2024-04-30,5233,MR4,MR4 Lohnmessung BS,0.0000,0.0000,0.0000,15.4000,15.4000
2024-04-30,5234,MR2,MR2 Drehmoment BS,0.0000,0.0000,7.7000,30.8000,38.5000
2024-04-30,5235,MR6,MR6 Messschieber BS,0.0000,0.0000,0.0000,43.5000,43.5000
2024-04-30,5236,MR3,MR3 Messuhren BS,0.0000,0.0000,0.0000,46.2000,46.2000
2024-04-30,5237,MR9,MR9 Elektro BS,0.0000,0.0000,0.0000,23.1000,23.1000
2024-04-30,5238,MR8,MR8 Temperatur BS,0.0000,0.0000,0.0000,7.7000,7.7000
2024-04-30,5239,MR5,MR5 Bügelmesss. BS,0.0000,0.0000,0.0000,46.2000,46.2000
2024-04-30,5240,AV,Arbeitsvorbereit. BS,0.0000,6.0000,7.7000,73.3000,87.0000
2024-04-30,5900,Qualifizierung,Qualifizierung,0.0000,0.0000,0.0000,7.7000,7.7000
2024-05-02,5211,MR11,MR11 Koordinatenm BS,0.0000,0.0000,0.0000,23.1000,23.1000
2024-05-02,5220,WE/WA,WE/WA BS,0.0000,0.0000,0.0000,0.0000,0.0000
2024-05-02,5222,WE,WE BS,0.0000,0.0000,15.4000,53.9000,69.3000
2024-05-02,5223,WA,WA BS,0.0000,0.0000,7.7000,7.7000,15.4000
2024-05-02,5225,Packplatz,PP,0.0000,0.0000,15.4000,15.4000,30.8000
2024-05-02,5230,Springer,Prüfer BS,0.0000,0.0000,0.0000,0.0000,0.0000
2024-05-02,5231,MR1,MR1 Endmaße BS,0.0000,0.0000,7.7000,29.1000,36.8000
2024-05-02,5232,MR7,MR7 Lehren BS,0.0000,0.0000,15.4000,46.2000,61.6000
2024-05-02,5233,MR4,MR4 Lohnmessung BS,0.0000,0.0000,0.0000,15.4000,15.4000
2024-05-02,5234,MR2,MR2 Drehmoment BS,0.0000,0.0000,23.1000,15.4000,38.5000
2024-05-02,5235,MR6,MR6 Messschieber BS,0.0000,0.0000,0.0000,35.8000,35.8000
2024-05-02,5236,MR3,MR3 Messuhren BS,0.0000,0.0000,15.4000,23.1000,38.5000
2024-05-02,5237,MR9,MR9 Elektro BS,0.0000,0.0000,15.4000,7.7000,23.1000
2024-05-02,5238,MR8,MR8 Temperatur BS,0.0000,0.0000,0.0000,0.0000,0.0000
2024-05-02,5239,MR5,MR5 Bügelmesss. BS,0.0000,0.0000,15.4000,30.8000,46.2000
2024-05-02,5240,AV,Arbeitsvorbereit. BS,0.0000,6.0000,38.5000,50.2000,94.7000
2024-05-02,5900,Qualifizierung,Qualifizierung,0.0000,0.0000,0.0000,7.7000,7.7000
2024-05-03,5211,MR11,MR11 Koordinatenm BS,0.0000,0.0000,0.0000,15.4000,15.4000
2024-05-03,5220,WE/WA,WE/WA BS,0.0000,0.0000,0.0000,0.0000,0.0000
2024-05-03,5222,WE,WE BS,0.0000,0.0000,15.4000,53.9000,69.3000
2024-05-03,5223,WA,WA BS,0.0000,7.7000,7.7000,0.0000,15.4000
2024-05-03,5225,Packplatz,PP,0.0000,0.0000,15.4000,15.4000,30.8000
2024-05-03,5230,Springer,Prüfer BS,0.0000,0.0000,0.0000,0.0000,0.0000
2024-05-03,5231,MR1,MR1 Endmaße BS,0.0000,0.0000,7.7000,29.1000,36.8000
2024-05-03,5232,MR7,MR7 Lehren BS,0.0000,7.7000,15.4000,38.5000,61.6000
2024-05-03,5233,MR4,MR4 Lohnmessung BS,0.0000,0.0000,0.0000,15.4000,15.4000
2024-05-03,5234,MR2,MR2 Drehmoment BS,0.0000,0.0000,23.1000,15.4000,38.5000
2024-05-03,5235,MR6,MR6 Messschieber BS,0.0000,0.0000,7.7000,35.8000,43.5000
2024-05-03,5236,MR3,MR3 Messuhren BS,0.0000,0.0000,15.4000,15.4000,30.8000
2024-05-03,5237,MR9,MR9 Elektro BS,0.0000,0.0000,15.4000,7.7000,23.1000
2024-05-03,5238,MR8,MR8 Temperatur BS,0.0000,0.0000,0.0000,0.0000,0.0000
2024-05-03,5239,MR5,MR5 Bügelmesss. BS,0.0000,0.0000,15.4000,30.8000,46.2000
2024-05-03,5240,AV,Arbeitsvorbereit. BS,0.0000,6.0000,38.5000,50.2000,94.7000
2024-05-03,5900,Qualifizierung,Qualifizierung,0.0000,0.0000,0.0000,7.7000,7.7000
2024-05-06,5211,MR11,MR11 Koordinatenm BS,0.0000,0.0000,7.7000,15.4000,23.1000
2024-05-06,5220,WE/WA,WE/WA BS,0.0000,0.0000,0.0000,0.0000,0.0000
2024-05-06,5222,WE,WE BS,0.0000,0.0000,7.7000,61.6000,69.3000
2024-05-06,5223,WA,WA BS,0.0000,0.0000,7.7000,7.7000,15.4000
2024-05-06,5225,Packplatz,PP,0.0000,0.0000,7.7000,23.1000,30.8000
2024-05-06,5230,Springer,Prüfer BS,0.0000,0.0000,0.0000,0.0000,0.0000
2024-05-06,5231,MR1,MR1 Endmaße BS,0.0000,0.0000,0.0000,29.1000,29.1000
2024-05-06,5232,MR7,MR7 Lehren BS,0.0000,0.0000,7.7000,53.9000,61.6000
2024-05-06,5233,MR4,MR4 Lohnmessung BS,0.0000,0.0000,0.0000,15.4000,15.4000
2024-05-06,5234,MR2,MR2 Drehmoment BS,0.0000,0.0000,7.7000,30.8000,38.5000
2024-05-06,5235,MR6,MR6 Messschieber BS,0.0000,0.0000,7.7000,35.8000,43.5000
2024-05-06,5236,MR3,MR3 Messuhren BS,0.0000,0.0000,0.0000,38.5000,38.5000
2024-05-06,5237,MR9,MR9 Elektro BS,0.0000,0.0000,0.0000,23.1000,23.1000
2024-05-06,5238,MR8,MR8 Temperatur BS,0.0000,0.0000,0.0000,7.7000,7.7000
2024-05-06,5239,MR5,MR5 Bügelmesss. BS,0.0000,0.0000,0.0000,46.2000,46.2000
2024-05-06,5240,AV,Arbeitsvorbereit. BS,0.0000,6.0000,30.8000,57.9000,94.7000
2024-05-06,5900,Qualifizierung,Qualifizierung,0.0000,0.0000,0.0000,7.7000,7.7000
2024-05-07,5211,MR11,MR11 Koordinatenm BS,0.0000,0.0000,7.7000,15.4000,23.1000
2024-05-07,5220,WE/WA,WE/WA BS,0.0000,0.0000,0.0000,0.0000,0.0000
2024-05-07,5222,WE,WE BS,0.0000,0.0000,7.7000,61.6000,69.3000
2024-05-07,5223,WA,WA BS,0.0000,0.0000,7.7000,15.4000,23.1000
2024-05-07,5225,Packplatz,PP,0.0000,0.0000,7.7000,23.1000,30.8000
2024-05-07,5230,Springer,Prüfer BS,0.0000,0.0000,0.0000,0.0000,0.0000
2024-05-07,5231,MR1,MR1 Endmaße BS,0.0000,0.0000,0.0000,36.8000,36.8000
2024-05-07,5232,MR7,MR7 Lehren BS,0.0000,0.0000,7.7000,53.9000,61.6000
2024-05-07,5233,MR4,MR4 Lohnmessung BS,0.0000,0.0000,0.0000,15.4000,15.4000
2024-05-07,5234,MR2,MR2 Drehmoment BS,0.0000,0.0000,7.7000,30.8000,38.5000
2024-05-07,5235,MR6,MR6 Messschieber BS,0.0000,0.0000,7.7000,35.8000,43.5000
2024-05-07,5236,MR3,MR3 Messuhren BS,0.0000,0.0000,0.0000,38.5000,38.5000
2024-05-07,5237,MR9,MR9 Elektro BS,0.0000,0.0000,0.0000,23.1000,23.1000
2024-05-07,5238,MR8,MR8 Temperatur BS,0.0000,0.0000,0.0000,7.7000,7.7000
2024-05-07,5239,MR5,MR5 Bügelmesss. BS,0.0000,0.0000,0.0000,46.2000,46.2000
2024-05-07,5240,AV,Arbeitsvorbereit. BS,0.0000,6.0000,23.1000,65.6000,94.7000
2024-05-07,5900,Qualifizierung,Qualifizierung,0.0000,0.0000,0.0000,7.7000,7.7000
2024-05-08,5211,MR11,MR11 Koordinatenm BS,0.0000,0.0000,15.4000,7.7000,23.1000
2024-05-08,5220,WE/WA,WE/WA BS,0.0000,0.0000,0.0000,0.0000,0.0000
2024-05-08,5222,WE,WE BS,0.0000,0.0000,7.7000,61.6000,69.3000
2024-05-08,5223,WA,WA BS,0.0000,0.0000,7.7000,15.4000,23.1000
2024-05-08,5225,Packplatz,PP,0.0000,0.0000,7.7000,23.1000,30.8000
2024-05-08,5230,Springer,Prüfer BS,0.0000,0.0000,0.0000,0.0000,0.0000
2024-05-08,5231,MR1,MR1 Endmaße BS,0.0000,0.0000,0.0000,36.8000,36.8000
2024-05-08,5232,MR7,MR7 Lehren BS,0.0000,0.0000,7.7000,46.2000,53.9000
2024-05-08,5233,MR4,MR4 Lohnmessung BS,0.0000,0.0000,0.0000,0.0000,0.0000
2024-05-08,5234,MR2,MR2 Drehmoment BS,0.0000,0.0000,7.7000,30.8000,38.5000
2024-05-08,5235,MR6,MR6 Messschieber BS,0.0000,0.0000,7.7000,28.1000,35.8000
2024-05-08,5236,MR3,MR3 Messuhren BS,0.0000,0.0000,0.0000,38.5000,38.5000
2024-05-08,5237,MR9,MR9 Elektro BS,0.0000,0.0000,0.0000,23.1000,23.1000
2024-05-08,5238,MR8,MR8 Temperatur BS,0.0000,0.0000,0.0000,7.7000,7.7000
2024-05-08,5239,MR5,MR5 Bügelmesss. BS,0.0000,0.0000,0.0000,46.2000,46.2000
2024-05-08,5240,AV,Arbeitsvorbereit. BS,0.0000,6.0000,23.1000,61.6000,90.7000
2024-05-08,5900,Qualifizierung,Qualifizierung,0.0000,0.0000,0.0000,7.7000,7.7000
2024-05-10,5211,MR11,MR11 Koordinatenm BS,0.0000,0.0000,15.4000,0.0000,15.4000
2024-05-10,5220,WE/WA,WE/WA BS,0.0000,0.0000,0.0000,,0.0000
2024-05-10,5222,WE,WE BS,0.0000,0.0000,23.1000,30.8000,53.9000
2024-05-10,5223,WA,WA BS,0.0000,0.0000,15.4000,0.0000,15.4000
2024-05-10,5225,Packplatz,PP,0.0000,0.0000,15.4000,7.7000,23.1000
2024-05-10,5230,Springer,Prüfer BS,0.0000,0.0000,0.0000,0.0000,0.0000
2024-05-10,5231,MR1,MR1 Endmaße BS,0.0000,0.0000,23.1000,13.7000,36.8000
2024-05-10,5232,MR7,MR7 Lehren BS,0.0000,0.0000,38.5000,30.8000,69.3000
2024-05-10,5233,MR4,MR4 Lohnmessung BS,0.0000,0.0000,7.7000,0.0000,7.7000
2024-05-10,5234,MR2,MR2 Drehmoment BS,0.0000,0.0000,15.4000,7.7000,23.1000
2024-05-10,5235,MR6,MR6 Messschieber BS,0.0000,0.0000,20.4000,15.4000,35.8000
2024-05-10,5236,MR3,MR3 Messuhren BS,0.0000,0.0000,15.4000,15.4000,30.8000
2024-05-10,5237,MR9,MR9 Elektro BS,0.0000,0.0000,7.7000,15.4000,23.1000
2024-05-10,5238,MR8,MR8 Temperatur BS,0.0000,0.0000,7.7000,,7.7000
2024-05-10,5239,MR5,MR5 Bügelmesss. BS,0.0000,0.0000,23.1000,23.1000,46.2000
2024-05-10,5240,AV,Arbeitsvorbereit. BS,0.0000,6.0000,38.5000,46.2000,90.7000
2024-05-10,5900,Qualifizierung,Qualifizierung,0.0000,0.0000,7.7000,,7.7000
2024-05-13,5211,MR11,MR11 Koordinatenm BS,0.0000,0.0000,0.0000,23.1000,23.1000
2024-05-13,5220,WE/WA,WE/WA BS,0.0000,0.0000,0.0000,0.0000,0.0000
2024-05-13,5222,WE,WE BS,0.0000,0.0000,7.7000,53.9000,61.6000
2024-05-13,5223,WA,WA BS,0.0000,0.0000,0.0000,23.1000,23.1000
2024-05-13,5225,Packplatz,PP,0.0000,0.0000,0.0000,36.8000,36.8000
2024-05-13,5230,Springer,Prüfer BS,0.0000,0.0000,0.0000,0.0000,0.0000
2024-05-13,5231,MR1,MR1 Endmaße BS,0.0000,0.0000,7.7000,21.4000,29.1000
2024-05-13,5232,MR7,MR7 Lehren BS,0.0000,7.7000,7.7000,53.9000,69.3000
2024-05-13,5233,MR4,MR4 Lohnmessung BS,0.0000,0.0000,0.0000,7.7000,7.7000
2024-05-13,5234,MR2,MR2 Drehmoment BS,0.0000,0.0000,7.7000,30.8000,38.5000
2024-05-13,5235,MR6,MR6 Messschieber BS,0.0000,0.0000,7.7000,35.8000,43.5000
2024-05-13,5236,MR3,MR3 Messuhren BS,0.0000,0.0000,0.0000,38.5000,38.5000
2024-05-13,5237,MR9,MR9 Elektro BS,0.0000,0.0000,0.0000,23.1000,23.1000
2024-05-13,5238,MR8,MR8 Temperatur BS,0.0000,0.0000,0.0000,7.7000,7.7000
2024-05-13,5239,MR5,MR5 Bügelmesss. BS,0.0000,0.0000,0.0000,46.2000,46.2000
2024-05-13,5240,AV,Arbeitsvorbereit. BS,0.0000,6.0000,23.1000,65.6000,94.7000
2024-05-13,5900,Qualifizierung,Qualifizierung,0.0000,0.0000,0.0000,7.7000,7.7000
2024-05-14,5211,MR11,MR11 Koordinatenm BS,0.0000,0.0000,0.0000,23.1000,23.1000
2024-05-14,5220,WE/WA,WE/WA BS,0.0000,0.0000,0.0000,0.0000,0.0000
2024-05-14,5222,WE,WE BS,0.0000,0.0000,7.7000,53.9000,61.6000
2024-05-14,5223,WA,WA BS,0.0000,0.0000,0.0000,15.4000,15.4000
2024-05-14,5225,Packplatz,PP,0.0000,0.0000,0.0000,36.8000,36.8000
2024-05-14,5230,Springer,Prüfer BS,0.0000,0.0000,0.0000,0.0000,0.0000
2024-05-14,5231,MR1,MR1 Endmaße BS,0.0000,0.0000,0.0000,29.1000,29.1000
2024-05-14,5232,MR7,MR7 Lehren BS,0.0000,0.0000,7.7000,61.6000,69.3000
2024-05-14,5233,MR4,MR4 Lohnmessung BS,0.0000,0.0000,0.0000,7.7000,7.7000
2024-05-14,5234,MR2,MR2 Drehmoment BS,0.0000,0.0000,0.0000,38.5000,38.5000
2024-05-14,5235,MR6,MR6 Messschieber BS,0.0000,0.0000,7.7000,35.8000,43.5000
2024-05-14,5236,MR3,MR3 Messuhren BS,0.0000,0.0000,0.0000,38.5000,38.5000
2024-05-14,5237,MR9,MR9 Elektro BS,0.0000,0.0000,0.0000,23.1000,23.1000
2024-05-14,5238,MR8,MR8 Temperatur BS,0.0000,0.0000,0.0000,7.7000,7.7000
2024-05-14,5239,MR5,MR5 Bügelmesss. BS,0.0000,0.0000,0.0000,46.2000,46.2000
2024-05-14,5240,AV,Arbeitsvorbereit. BS,0.0000,6.0000,7.7000,81.0000,94.7000
2024-05-14,5900,Qualifizierung,Qualifizierung,0.0000,0.0000,0.0000,7.7000,7.7000
2024-05-15,5211,MR11,MR11 Koordinatenm BS,0.0000,0.0000,0.0000,23.1000,23.1000
2024-05-15,5220,WE/WA,WE/WA BS,0.0000,0.0000,0.0000,0.0000,0.0000
2024-05-15,5222,WE,WE BS,0.0000,0.0000,7.7000,53.9000,61.6000
2024-05-15,5223,WA,WA BS,0.0000,0.0000,0.0000,23.1000,23.1000
2024-05-15,5225,Packplatz,PP,0.0000,0.0000,0.0000,36.8000,36.8000
2024-05-15,5230,Springer,Prüfer BS,0.0000,0.0000,0.0000,0.0000,0.0000
2024-05-15,5231,MR1,MR1 Endmaße BS,0.0000,0.0000,0.0000,36.8000,36.8000
2024-05-15,5232,MR7,MR7 Lehren BS,0.0000,0.0000,7.7000,61.6000,69.3000
2024-05-15,5233,MR4,MR4 Lohnmessung BS,0.0000,0.0000,0.0000,7.7000,7.7000
2024-05-15,5234,MR2,MR2 Drehmoment BS,0.0000,0.0000,0.0000,38.5000,38.5000
2024-05-15,5235,MR6,MR6 Messschieber BS,0.0000,0.0000,7.7000,35.8000,43.5000
2024-05-15,5236,MR3,MR3 Messuhren BS,0.0000,0.0000,0.0000,38.5000,38.5000
2024-05-15,5237,MR9,MR9 Elektro BS,0.0000,0.0000,0.0000,23.1000,23.1000
2024-05-15,5238,MR8,MR8 Temperatur BS,0.0000,0.0000,0.0000,7.7000,7.7000
2024-05-15,5239,MR5,MR5 Bügelmesss. BS,0.0000,0.0000,0.0000,46.2000,46.2000
2024-05-15,5240,AV,Arbeitsvorbereit. BS,0.0000,6.0000,7.7000,69.3000,83.0000
2024-05-15,5900,Qualifizierung,Qualifizierung,0.0000,0.0000,0.0000,7.7000,7.7000
2024-05-16,5211,MR11,MR11 Koordinatenm BS,0.0000,0.0000,0.0000,23.1000,23.1000
2024-05-16,5220,WE/WA,WE/WA BS,0.0000,0.0000,0.0000,0.0000,0.0000
2024-05-16,5222,WE,WE BS,0.0000,0.0000,15.4000,53.9000,69.3000
2024-05-16,5223,WA,WA BS,0.0000,0.0000,0.0000,23.1000,23.1000
2024-05-16,5225,Packplatz,PP,0.0000,0.0000,0.0000,30.8000,30.8000
2024-05-16,5230,Springer,Prüfer BS,0.0000,0.0000,0.0000,0.0000,0.0000
2024-05-16,5231,MR1,MR1 Endmaße BS,0.0000,0.0000,0.0000,36.8000,36.8000
2024-05-16,5232,MR7,MR7 Lehren BS,0.0000,7.7000,7.7000,53.9000,69.3000
2024-05-16,5233,MR4,MR4 Lohnmessung BS,0.0000,0.0000,0.0000,7.7000,7.7000
2024-05-16,5234,MR2,MR2 Drehmoment BS,0.0000,7.7000,0.0000,30.8000,38.5000
2024-05-16,5235,MR6,MR6 Messschieber BS,0.0000,0.0000,7.7000,35.8000,43.5000
2024-05-16,5236,MR3,MR3 Messuhren BS,0.0000,0.0000,7.7000,30.8000,38.5000
2024-05-16,5237,MR9,MR9 Elektro BS,0.0000,0.0000,0.0000,23.1000,23.1000
2024-05-16,5238,MR8,MR8 Temperatur BS,0.0000,0.0000,0.0000,7.7000,7.7000
2024-05-16,5239,MR5,MR5 Bügelmesss. BS,0.0000,0.0000,0.0000,46.2000,46.2000
2024-05-16,5240,AV,Arbeitsvorbereit. BS,0.0000,6.0000,7.7000,81.0000,94.7000
2024-05-16,5900,Qualifizierung,Qualifizierung,0.0000,0.0000,0.0000,7.7000,7.7000
2024-05-17,5211,MR11,MR11 Koordinatenm BS,0.0000,0.0000,7.7000,15.4000,23.1000
2024-05-17,5220,WE/WA,WE/WA BS,0.0000,0.0000,0.0000,0.0000,0.0000
2024-05-17,5222,WE,WE BS,0.0000,0.0000,15.4000,46.2000,61.6000
2024-05-17,5223,WA,WA BS,0.0000,0.0000,0.0000,15.4000,15.4000
2024-05-17,5225,Packplatz,PP,0.0000,0.0000,7.7000,23.1000,30.8000
2024-05-17,5230,Springer,Prüfer BS,0.0000,0.0000,0.0000,0.0000,0.0000
2024-05-17,5231,MR1,MR1 Endmaße BS,0.0000,0.0000,7.7000,21.4000,29.1000
2024-05-17,5232,MR7,MR7 Lehren BS,0.0000,7.7000,7.7000,53.9000,69.3000
2024-05-17,5233,MR4,MR4 Lohnmessung BS,0.0000,0.0000,0.0000,7.7000,7.7000
2024-05-17,5234,MR2,MR2 Drehmoment BS,0.0000,7.7000,7.7000,23.1000,38.5000
2024-05-17,5235,MR6,MR6 Messschieber BS,0.0000,0.0000,15.4000,28.1000,43.5000
2024-05-17,5236,MR3,MR3 Messuhren BS,0.0000,0.0000,7.7000,23.1000,30.8000
2024-05-17,5237,MR9,MR9 Elektro BS,0.0000,0.0000,0.0000,23.1000,23.1000
2024-05-17,5238,MR8,MR8 Temperatur BS,0.0000,0.0000,0.0000,7.7000,7.7000
2024-05-17,5239,MR5,MR5 Bügelmesss. BS,0.0000,0.0000,0.0000,46.2000,46.2000
2024-05-17,5240,AV,Arbeitsvorbereit. BS,0.0000,6.0000,15.4000,73.3000,94.7000
2024-05-17,5900,Qualifizierung,Qualifizierung,0.0000,0.0000,0.0000,7.7000,7.7000
2024-05-21,5211,MR11,MR11 Koordinatenm BS,0.0000,0.0000,7.7000,15.4000,23.1000
2024-05-21,5220,WE/WA,WE/WA BS,0.0000,0.0000,0.0000,0.0000,0.0000
2024-05-21,5222,WE,WE BS,0.0000,0.0000,15.4000,53.9000,69.3000
2024-05-21,5223,WA,WA BS,0.0000,0.0000,7.7000,15.4000,23.1000
2024-05-21,5225,Packplatz,PP,0.0000,0.0000,7.7000,23.1000,30.8000
2024-05-21,5230,Springer,Prüfer BS,0.0000,0.0000,0.0000,0.0000,0.0000
2024-05-21,5231,MR1,MR1 Endmaße BS,0.0000,0.0000,7.7000,29.1000,36.8000
2024-05-21,5232,MR7,MR7 Lehren BS,0.0000,0.0000,15.4000,58.9000,74.3000
2024-05-21,5233,MR4,MR4 Lohnmessung BS,0.0000,0.0000,0.0000,7.7000,7.7000
2024-05-21,5234,MR2,MR2 Drehmoment BS,0.0000,0.0000,15.4000,23.1000,38.5000
2024-05-21,5235,MR6,MR6 Messschieber BS,0.0000,0.0000,23.1000,20.4000,43.5000
2024-05-21,5236,MR3,MR3 Messuhren BS,0.0000,0.0000,23.1000,15.4000,38.5000
2024-05-21,5237,MR9,MR9 Elektro BS,0.0000,0.0000,7.7000,15.4000,23.1000
2024-05-21,5238,MR8,MR8 Temperatur BS,0.0000,0.0000,0.0000,7.7000,7.7000
2024-05-21,5239,MR5,MR5 Bügelmesss. BS,0.0000,0.0000,15.4000,30.8000,46.2000
2024-05-21,5240,AV,Arbeitsvorbereit. BS,0.0000,6.0000,15.4000,73.3000,94.7000
2024-05-21,5900,Qualifizierung,Qualifizierung,0.0000,0.0000,0.0000,7.7000,7.7000
2024-05-22,5211,MR11,MR11 Koordinatenm BS,0.0000,0.0000,0.0000,23.1000,23.1000
2024-05-22,5220,WE/WA,WE/WA BS,0.0000,0.0000,0.0000,0.0000,0.0000
2024-05-22,5222,WE,WE BS,0.0000,7.7000,15.4000,46.2000,69.3000
2024-05-22,5223,WA,WA BS,0.0000,0.0000,7.7000,15.4000,23.1000
2024-05-22,5225,Packplatz,PP,0.0000,0.0000,7.7000,23.1000,30.8000
2024-05-22,5230,Springer,Prüfer BS,0.0000,0.0000,0.0000,0.0000,0.0000
2024-05-22,5231,MR1,MR1 Endmaße BS,0.0000,0.0000,0.0000,36.8000,36.8000
2024-05-22,5232,MR7,MR7 Lehren BS,0.0000,0.0000,7.7000,53.9000,61.6000
2024-05-22,5233,MR4,MR4 Lohnmessung BS,0.0000,0.0000,7.7000,7.7000,15.4000
2024-05-22,5234,MR2,MR2 Drehmoment BS,0.0000,0.0000,15.4000,23.1000,38.5000
2024-05-22,5235,MR6,MR6 Messschieber BS,0.0000,0.0000,15.4000,28.1000,43.5000
2024-05-22,5236,MR3,MR3 Messuhren BS,0.0000,0.0000,15.4000,23.1000,38.5000
2024-05-22,5237,MR9,MR9 Elektro BS,0.0000,0.0000,7.7000,15.4000,23.1000
2024-05-22,5238,MR8,MR8 Temperatur BS,0.0000,0.0000,0.0000,7.7000,7.7000
2024-05-22,5239,MR5,MR5 Bügelmesss. BS,0.0000,0.0000,7.7000,38.5000,46.2000
2024-05-22,5240,AV,Arbeitsvorbereit. BS,0.0000,13.7000,15.4000,61.6000,90.7000
2024-05-22,5900,Qualifizierung,Qualifizierung,0.0000,0.0000,0.0000,7.7000,7.7000
2024-05-23,5211,MR11,MR11 Koordinatenm BS,0.0000,0.0000,7.7000,15.4000,23.1000
2024-05-23,5220,WE/WA,WE/WA BS,0.0000,0.0000,0.0000,0.0000,0.0000
2024-05-23,5222,WE,WE BS,0.0000,7.7000,15.4000,46.2000,69.3000
2024-05-23,5223,WA,WA BS,0.0000,0.0000,7.7000,15.4000,23.1000
2024-05-23,5225,Packplatz,PP,0.0000,0.0000,7.7000,23.1000,30.8000
2024-05-23,5230,Springer,Prüfer BS,0.0000,0.0000,0.0000,0.0000,0.0000
2024-05-23,5231,MR1,MR1 Endmaße BS,0.0000,0.0000,0.0000,36.8000,36.8000
2024-05-23,5232,MR7,MR7 Lehren BS,0.0000,7.7000,7.7000,53.9000,69.3000
2024-05-23,5233,MR4,MR4 Lohnmessung BS,0.0000,0.0000,7.7000,7.7000,15.4000
2024-05-23,5234,MR2,MR2 Drehmoment BS,0.0000,0.0000,15.4000,23.1000,38.5000
2024-05-23,5235,MR6,MR6 Messschieber BS,0.0000,0.0000,15.4000,28.1000,43.5000
2024-05-23,5236,MR3,MR3 Messuhren BS,0.0000,0.0000,15.4000,23.1000,38.5000
2024-05-23,5237,MR9,MR9 Elektro BS,0.0000,0.0000,7.7000,15.4000,23.1000
2024-05-23,5238,MR8,MR8 Temperatur BS,0.0000,0.0000,0.0000,7.7000,7.7000
2024-05-23,5239,MR5,MR5 Bügelmesss. BS,0.0000,0.0000,7.7000,38.5000,46.2000
2024-05-23,5240,AV,Arbeitsvorbereit. BS,0.0000,21.4000,15.4000,57.9000,94.7000
2024-05-23,5900,Qualifizierung,Qualifizierung,0.0000,0.0000,0.0000,7.7000,7.7000
2024-05-24,5211,MR11,MR11 Koordinatenm BS,0.0000,0.0000,7.7000,15.4000,23.1000
2024-05-24,5220,WE/WA,WE/WA BS,0.0000,0.0000,0.0000,0.0000,0.0000
2024-05-24,5222,WE,WE BS,0.0000,7.7000,15.4000,46.2000,69.3000
2024-05-24,5223,WA,WA BS,0.0000,0.0000,7.7000,7.7000,15.4000
2024-05-24,5225,Packplatz,PP,0.0000,0.0000,7.7000,23.1000,30.8000
2024-05-24,5230,Springer,Prüfer BS,0.0000,0.0000,0.0000,0.0000,0.0000
2024-05-24,5231,MR1,MR1 Endmaße BS,0.0000,0.0000,0.0000,36.8000,36.8000
2024-05-24,5232,MR7,MR7 Lehren BS,0.0000,7.7000,15.4000,46.2000,69.3000
2024-05-24,5233,MR4,MR4 Lohnmessung BS,0.0000,0.0000,7.7000,7.7000,15.4000
2024-05-24,5234,MR2,MR2 Drehmoment BS,0.0000,0.0000,15.4000,15.4000,30.8000
2024-05-24,5235,MR6,MR6 Messschieber BS,0.0000,0.0000,15.4000,20.4000,35.8000
2024-05-24,5236,MR3,MR3 Messuhren BS,0.0000,0.0000,7.7000,23.1000,30.8000
2024-05-24,5237,MR9,MR9 Elektro BS,0.0000,0.0000,7.7000,15.4000,23.1000
2024-05-24,5238,MR8,MR8 Temperatur BS,0.0000,0.0000,0.0000,7.7000,7.7000
2024-05-24,5239,MR5,MR5 Bügelmesss. BS,0.0000,0.0000,7.7000,38.5000,46.2000
2024-05-24,5240,AV,Arbeitsvorbereit. BS,0.0000,21.4000,15.4000,57.9000,94.7000
2024-05-24,5900,Qualifizierung,Qualifizierung,0.0000,0.0000,0.0000,7.7000,7.7000
2024-05-27,5211,MR11,MR11 Koordinatenm BS,0.0000,0.0000,0.0000,15.4000,15.4000
2024-05-27,5220,WE/WA,WE/WA BS,0.0000,0.0000,0.0000,0.0000,0.0000
2024-05-27,5222,WE,WE BS,0.0000,7.7000,0.0000,61.6000,69.3000
2024-05-27,5223,WA,WA BS,0.0000,0.0000,7.7000,15.4000,23.1000
2024-05-27,5225,Packplatz,PP,0.0000,0.0000,0.0000,30.8000,30.8000
2024-05-27,5230,Springer,Prüfer BS,0.0000,0.0000,0.0000,0.0000,0.0000
2024-05-27,5231,MR1,MR1 Endmaße BS,0.0000,0.0000,0.0000,29.1000,29.1000
2024-05-27,5232,MR7,MR7 Lehren BS,0.0000,0.0000,0.0000,69.3000,69.3000
2024-05-27,5233,MR4,MR4 Lohnmessung BS,0.0000,0.0000,7.7000,7.7000,15.4000
2024-05-27,5234,MR2,MR2 Drehmoment BS,0.0000,0.0000,7.7000,30.8000,38.5000
2024-05-27,5235,MR6,MR6 Messschieber BS,0.0000,0.0000,7.7000,35.8000,43.5000
2024-05-27,5236,MR3,MR3 Messuhren BS,0.0000,7.7000,0.0000,30.8000,38.5000
2024-05-27,5237,MR9,MR9 Elektro BS,0.0000,0.0000,0.0000,23.1000,23.1000
2024-05-27,5238,MR8,MR8 Temperatur BS,0.0000,7.7000,0.0000,0.0000,7.7000
2024-05-27,5239,MR5,MR5 Bügelmesss. BS,0.0000,0.0000,0.0000,46.2000,46.2000
2024-05-27,5240,AV,Arbeitsvorbereit. BS,0.0000,13.7000,0.0000,73.3000,87.0000
2024-05-27,5900,Qualifizierung,Qualifizierung,0.0000,0.0000,0.0000,7.7000,7.7000
2024-05-28,5211,MR11,MR11 Koordinatenm BS,0.0000,0.0000,0.0000,23.1000,23.1000
2024-05-28,5220,WE/WA,WE/WA BS,0.0000,0.0000,0.0000,0.0000,0.0000
2024-05-28,5222,WE,WE BS,0.0000,7.7000,0.0000,61.6000,69.3000
2024-05-28,5223,WA,WA BS,0.0000,0.0000,7.7000,15.4000,23.1000
2024-05-28,5225,Packplatz,PP,0.0000,6.0000,0.0000,23.1000,29.1000
2024-05-28,5230,Springer,Prüfer BS,0.0000,0.0000,0.0000,0.0000,0.0000
2024-05-28,5231,MR1,MR1 Endmaße BS,0.0000,0.0000,0.0000,36.8000,36.8000
2024-05-28,5232,MR7,MR7 Lehren BS,0.0000,7.7000,0.0000,61.6000,69.3000
2024-05-28,5233,MR4,MR4 Lohnmessung BS,0.0000,0.0000,7.7000,7.7000,15.4000
2024-05-28,5234,MR2,MR2 Drehmoment BS,0.0000,0.0000,0.0000,38.5000,38.5000
2024-05-28,5235,MR6,MR6 Messschieber BS,0.0000,0.0000,7.7000,35.8000,43.5000
2024-05-28,5236,MR3,MR3 Messuhren BS,0.0000,0.0000,0.0000,38.5000,38.5000
2024-05-28,5237,MR9,MR9 Elektro BS,0.0000,0.0000,0.0000,23.1000,23.1000
2024-05-28,5238,MR8,MR8 Temperatur BS,0.0000,0.0000,0.0000,7.7000,7.7000
2024-05-28,5239,MR5,MR5 Bügelmesss. BS,0.0000,0.0000,0.0000,46.2000,46.2000
2024-05-28,5240,AV,Arbeitsvorbereit. BS,0.0000,6.0000,0.0000,88.7000,94.7000
2024-05-28,5900,Qualifizierung,Qualifizierung,0.0000,0.0000,0.0000,7.7000,7.7000
2024-05-29,5211,MR11,MR11 Koordinatenm BS,0.0000,0.0000,0.0000,23.1000,23.1000
2024-05-29,5220,WE/WA,WE/WA BS,0.0000,0.0000,0.0000,0.0000,0.0000
2024-05-29,5222,WE,WE BS,0.0000,7.7000,0.0000,61.6000,69.3000
2024-05-29,5223,WA,WA BS,0.0000,0.0000,7.7000,15.4000,23.1000
2024-05-29,5225,Packplatz,PP,0.0000,6.0000,0.0000,30.8000,36.8000
2024-05-29,5230,Springer,Prüfer BS,0.0000,0.0000,0.0000,0.0000,0.0000
2024-05-29,5231,MR1,MR1 Endmaße BS,0.0000,0.0000,0.0000,36.8000,36.8000
2024-05-29,5232,MR7,MR7 Lehren BS,0.0000,7.7000,0.0000,61.6000,69.3000
2024-05-29,5233,MR4,MR4 Lohnmessung BS,0.0000,0.0000,7.7000,7.7000,15.4000
2024-05-29,5234,MR2,MR2 Drehmoment BS,0.0000,0.0000,0.0000,38.5000,38.5000
2024-05-29,5235,MR6,MR6 Messschieber BS,0.0000,0.0000,7.7000,35.8000,43.5000
2024-05-29,5236,MR3,MR3 Messuhren BS,0.0000,0.0000,0.0000,38.5000,38.5000
2024-05-29,5237,MR9,MR9 Elektro BS,0.0000,0.0000,0.0000,23.1000,23.1000
2024-05-29,5238,MR8,MR8 Temperatur BS,0.0000,7.7000,0.0000,0.0000,7.7000
2024-05-29,5239,MR5,MR5 Bügelmesss. BS,0.0000,0.0000,0.0000,46.2000,46.2000
2024-05-29,5240,AV,Arbeitsvorbereit. BS,0.0000,13.7000,0.0000,77.0000,90.7000
2024-05-29,5900,Qualifizierung,Qualifizierung,0.0000,0.0000,0.0000,7.7000,7.7000
2024-05-30,5211,MR11,MR11 Koordinatenm BS,0.0000,0.0000,0.0000,23.1000,23.1000
2024-05-30,5220,WE/WA,WE/WA BS,0.0000,0.0000,0.0000,0.0000,0.0000
2024-05-30,5222,WE,WE BS,0.0000,15.4000,0.0000,53.9000,69.3000
2024-05-30,5223,WA,WA BS,0.0000,0.0000,7.7000,15.4000,23.1000
2024-05-30,5225,Packplatz,PP,0.0000,0.0000,0.0000,30.8000,30.8000
2024-05-30,5230,Springer,Prüfer BS,0.0000,0.0000,0.0000,0.0000,0.0000
2024-05-30,5231,MR1,MR1 Endmaße BS,0.0000,7.7000,0.0000,29.1000,36.8000
2024-05-30,5232,MR7,MR7 Lehren BS,0.0000,7.7000,7.7000,46.2000,61.6000
2024-05-30,5233,MR4,MR4 Lohnmessung BS,0.0000,0.0000,7.7000,7.7000,15.4000
2024-05-30,5234,MR2,MR2 Drehmoment BS,0.0000,0.0000,0.0000,38.5000,38.5000
2024-05-30,5235,MR6,MR6 Messschieber BS,0.0000,0.0000,7.7000,35.8000,43.5000
2024-05-30,5236,MR3,MR3 Messuhren BS,0.0000,0.0000,0.0000,38.5000,38.5000
2024-05-30,5237,MR9,MR9 Elektro BS,0.0000,0.0000,0.0000,23.1000,23.1000
2024-05-30,5238,MR8,MR8 Temperatur BS,0.0000,7.7000,0.0000,0.0000,7.7000
2024-05-30,5239,MR5,MR5 Bügelmesss. BS,0.0000,7.7000,0.0000,38.5000,46.2000
2024-05-30,5240,AV,Arbeitsvorbereit. BS,0.0000,21.4000,0.0000,73.3000,94.7000
2024-05-30,5900,Qualifizierung,Qualifizierung,0.0000,0.0000,0.0000,7.7000,7.7000
2024-05-31,5211,MR11,MR11 Koordinatenm BS,0.0000,0.0000,0.0000,15.4000,15.4000
2024-05-31,5220,WE/WA,WE/WA BS,0.0000,0.0000,0.0000,0.0000,0.0000
2024-05-31,5222,WE,WE BS,0.0000,7.7000,0.0000,53.9000,61.6000
2024-05-31,5223,WA,WA BS,0.0000,0.0000,7.7000,7.7000,15.4000
2024-05-31,5225,Packplatz,PP,0.0000,0.0000,7.7000,23.1000,30.8000
2024-05-31,5230,Springer,Prüfer BS,0.0000,0.0000,0.0000,0.0000,0.0000
2024-05-31,5231,MR1,MR1 Endmaße BS,0.0000,0.0000,15.4000,15.4000,30.8000
2024-05-31,5232,MR7,MR7 Lehren BS,0.0000,7.7000,0.0000,53.9000,61.6000
2024-05-31,5233,MR4,MR4 Lohnmessung BS,0.0000,0.0000,7.7000,7.7000,15.4000
2024-05-31,5234,MR2,MR2 Drehmoment BS,0.0000,0.0000,0.0000,30.8000,30.8000
2024-05-31,5235,MR6,MR6 Messschieber BS,0.0000,0.0000,7.7000,35.8000,43.5000
2024-05-31,5236,MR3,MR3 Messuhren BS,0.0000,0.0000,0.0000,23.1000,23.1000
2024-05-31,5237,MR9,MR9 Elektro BS,0.0000,0.0000,0.0000,23.1000,23.1000
2024-05-31,5238,MR8,MR8 Temperatur BS,0.0000,7.7000,0.0000,0.0000,7.7000
2024-05-31,5239,MR5,MR5 Bügelmesss. BS,0.0000,7.7000,0.0000,38.5000,46.2000
2024-05-31,5240,AV,Arbeitsvorbereit. BS,0.0000,21.4000,7.7000,65.6000,94.7000
2024-05-31,5900,Qualifizierung,Qualifizierung,0.0000,0.0000,0.0000,7.7000,7.7000
2024-06-03,5211,MR11,MR11 Koordinatenm BS,0.0000,0.0000,0.0000,15.4000,15.4000
2024-06-03,5220,WE/WA,WE/WA BS,0.0000,0.0000,0.0000,0.0000,0.0000
2024-06-03,5222,WE,WE BS,0.0000,7.7000,7.7000,53.9000,69.3000
2024-06-03,5223,WA,WA BS,0.0000,0.0000,0.0000,15.4000,15.4000
2024-06-03,5225,Packplatz,PP,0.0000,6.0000,7.7000,23.1000,36.8000
2024-06-03,5230,Springer,Prüfer BS,0.0000,0.0000,0.0000,0.0000,0.0000
2024-06-03,5231,MR1,MR1 Endmaße BS,0.0000,0.0000,6.0000,23.1000,29.1000
2024-06-03,5232,MR7,MR7 Lehren BS,0.0000,0.0000,0.0000,69.3000,69.3000
2024-06-03,5233,MR4,MR4 Lohnmessung BS,0.0000,0.0000,7.7000,7.7000,15.4000
2024-06-03,5234,MR2,MR2 Drehmoment BS,0.0000,0.0000,15.4000,23.1000,38.5000
2024-06-03,5235,MR6,MR6 Messschieber BS,0.0000,0.0000,7.7000,35.8000,43.5000
2024-06-03,5236,MR3,MR3 Messuhren BS,0.0000,0.0000,0.0000,46.2000,46.2000
2024-06-03,5237,MR9,MR9 Elektro BS,0.0000,0.0000,0.0000,23.1000,23.1000
2024-06-03,5238,MR8,MR8 Temperatur BS,0.0000,0.0000,0.0000,7.7000,7.7000
2024-06-03,5239,MR5,MR5 Bügelmesss. BS,0.0000,7.7000,0.0000,38.5000,46.2000
2024-06-03,5240,AV,Arbeitsvorbereit. BS,0.0000,21.4000,0.0000,82.0000,103.4000
2024-06-04,5211,MR11,MR11 Koordinatenm BS,0.0000,0.0000,0.0000,15.4000,15.4000
2024-06-04,5220,WE/WA,WE/WA BS,0.0000,0.0000,0.0000,0.0000,0.0000
2024-06-04,5222,WE,WE BS,0.0000,7.7000,7.7000,53.9000,69.3000
2024-06-04,5223,WA,WA BS,0.0000,0.0000,0.0000,23.1000,23.1000
2024-06-04,5225,Packplatz,PP,0.0000,6.0000,7.7000,23.1000,36.8000
2024-06-04,5230,Springer,Prüfer BS,0.0000,0.0000,0.0000,0.0000,0.0000
2024-06-04,5231,MR1,MR1 Endmaße BS,0.0000,0.0000,6.0000,30.8000,36.8000
2024-06-04,5232,MR7,MR7 Lehren BS,0.0000,0.0000,0.0000,69.3000,69.3000
2024-06-04,5233,MR4,MR4 Lohnmessung BS,0.0000,0.0000,7.7000,7.7000,15.4000
2024-06-04,5234,MR2,MR2 Drehmoment BS,0.0000,7.7000,7.7000,23.1000,38.5000
2024-06-04,5235,MR6,MR6 Messschieber BS,0.0000,0.0000,7.7000,35.8000,43.5000
2024-06-04,5236,MR3,MR3 Messuhren BS,0.0000,0.0000,0.0000,46.2000,46.2000
2024-06-04,5237,MR9,MR9 Elektro BS,0.0000,7.7000,0.0000,15.4000,23.1000
2024-06-04,5238,MR8,MR8 Temperatur BS,0.0000,0.0000,0.0000,7.7000,7.7000
2024-06-04,5239,MR5,MR5 Bügelmesss. BS,0.0000,7.7000,0.0000,38.5000,46.2000
2024-06-04,5240,AV,Arbeitsvorbereit. BS,0.0000,13.7000,0.0000,89.7000,103.4000
2024-06-05,5211,MR11,MR11 Koordinatenm BS,0.0000,7.7000,0.0000,7.7000,15.4000
2024-06-05,5220,WE/WA,WE/WA BS,0.0000,0.0000,0.0000,0.0000,0.0000
2024-06-05,5222,WE,WE BS,0.0000,7.7000,7.7000,53.9000,69.3000
2024-06-05,5223,WA,WA BS,0.0000,0.0000,0.0000,15.4000,15.4000
2024-06-05,5225,Packplatz,PP,0.0000,6.0000,0.0000,30.8000,36.8000
2024-06-05,5230,Springer,Prüfer BS,0.0000,0.0000,0.0000,0.0000,0.0000
2024-06-05,5231,MR1,MR1 Endmaße BS,0.0000,0.0000,6.0000,30.8000,36.8000
2024-06-05,5232,MR7,MR7 Lehren BS,0.0000,0.0000,0.0000,69.3000,69.3000
2024-06-05,5233,MR4,MR4 Lohnmessung BS,0.0000,0.0000,7.7000,7.7000,15.4000
2024-06-05,5234,MR2,MR2 Drehmoment BS,0.0000,7.7000,7.7000,23.1000,38.5000
2024-06-05,5235,MR6,MR6 Messschieber BS,0.0000,0.0000,7.7000,35.8000,43.5000
2024-06-05,5236,MR3,MR3 Messuhren BS,0.0000,0.0000,0.0000,46.2000,46.2000
2024-06-05,5237,MR9,MR9 Elektro BS,0.0000,7.7000,0.0000,15.4000,23.1000
2024-06-05,5238,MR8,MR8 Temperatur BS,0.0000,0.0000,0.0000,7.7000,7.7000
2024-06-05,5239,MR5,MR5 Bügelmesss. BS,0.0000,7.7000,7.7000,30.8000,46.2000
2024-06-05,5240,AV,Arbeitsvorbereit. BS,0.0000,21.4000,7.7000,69.3000,98.4000
2024-06-06,5211,MR11,MR11 Koordinatenm BS,0.0000,0.0000,0.0000,15.4000,15.4000
2024-06-06,5220,WE/WA,WE/WA BS,0.0000,0.0000,0.0000,0.0000,0.0000
2024-06-06,5222,WE,WE BS,0.0000,7.7000,7.7000,53.9000,69.3000
2024-06-06,5223,WA,WA BS,0.0000,0.0000,0.0000,23.1000,23.1000
2024-06-06,5225,Packplatz,PP,0.0000,0.0000,0.0000,30.8000,30.8000
2024-06-06,5230,Springer,Prüfer BS,0.0000,0.0000,0.0000,0.0000,0.0000
2024-06-06,5231,MR1,MR1 Endmaße BS,0.0000,0.0000,6.0000,30.8000,36.8000
2024-06-06,5232,MR7,MR7 Lehren BS,0.0000,0.0000,0.0000,61.6000,61.6000
2024-06-06,5233,MR4,MR4 Lohnmessung BS,0.0000,0.0000,7.7000,7.7000,15.4000
2024-06-06,5234,MR2,MR2 Drehmoment BS,0.0000,7.7000,7.7000,23.1000,38.5000
2024-06-06,5235,MR6,MR6 Messschieber BS,0.0000,0.0000,7.7000,35.8000,43.5000
2024-06-06,5236,MR3,MR3 Messuhren BS,0.0000,0.0000,0.0000,46.2000,46.2000
2024-06-06,5237,MR9,MR9 Elektro BS,0.0000,7.7000,0.0000,15.4000,23.1000
2024-06-06,5238,MR8,MR8 Temperatur BS,0.0000,0.0000,0.0000,7.7000,7.7000
2024-06-06,5239,MR5,MR5 Bügelmesss. BS,0.0000,7.7000,7.7000,30.8000,46.2000
2024-06-06,5240,AV,Arbeitsvorbereit. BS,0.0000,23.1000,7.7000,67.6000,98.4000
2024-06-07,5211,MR11,MR11 Koordinatenm BS,0.0000,7.7000,0.0000,7.7000,15.4000
2024-06-07,5220,WE/WA,WE/WA BS,0.0000,0.0000,0.0000,0.0000,0.0000
2024-06-07,5222,WE,WE BS,0.0000,7.7000,7.7000,53.9000,69.3000
2024-06-07,5223,WA,WA BS,0.0000,0.0000,0.0000,15.4000,15.4000
2024-06-07,5225,Packplatz,PP,0.0000,0.0000,15.4000,15.4000,30.8000
2024-06-07,5230,Springer,Prüfer BS,0.0000,0.0000,0.0000,0.0000,0.0000
2024-06-07,5231,MR1,MR1 Endmaße BS,0.0000,0.0000,6.0000,30.8000,36.8000
2024-06-07,5232,MR7,MR7 Lehren BS,0.0000,0.0000,0.0000,61.6000,61.6000
2024-06-07,5233,MR4,MR4 Lohnmessung BS,0.0000,0.0000,7.7000,7.7000,15.4000
2024-06-07,5234,MR2,MR2 Drehmoment BS,0.0000,7.7000,7.7000,23.1000,38.5000
2024-06-07,5235,MR6,MR6 Messschieber BS,0.0000,0.0000,7.7000,35.8000,43.5000
2024-06-07,5236,MR3,MR3 Messuhren BS,0.0000,0.0000,0.0000,30.8000,30.8000
2024-06-07,5237,MR9,MR9 Elektro BS,0.0000,7.7000,0.0000,7.7000,15.4000
2024-06-07,5238,MR8,MR8 Temperatur BS,0.0000,0.0000,7.7000,,7.7000
2024-06-07,5239,MR5,MR5 Bügelmesss. BS,0.0000,7.7000,7.7000,30.8000,46.2000
2024-06-07,5240,AV,Arbeitsvorbereit. BS,0.0000,38.5000,7.7000,57.2000,103.4000
2024-06-10,5211,MR11,MR11 Koordinatenm BS,0.0000,0.0000,0.0000,15.4000,15.4000
2024-06-10,5220,WE/WA,WE/WA BS,0.0000,0.0000,0.0000,0.0000,0.0000
2024-06-10,5222,WE,WE BS,0.0000,0.0000,23.1000,46.2000,69.3000
2024-06-10,5223,WA,WA BS,0.0000,0.0000,7.7000,15.4000,23.1000
2024-06-10,5225,Packplatz,PP,0.0000,6.0000,0.0000,30.8000,36.8000
2024-06-10,5230,Springer,Prüfer BS,0.0000,0.0000,0.0000,0.0000,0.0000
2024-06-10,5231,MR1,MR1 Endmaße BS,0.0000,0.0000,13.7000,15.4000,29.1000
2024-06-10,5232,MR7,MR7 Lehren BS,0.0000,0.0000,7.7000,61.6000,69.3000
2024-06-10,5233,MR4,MR4 Lohnmessung BS,0.0000,0.0000,7.7000,7.7000,15.4000
2024-06-10,5234,MR2,MR2 Drehmoment BS,0.0000,0.0000,0.0000,38.5000,38.5000
2024-06-10,5235,MR6,MR6 Messschieber BS,0.0000,0.0000,0.0000,43.5000,43.5000
2024-06-10,5236,MR3,MR3 Messuhren BS,0.0000,0.0000,7.7000,38.5000,46.2000
2024-06-10,5237,MR9,MR9 Elektro BS,0.0000,0.0000,0.0000,15.4000,15.4000
2024-06-10,5238,MR8,MR8 Temperatur BS,0.0000,0.0000,7.7000,7.7000,15.4000
2024-06-10,5239,MR5,MR5 Bügelmesss. BS,0.0000,0.0000,7.7000,38.5000,46.2000
2024-06-10,5240,AV,Arbeitsvorbereit. BS,0.0000,23.1000,7.7000,72.6000,103.4000
2024-06-11,5211,MR11,MR11 Koordinatenm BS,0.0000,0.0000,0.0000,15.4000,15.4000
2024-06-11,5220,WE/WA,WE/WA BS,0.0000,0.0000,0.0000,0.0000,0.0000
2024-06-11,5222,WE,WE BS,0.0000,0.0000,15.4000,53.9000,69.3000
2024-06-11,5223,WA,WA BS,0.0000,0.0000,7.7000,15.4000,23.1000
2024-06-11,5225,Packplatz,PP,0.0000,6.0000,0.0000,30.8000,36.8000
2024-06-11,5230,Springer,Prüfer BS,0.0000,0.0000,0.0000,0.0000,0.0000
2024-06-11,5231,MR1,MR1 Endmaße BS,0.0000,0.0000,13.7000,23.1000,36.8000
2024-06-11,5232,MR7,MR7 Lehren BS,0.0000,0.0000,7.7000,61.6000,69.3000
2024-06-11,5233,MR4,MR4 Lohnmessung BS,0.0000,0.0000,7.7000,7.7000,15.4000
2024-06-11,5234,MR2,MR2 Drehmoment BS,0.0000,0.0000,0.0000,38.5000,38.5000
2024-06-11,5235,MR6,MR6 Messschieber BS,0.0000,7.7000,0.0000,35.8000,43.5000
2024-06-11,5236,MR3,MR3 Messuhren BS,0.0000,0.0000,7.7000,38.5000,46.2000
2024-06-11,5237,MR9,MR9 Elektro BS,0.0000,0.0000,0.0000,15.4000,15.4000
2024-06-11,5238,MR8,MR8 Temperatur BS,0.0000,0.0000,7.7000,7.7000,15.4000
2024-06-11,5239,MR5,MR5 Bügelmesss. BS,0.0000,7.7000,7.7000,30.8000,46.2000
2024-06-11,5240,AV,Arbeitsvorbereit. BS,0.0000,23.1000,7.7000,64.9000,95.7000
2024-06-12,5211,MR11,MR11 Koordinatenm BS,0.0000,0.0000,0.0000,15.4000,15.4000
2024-06-12,5220,WE/WA,WE/WA BS,0.0000,0.0000,0.0000,0.0000,0.0000
2024-06-12,5222,WE,WE BS,0.0000,0.0000,15.4000,53.9000,69.3000
2024-06-12,5223,WA,WA BS,0.0000,0.0000,7.7000,15.4000,23.1000
2024-06-12,5225,Packplatz,PP,0.0000,6.0000,0.0000,30.8000,36.8000
2024-06-12,5230,Springer,Prüfer BS,0.0000,0.0000,0.0000,0.0000,0.0000
2024-06-12,5231,MR1,MR1 Endmaße BS,0.0000,0.0000,13.7000,23.1000,36.8000
2024-06-12,5232,MR7,MR7 Lehren BS,0.0000,0.0000,7.7000,61.6000,69.3000
2024-06-12,5233,MR4,MR4 Lohnmessung BS,0.0000,0.0000,7.7000,7.7000,15.4000
2024-06-12,5234,MR2,MR2 Drehmoment BS,0.0000,7.7000,0.0000,30.8000,38.5000
2024-06-12,5235,MR6,MR6 Messschieber BS,0.0000,7.7000,0.0000,35.8000,43.5000
2024-06-12,5236,MR3,MR3 Messuhren BS,0.0000,0.0000,7.7000,38.5000,46.2000
2024-06-12,5237,MR9,MR9 Elektro BS,0.0000,0.0000,0.0000,15.4000,15.4000
2024-06-12,5238,MR8,MR8 Temperatur BS,0.0000,0.0000,7.7000,7.7000,15.4000
2024-06-12,5239,MR5,MR5 Bügelmesss. BS,0.0000,7.7000,7.7000,30.8000,46.2000
2024-06-12,5240,AV,Arbeitsvorbereit. BS,0.0000,23.1000,7.7000,59.9000,90.7000
2024-06-13,5211,MR11,MR11 Koordinatenm BS,0.0000,0.0000,7.7000,7.7000,15.4000
2024-06-13,5220,WE/WA,WE/WA BS,0.0000,0.0000,0.0000,0.0000,0.0000
2024-06-13,5222,WE,WE BS,0.0000,0.0000,23.1000,46.2000,69.3000
2024-06-13,5223,WA,WA BS,0.0000,0.0000,7.7000,15.4000,23.1000
2024-06-13,5225,Packplatz,PP,0.0000,0.0000,0.0000,30.8000,30.8000
2024-06-13,5230,Springer,Prüfer BS,0.0000,0.0000,0.0000,0.0000,0.0000
2024-06-13,5231,MR1,MR1 Endmaße BS,0.0000,7.7000,13.7000,15.4000,36.8000
2024-06-13,5232,MR7,MR7 Lehren BS,0.0000,0.0000,7.7000,61.6000,69.3000
2024-06-13,5233,MR4,MR4 Lohnmessung BS,0.0000,0.0000,7.7000,7.7000,15.4000
2024-06-13,5234,MR2,MR2 Drehmoment BS,0.0000,7.7000,0.0000,30.8000,38.5000
2024-06-13,5235,MR6,MR6 Messschieber BS,0.0000,0.0000,0.0000,43.5000,43.5000
2024-06-13,5236,MR3,MR3 Messuhren BS,0.0000,0.0000,23.1000,23.1000,46.2000
2024-06-13,5237,MR9,MR9 Elektro BS,0.0000,0.0000,0.0000,15.4000,15.4000
2024-06-13,5238,MR8,MR8 Temperatur BS,0.0000,0.0000,7.7000,7.7000,15.4000
2024-06-13,5239,MR5,MR5 Bügelmesss. BS,0.0000,15.4000,7.7000,23.1000,46.2000
2024-06-13,5240,AV,Arbeitsvorbereit. BS,0.0000,15.4000,7.7000,72.6000,95.7000
2024-06-14,5211,MR11,MR11 Koordinatenm BS,0.0000,0.0000,7.7000,7.7000,15.4000
2024-06-14,5220,WE/WA,WE/WA BS,0.0000,0.0000,0.0000,0.0000,0.0000
2024-06-14,5222,WE,WE BS,0.0000,0.0000,23.1000,46.2000,69.3000
2024-06-14,5223,WA,WA BS,0.0000,0.0000,7.7000,7.7000,15.4000
2024-06-14,5225,Packplatz,PP,0.0000,0.0000,7.7000,23.1000,30.8000
2024-06-14,5230,Springer,Prüfer BS,0.0000,0.0000,0.0000,0.0000,0.0000
2024-06-14,5231,MR1,MR1 Endmaße BS,0.0000,0.0000,13.7000,23.1000,36.8000
2024-06-14,5232,MR7,MR7 Lehren BS,0.0000,7.7000,7.7000,53.9000,69.3000
2024-06-14,5233,MR4,MR4 Lohnmessung BS,0.0000,0.0000,7.7000,7.7000,15.4000
2024-06-14,5234,MR2,MR2 Drehmoment BS,0.0000,7.7000,0.0000,23.1000,30.8000
2024-06-14,5235,MR6,MR6 Messschieber BS,0.0000,7.7000,7.7000,28.1000,43.5000
2024-06-14,5236,MR3,MR3 Messuhren BS,0.0000,0.0000,15.4000,23.1000,38.5000
2024-06-14,5237,MR9,MR9 Elektro BS,0.0000,0.0000,0.0000,15.4000,15.4000
2024-06-14,5238,MR8,MR8 Temperatur BS,0.0000,0.0000,7.7000,7.7000,15.4000
2024-06-14,5239,MR5,MR5 Bügelmesss. BS,0.0000,7.7000,7.7000,30.8000,46.2000
2024-06-14,5240,AV,Arbeitsvorbereit. BS,0.0000,15.4000,23.1000,57.2000,95.7000
2024-06-17,5211,MR11,MR11 Koordinatenm BS,0.0000,0.0000,0.0000,7.7000,7.7000
2024-06-17,5222,WE,WE BS,0.0000,0.0000,23.1000,46.2000,69.3000
2024-06-17,5223,WA,WA BS,0.0000,0.0000,15.4000,0.0000,15.4000
2024-06-17,5225,Packplatz,PP,0.0000,6.0000,0.0000,30.8000,36.8000
2024-06-17,5230,Springer,Prüfer BS,0.0000,0.0000,0.0000,0.0000,0.0000
2024-06-17,5231,MR1,MR1 Endmaße BS,0.0000,0.0000,13.7000,15.4000,29.1000
2024-06-17,5232,MR7,MR7 Lehren BS,0.0000,0.0000,0.0000,74.3000,74.3000
2024-06-17,5233,MR4,MR4 Lohnmessung BS,0.0000,0.0000,15.4000,7.7000,23.1000
2024-06-17,5234,MR2,MR2 Drehmoment BS,0.0000,7.7000,7.7000,23.1000,38.5000
2024-06-17,5235,MR6,MR6 Messschieber BS,0.0000,0.0000,0.0000,43.5000,43.5000
2024-06-17,5236,MR3,MR3 Messuhren BS,0.0000,0.0000,7.7000,30.8000,38.5000
2024-06-17,5237,MR9,MR9 Elektro BS,0.0000,0.0000,0.0000,23.1000,23.1000
2024-06-17,5238,MR8,MR8 Temperatur BS,0.0000,0.0000,0.0000,7.7000,7.7000
2024-06-17,5239,MR5,MR5 Bügelmesss. BS,0.0000,0.0000,7.7000,38.5000,46.2000
2024-06-17,5240,AV,Arbeitsvorbereit. BS,0.0000,0.0000,7.7000,88.0000,95.7000
2024-06-18,5211,MR11,MR11 Koordinatenm BS,0.0000,0.0000,0.0000,7.7000,7.7000
2024-06-18,5222,WE,WE BS,0.0000,0.0000,15.4000,53.9000,69.3000
2024-06-18,5223,WA,WA BS,0.0000,0.0000,15.4000,7.7000,23.1000
2024-06-18,5225,Packplatz,PP,0.0000,6.0000,0.0000,30.8000,36.8000
2024-06-18,5230,Springer,Prüfer BS,0.0000,0.0000,0.0000,0.0000,0.0000
2024-06-18,5231,MR1,MR1 Endmaße BS,0.0000,0.0000,13.7000,23.1000,36.8000
2024-06-18,5232,MR7,MR7 Lehren BS,0.0000,0.0000,0.0000,69.3000,69.3000
2024-06-18,5233,MR4,MR4 Lohnmessung BS,0.0000,0.0000,15.4000,7.7000,23.1000
2024-06-18,5234,MR2,MR2 Drehmoment BS,0.0000,0.0000,0.0000,38.5000,38.5000
2024-06-18,5235,MR6,MR6 Messschieber BS,0.0000,0.0000,0.0000,43.5000,43.5000
2024-06-18,5236,MR3,MR3 Messuhren BS,0.0000,0.0000,7.7000,38.5000,46.2000
2024-06-18,5237,MR9,MR9 Elektro BS,0.0000,0.0000,0.0000,23.1000,23.1000
2024-06-18,5238,MR8,MR8 Temperatur BS,0.0000,0.0000,0.0000,7.7000,7.7000
2024-06-18,5239,MR5,MR5 Bügelmesss. BS,0.0000,7.7000,7.7000,30.8000,46.2000
2024-06-18,5240,AV,Arbeitsvorbereit. BS,0.0000,7.7000,0.0000,88.0000,95.7000
2024-06-19,5211,MR11,MR11 Koordinatenm BS,0.0000,0.0000,0.0000,15.4000,15.4000
2024-06-19,5222,WE,WE BS,0.0000,7.7000,15.4000,46.2000,69.3000
2024-06-19,5223,WA,WA BS,0.0000,0.0000,15.4000,7.7000,23.1000
2024-06-19,5225,Packplatz,PP,0.0000,6.0000,0.0000,30.8000,36.8000
2024-06-19,5230,Springer,Prüfer BS,0.0000,0.0000,0.0000,0.0000,0.0000
2024-06-19,5231,MR1,MR1 Endmaße BS,0.0000,0.0000,13.7000,23.1000,36.8000
2024-06-19,5232,MR7,MR7 Lehren BS,0.0000,7.7000,0.0000,61.6000,69.3000
2024-06-19,5233,MR4,MR4 Lohnmessung BS,0.0000,0.0000,15.4000,0.0000,15.4000
2024-06-19,5234,MR2,MR2 Drehmoment BS,0.0000,0.0000,0.0000,38.5000,38.5000
2024-06-19,5235,MR6,MR6 Messschieber BS,0.0000,0.0000,0.0000,43.5000,43.5000
2024-06-19,5236,MR3,MR3 Messuhren BS,0.0000,0.0000,7.7000,38.5000,46.2000
2024-06-19,5237,MR9,MR9 Elektro BS,0.0000,0.0000,0.0000,23.1000,23.1000
2024-06-19,5238,MR8,MR8 Temperatur BS,0.0000,0.0000,0.0000,7.7000,7.7000
2024-06-19,5239,MR5,MR5 Bügelmesss. BS,0.0000,7.7000,7.7000,30.8000,46.2000
2024-06-19,5240,AV,Arbeitsvorbereit. BS,0.0000,7.7000,0.0000,83.0000,90.7000
2024-06-20,5211,MR11,MR11 Koordinatenm BS,0.0000,0.0000,0.0000,15.4000,15.4000
2024-06-20,5222,WE,WE BS,0.0000,7.7000,15.4000,46.2000,69.3000
2024-06-20,5223,WA,WA BS,0.0000,0.0000,15.4000,7.7000,23.1000
2024-06-20,5225,Packplatz,PP,0.0000,0.0000,0.0000,30.8000,30.8000
2024-06-20,5230,Springer,Prüfer BS,0.0000,0.0000,0.0000,0.0000,0.0000
2024-06-20,5231,MR1,MR1 Endmaße BS,0.0000,0.0000,13.7000,23.1000,36.8000
2024-06-20,5232,MR7,MR7 Lehren BS,0.0000,7.7000,0.0000,61.6000,69.3000
2024-06-20,5233,MR4,MR4 Lohnmessung BS,0.0000,0.0000,15.4000,0.0000,15.4000
2024-06-20,5234,MR2,MR2 Drehmoment BS,0.0000,0.0000,0.0000,38.5000,38.5000
2024-06-20,5235,MR6,MR6 Messschieber BS,0.0000,0.0000,0.0000,43.5000,43.5000
2024-06-20,5236,MR3,MR3 Messuhren BS,0.0000,0.0000,15.4000,30.8000,46.2000
2024-06-20,5237,MR9,MR9 Elektro BS,0.0000,0.0000,0.0000,15.4000,15.4000
2024-06-20,5238,MR8,MR8 Temperatur BS,0.0000,0.0000,0.0000,7.7000,7.7000
2024-06-20,5239,MR5,MR5 Bügelmesss. BS,0.0000,7.7000,7.7000,30.8000,46.2000
2024-06-20,5240,AV,Arbeitsvorbereit. BS,0.0000,7.7000,15.4000,49.5000,72.6000
2024-06-21,5211,MR11,MR11 Koordinatenm BS,0.0000,0.0000,0.0000,15.4000,15.4000
2024-06-21,5222,WE,WE BS,0.0000,7.7000,23.1000,38.5000,69.3000
2024-06-21,5223,WA,WA BS,0.0000,0.0000,7.7000,7.7000,15.4000
2024-06-21,5225,Packplatz,PP,0.0000,0.0000,7.7000,15.4000,23.1000
2024-06-21,5230,Springer,Prüfer BS,0.0000,0.0000,0.0000,0.0000,0.0000
2024-06-21,5231,MR1,MR1 Endmaße BS,0.0000,0.0000,13.7000,23.1000,36.8000
2024-06-21,5232,MR7,MR7 Lehren BS,0.0000,7.7000,7.7000,53.9000,69.3000
2024-06-21,5233,MR4,MR4 Lohnmessung BS,0.0000,0.0000,15.4000,0.0000,15.4000
2024-06-21,5234,MR2,MR2 Drehmoment BS,0.0000,0.0000,0.0000,38.5000,38.5000
2024-06-21,5235,MR6,MR6 Messschieber BS,0.0000,0.0000,0.0000,43.5000,43.5000
2024-06-21,5236,MR3,MR3 Messuhren BS,0.0000,0.0000,15.4000,23.1000,38.5000
2024-06-21,5237,MR9,MR9 Elektro BS,0.0000,0.0000,0.0000,15.4000,15.4000
2024-06-21,5238,MR8,MR8 Temperatur BS,0.0000,0.0000,0.0000,7.7000,7.7000
2024-06-21,5239,MR5,MR5 Bügelmesss. BS,0.0000,7.7000,7.7000,30.8000,46.2000
2024-06-21,5240,AV,Arbeitsvorbereit. BS,0.0000,7.7000,30.8000,49.5000,88.0000
2024-06-24,5211,MR11,MR11 Koordinatenm BS,0.0000,0.0000,7.7000,15.4000,23.1000
2024-06-24,5222,WE,WE BS,0.0000,0.0000,23.1000,46.2000,69.3000
2024-06-24,5223,WA,WA BS,0.0000,0.0000,7.7000,15.4000,23.1000
2024-06-24,5225,Packplatz,PP,0.0000,6.0000,0.0000,23.1000,29.1000
2024-06-24,5230,Springer,Prüfer BS,0.0000,0.0000,0.0000,0.0000,0.0000
2024-06-24,5231,MR1,MR1 Endmaße BS,0.0000,0.0000,0.0000,29.1000,29.1000
2024-06-24,5232,MR7,MR7 Lehren BS,0.0000,0.0000,23.1000,46.2000,69.3000
2024-06-24,5233,MR4,MR4 Lohnmessung BS,0.0000,0.0000,0.0000,7.7000,7.7000
2024-06-24,5234,MR2,MR2 Drehmoment BS,7.7000,0.0000,7.7000,23.1000,38.5000
2024-06-24,5235,MR6,MR6 Messschieber BS,0.0000,0.0000,7.7000,35.8000,43.5000
2024-06-24,5236,MR3,MR3 Messuhren BS,0.0000,0.0000,0.0000,46.2000,46.2000
2024-06-24,5237,MR9,MR9 Elektro BS,0.0000,0.0000,7.7000,15.4000,23.1000
2024-06-24,5238,MR8,MR8 Temperatur BS,0.0000,0.0000,0.0000,7.7000,7.7000
2024-06-24,5239,MR5,MR5 Bügelmesss. BS,0.0000,0.0000,7.7000,30.8000,38.5000
2024-06-24,5240,AV,Arbeitsvorbereit. BS,0.0000,0.0000,15.4000,72.6000,88.0000
2024-06-25,5211,MR11,MR11 Koordinatenm BS,0.0000,0.0000,7.7000,15.4000,23.1000
2024-06-25,5222,WE,WE BS,0.0000,0.0000,23.1000,46.2000,69.3000
2024-06-25,5223,WA,WA BS,0.0000,0.0000,7.7000,15.4000,23.1000
2024-06-25,5225,Packplatz,PP,0.0000,6.0000,7.7000,15.4000,29.1000
2024-06-25,5230,Springer,Prüfer BS,0.0000,0.0000,0.0000,0.0000,0.0000
2024-06-25,5231,MR1,MR1 Endmaße BS,0.0000,0.0000,0.0000,36.8000,36.8000
2024-06-25,5232,MR7,MR7 Lehren BS,0.0000,0.0000,15.4000,53.9000,69.3000
2024-06-25,5233,MR4,MR4 Lohnmessung BS,0.0000,0.0000,0.0000,7.7000,7.7000
2024-06-25,5234,MR2,MR2 Drehmoment BS,7.7000,7.7000,7.7000,15.4000,38.5000
2024-06-25,5235,MR6,MR6 Messschieber BS,0.0000,0.0000,7.7000,35.8000,43.5000
2024-06-25,5236,MR3,MR3 Messuhren BS,0.0000,0.0000,7.7000,38.5000,46.2000
2024-06-25,5237,MR9,MR9 Elektro BS,0.0000,0.0000,7.7000,15.4000,23.1000
2024-06-25,5238,MR8,MR8 Temperatur BS,0.0000,0.0000,0.0000,7.7000,7.7000
2024-06-25,5239,MR5,MR5 Bügelmesss. BS,0.0000,0.0000,7.7000,38.5000,46.2000
2024-06-25,5240,AV,Arbeitsvorbereit. BS,0.0000,0.0000,7.7000,88.0000,95.7000
2024-06-26,5211,MR11,MR11 Koordinatenm BS,0.0000,0.0000,7.7000,15.4000,23.1000
2024-06-26,5222,WE,WE BS,0.0000,0.0000,23.1000,46.2000,69.3000
2024-06-26,5223,WA,WA BS,0.0000,0.0000,7.7000,15.4000,23.1000
2024-06-26,5225,Packplatz,PP,0.0000,6.0000,0.0000,23.1000,29.1000
2024-06-26,5230,Springer,Prüfer BS,0.0000,0.0000,0.0000,0.0000,0.0000
2024-06-26,5231,MR1,MR1 Endmaße BS,0.0000,0.0000,0.0000,36.8000,36.8000
2024-06-26,5232,MR7,MR7 Lehren BS,0.0000,0.0000,15.4000,53.9000,69.3000
2024-06-26,5233,MR4,MR4 Lohnmessung BS,0.0000,0.0000,0.0000,7.7000,7.7000
2024-06-26,5234,MR2,MR2 Drehmoment BS,7.7000,7.7000,7.7000,15.4000,38.5000
2024-06-26,5235,MR6,MR6 Messschieber BS,0.0000,0.0000,7.7000,35.8000,43.5000
2024-06-26,5236,MR3,MR3 Messuhren BS,0.0000,0.0000,7.7000,38.5000,46.2000
2024-06-26,5237,MR9,MR9 Elektro BS,0.0000,0.0000,7.7000,15.4000,23.1000
2024-06-26,5238,MR8,MR8 Temperatur BS,0.0000,0.0000,0.0000,7.7000,7.7000
2024-06-26,5239,MR5,MR5 Bügelmesss. BS,0.0000,0.0000,7.7000,38.5000,46.2000
2024-06-26,5240,AV,Arbeitsvorbereit. BS,0.0000,0.0000,15.4000,75.3000,90.7000
2024-06-27,5211,MR11,MR11 Koordinatenm BS,0.0000,0.0000,7.7000,15.4000,23.1000
2024-06-27,5222,WE,WE BS,0.0000,0.0000,23.1000,46.2000,69.3000
2024-06-27,5223,WA,WA BS,0.0000,0.0000,7.7000,15.4000,23.1000
2024-06-27,5225,Packplatz,PP,0.0000,0.0000,0.0000,23.1000,23.1000
2024-06-27,5230,Springer,Prüfer BS,0.0000,0.0000,0.0000,0.0000,0.0000
2024-06-27,5231,MR1,MR1 Endmaße BS,0.0000,0.0000,0.0000,36.8000,36.8000
2024-06-27,5232,MR7,MR7 Lehren BS,0.0000,0.0000,15.4000,53.9000,69.3000
2024-06-27,5233,MR4,MR4 Lohnmessung BS,0.0000,0.0000,0.0000,7.7000,7.7000
2024-06-27,5234,MR2,MR2 Drehmoment BS,0.0000,7.7000,7.7000,23.1000,38.5000
2024-06-27,5235,MR6,MR6 Messschieber BS,0.0000,0.0000,7.7000,35.8000,43.5000
2024-06-27,5236,MR3,MR3 Messuhren BS,0.0000,0.0000,15.4000,30.8000,46.2000
2024-06-27,5237,MR9,MR9 Elektro BS,0.0000,0.0000,7.7000,15.4000,23.1000
2024-06-27,5238,MR8,MR8 Temperatur BS,0.0000,0.0000,0.0000,7.7000,7.7000
2024-06-27,5239,MR5,MR5 Bügelmesss. BS,0.0000,0.0000,7.7000,38.5000,46.2000
2024-06-27,5240,AV,Arbeitsvorbereit. BS,0.0000,0.0000,7.7000,88.0000,95.7000
2024-06-28,5211,MR11,MR11 Koordinatenm BS,0.0000,0.0000,7.7000,15.4000,23.1000
2024-06-28,5222,WE,WE BS,0.0000,0.0000,23.1000,46.2000,69.3000
2024-06-28,5223,WA,WA BS,0.0000,0.0000,0.0000,15.4000,15.4000
2024-06-28,5225,Packplatz,PP,0.0000,0.0000,0.0000,23.1000,23.1000
2024-06-28,5230,Springer,Prüfer BS,0.0000,0.0000,0.0000,0.0000,0.0000
2024-06-28,5231,MR1,MR1 Endmaße BS,0.0000,0.0000,0.0000,29.1000,29.1000
2024-06-28,5232,MR7,MR7 Lehren BS,0.0000,0.0000,23.1000,46.2000,69.3000
2024-06-28,5233,MR4,MR4 Lohnmessung BS,0.0000,0.0000,0.0000,7.7000,7.7000
2024-06-28,5234,MR2,MR2 Drehmoment BS,0.0000,7.7000,7.7000,23.1000,38.5000
2024-06-28,5235,MR6,MR6 Messschieber BS,0.0000,0.0000,15.4000,20.4000,35.8000
2024-06-28,5236,MR3,MR3 Messuhren BS,0.0000,0.0000,15.4000,15.4000,30.8000
2024-06-28,5237,MR9,MR9 Elektro BS,0.0000,0.0000,7.7000,15.4000,23.1000
2024-06-28,5238,MR8,MR8 Temperatur BS,0.0000,0.0000,0.0000,7.7000,7.7000
2024-06-28,5239,MR5,MR5 Bügelmesss. BS,0.0000,0.0000,7.7000,38.5000,46.2000
2024-06-28,5240,AV,Arbeitsvorbereit. BS,0.0000,7.7000,23.1000,64.9000,95.7000
2024-07-01,5211,MR11,MR11 Koordinatenm BS,0.0000,0.0000,0.0000,23.1000,23.1000
2024-07-01,5222,WE,WE BS,0.0000,0.0000,15.4000,53.9000,69.3000
2024-07-01,5223,WA,WA BS,0.0000,0.0000,0.0000,15.4000,15.4000
2024-07-01,5225,Packplatz,PP,0.0000,6.0000,0.0000,23.1000,29.1000
2024-07-01,5230,Springer,Prüfer BS,0.0000,0.0000,0.0000,0.0000,0.0000
2024-07-01,5231,MR1,MR1 Endmaße BS,0.0000,7.7000,0.0000,21.4000,29.1000
2024-07-01,5232,MR7,MR7 Lehren BS,0.0000,0.0000,23.1000,46.2000,69.3000
2024-07-01,5233,MR4,MR4 Lohnmessung BS,0.0000,0.0000,0.0000,7.7000,7.7000
2024-07-01,5234,MR2,MR2 Drehmoment BS,0.0000,7.7000,7.7000,23.1000,38.5000
2024-07-01,5235,MR6,MR6 Messschieber BS,0.0000,0.0000,5.0000,38.5000,43.5000
2024-07-01,5236,MR3,MR3 Messuhren BS,0.0000,0.0000,7.7000,30.8000,38.5000
2024-07-01,5237,MR9,MR9 Elektro BS,0.0000,0.0000,7.7000,15.4000,23.1000
2024-07-01,5238,MR8,MR8 Temperatur BS,0.0000,0.0000,0.0000,7.7000,7.7000
2024-07-01,5239,MR5,MR5 Bügelmesss. BS,0.0000,7.7000,7.7000,30.8000,46.2000
2024-07-01,5240,AV,Arbeitsvorbereit. BS,0.0000,15.4000,15.4000,49.5000,80.3000
2024-07-02,5211,MR11,MR11 Koordinatenm BS,0.0000,0.0000,0.0000,23.1000,23.1000
2024-07-02,5222,WE,WE BS,0.0000,0.0000,15.4000,53.9000,69.3000
2024-07-02,5223,WA,WA BS,0.0000,0.0000,0.0000,23.1000,23.1000
2024-07-02,5225,Packplatz,PP,0.0000,6.0000,0.0000,23.1000,29.1000
2024-07-02,5230,Springer,Prüfer BS,0.0000,0.0000,0.0000,0.0000,0.0000
2024-07-02,5231,MR1,MR1 Endmaße BS,0.0000,7.7000,7.7000,21.4000,36.8000
2024-07-02,5232,MR7,MR7 Lehren BS,0.0000,0.0000,23.1000,38.5000,61.6000
2024-07-02,5233,MR4,MR4 Lohnmessung BS,0.0000,0.0000,0.0000,7.7000,7.7000
2024-07-02,5234,MR2,MR2 Drehmoment BS,0.0000,7.7000,7.7000,23.1000,38.5000
2024-07-02,5235,MR6,MR6 Messschieber BS,0.0000,7.7000,5.0000,30.8000,43.5000
2024-07-02,5236,MR3,MR3 Messuhren BS,0.0000,0.0000,7.7000,30.8000,38.5000
2024-07-02,5237,MR9,MR9 Elektro BS,0.0000,0.0000,7.7000,15.4000,23.1000
2024-07-02,5238,MR8,MR8 Temperatur BS,0.0000,0.0000,0.0000,7.7000,7.7000
2024-07-02,5239,MR5,MR5 Bügelmesss. BS,0.0000,0.0000,7.7000,38.5000,46.2000
2024-07-02,5240,AV,Arbeitsvorbereit. BS,0.0000,15.4000,15.4000,57.2000,88.0000
2024-07-03,5211,MR11,MR11 Koordinatenm BS,0.0000,0.0000,0.0000,23.1000,23.1000
2024-07-03,5222,WE,WE BS,0.0000,0.0000,15.4000,53.9000,69.3000
2024-07-03,5223,WA,WA BS,0.0000,0.0000,0.0000,23.1000,23.1000
2024-07-03,5225,Packplatz,PP,0.0000,6.0000,0.0000,23.1000,29.1000
2024-07-03,5230,Springer,Prüfer BS,0.0000,0.0000,0.0000,0.0000,0.0000
2024-07-03,5231,MR1,MR1 Endmaße BS,0.0000,7.7000,0.0000,29.1000,36.8000
2024-07-03,5232,MR7,MR7 Lehren BS,0.0000,0.0000,23.1000,46.2000,69.3000
2024-07-03,5233,MR4,MR4 Lohnmessung BS,0.0000,0.0000,0.0000,7.7000,7.7000
2024-07-03,5234,MR2,MR2 Drehmoment BS,0.0000,7.7000,7.7000,23.1000,38.5000
2024-07-03,5235,MR6,MR6 Messschieber BS,0.0000,0.0000,5.0000,38.5000,43.5000
2024-07-03,5236,MR3,MR3 Messuhren BS,0.0000,0.0000,0.0000,38.5000,38.5000
2024-07-03,5237,MR9,MR9 Elektro BS,0.0000,0.0000,7.7000,15.4000,23.1000
2024-07-03,5238,MR8,MR8 Temperatur BS,0.0000,0.0000,0.0000,7.7000,7.7000
2024-07-03,5239,MR5,MR5 Bügelmesss. BS,0.0000,0.0000,7.7000,38.5000,46.2000
2024-07-03,5240,AV,Arbeitsvorbereit. BS,0.0000,15.4000,15.4000,52.2000,83.0000
2024-07-04,5211,MR11,MR11 Koordinatenm BS,0.0000,0.0000,0.0000,23.1000,23.1000
2024-07-04,5222,WE,WE BS,0.0000,0.0000,15.4000,53.9000,69.3000
2024-07-04,5223,WA,WA BS,0.0000,0.0000,0.0000,23.1000,23.1000
2024-07-04,5225,Packplatz,PP,0.0000,0.0000,0.0000,23.1000,23.1000
2024-07-04,5230,Springer,Prüfer BS,0.0000,0.0000,0.0000,0.0000,0.0000
2024-07-04,5231,MR1,MR1 Endmaße BS,0.0000,7.7000,0.0000,29.1000,36.8000
2024-07-04,5232,MR7,MR7 Lehren BS,0.0000,0.0000,23.1000,46.2000,69.3000
2024-07-04,5233,MR4,MR4 Lohnmessung BS,0.0000,0.0000,0.0000,7.7000,7.7000
2024-07-04,5234,MR2,MR2 Drehmoment BS,0.0000,7.7000,7.7000,23.1000,38.5000
2024-07-04,5235,MR6,MR6 Messschieber BS,0.0000,7.7000,5.0000,30.8000,43.5000
2024-07-04,5236,MR3,MR3 Messuhren BS,0.0000,0.0000,0.0000,30.8000,30.8000
2024-07-04,5237,MR9,MR9 Elektro BS,0.0000,0.0000,7.7000,15.4000,23.1000
2024-07-04,5238,MR8,MR8 Temperatur BS,0.0000,0.0000,0.0000,7.7000,7.7000
2024-07-04,5239,MR5,MR5 Bügelmesss. BS,0.0000,7.7000,7.7000,30.8000,46.2000
2024-07-04,5240,AV,Arbeitsvorbereit. BS,0.0000,15.4000,15.4000,57.2000,88.0000
2024-07-05,5211,MR11,MR11 Koordinatenm BS,0.0000,0.0000,0.0000,23.1000,23.1000
2024-07-05,5222,WE,WE BS,0.0000,0.0000,15.4000,53.9000,69.3000
2024-07-05,5223,WA,WA BS,0.0000,0.0000,0.0000,15.4000,15.4000
2024-07-05,5225,Packplatz,PP,0.0000,0.0000,7.7000,15.4000,23.1000
2024-07-05,5230,Springer,Prüfer BS,0.0000,0.0000,0.0000,0.0000,0.0000
2024-07-05,5231,MR1,MR1 Endmaße BS,0.0000,7.7000,7.7000,21.4000,36.8000
2024-07-05,5232,MR7,MR7 Lehren BS,0.0000,7.7000,23.1000,38.5000,69.3000
2024-07-05,5233,MR4,MR4 Lohnmessung BS,0.0000,0.0000,0.0000,7.7000,7.7000
2024-07-05,5234,MR2,MR2 Drehmoment BS,0.0000,7.7000,7.7000,15.4000,30.8000
2024-07-05,5235,MR6,MR6 Messschieber BS,0.0000,7.7000,12.7000,23.1000,43.5000
2024-07-05,5236,MR3,MR3 Messuhren BS,0.0000,0.0000,7.7000,30.8000,38.5000
2024-07-05,5237,MR9,MR9 Elektro BS,0.0000,0.0000,7.7000,15.4000,23.1000
2024-07-05,5238,MR8,MR8 Temperatur BS,0.0000,0.0000,0.0000,7.7000,7.7000
2024-07-05,5239,MR5,MR5 Bügelmesss. BS,0.0000,7.7000,15.4000,23.1000,46.2000
2024-07-05,5240,AV,Arbeitsvorbereit. BS,0.0000,15.4000,15.4000,57.2000,88.0000
2024-07-08,5211,MR11,MR11 Koordinatenm BS,0.0000,0.0000,0.0000,23.1000,23.1000
2024-07-08,5222,WE,WE BS,0.0000,0.0000,15.4000,53.9000,69.3000
2024-07-08,5223,WA,WA BS,0.0000,0.0000,0.0000,23.1000,23.1000
2024-07-08,5225,Packplatz,PP,0.0000,6.0000,0.0000,23.1000,29.1000
2024-07-08,5230,Springer,Prüfer BS,0.0000,0.0000,0.0000,0.0000,0.0000
2024-07-08,5231,MR1,MR1 Endmaße BS,0.0000,0.0000,0.0000,29.1000,29.1000
2024-07-08,5232,MR7,MR7 Lehren BS,0.0000,7.7000,23.1000,38.5000,69.3000
2024-07-08,5233,MR4,MR4 Lohnmessung BS,0.0000,0.0000,0.0000,7.7000,7.7000
2024-07-08,5234,MR2,MR2 Drehmoment BS,0.0000,7.7000,7.7000,23.1000,38.5000
2024-07-08,5235,MR6,MR6 Messschieber BS,0.0000,0.0000,5.0000,38.5000,43.5000
2024-07-08,5236,MR3,MR3 Messuhren BS,0.0000,0.0000,7.7000,38.5000,46.2000
2024-07-08,5237,MR9,MR9 Elektro BS,0.0000,0.0000,15.4000,7.7000,23.1000
2024-07-08,5238,MR8,MR8 Temperatur BS,0.0000,0.0000,0.0000,7.7000,7.7000
2024-07-08,5239,MR5,MR5 Bügelmesss. BS,0.0000,7.7000,7.7000,30.8000,46.2000
2024-07-08,5240,AV,Arbeitsvorbereit. BS,0.0000,0.0000,23.1000,64.9000,88.0000
2024-07-09,5211,MR11,MR11 Koordinatenm BS,0.0000,7.7000,0.0000,15.4000,23.1000
2024-07-09,5222,WE,WE BS,0.0000,7.7000,15.4000,46.2000,69.3000
2024-07-09,5223,WA,WA BS,0.0000,0.0000,0.0000,23.1000,23.1000
2024-07-09,5225,Packplatz,PP,0.0000,0.0000,0.0000,23.1000,23.1000
2024-07-09,5230,Springer,Prüfer BS,0.0000,0.0000,0.0000,0.0000,0.0000
2024-07-09,5231,MR1,MR1 Endmaße BS,0.0000,0.0000,0.0000,36.8000,36.8000
2024-07-09,5232,MR7,MR7 Lehren BS,0.0000,7.7000,23.1000,38.5000,69.3000
2024-07-09,5233,MR4,MR4 Lohnmessung BS,0.0000,0.0000,0.0000,7.7000,7.7000
2024-07-09,5234,MR2,MR2 Drehmoment BS,0.0000,7.7000,7.7000,23.1000,38.5000
2024-07-09,5235,MR6,MR6 Messschieber BS,0.0000,0.0000,5.0000,38.5000,43.5000
2024-07-09,5236,MR3,MR3 Messuhren BS,0.0000,0.0000,7.7000,38.5000,46.2000
2024-07-09,5237,MR9,MR9 Elektro BS,0.0000,0.0000,7.7000,15.4000,23.1000
2024-07-09,5238,MR8,MR8 Temperatur BS,0.0000,0.0000,0.0000,7.7000,7.7000
2024-07-09,5239,MR5,MR5 Bügelmesss. BS,0.0000,7.7000,7.7000,30.8000,46.2000
2024-07-09,5240,AV,Arbeitsvorbereit. BS,0.0000,0.0000,23.1000,64.9000,88.0000
2024-07-10,5211,MR11,MR11 Koordinatenm BS,0.0000,7.7000,0.0000,15.4000,23.1000
2024-07-10,5222,WE,WE BS,0.0000,7.7000,15.4000,46.2000,69.3000
2024-07-10,5223,WA,WA BS,0.0000,0.0000,0.0000,23.1000,23.1000
2024-07-10,5225,Packplatz,PP,0.0000,0.0000,0.0000,23.1000,23.1000
2024-07-10,5230,Springer,Prüfer BS,0.0000,0.0000,0.0000,0.0000,0.0000
2024-07-10,5231,MR1,MR1 Endmaße BS,0.0000,0.0000,0.0000,36.8000,36.8000
2024-07-10,5232,MR7,MR7 Lehren BS,0.0000,7.7000,23.1000,38.5000,69.3000
2024-07-10,5233,MR4,MR4 Lohnmessung BS,0.0000,0.0000,0.0000,7.7000,7.7000
2024-07-10,5234,MR2,MR2 Drehmoment BS,0.0000,7.7000,7.7000,23.1000,38.5000
2024-07-10,5235,MR6,MR6 Messschieber BS,0.0000,0.0000,5.0000,38.5000,43.5000
2024-07-10,5236,MR3,MR3 Messuhren BS,0.0000,0.0000,7.7000,38.5000,46.2000
2024-07-10,5237,MR9,MR9 Elektro BS,0.0000,0.0000,7.7000,7.7000,15.4000
2024-07-10,5238,MR8,MR8 Temperatur BS,0.0000,0.0000,0.0000,7.7000,7.7000
2024-07-10,5239,MR5,MR5 Bügelmesss. BS,0.0000,7.7000,7.7000,30.8000,46.2000
2024-07-10,5240,AV,Arbeitsvorbereit. BS,0.0000,7.7000,15.4000,59.9000,83.0000
2024-07-11,5211,MR11,MR11 Koordinatenm BS,0.0000,7.7000,0.0000,15.4000,23.1000
2024-07-11,5222,WE,WE BS,0.0000,0.0000,15.4000,53.9000,69.3000
2024-07-11,5223,WA,WA BS,0.0000,0.0000,0.0000,23.1000,23.1000
2024-07-11,5225,Packplatz,PP,0.0000,0.0000,0.0000,23.1000,23.1000
2024-07-11,5230,Springer,Prüfer BS,0.0000,0.0000,0.0000,0.0000,0.0000
2024-07-11,5231,MR1,MR1 Endmaße BS,0.0000,0.0000,0.0000,36.8000,36.8000
2024-07-11,5232,MR7,MR7 Lehren BS,0.0000,0.0000,23.1000,46.2000,69.3000
2024-07-11,5233,MR4,MR4 Lohnmessung BS,0.0000,0.0000,0.0000,7.7000,7.7000
2024-07-11,5234,MR2,MR2 Drehmoment BS,0.0000,7.7000,7.7000,23.1000,38.5000
2024-07-11,5235,MR6,MR6 Messschieber BS,0.0000,0.0000,5.0000,30.8000,35.8000
2024-07-11,5236,MR3,MR3 Messuhren BS,0.0000,0.0000,15.4000,30.8000,46.2000
2024-07-11,5237,MR9,MR9 Elektro BS,0.0000,0.0000,7.7000,15.4000,23.1000
2024-07-11,5238,MR8,MR8 Temperatur BS,0.0000,0.0000,0.0000,7.7000,7.7000
2024-07-11,5239,MR5,MR5 Bügelmesss. BS,0.0000,7.7000,7.7000,30.8000,46.2000
2024-07-11,5240,AV,Arbeitsvorbereit. BS,0.0000,7.7000,20.4000,59.9000,88.0000
2024-07-12,5211,MR11,MR11 Koordinatenm BS,0.0000,7.7000,7.7000,7.7000,23.1000
2024-07-12,5222,WE,WE BS,0.0000,0.0000,15.4000,53.9000,69.3000
2024-07-12,5223,WA,WA BS,0.0000,0.0000,0.0000,15.4000,15.4000
2024-07-12,5225,Packplatz,PP,0.0000,0.0000,0.0000,23.1000,23.1000
2024-07-12,5230,Springer,Prüfer BS,0.0000,0.0000,0.0000,0.0000,0.0000
2024-07-12,5231,MR1,MR1 Endmaße BS,0.0000,0.0000,0.0000,36.8000,36.8000
2024-07-12,5232,MR7,MR7 Lehren BS,0.0000,7.7000,23.1000,30.8000,61.6000
2024-07-12,5233,MR4,MR4 Lohnmessung BS,0.0000,0.0000,0.0000,7.7000,7.7000
2024-07-12,5234,MR2,MR2 Drehmoment BS,0.0000,7.7000,7.7000,23.1000,38.5000
2024-07-12,5235,MR6,MR6 Messschieber BS,0.0000,0.0000,12.7000,30.8000,43.5000
2024-07-12,5236,MR3,MR3 Messuhren BS,0.0000,7.7000,23.1000,7.7000,38.5000
2024-07-12,5237,MR9,MR9 Elektro BS,0.0000,0.0000,7.7000,15.4000,23.1000
2024-07-12,5238,MR8,MR8 Temperatur BS,0.0000,0.0000,0.0000,7.7000,7.7000
2024-07-12,5239,MR5,MR5 Bügelmesss. BS,0.0000,7.7000,7.7000,30.8000,46.2000
2024-07-12,5240,AV,Arbeitsvorbereit. BS,0.0000,7.7000,28.1000,46.2000,82.0000
2024-07-15,5211,MR11,MR11 Koordinatenm BS,0.0000,0.0000,7.7000,15.4000,23.1000
2024-07-15,5222,WE,WE BS,0.0000,0.0000,7.7000,61.6000,69.3000
2024-07-15,5223,WA,WA BS,0.0000,0.0000,0.0000,15.4000,15.4000
2024-07-15,5225,Packplatz,PP,0.0000,0.0000,7.7000,15.4000,23.1000
2024-07-15,5230,Springer,Prüfer BS,0.0000,0.0000,0.0000,0.0000,0.0000
2024-07-15,5231,MR1,MR1 Endmaße BS,0.0000,0.0000,0.0000,29.1000,29.1000
2024-07-15,5232,MR7,MR7 Lehren BS,0.0000,0.0000,20.4000,53.9000,74.3000
2024-07-15,5233,MR4,MR4 Lohnmessung BS,0.0000,0.0000,0.0000,0.0000,0.0000
2024-07-15,5234,MR2,MR2 Drehmoment BS,0.0000,0.0000,15.4000,23.1000,38.5000
2024-07-15,5235,MR6,MR6 Messschieber BS,0.0000,0.0000,15.4000,28.1000,43.5000
2024-07-15,5236,MR3,MR3 Messuhren BS,0.0000,7.7000,15.4000,15.4000,38.5000
2024-07-15,5237,MR9,MR9 Elektro BS,0.0000,0.0000,0.0000,23.1000,23.1000
2024-07-15,5238,MR8,MR8 Temperatur BS,0.0000,0.0000,0.0000,7.7000,7.7000
2024-07-15,5239,MR5,MR5 Bügelmesss. BS,0.0000,7.7000,0.0000,38.5000,46.2000
2024-07-15,5240,AV,Arbeitsvorbereit. BS,0.0000,0.0000,26.4000,61.6000,88.0000
2024-07-16,5211,MR11,MR11 Koordinatenm BS,0.0000,0.0000,7.7000,15.4000,23.1000
2024-07-16,5222,WE,WE BS,0.0000,0.0000,7.7000,61.6000,69.3000
2024-07-16,5223,WA,WA BS,0.0000,0.0000,0.0000,23.1000,23.1000
2024-07-16,5225,Packplatz,PP,0.0000,0.0000,7.7000,15.4000,23.1000
2024-07-16,5230,Springer,Prüfer BS,0.0000,0.0000,0.0000,0.0000,0.0000
2024-07-16,5231,MR1,MR1 Endmaße BS,0.0000,0.0000,7.7000,29.1000,36.8000
2024-07-16,5232,MR7,MR7 Lehren BS,0.0000,0.0000,15.4000,53.9000,69.3000
2024-07-16,5233,MR4,MR4 Lohnmessung BS,0.0000,0.0000,0.0000,7.7000,7.7000
2024-07-16,5234,MR2,MR2 Drehmoment BS,0.0000,0.0000,15.4000,23.1000,38.5000
2024-07-16,5235,MR6,MR6 Messschieber BS,0.0000,0.0000,15.4000,28.1000,43.5000
2024-07-16,5236,MR3,MR3 Messuhren BS,0.0000,7.7000,7.7000,15.4000,30.8000
2024-07-16,5237,MR9,MR9 Elektro BS,0.0000,0.0000,0.0000,23.1000,23.1000
2024-07-16,5238,MR8,MR8 Temperatur BS,0.0000,0.0000,0.0000,7.7000,7.7000
2024-07-16,5239,MR5,MR5 Bügelmesss. BS,0.0000,7.7000,0.0000,38.5000,46.2000
2024-07-16,5240,AV,Arbeitsvorbereit. BS,0.0000,0.0000,20.4000,67.6000,88.0000
2024-07-17,5211,MR11,MR11 Koordinatenm BS,0.0000,0.0000,7.7000,15.4000,23.1000
2024-07-17,5222,WE,WE BS,0.0000,0.0000,15.4000,53.9000,69.3000
2024-07-17,5223,WA,WA BS,0.0000,7.7000,0.0000,15.4000,23.1000
2024-07-17,5225,Packplatz,PP,0.0000,0.0000,7.7000,15.4000,23.1000
2024-07-17,5230,Springer,Prüfer BS,0.0000,0.0000,0.0000,0.0000,0.0000
2024-07-17,5231,MR1,MR1 Endmaße BS,0.0000,0.0000,15.4000,21.4000,36.8000
2024-07-17,5232,MR7,MR7 Lehren BS,0.0000,0.0000,7.7000,61.6000,69.3000
2024-07-17,5233,MR4,MR4 Lohnmessung BS,0.0000,0.0000,0.0000,7.7000,7.7000
2024-07-17,5234,MR2,MR2 Drehmoment BS,0.0000,0.0000,15.4000,23.1000,38.5000
2024-07-17,5235,MR6,MR6 Messschieber BS,0.0000,0.0000,15.4000,28.1000,43.5000
2024-07-17,5236,MR3,MR3 Messuhren BS,0.0000,7.7000,15.4000,15.4000,38.5000
2024-07-17,5237,MR9,MR9 Elektro BS,0.0000,0.0000,0.0000,23.1000,23.1000
2024-07-17,5238,MR8,MR8 Temperatur BS,0.0000,0.0000,0.0000,7.7000,7.7000
2024-07-17,5239,MR5,MR5 Bügelmesss. BS,0.0000,7.7000,0.0000,38.5000,46.2000
2024-07-17,5240,AV,Arbeitsvorbereit. BS,0.0000,0.0000,15.4000,67.6000,83.0000
2024-07-18,5211,MR11,MR11 Koordinatenm BS,0.0000,0.0000,7.7000,15.4000,23.1000
2024-07-18,5222,WE,WE BS,0.0000,0.0000,15.4000,53.9000,69.3000
2024-07-18,5223,WA,WA BS,0.0000,15.4000,0.0000,7.7000,23.1000
2024-07-18,5225,Packplatz,PP,0.0000,0.0000,7.7000,15.4000,23.1000
2024-07-18,5230,Springer,Prüfer BS,0.0000,0.0000,0.0000,0.0000,0.0000
2024-07-18,5231,MR1,MR1 Endmaße BS,7.7000,6.0000,7.7000,15.4000,36.8000
2024-07-18,5232,MR7,MR7 Lehren BS,0.0000,0.0000,7.7000,61.6000,69.3000
2024-07-18,5233,MR4,MR4 Lohnmessung BS,0.0000,0.0000,0.0000,7.7000,7.7000
2024-07-18,5234,MR2,MR2 Drehmoment BS,0.0000,0.0000,15.4000,23.1000,38.5000
2024-07-18,5235,MR6,MR6 Messschieber BS,0.0000,0.0000,15.4000,28.1000,43.5000
2024-07-18,5236,MR3,MR3 Messuhren BS,0.0000,0.0000,7.7000,30.8000,38.5000
2024-07-18,5237,MR9,MR9 Elektro BS,0.0000,0.0000,0.0000,23.1000,23.1000
2024-07-18,5238,MR8,MR8 Temperatur BS,0.0000,0.0000,0.0000,7.7000,7.7000
2024-07-18,5239,MR5,MR5 Bügelmesss. BS,0.0000,7.7000,0.0000,38.5000,46.2000
2024-07-18,5240,AV,Arbeitsvorbereit. BS,0.0000,7.7000,20.4000,59.9000,88.0000
2024-07-19,5211,MR11,MR11 Koordinatenm BS,0.0000,0.0000,7.7000,15.4000,23.1000
2024-07-19,5222,WE,WE BS,0.0000,0.0000,23.1000,46.2000,69.3000
2024-07-19,5223,WA,WA BS,0.0000,0.0000,0.0000,15.4000,15.4000
2024-07-19,5225,Packplatz,PP,0.0000,0.0000,7.7000,15.4000,23.1000
2024-07-19,5230,Springer,Prüfer BS,0.0000,0.0000,0.0000,0.0000,0.0000
2024-07-19,5231,MR1,MR1 Endmaße BS,7.7000,0.0000,7.7000,21.4000,36.8000
2024-07-19,5232,MR7,MR7 Lehren BS,0.0000,0.0000,15.4000,53.9000,69.3000
2024-07-19,5233,MR4,MR4 Lohnmessung BS,0.0000,0.0000,0.0000,7.7000,7.7000
2024-07-19,5234,MR2,MR2 Drehmoment BS,0.0000,0.0000,23.1000,15.4000,38.5000
2024-07-19,5235,MR6,MR6 Messschieber BS,0.0000,0.0000,15.4000,28.1000,43.5000
2024-07-19,5236,MR3,MR3 Messuhren BS,0.0000,0.0000,7.7000,23.1000,30.8000
2024-07-19,5237,MR9,MR9 Elektro BS,0.0000,0.0000,0.0000,23.1000,23.1000
2024-07-19,5238,MR8,MR8 Temperatur BS,0.0000,0.0000,0.0000,7.7000,7.7000
2024-07-19,5239,MR5,MR5 Bügelmesss. BS,0.0000,7.7000,0.0000,23.1000,30.8000
2024-07-19,5240,AV,Arbeitsvorbereit. BS,0.0000,0.0000,28.1000,59.9000,88.0000
2024-07-22,5211,MR11,MR11 Koordinatenm BS,7.7000,0.0000,7.7000,7.7000,23.1000
2024-07-22,5222,WE,WE BS,0.0000,0.0000,7.7000,61.6000,69.3000
2024-07-22,5223,WA,WA BS,0.0000,0.0000,0.0000,23.1000,23.1000
2024-07-22,5225,Packplatz,PP,0.0000,0.0000,15.4000,13.7000,29.1000
2024-07-22,5230,Springer,Prüfer BS,0.0000,0.0000,0.0000,0.0000,0.0000
2024-07-22,5231,MR1,MR1 Endmaße BS,0.0000,0.0000,7.7000,21.4000,29.1000
2024-07-22,5232,MR7,MR7 Lehren BS,0.0000,0.0000,7.7000,61.6000,69.3000
2024-07-22,5233,MR4,MR4 Lohnmessung BS,0.0000,0.0000,0.0000,7.7000,7.7000
2024-07-22,5234,MR2,MR2 Drehmoment BS,0.0000,0.0000,7.7000,30.8000,38.5000
2024-07-22,5235,MR6,MR6 Messschieber BS,0.0000,0.0000,15.4000,28.1000,43.5000
2024-07-22,5236,MR3,MR3 Messuhren BS,0.0000,0.0000,15.4000,30.8000,46.2000
2024-07-22,5237,MR9,MR9 Elektro BS,0.0000,0.0000,7.7000,15.4000,23.1000
2024-07-22,5238,MR8,MR8 Temperatur BS,0.0000,0.0000,0.0000,0.0000,0.0000
2024-07-22,5239,MR5,MR5 Bügelmesss. BS,0.0000,7.7000,15.4000,23.1000,46.2000
2024-07-22,5240,AV,Arbeitsvorbereit. BS,0.0000,0.0000,5.0000,83.0000,88.0000
2024-07-23,5211,MR11,MR11 Koordinatenm BS,7.7000,0.0000,7.7000,7.7000,23.1000
2024-07-23,5222,WE,WE BS,0.0000,0.0000,7.7000,61.6000,69.3000
2024-07-23,5223,WA,WA BS,0.0000,0.0000,0.0000,23.1000,23.1000
2024-07-23,5225,Packplatz,PP,0.0000,0.0000,15.4000,7.7000,23.1000
2024-07-23,5230,Springer,Prüfer BS,0.0000,0.0000,0.0000,0.0000,0.0000
2024-07-23,5231,MR1,MR1 Endmaße BS,0.0000,0.0000,15.4000,21.4000,36.8000
2024-07-23,5232,MR7,MR7 Lehren BS,0.0000,0.0000,7.7000,61.6000,69.3000
2024-07-23,5233,MR4,MR4 Lohnmessung BS,0.0000,0.0000,0.0000,7.7000,7.7000
2024-07-23,5234,MR2,MR2 Drehmoment BS,0.0000,0.0000,0.0000,38.5000,38.5000
2024-07-23,5235,MR6,MR6 Messschieber BS,0.0000,0.0000,7.7000,28.1000,35.8000
2024-07-23,5236,MR3,MR3 Messuhren BS,0.0000,0.0000,7.7000,38.5000,46.2000
2024-07-23,5237,MR9,MR9 Elektro BS,0.0000,0.0000,7.7000,15.4000,23.1000
2024-07-23,5238,MR8,MR8 Temperatur BS,0.0000,0.0000,0.0000,7.7000,7.7000
2024-07-23,5239,MR5,MR5 Bügelmesss. BS,0.0000,15.4000,15.4000,15.4000,46.2000
2024-07-23,5240,AV,Arbeitsvorbereit. BS,0.0000,0.0000,5.0000,83.0000,88.0000
2024-07-24,5211,MR11,MR11 Koordinatenm BS,7.7000,0.0000,7.7000,7.7000,23.1000
2024-07-24,5212,MR12,MR12 Druck BS,0.0000,0.0000,0.0000,7.7000,7.7000
2024-07-24,5222,WE,WE BS,0.0000,0.0000,7.7000,61.6000,69.3000
2024-07-24,5223,WA,WA BS,0.0000,0.0000,0.0000,23.1000,23.1000
2024-07-24,5225,Packplatz,PP,0.0000,0.0000,15.4000,7.7000,23.1000
2024-07-24,5230,Springer,Prüfer BS,0.0000,0.0000,0.0000,0.0000,0.0000
2024-07-24,5231,MR1,MR1 Endmaße BS,0.0000,0.0000,15.4000,21.4000,36.8000
2024-07-24,5232,MR7,MR7 Lehren BS,0.0000,7.7000,7.7000,53.9000,69.3000
2024-07-24,5233,MR4,MR4 Lohnmessung BS,0.0000,0.0000,0.0000,7.7000,7.7000
2024-07-24,5234,MR2,MR2 Drehmoment BS,0.0000,0.0000,0.0000,30.8000,30.8000
2024-07-24,5235,MR6,MR6 Messschieber BS,0.0000,7.7000,15.4000,20.4000,43.5000
2024-07-24,5236,MR3,MR3 Messuhren BS,0.0000,0.0000,7.7000,38.5000,46.2000
2024-07-24,5237,MR9,MR9 Elektro BS,0.0000,0.0000,7.7000,15.4000,23.1000
2024-07-24,5238,MR8,MR8 Temperatur BS,0.0000,0.0000,0.0000,7.7000,7.7000
2024-07-24,5239,MR5,MR5 Bügelmesss. BS,0.0000,7.7000,15.4000,23.1000,46.2000
2024-07-24,5240,AV,Arbeitsvorbereit. BS,0.0000,7.7000,0.0000,75.3000,83.0000
2024-07-25,5211,MR11,MR11 Koordinatenm BS,7.7000,0.0000,7.7000,7.7000,23.1000
2024-07-25,5222,WE,WE BS,0.0000,0.0000,7.7000,61.6000,69.3000
2024-07-25,5223,WA,WA BS,0.0000,0.0000,0.0000,23.1000,23.1000
2024-07-25,5225,Packplatz,PP,0.0000,0.0000,15.4000,7.7000,23.1000
2024-07-25,5230,Springer,Prüfer BS,0.0000,0.0000,0.0000,0.0000,0.0000
2024-07-25,5231,MR1,MR1 Endmaße BS,0.0000,0.0000,15.4000,21.4000,36.8000
2024-07-25,5232,MR7,MR7 Lehren BS,0.0000,7.7000,7.7000,53.9000,69.3000
2024-07-25,5233,MR4,MR4 Lohnmessung BS,0.0000,0.0000,0.0000,7.7000,7.7000
2024-07-25,5234,MR2,MR2 Drehmoment BS,0.0000,0.0000,0.0000,38.5000,38.5000
2024-07-25,5235,MR6,MR6 Messschieber BS,0.0000,15.4000,7.7000,20.4000,43.5000
2024-07-25,5236,MR3,MR3 Messuhren BS,0.0000,0.0000,7.7000,38.5000,46.2000
2024-07-25,5237,MR9,MR9 Elektro BS,0.0000,0.0000,7.7000,15.4000,23.1000
2024-07-25,5238,MR8,MR8 Temperatur BS,0.0000,0.0000,0.0000,7.7000,7.7000
2024-07-25,5239,MR5,MR5 Bügelmesss. BS,0.0000,15.4000,15.4000,15.4000,46.2000
2024-07-25,5240,AV,Arbeitsvorbereit. BS,7.7000,7.7000,5.0000,67.6000,88.0000
2024-07-26,5211,MR11,MR11 Koordinatenm BS,7.7000,0.0000,7.7000,7.7000,23.1000
2024-07-26,5222,WE,WE BS,0.0000,0.0000,7.7000,61.6000,69.3000
2024-07-26,5223,WA,WA BS,0.0000,0.0000,0.0000,15.4000,15.4000
2024-07-26,5225,Packplatz,PP,0.0000,0.0000,15.4000,7.7000,23.1000
2024-07-26,5230,Springer,Prüfer BS,0.0000,0.0000,0.0000,0.0000,0.0000
2024-07-26,5231,MR1,MR1 Endmaße BS,0.0000,0.0000,15.4000,21.4000,36.8000
2024-07-26,5232,MR7,MR7 Lehren BS,0.0000,7.7000,15.4000,46.2000,69.3000
2024-07-26,5233,MR4,MR4 Lohnmessung BS,0.0000,0.0000,0.0000,7.7000,7.7000
2024-07-26,5234,MR2,MR2 Drehmoment BS,0.0000,0.0000,0.0000,38.5000,38.5000
2024-07-26,5235,MR6,MR6 Messschieber BS,0.0000,15.4000,7.7000,20.4000,43.5000
2024-07-26,5236,MR3,MR3 Messuhren BS,0.0000,0.0000,0.0000,38.5000,38.5000
2024-07-26,5237,MR9,MR9 Elektro BS,0.0000,0.0000,7.7000,15.4000,23.1000
2024-07-26,5238,MR8,MR8 Temperatur BS,0.0000,0.0000,0.0000,7.7000,7.7000
2024-07-26,5239,MR5,MR5 Bügelmesss. BS,0.0000,15.4000,15.4000,15.4000,46.2000
2024-07-26,5240,AV,Arbeitsvorbereit. BS,7.7000,7.7000,5.0000,67.6000,88.0000
2024-07-29,5211,MR11,MR11 Koordinatenm BS,0.0000,0.0000,0.0000,15.4000,15.4000
2024-07-29,5222,WE,WE BS,0.0000,0.0000,7.7000,61.6000,69.3000
2024-07-29,5223,WA,WA BS,0.0000,0.0000,0.0000,15.4000,15.4000
2024-07-29,5225,Packplatz,PP,0.0000,0.0000,15.4000,7.7000,23.1000
2024-07-29,5230,Springer,Prüfer BS,0.0000,0.0000,0.0000,0.0000,0.0000
2024-07-29,5231,MR1,MR1 Endmaße BS,0.0000,0.0000,0.0000,29.1000,29.1000
2024-07-29,5232,MR7,MR7 Lehren BS,0.0000,0.0000,15.4000,53.9000,69.3000
2024-07-29,5233,MR4,MR4 Lohnmessung BS,0.0000,0.0000,0.0000,7.7000,7.7000
2024-07-29,5234,MR2,MR2 Drehmoment BS,0.0000,0.0000,0.0000,38.5000,38.5000
2024-07-29,5235,MR6,MR6 Messschieber BS,0.0000,7.7000,7.7000,28.1000,43.5000
2024-07-29,5236,MR3,MR3 Messuhren BS,0.0000,0.0000,15.4000,30.8000,46.2000
2024-07-29,5237,MR9,MR9 Elektro BS,0.0000,0.0000,7.7000,15.4000,23.1000
2024-07-29,5238,MR8,MR8 Temperatur BS,0.0000,0.0000,0.0000,7.7000,7.7000
2024-07-29,5239,MR5,MR5 Bügelmesss. BS,0.0000,7.7000,15.4000,23.1000,46.2000
2024-07-29,5240,AV,Arbeitsvorbereit. BS,0.0000,0.0000,12.7000,75.3000,88.0000
2024-07-30,5211,MR11,MR11 Koordinatenm BS,0.0000,0.0000,0.0000,15.4000,15.4000
2024-07-30,5222,WE,WE BS,0.0000,0.0000,7.7000,61.6000,69.3000
2024-07-30,5223,WA,WA BS,0.0000,0.0000,0.0000,23.1000,23.1000
2024-07-30,5225,Packplatz,PP,0.0000,0.0000,15.4000,7.7000,23.1000
2024-07-30,5230,Springer,Prüfer BS,0.0000,0.0000,0.0000,0.0000,0.0000
2024-07-30,5231,MR1,MR1 Endmaße BS,0.0000,0.0000,0.0000,36.8000,36.8000
2024-07-30,5232,MR7,MR7 Lehren BS,0.0000,0.0000,15.4000,53.9000,69.3000
2024-07-30,5233,MR4,MR4 Lohnmessung BS,0.0000,0.0000,0.0000,7.7000,7.7000
2024-07-30,5234,MR2,MR2 Drehmoment BS,0.0000,0.0000,0.0000,38.5000,38.5000
2024-07-30,5235,MR6,MR6 Messschieber BS,0.0000,7.7000,7.7000,28.1000,43.5000
2024-07-30,5236,MR3,MR3 Messuhren BS,0.0000,0.0000,15.4000,30.8000,46.2000
2024-07-30,5237,MR9,MR9 Elektro BS,0.0000,0.0000,7.7000,15.4000,23.1000
2024-07-30,5238,MR8,MR8 Temperatur BS,0.0000,0.0000,0.0000,7.7000,7.7000
2024-07-30,5239,MR5,MR5 Bügelmesss. BS,0.0000,7.7000,15.4000,23.1000,46.2000
2024-07-30,5240,AV,Arbeitsvorbereit. BS,0.0000,0.0000,12.7000,75.3000,88.0000
2024-07-31,5211,MR11,MR11 Koordinatenm BS,0.0000,0.0000,0.0000,15.4000,15.4000
2024-07-31,5222,WE,WE BS,0.0000,0.0000,15.4000,53.9000,69.3000
2024-07-31,5223,WA,WA BS,0.0000,0.0000,0.0000,23.1000,23.1000
2024-07-31,5225,Packplatz,PP,0.0000,0.0000,15.4000,7.7000,23.1000
2024-07-31,5230,Springer,Prüfer BS,0.0000,0.0000,0.0000,0.0000,0.0000
2024-07-31,5231,MR1,MR1 Endmaße BS,0.0000,0.0000,0.0000,36.8000,36.8000
2024-07-31,5232,MR7,MR7 Lehren BS,0.0000,0.0000,7.7000,61.6000,69.3000
2024-07-31,5233,MR4,MR4 Lohnmessung BS,0.0000,0.0000,0.0000,7.7000,7.7000
2024-07-31,5234,MR2,MR2 Drehmoment BS,0.0000,0.0000,0.0000,38.5000,38.5000
2024-07-31,5235,MR6,MR6 Messschieber BS,0.0000,7.7000,7.7000,28.1000,43.5000
2024-07-31,5236,MR3,MR3 Messuhren BS,0.0000,0.0000,15.4000,30.8000,46.2000
2024-07-31,5237,MR9,MR9 Elektro BS,0.0000,0.0000,7.7000,15.4000,23.1000
2024-07-31,5238,MR8,MR8 Temperatur BS,0.0000,0.0000,0.0000,7.7000,7.7000
2024-07-31,5239,MR5,MR5 Bügelmesss. BS,0.0000,0.0000,15.4000,23.1000,38.5000
2024-07-31,5240,AV,Arbeitsvorbereit. BS,0.0000,0.0000,7.7000,75.3000,83.0000
2024-08-01,5211,MR11,MR11 Koordinatenm BS,0.0000,0.0000,0.0000,15.4000,15.4000
2024-08-01,5222,WE,WE BS,0.0000,0.0000,15.4000,53.9000,69.3000
2024-08-01,5223,WA,WA BS,0.0000,0.0000,0.0000,23.1000,23.1000
2024-08-01,5225,Packplatz,PP,0.0000,0.0000,15.4000,7.7000,23.1000
2024-08-01,5230,Springer,Prüfer BS,0.0000,0.0000,0.0000,0.0000,0.0000
2024-08-01,5231,MR1,MR1 Endmaße BS,0.0000,0.0000,0.0000,36.8000,36.8000
2024-08-01,5232,MR7,MR7 Lehren BS,0.0000,0.0000,7.7000,61.6000,69.3000
2024-08-01,5233,MR4,MR4 Lohnmessung BS,0.0000,0.0000,0.0000,7.7000,7.7000
2024-08-01,5234,MR2,MR2 Drehmoment BS,0.0000,0.0000,0.0000,38.5000,38.5000
2024-08-01,5235,MR6,MR6 Messschieber BS,0.0000,7.7000,7.7000,28.1000,43.5000
2024-08-01,5236,MR3,MR3 Messuhren BS,0.0000,0.0000,7.7000,38.5000,46.2000
2024-08-01,5237,MR9,MR9 Elektro BS,0.0000,0.0000,7.7000,15.4000,23.1000
2024-08-01,5238,MR8,MR8 Temperatur BS,0.0000,0.0000,0.0000,7.7000,7.7000
2024-08-01,5239,MR5,MR5 Bügelmesss. BS,0.0000,0.0000,15.4000,23.1000,38.5000
2024-08-01,5240,AV,Arbeitsvorbereit. BS,0.0000,0.0000,20.4000,67.6000,88.0000
2024-08-02,5211,MR11,MR11 Koordinatenm BS,0.0000,0.0000,0.0000,15.4000,15.4000
2024-08-02,5222,WE,WE BS,0.0000,7.7000,15.4000,46.2000,69.3000
2024-08-02,5223,WA,WA BS,0.0000,7.7000,0.0000,7.7000,15.4000
2024-08-02,5225,Packplatz,PP,0.0000,0.0000,15.4000,7.7000,23.1000
2024-08-02,5230,Springer,Prüfer BS,0.0000,0.0000,0.0000,0.0000,0.0000
2024-08-02,5231,MR1,MR1 Endmaße BS,0.0000,0.0000,0.0000,29.1000,29.1000
2024-08-02,5232,MR7,MR7 Lehren BS,0.0000,0.0000,7.7000,61.6000,69.3000
2024-08-02,5233,MR4,MR4 Lohnmessung BS,0.0000,0.0000,0.0000,7.7000,7.7000
2024-08-02,5234,MR2,MR2 Drehmoment BS,0.0000,0.0000,0.0000,38.5000,38.5000
2024-08-02,5235,MR6,MR6 Messschieber BS,0.0000,7.7000,7.7000,28.1000,43.5000
2024-08-02,5236,MR3,MR3 Messuhren BS,0.0000,0.0000,0.0000,30.8000,30.8000
2024-08-02,5237,MR9,MR9 Elektro BS,0.0000,0.0000,7.7000,15.4000,23.1000
2024-08-02,5238,MR8,MR8 Temperatur BS,0.0000,0.0000,0.0000,7.7000,7.7000
2024-08-02,5239,MR5,MR5 Bügelmesss. BS,0.0000,0.0000,15.4000,23.1000,38.5000
2024-08-02,5240,AV,Arbeitsvorbereit. BS,0.0000,0.0000,28.1000,52.2000,80.3000
2024-08-05,5211,MR11,MR11 Koordinatenm BS,0.0000,0.0000,0.0000,15.4000,15.4000
2024-08-05,5222,WE,WE BS,0.0000,0.0000,7.7000,61.6000,69.3000
2024-08-05,5223,WA,WA BS,0.0000,7.7000,0.0000,15.4000,23.1000
2024-08-05,5225,Packplatz,PP,0.0000,0.0000,7.7000,15.4000,23.1000
2024-08-05,5230,Springer,Prüfer BS,0.0000,0.0000,0.0000,0.0000,0.0000
2024-08-05,5231,MR1,MR1 Endmaße BS,0.0000,0.0000,7.7000,13.7000,21.4000
2024-08-05,5232,MR7,MR7 Lehren BS,0.0000,0.0000,15.4000,53.9000,69.3000
2024-08-05,5233,MR4,MR4 Lohnmessung BS,0.0000,0.0000,0.0000,7.7000,7.7000
2024-08-05,5234,MR2,MR2 Drehmoment BS,0.0000,0.0000,7.7000,30.8000,38.5000
2024-08-05,5235,MR6,MR6 Messschieber BS,0.0000,7.7000,0.0000,35.8000,43.5000
2024-08-05,5236,MR3,MR3 Messuhren BS,0.0000,0.0000,7.7000,30.8000,38.5000
2024-08-05,5237,MR9,MR9 Elektro BS,0.0000,0.0000,15.4000,7.7000,23.1000
2024-08-05,5238,MR8,MR8 Temperatur BS,0.0000,0.0000,0.0000,7.7000,7.7000
2024-08-05,5239,MR5,MR5 Bügelmesss. BS,0.0000,0.0000,7.7000,30.8000,38.5000
2024-08-05,5240,AV,Arbeitsvorbereit. BS,0.0000,0.0000,7.7000,80.3000,88.0000
2024-08-06,5211,MR11,MR11 Koordinatenm BS,0.0000,0.0000,0.0000,23.1000,23.1000
2024-08-06,5222,WE,WE BS,0.0000,7.7000,7.7000,53.9000,69.3000
2024-08-06,5223,WA,WA BS,0.0000,7.7000,0.0000,15.4000,23.1000
2024-08-06,5225,Packplatz,PP,0.0000,0.0000,7.7000,15.4000,23.1000
2024-08-06,5230,Springer,Prüfer BS,0.0000,0.0000,0.0000,0.0000,0.0000
2024-08-06,5231,MR1,MR1 Endmaße BS,0.0000,0.0000,7.7000,21.4000,29.1000
2024-08-06,5232,MR7,MR7 Lehren BS,0.0000,0.0000,15.4000,46.2000,61.6000
2024-08-06,5233,MR4,MR4 Lohnmessung BS,0.0000,0.0000,0.0000,7.7000,7.7000
2024-08-06,5234,MR2,MR2 Drehmoment BS,0.0000,0.0000,15.4000,23.1000,38.5000
2024-08-06,5235,MR6,MR6 Messschieber BS,0.0000,7.7000,0.0000,35.8000,43.5000
2024-08-06,5236,MR3,MR3 Messuhren BS,0.0000,0.0000,0.0000,38.5000,38.5000
2024-08-06,5237,MR9,MR9 Elektro BS,0.0000,0.0000,15.4000,7.7000,23.1000
2024-08-06,5238,MR8,MR8 Temperatur BS,0.0000,0.0000,0.0000,7.7000,7.7000
2024-08-06,5239,MR5,MR5 Bügelmesss. BS,0.0000,0.0000,7.7000,30.8000,38.5000
2024-08-06,5240,AV,Arbeitsvorbereit. BS,0.0000,0.0000,7.7000,80.3000,88.0000
2024-08-07,5211,MR11,MR11 Koordinatenm BS,0.0000,0.0000,0.0000,23.1000,23.1000
2024-08-07,5222,WE,WE BS,0.0000,7.7000,7.7000,53.9000,69.3000
2024-08-07,5223,WA,WA BS,0.0000,7.7000,0.0000,15.4000,23.1000
2024-08-07,5225,Packplatz,PP,0.0000,0.0000,7.7000,15.4000,23.1000
2024-08-07,5230,Springer,Prüfer BS,0.0000,0.0000,0.0000,0.0000,0.0000
2024-08-07,5231,MR1,MR1 Endmaße BS,0.0000,0.0000,7.7000,21.4000,29.1000
2024-08-07,5232,MR7,MR7 Lehren BS,0.0000,0.0000,15.4000,53.9000,69.3000
2024-08-07,5233,MR4,MR4 Lohnmessung BS,0.0000,0.0000,0.0000,7.7000,7.7000
2024-08-07,5234,MR2,MR2 Drehmoment BS,0.0000,0.0000,15.4000,23.1000,38.5000
2024-08-07,5235,MR6,MR6 Messschieber BS,0.0000,7.7000,0.0000,35.8000,43.5000
2024-08-07,5236,MR3,MR3 Messuhren BS,0.0000,0.0000,0.0000,38.5000,38.5000
2024-08-07,5237,MR9,MR9 Elektro BS,0.0000,0.0000,15.4000,7.7000,23.1000
2024-08-07,5238,MR8,MR8 Temperatur BS,0.0000,0.0000,0.0000,7.7000,7.7000
2024-08-07,5239,MR5,MR5 Bügelmesss. BS,0.0000,0.0000,7.7000,30.8000,38.5000
2024-08-07,5240,AV,Arbeitsvorbereit. BS,0.0000,0.0000,0.0000,77.0000,77.0000
2024-08-08,5211,MR11,MR11 Koordinatenm BS,0.0000,0.0000,0.0000,23.1000,23.1000
2024-08-08,5222,WE,WE BS,0.0000,7.7000,7.7000,53.9000,69.3000
2024-08-08,5223,WA,WA BS,0.0000,7.7000,0.0000,15.4000,23.1000
2024-08-08,5225,Packplatz,PP,0.0000,0.0000,7.7000,15.4000,23.1000
2024-08-08,5230,Springer,Prüfer BS,0.0000,0.0000,0.0000,0.0000,0.0000
2024-08-08,5231,MR1,MR1 Endmaße BS,0.0000,0.0000,7.7000,21.4000,29.1000
2024-08-08,5232,MR7,MR7 Lehren BS,0.0000,0.0000,15.4000,53.9000,69.3000
2024-08-08,5233,MR4,MR4 Lohnmessung BS,0.0000,0.0000,0.0000,7.7000,7.7000
2024-08-08,5234,MR2,MR2 Drehmoment BS,0.0000,0.0000,15.4000,23.1000,38.5000
2024-08-08,5235,MR6,MR6 Messschieber BS,0.0000,7.7000,0.0000,35.8000,43.5000
2024-08-08,5236,MR3,MR3 Messuhren BS,0.0000,0.0000,0.0000,30.8000,30.8000
2024-08-08,5237,MR9,MR9 Elektro BS,0.0000,0.0000,15.4000,7.7000,23.1000
2024-08-08,5238,MR8,MR8 Temperatur BS,0.0000,0.0000,0.0000,7.7000,7.7000
2024-08-08,5239,MR5,MR5 Bügelmesss. BS,0.0000,0.0000,7.7000,30.8000,38.5000
2024-08-08,5240,AV,Arbeitsvorbereit. BS,0.0000,0.0000,0.0000,82.0000,82.0000
2024-08-09,5211,MR11,MR11 Koordinatenm BS,0.0000,0.0000,0.0000,15.4000,15.4000
2024-08-09,5222,WE,WE BS,0.0000,7.7000,7.7000,53.9000,69.3000
2024-08-09,5223,WA,WA BS,0.0000,7.7000,0.0000,7.7000,15.4000
2024-08-09,5225,Packplatz,PP,0.0000,0.0000,7.7000,15.4000,23.1000
2024-08-09,5230,Springer,Prüfer BS,0.0000,0.0000,0.0000,0.0000,0.0000
2024-08-09,5231,MR1,MR1 Endmaße BS,0.0000,0.0000,7.7000,13.7000,21.4000
2024-08-09,5232,MR7,MR7 Lehren BS,0.0000,0.0000,23.1000,38.5000,61.6000
2024-08-09,5233,MR4,MR4 Lohnmessung BS,0.0000,0.0000,0.0000,0.0000,0.0000
2024-08-09,5234,MR2,MR2 Drehmoment BS,0.0000,0.0000,15.4000,23.1000,38.5000
2024-08-09,5235,MR6,MR6 Messschieber BS,0.0000,7.7000,0.0000,28.1000,35.8000
2024-08-09,5236,MR3,MR3 Messuhren BS,0.0000,0.0000,0.0000,23.1000,23.1000
2024-08-09,5237,MR9,MR9 Elektro BS,0.0000,0.0000,15.4000,7.7000,23.1000
2024-08-09,5238,MR8,MR8 Temperatur BS,0.0000,0.0000,0.0000,7.7000,7.7000
2024-08-09,5239,MR5,MR5 Bügelmesss. BS,0.0000,0.0000,7.7000,30.8000,38.5000
2024-08-09,5240,AV,Arbeitsvorbereit. BS,0.0000,0.0000,23.1000,53.9000,77.0000
2024-08-12,5211,MR11,MR11 Koordinatenm BS,0.0000,0.0000,0.0000,23.1000,23.1000
2024-08-12,5222,WE,WE BS,0.0000,0.0000,7.7000,61.6000,69.3000
2024-08-12,5223,WA,WA BS,0.0000,7.7000,0.0000,7.7000,15.4000
2024-08-12,5225,Packplatz,PP,0.0000,0.0000,0.0000,23.1000,23.1000
2024-08-12,5230,Springer,Prüfer BS,0.0000,0.0000,0.0000,0.0000,0.0000
2024-08-12,5231,MR1,MR1 Endmaße BS,0.0000,0.0000,7.7000,7.7000,15.4000
2024-08-12,5232,MR7,MR7 Lehren BS,0.0000,0.0000,15.4000,53.9000,69.3000
2024-08-12,5233,MR4,MR4 Lohnmessung BS,0.0000,0.0000,0.0000,7.7000,7.7000
2024-08-12,5234,MR2,MR2 Drehmoment BS,0.0000,0.0000,15.4000,23.1000,38.5000
2024-08-12,5235,MR6,MR6 Messschieber BS,0.0000,0.0000,15.4000,28.1000,43.5000
2024-08-12,5236,MR3,MR3 Messuhren BS,0.0000,0.0000,7.7000,30.8000,38.5000
2024-08-12,5237,MR9,MR9 Elektro BS,0.0000,0.0000,0.0000,23.1000,23.1000
2024-08-12,5238,MR8,MR8 Temperatur BS,0.0000,0.0000,0.0000,0.0000,0.0000
2024-08-12,5239,MR5,MR5 Bügelmesss. BS,0.0000,0.0000,0.0000,38.5000,38.5000
2024-08-12,5240,AV,Arbeitsvorbereit. BS,0.0000,0.0000,15.4000,64.9000,80.3000
2024-08-13,5211,MR11,MR11 Koordinatenm BS,0.0000,0.0000,0.0000,15.4000,15.4000
2024-08-13,5222,WE,WE BS,0.0000,0.0000,7.7000,61.6000,69.3000
2024-08-13,5223,WA,WA BS,0.0000,7.7000,0.0000,15.4000,23.1000
2024-08-13,5225,Packplatz,PP,0.0000,0.0000,0.0000,23.1000,23.1000
2024-08-13,5230,Springer,Prüfer BS,0.0000,0.0000,0.0000,0.0000,0.0000
2024-08-13,5231,MR1,MR1 Endmaße BS,0.0000,0.0000,7.7000,21.4000,29.1000
2024-08-13,5232,MR7,MR7 Lehren BS,0.0000,7.7000,15.4000,46.2000,69.3000
2024-08-13,5233,MR4,MR4 Lohnmessung BS,0.0000,0.0000,0.0000,7.7000,7.7000
2024-08-13,5234,MR2,MR2 Drehmoment BS,0.0000,0.0000,15.4000,23.1000,38.5000
2024-08-13,5235,MR6,MR6 Messschieber BS,0.0000,7.7000,7.7000,28.1000,43.5000
2024-08-13,5236,MR3,MR3 Messuhren BS,0.0000,7.7000,0.0000,30.8000,38.5000
2024-08-13,5237,MR9,MR9 Elektro BS,0.0000,0.0000,0.0000,23.1000,23.1000
2024-08-13,5238,MR8,MR8 Temperatur BS,0.0000,0.0000,0.0000,7.7000,7.7000
2024-08-13,5239,MR5,MR5 Bügelmesss. BS,0.0000,7.7000,0.0000,30.8000,38.5000
2024-08-13,5240,AV,Arbeitsvorbereit. BS,0.0000,0.0000,23.1000,57.2000,80.3000
2024-08-14,5211,MR11,MR11 Koordinatenm BS,0.0000,0.0000,0.0000,23.1000,23.1000
2024-08-14,5222,WE,WE BS,0.0000,0.0000,7.7000,61.6000,69.3000
2024-08-14,5223,WA,WA BS,0.0000,7.7000,0.0000,15.4000,23.1000
2024-08-14,5225,Packplatz,PP,0.0000,0.0000,7.7000,15.4000,23.1000
2024-08-14,5230,Springer,Prüfer BS,0.0000,0.0000,0.0000,0.0000,0.0000
2024-08-14,5231,MR1,MR1 Endmaße BS,0.0000,0.0000,7.7000,21.4000,29.1000
2024-08-14,5232,MR7,MR7 Lehren BS,0.0000,0.0000,15.4000,53.9000,69.3000
2024-08-14,5233,MR4,MR4 Lohnmessung BS,0.0000,0.0000,0.0000,7.7000,7.7000
2024-08-14,5234,MR2,MR2 Drehmoment BS,0.0000,0.0000,15.4000,23.1000,38.5000
2024-08-14,5235,MR6,MR6 Messschieber BS,0.0000,7.7000,7.7000,20.4000,35.8000
2024-08-14,5236,MR3,MR3 Messuhren BS,0.0000,7.7000,0.0000,30.8000,38.5000
2024-08-14,5237,MR9,MR9 Elektro BS,0.0000,0.0000,0.0000,23.1000,23.1000
2024-08-14,5238,MR8,MR8 Temperatur BS,0.0000,0.0000,0.0000,7.7000,7.7000
2024-08-14,5239,MR5,MR5 Bügelmesss. BS,0.0000,7.7000,0.0000,30.8000,38.5000
2024-08-14,5240,AV,Arbeitsvorbereit. BS,0.0000,0.0000,15.4000,59.9000,75.3000
2024-08-15,5211,MR11,MR11 Koordinatenm BS,0.0000,0.0000,0.0000,23.1000,23.1000
2024-08-15,5222,WE,WE BS,0.0000,0.0000,0.0000,69.3000,69.3000
2024-08-15,5223,WA,WA BS,0.0000,7.7000,0.0000,15.4000,23.1000
2024-08-15,5225,Packplatz,PP,0.0000,0.0000,7.7000,15.4000,23.1000
2024-08-15,5230,Springer,Prüfer BS,0.0000,0.0000,0.0000,0.0000,0.0000
2024-08-15,5231,MR1,MR1 Endmaße BS,0.0000,0.0000,7.7000,21.4000,29.1000
2024-08-15,5232,MR7,MR7 Lehren BS,0.0000,0.0000,15.4000,53.9000,69.3000
2024-08-15,5233,MR4,MR4 Lohnmessung BS,0.0000,0.0000,0.0000,7.7000,7.7000
2024-08-15,5234,MR2,MR2 Drehmoment BS,0.0000,0.0000,15.4000,23.1000,38.5000
2024-08-15,5235,MR6,MR6 Messschieber BS,0.0000,7.7000,7.7000,15.4000,30.8000
2024-08-15,5236,MR3,MR3 Messuhren BS,0.0000,7.7000,0.0000,30.8000,38.5000
2024-08-15,5237,MR9,MR9 Elektro BS,0.0000,0.0000,0.0000,23.1000,23.1000
2024-08-15,5238,MR8,MR8 Temperatur BS,0.0000,0.0000,0.0000,7.7000,7.7000
2024-08-15,5239,MR5,MR5 Bügelmesss. BS,0.0000,7.7000,0.0000,30.8000,38.5000
2024-08-15,5240,AV,Arbeitsvorbereit. BS,0.0000,0.0000,15.4000,64.9000,80.3000
2024-08-16,5211,MR11,MR11 Koordinatenm BS,0.0000,0.0000,0.0000,23.1000,23.1000
2024-08-16,5222,WE,WE BS,0.0000,0.0000,0.0000,69.3000,69.3000
2024-08-16,5223,WA,WA BS,0.0000,7.7000,0.0000,7.7000,15.4000
2024-08-16,5225,Packplatz,PP,0.0000,0.0000,7.7000,15.4000,23.1000
2024-08-16,5230,Springer,Prüfer BS,0.0000,0.0000,0.0000,0.0000,0.0000
2024-08-16,5231,MR1,MR1 Endmaße BS,0.0000,7.7000,7.7000,13.7000,29.1000
2024-08-16,5232,MR7,MR7 Lehren BS,0.0000,0.0000,15.4000,53.9000,69.3000
2024-08-16,5233,MR4,MR4 Lohnmessung BS,0.0000,0.0000,0.0000,7.7000,7.7000
2024-08-16,5234,MR2,MR2 Drehmoment BS,0.0000,0.0000,15.4000,23.1000,38.5000
2024-08-16,5235,MR6,MR6 Messschieber BS,0.0000,7.7000,15.4000,20.4000,43.5000
2024-08-16,5236,MR3,MR3 Messuhren BS,0.0000,0.0000,0.0000,30.8000,30.8000
2024-08-16,5237,MR9,MR9 Elektro BS,0.0000,0.0000,0.0000,7.7000,7.7000
2024-08-16,5238,MR8,MR8 Temperatur BS,0.0000,0.0000,0.0000,7.7000,7.7000
2024-08-16,5239,MR5,MR5 Bügelmesss. BS,0.0000,7.7000,0.0000,30.8000,38.5000
2024-08-16,5240,AV,Arbeitsvorbereit. BS,0.0000,0.0000,15.4000,52.2000,67.6000
2024-08-19,5211,MR11,MR11 Koordinatenm BS,0.0000,0.0000,0.0000,23.1000,23.1000
2024-08-19,5222,WE,WE BS,0.0000,0.0000,0.0000,69.3000,69.3000
2024-08-19,5223,WA,WA BS,0.0000,7.7000,7.7000,7.7000,23.1000
2024-08-19,5225,Packplatz,PP,0.0000,0.0000,7.7000,15.4000,23.1000
2024-08-19,5230,Springer,Prüfer BS,0.0000,0.0000,0.0000,0.0000,0.0000
2024-08-19,5231,MR1,MR1 Endmaße BS,0.0000,0.0000,7.7000,13.7000,21.4000
2024-08-19,5232,MR7,MR7 Lehren BS,0.0000,0.0000,7.7000,53.9000,61.6000
2024-08-19,5233,MR4,MR4 Lohnmessung BS,0.0000,0.0000,0.0000,0.0000,0.0000
2024-08-19,5234,MR2,MR2 Drehmoment BS,0.0000,0.0000,7.7000,30.8000,38.5000
2024-08-19,5235,MR6,MR6 Messschieber BS,0.0000,7.7000,7.7000,28.1000,43.5000
2024-08-19,5236,MR3,MR3 Messuhren BS,0.0000,0.0000,7.7000,38.5000,46.2000
2024-08-19,5237,MR9,MR9 Elektro BS,0.0000,0.0000,0.0000,23.1000,23.1000
2024-08-19,5238,MR8,MR8 Temperatur BS,0.0000,0.0000,0.0000,7.7000,7.7000
2024-08-19,5239,MR5,MR5 Bügelmesss. BS,0.0000,7.7000,7.7000,30.8000,46.2000
2024-08-19,5240,AV,Arbeitsvorbereit. BS,0.0000,0.0000,15.4000,67.6000,83.0000
2024-08-20,5211,MR11,MR11 Koordinatenm BS,23.1000,0.0000,0.0000,0.0000,23.1000
2024-08-20,5222,WE,WE BS,0.0000,0.0000,0.0000,61.6000,61.6000
2024-08-20,5223,WA,WA BS,0.0000,7.7000,7.7000,7.7000,23.1000
2024-08-20,5225,Packplatz,PP,0.0000,0.0000,7.7000,15.4000,23.1000
2024-08-20,5230,Springer,Prüfer BS,0.0000,0.0000,0.0000,0.0000,0.0000
2024-08-20,5231,MR1,MR1 Endmaße BS,0.0000,6.0000,7.7000,15.4000,29.1000
2024-08-20,5232,MR7,MR7 Lehren BS,0.0000,0.0000,7.7000,61.6000,69.3000
2024-08-20,5233,MR4,MR4 Lohnmessung BS,7.7000,0.0000,0.0000,0.0000,7.7000
2024-08-20,5234,MR2,MR2 Drehmoment BS,0.0000,0.0000,7.7000,23.1000,30.8000
2024-08-20,5235,MR6,MR6 Messschieber BS,0.0000,7.7000,7.7000,28.1000,43.5000
2024-08-20,5236,MR3,MR3 Messuhren BS,0.0000,7.7000,7.7000,30.8000,46.2000
2024-08-20,5237,MR9,MR9 Elektro BS,0.0000,0.0000,0.0000,23.1000,23.1000
2024-08-20,5238,MR8,MR8 Temperatur BS,0.0000,0.0000,0.0000,0.0000,0.0000
2024-08-20,5239,MR5,MR5 Bügelmesss. BS,0.0000,7.7000,7.7000,23.1000,38.5000
2024-08-20,5240,AV,Arbeitsvorbereit. BS,0.0000,0.0000,15.4000,72.6000,88.0000
2024-08-21,5211,MR11,MR11 Koordinatenm BS,23.1000,0.0000,0.0000,0.0000,23.1000
2024-08-21,5222,WE,WE BS,0.0000,7.7000,0.0000,61.6000,69.3000
2024-08-21,5223,WA,WA BS,0.0000,7.7000,7.7000,7.7000,23.1000
2024-08-21,5225,Packplatz,PP,0.0000,0.0000,0.0000,23.1000,23.1000
2024-08-21,5230,Springer,Prüfer BS,0.0000,0.0000,0.0000,0.0000,0.0000
2024-08-21,5231,MR1,MR1 Endmaße BS,0.0000,6.0000,7.7000,15.4000,29.1000
2024-08-21,5232,MR7,MR7 Lehren BS,0.0000,0.0000,15.4000,53.9000,69.3000
2024-08-21,5233,MR4,MR4 Lohnmessung BS,7.7000,0.0000,0.0000,0.0000,7.7000
2024-08-21,5234,MR2,MR2 Drehmoment BS,0.0000,0.0000,7.7000,30.8000,38.5000
2024-08-21,5235,MR6,MR6 Messschieber BS,0.0000,7.7000,7.7000,28.1000,43.5000
2024-08-21,5236,MR3,MR3 Messuhren BS,0.0000,7.7000,7.7000,23.1000,38.5000
2024-08-21,5237,MR9,MR9 Elektro BS,0.0000,0.0000,0.0000,23.1000,23.1000
2024-08-21,5238,MR8,MR8 Temperatur BS,0.0000,0.0000,0.0000,7.7000,7.7000
2024-08-21,5239,MR5,MR5 Bügelmesss. BS,0.0000,7.7000,7.7000,23.1000,38.5000
2024-08-21,5240,AV,Arbeitsvorbereit. BS,0.0000,0.0000,23.1000,59.9000,83.0000
2024-08-22,5211,MR11,MR11 Koordinatenm BS,23.1000,0.0000,0.0000,0.0000,23.1000
2024-08-22,5222,WE,WE BS,0.0000,7.7000,0.0000,61.6000,69.3000
2024-08-22,5223,WA,WA BS,0.0000,7.7000,7.7000,7.7000,23.1000
2024-08-22,5225,Packplatz,PP,0.0000,0.0000,0.0000,23.1000,23.1000
2024-08-22,5230,Springer,Prüfer BS,0.0000,0.0000,0.0000,0.0000,0.0000
2024-08-22,5231,MR1,MR1 Endmaße BS,0.0000,6.0000,7.7000,15.4000,29.1000
2024-08-22,5232,MR7,MR7 Lehren BS,0.0000,0.0000,15.4000,46.2000,61.6000
2024-08-22,5233,MR4,MR4 Lohnmessung BS,7.7000,0.0000,0.0000,0.0000,7.7000
2024-08-22,5234,MR2,MR2 Drehmoment BS,0.0000,0.0000,15.4000,23.1000,38.5000
2024-08-22,5235,MR6,MR6 Messschieber BS,0.0000,7.7000,7.7000,28.1000,43.5000
2024-08-22,5236,MR3,MR3 Messuhren BS,0.0000,7.7000,7.7000,23.1000,38.5000
2024-08-22,5237,MR9,MR9 Elektro BS,0.0000,0.0000,0.0000,23.1000,23.1000
2024-08-22,5238,MR8,MR8 Temperatur BS,0.0000,0.0000,0.0000,7.7000,7.7000
2024-08-22,5239,MR5,MR5 Bügelmesss. BS,0.0000,7.7000,7.7000,23.1000,38.5000
2024-08-22,5240,AV,Arbeitsvorbereit. BS,0.0000,0.0000,15.4000,64.9000,80.3000
2024-08-23,5211,MR11,MR11 Koordinatenm BS,23.1000,0.0000,0.0000,0.0000,23.1000
2024-08-23,5222,WE,WE BS,0.0000,7.7000,0.0000,53.9000,61.6000
2024-08-23,5223,WA,WA BS,0.0000,15.4000,0.0000,0.0000,15.4000
2024-08-23,5225,Packplatz,PP,0.0000,0.0000,0.0000,23.1000,23.1000
2024-08-23,5230,Springer,Prüfer BS,0.0000,0.0000,0.0000,0.0000,0.0000
2024-08-23,5231,MR1,MR1 Endmaße BS,0.0000,6.0000,7.7000,7.7000,21.4000
2024-08-23,5232,MR7,MR7 Lehren BS,0.0000,0.0000,7.7000,38.5000,46.2000
2024-08-23,5233,MR4,MR4 Lohnmessung BS,7.7000,0.0000,0.0000,0.0000,7.7000
2024-08-23,5234,MR2,MR2 Drehmoment BS,0.0000,0.0000,15.4000,23.1000,38.5000
2024-08-23,5235,MR6,MR6 Messschieber BS,0.0000,7.7000,7.7000,28.1000,43.5000
2024-08-23,5236,MR3,MR3 Messuhren BS,0.0000,0.0000,7.7000,15.4000,23.1000
2024-08-23,5237,MR9,MR9 Elektro BS,0.0000,0.0000,0.0000,15.4000,15.4000
2024-08-23,5238,MR8,MR8 Temperatur BS,0.0000,0.0000,0.0000,0.0000,0.0000
2024-08-23,5239,MR5,MR5 Bügelmesss. BS,0.0000,15.4000,7.7000,7.7000,30.8000
2024-08-23,5240,AV,Arbeitsvorbereit. BS,0.0000,0.0000,15.4000,66.6000,82.0000
2024-08-26,5211,MR11,MR11 Koordinatenm BS,0.0000,0.0000,0.0000,23.1000,23.1000
2024-08-26,5222,WE,WE BS,0.0000,7.7000,7.7000,53.9000,69.3000
2024-08-26,5223,WA,WA BS,0.0000,0.0000,0.0000,15.4000,15.4000
2024-08-26,5225,Packplatz,PP,0.0000,0.0000,6.0000,23.1000,29.1000
2024-08-26,5230,Springer,Prüfer BS,0.0000,0.0000,0.0000,0.0000,0.0000
2024-08-26,5231,MR1,MR1 Endmaße BS,0.0000,6.0000,0.0000,15.4000,21.4000
2024-08-26,5232,MR7,MR7 Lehren BS,0.0000,15.4000,0.0000,53.9000,69.3000
2024-08-26,5233,MR4,MR4 Lohnmessung BS,0.0000,0.0000,0.0000,7.7000,7.7000
2024-08-26,5234,MR2,MR2 Drehmoment BS,0.0000,0.0000,7.7000,23.1000,30.8000
2024-08-26,5235,MR6,MR6 Messschieber BS,0.0000,7.7000,0.0000,35.8000,43.5000
2024-08-26,5236,MR3,MR3 Messuhren BS,0.0000,0.0000,7.7000,38.5000,46.2000
2024-08-26,5237,MR9,MR9 Elektro BS,0.0000,0.0000,0.0000,23.1000,23.1000
2024-08-26,5238,MR8,MR8 Temperatur BS,0.0000,0.0000,0.0000,0.0000,0.0000
2024-08-26,5239,MR5,MR5 Bügelmesss. BS,0.0000,7.7000,0.0000,30.8000,38.5000
2024-08-26,5240,AV,Arbeitsvorbereit. BS,0.0000,0.0000,7.7000,80.3000,88.0000
2024-08-27,5211,MR11,MR11 Koordinatenm BS,0.0000,0.0000,0.0000,23.1000,23.1000
2024-08-27,5222,WE,WE BS,0.0000,0.0000,7.7000,61.6000,69.3000
2024-08-27,5223,WA,WA BS,0.0000,0.0000,0.0000,7.7000,7.7000
2024-08-27,5225,Packplatz,PP,0.0000,0.0000,13.7000,15.4000,29.1000
2024-08-27,5230,Springer,Prüfer BS,0.0000,0.0000,0.0000,0.0000,0.0000
2024-08-27,5231,MR1,MR1 Endmaße BS,0.0000,6.0000,0.0000,23.1000,29.1000
2024-08-27,5232,MR7,MR7 Lehren BS,0.0000,7.7000,0.0000,61.6000,69.3000
2024-08-27,5233,MR4,MR4 Lohnmessung BS,0.0000,0.0000,0.0000,7.7000,7.7000
2024-08-27,5234,MR2,MR2 Drehmoment BS,0.0000,0.0000,7.7000,23.1000,30.8000
2024-08-27,5235,MR6,MR6 Messschieber BS,0.0000,7.7000,0.0000,30.8000,38.5000
2024-08-27,5236,MR3,MR3 Messuhren BS,0.0000,0.0000,0.0000,46.2000,46.2000
2024-08-27,5237,MR9,MR9 Elektro BS,0.0000,0.0000,0.0000,23.1000,23.1000
2024-08-27,5238,MR8,MR8 Temperatur BS,0.0000,0.0000,0.0000,7.7000,7.7000
2024-08-27,5239,MR5,MR5 Bügelmesss. BS,0.0000,7.7000,0.0000,30.8000,38.5000
2024-08-27,5240,AV,Arbeitsvorbereit. BS,0.0000,0.0000,7.7000,80.3000,88.0000
2024-08-28,5211,MR11,MR11 Koordinatenm BS,0.0000,0.0000,0.0000,15.4000,15.4000
2024-08-28,5222,WE,WE BS,0.0000,0.0000,7.7000,53.9000,61.6000
2024-08-28,5223,WA,WA BS,0.0000,0.0000,0.0000,23.1000,23.1000
2024-08-28,5225,Packplatz,PP,0.0000,0.0000,6.0000,23.1000,29.1000
2024-08-28,5230,Springer,Prüfer BS,0.0000,0.0000,0.0000,0.0000,0.0000
2024-08-28,5231,MR1,MR1 Endmaße BS,0.0000,13.7000,0.0000,23.1000,36.8000
2024-08-28,5232,MR7,MR7 Lehren BS,0.0000,7.7000,0.0000,46.2000,53.9000
2024-08-28,5233,MR4,MR4 Lohnmessung BS,0.0000,0.0000,0.0000,7.7000,7.7000
2024-08-28,5234,MR2,MR2 Drehmoment BS,0.0000,0.0000,7.7000,23.1000,30.8000
2024-08-28,5235,MR6,MR6 Messschieber BS,0.0000,7.7000,0.0000,35.8000,43.5000
2024-08-28,5236,MR3,MR3 Messuhren BS,0.0000,0.0000,0.0000,46.2000,46.2000
2024-08-28,5237,MR9,MR9 Elektro BS,0.0000,0.0000,0.0000,23.1000,23.1000
2024-08-28,5238,MR8,MR8 Temperatur BS,0.0000,0.0000,0.0000,7.7000,7.7000
2024-08-28,5239,MR5,MR5 Bügelmesss. BS,0.0000,7.7000,0.0000,30.8000,38.5000
2024-08-28,5240,AV,Arbeitsvorbereit. BS,0.0000,6.0000,7.7000,69.3000,83.0000
2024-08-29,5211,MR11,MR11 Koordinatenm BS,0.0000,0.0000,7.7000,15.4000,23.1000
2024-08-29,5222,WE,WE BS,0.0000,7.7000,7.7000,46.2000,61.6000
2024-08-29,5223,WA,WA BS,0.0000,7.7000,0.0000,15.4000,23.1000
2024-08-29,5225,Packplatz,PP,0.0000,0.0000,0.0000,23.1000,23.1000
2024-08-29,5230,Springer,Prüfer BS,0.0000,0.0000,0.0000,0.0000,0.0000
2024-08-29,5231,MR1,MR1 Endmaße BS,0.0000,13.7000,0.0000,23.1000,36.8000
2024-08-29,5232,MR7,MR7 Lehren BS,0.0000,7.7000,0.0000,46.2000,53.9000
2024-08-29,5233,MR4,MR4 Lohnmessung BS,0.0000,0.0000,0.0000,7.7000,7.7000
2024-08-29,5234,MR2,MR2 Drehmoment BS,0.0000,7.7000,7.7000,23.1000,38.5000
2024-08-29,5235,MR6,MR6 Messschieber BS,0.0000,12.7000,0.0000,30.8000,43.5000
2024-08-29,5236,MR3,MR3 Messuhren BS,0.0000,0.0000,0.0000,46.2000,46.2000
2024-08-29,5237,MR9,MR9 Elektro BS,0.0000,0.0000,0.0000,15.4000,15.4000
2024-08-29,5238,MR8,MR8 Temperatur BS,0.0000,7.7000,0.0000,0.0000,7.7000
2024-08-29,5239,MR5,MR5 Bügelmesss. BS,0.0000,7.7000,0.0000,30.8000,38.5000
2024-08-29,5240,AV,Arbeitsvorbereit. BS,0.0000,13.7000,7.7000,66.6000,88.0000
2024-08-30,5211,MR11,MR11 Koordinatenm BS,0.0000,0.0000,7.7000,15.4000,23.1000
2024-08-30,5222,WE,WE BS,0.0000,7.7000,7.7000,38.5000,53.9000
2024-08-30,5223,WA,WA BS,0.0000,0.0000,0.0000,15.4000,15.4000
2024-08-30,5225,Packplatz,PP,0.0000,0.0000,0.0000,23.1000,23.1000
2024-08-30,5230,Springer,Prüfer BS,0.0000,0.0000,0.0000,0.0000,0.0000
2024-08-30,5231,MR1,MR1 Endmaße BS,0.0000,13.7000,0.0000,23.1000,36.8000
2024-08-30,5232,MR7,MR7 Lehren BS,0.0000,7.7000,7.7000,38.5000,53.9000
2024-08-30,5233,MR4,MR4 Lohnmessung BS,0.0000,0.0000,0.0000,7.7000,7.7000
2024-08-30,5234,MR2,MR2 Drehmoment BS,0.0000,7.7000,7.7000,23.1000,38.5000
2024-08-30,5235,MR6,MR6 Messschieber BS,0.0000,12.7000,0.0000,23.1000,35.8000
2024-08-30,5236,MR3,MR3 Messuhren BS,0.0000,0.0000,0.0000,38.5000,38.5000
2024-08-30,5237,MR9,MR9 Elektro BS,0.0000,0.0000,0.0000,23.1000,23.1000
2024-08-30,5238,MR8,MR8 Temperatur BS,0.0000,7.7000,0.0000,0.0000,7.7000
2024-08-30,5239,MR5,MR5 Bügelmesss. BS,0.0000,7.7000,0.0000,30.8000,38.5000
2024-08-30,5240,AV,Arbeitsvorbereit. BS,0.0000,13.7000,23.1000,43.5000,80.3000
2024-09-02,5211,MR11,MR11 Koordinatenm BS,0.0000,0.0000,7.7000,15.4000,23.1000
2024-09-02,5222,WE,WE BS,0.0000,0.0000,0.0000,53.9000,53.9000
2024-09-02,5223,WA,WA BS,0.0000,0.0000,0.0000,23.1000,23.1000
2024-09-02,5225,Packplatz,PP,0.0000,0.0000,13.7000,15.4000,29.1000
2024-09-02,5230,Springer,Prüfer BS,0.0000,0.0000,0.0000,0.0000,0.0000
2024-09-02,5231,MR1,MR1 Endmaße BS,0.0000,7.7000,0.0000,21.4000,29.1000
2024-09-02,5232,MR7,MR7 Lehren BS,7.7000,7.7000,0.0000,46.2000,61.6000
2024-09-02,5233,MR4,MR4 Lohnmessung BS,0.0000,0.0000,0.0000,7.7000,7.7000
2024-09-02,5234,MR2,MR2 Drehmoment BS,0.0000,0.0000,7.7000,30.8000,38.5000
2024-09-02,5235,MR6,MR6 Messschieber BS,0.0000,0.0000,0.0000,35.8000,35.8000
2024-09-02,5236,MR3,MR3 Messuhren BS,0.0000,0.0000,0.0000,46.2000,46.2000
2024-09-02,5237,MR9,MR9 Elektro BS,0.0000,0.0000,0.0000,23.1000,23.1000
2024-09-02,5238,MR8,MR8 Temperatur BS,0.0000,0.0000,0.0000,7.7000,7.7000
2024-09-02,5239,MR5,MR5 Bügelmesss. BS,7.7000,7.7000,0.0000,30.8000,46.2000
2024-09-02,5240,AV,Arbeitsvorbereit. BS,0.0000,6.0000,7.7000,66.6000,80.3000
2024-09-03,5211,MR11,MR11 Koordinatenm BS,0.0000,0.0000,7.7000,15.4000,23.1000
2024-09-03,5212,MR12,MR12 Druck BS,0.0000,0.0000,0.0000,7.7000,7.7000
2024-09-03,5222,WE,WE BS,0.0000,0.0000,0.0000,53.9000,53.9000
2024-09-03,5223,WA,WA BS,0.0000,0.0000,0.0000,23.1000,23.1000
2024-09-03,5225,Packplatz,PP,0.0000,0.0000,13.7000,15.4000,29.1000
2024-09-03,5230,Springer,Prüfer BS,0.0000,0.0000,0.0000,0.0000,0.0000
2024-09-03,5231,MR1,MR1 Endmaße BS,0.0000,7.7000,0.0000,36.8000,44.5000
2024-09-03,5232,MR7,MR7 Lehren BS,0.0000,0.0000,7.7000,61.6000,69.3000
2024-09-03,5233,MR4,MR4 Lohnmessung BS,0.0000,0.0000,0.0000,7.7000,7.7000
2024-09-03,5234,MR2,MR2 Drehmoment BS,0.0000,0.0000,7.7000,23.1000,30.8000
2024-09-03,5235,MR6,MR6 Messschieber BS,0.0000,0.0000,0.0000,28.1000,28.1000
2024-09-03,5236,MR3,MR3 Messuhren BS,0.0000,0.0000,0.0000,38.5000,38.5000
2024-09-03,5237,MR9,MR9 Elektro BS,0.0000,0.0000,0.0000,15.4000,15.4000
2024-09-03,5238,MR8,MR8 Temperatur BS,0.0000,0.0000,0.0000,15.4000,15.4000
2024-09-03,5239,MR5,MR5 Bügelmesss. BS,7.7000,7.7000,0.0000,23.1000,38.5000
2024-09-03,5240,AV,Arbeitsvorbereit. BS,0.0000,6.0000,7.7000,66.6000,80.3000
2024-09-04,5211,MR11,MR11 Koordinatenm BS,0.0000,7.7000,7.7000,7.7000,23.1000
2024-09-04,5222,WE,WE BS,0.0000,15.4000,0.0000,30.8000,46.2000
2024-09-04,5223,WA,WA BS,0.0000,0.0000,0.0000,23.1000,23.1000
2024-09-04,5225,Packplatz,PP,0.0000,0.0000,13.7000,15.4000,29.1000
2024-09-04,5230,Springer,Prüfer BS,0.0000,0.0000,0.0000,0.0000,0.0000
2024-09-04,5231,MR1,MR1 Endmaße BS,0.0000,13.7000,0.0000,23.1000,36.8000
2024-09-04,5232,MR7,MR7 Lehren BS,0.0000,0.0000,7.7000,61.6000,69.3000
2024-09-04,5233,MR4,MR4 Lohnmessung BS,0.0000,0.0000,0.0000,7.7000,7.7000
2024-09-04,5234,MR2,MR2 Drehmoment BS,0.0000,0.0000,7.7000,30.8000,38.5000
2024-09-04,5235,MR6,MR6 Messschieber BS,0.0000,5.0000,0.0000,30.8000,35.8000
2024-09-04,5236,MR3,MR3 Messuhren BS,0.0000,7.7000,7.7000,30.8000,46.2000
2024-09-04,5237,MR9,MR9 Elektro BS,0.0000,0.0000,0.0000,15.4000,15.4000
2024-09-04,5238,MR8,MR8 Temperatur BS,0.0000,7.7000,0.0000,7.7000,15.4000
2024-09-04,5239,MR5,MR5 Bügelmesss. BS,7.7000,15.4000,0.0000,23.1000,46.2000
2024-09-04,5240,AV,Arbeitsvorbereit. BS,0.0000,6.0000,7.7000,69.3000,83.0000
2024-09-05,5211,MR11,MR11 Koordinatenm BS,0.0000,7.7000,7.7000,7.7000,23.1000
2024-09-05,5212,MR12,MR12 Druck BS,0.0000,0.0000,0.0000,7.7000,7.7000
2024-09-05,5222,WE,WE BS,0.0000,15.4000,0.0000,46.2000,61.6000
2024-09-05,5223,WA,WA BS,0.0000,0.0000,0.0000,15.4000,15.4000
2024-09-05,5225,Packplatz,PP,0.0000,0.0000,0.0000,15.4000,15.4000
2024-09-05,5230,Springer,Prüfer BS,0.0000,0.0000,0.0000,0.0000,0.0000
2024-09-05,5231,MR1,MR1 Endmaße BS,0.0000,13.7000,0.0000,30.8000,44.5000
2024-09-05,5232,MR7,MR7 Lehren BS,0.0000,0.0000,7.7000,61.6000,69.3000
2024-09-05,5233,MR4,MR4 Lohnmessung BS,0.0000,0.0000,0.0000,7.7000,7.7000
2024-09-05,5234,MR2,MR2 Drehmoment BS,0.0000,0.0000,7.7000,30.8000,38.5000
2024-09-05,5235,MR6,MR6 Messschieber BS,0.0000,5.0000,0.0000,15.4000,20.4000
2024-09-05,5236,MR3,MR3 Messuhren BS,0.0000,7.7000,7.7000,30.8000,46.2000
2024-09-05,5237,MR9,MR9 Elektro BS,0.0000,0.0000,0.0000,15.4000,15.4000
2024-09-05,5238,MR8,MR8 Temperatur BS,0.0000,7.7000,0.0000,7.7000,15.4000
2024-09-05,5239,MR5,MR5 Bügelmesss. BS,7.7000,15.4000,0.0000,15.4000,38.5000
2024-09-05,5240,AV,Arbeitsvorbereit. BS,0.0000,21.4000,7.7000,58.9000,88.0000
2024-09-06,5211,MR11,MR11 Koordinatenm BS,0.0000,7.7000,7.7000,7.7000,23.1000
2024-09-06,5212,MR12,MR12 Druck BS,0.0000,0.0000,0.0000,7.7000,7.7000
2024-09-06,5222,WE,WE BS,0.0000,15.4000,7.7000,30.8000,53.9000
2024-09-06,5223,WA,WA BS,0.0000,0.0000,0.0000,7.7000,7.7000
2024-09-06,5225,Packplatz,PP,0.0000,0.0000,0.0000,15.4000,15.4000
2024-09-06,5230,Springer,Prüfer BS,0.0000,0.0000,0.0000,0.0000,0.0000
2024-09-06,5231,MR1,MR1 Endmaße BS,0.0000,13.7000,15.4000,15.4000,44.5000
2024-09-06,5232,MR7,MR7 Lehren BS,0.0000,7.7000,7.7000,46.2000,61.6000
2024-09-06,5233,MR4,MR4 Lohnmessung BS,0.0000,0.0000,0.0000,7.7000,7.7000
2024-09-06,5234,MR2,MR2 Drehmoment BS,0.0000,0.0000,7.7000,30.8000,38.5000
2024-09-06,5235,MR6,MR6 Messschieber BS,0.0000,5.0000,0.0000,15.4000,20.4000
2024-09-06,5236,MR3,MR3 Messuhren BS,0.0000,0.0000,15.4000,23.1000,38.5000
2024-09-06,5237,MR9,MR9 Elektro BS,0.0000,0.0000,0.0000,15.4000,15.4000
2024-09-06,5238,MR8,MR8 Temperatur BS,0.0000,7.7000,0.0000,7.7000,15.4000
2024-09-06,5239,MR5,MR5 Bügelmesss. BS,7.7000,15.4000,0.0000,15.4000,38.5000
2024-09-06,5240,AV,Arbeitsvorbereit. BS,0.0000,21.4000,7.7000,58.9000,88.0000
2024-09-09,5211,MR11,MR11 Koordinatenm BS,0.0000,0.0000,7.7000,15.4000,23.1000
2024-09-09,5212,MR12,MR12 Druck BS,0.0000,0.0000,0.0000,7.7000,7.7000
2024-09-09,5222,WE,WE BS,7.7000,0.0000,0.0000,53.9000,61.6000
2024-09-09,5223,WA,WA BS,0.0000,0.0000,0.0000,7.7000,7.7000
2024-09-09,5225,Packplatz,PP,0.0000,0.0000,0.0000,21.4000,21.4000
2024-09-09,5230,Springer,Prüfer BS,0.0000,0.0000,0.0000,0.0000,0.0000
2024-09-09,5231,MR1,MR1 Endmaße BS,0.0000,7.7000,7.7000,21.4000,36.8000
2024-09-09,5232,MR7,MR7 Lehren BS,0.0000,0.0000,15.4000,53.9000,69.3000
2024-09-09,5233,MR4,MR4 Lohnmessung BS,0.0000,0.0000,0.0000,7.7000,7.7000
2024-09-09,5234,MR2,MR2 Drehmoment BS,0.0000,0.0000,0.0000,30.8000,30.8000
2024-09-09,5235,MR6,MR6 Messschieber BS,0.0000,5.0000,7.7000,15.4000,28.1000
2024-09-09,5236,MR3,MR3 Messuhren BS,7.7000,7.7000,7.7000,23.1000,46.2000
2024-09-09,5237,MR9,MR9 Elektro BS,0.0000,0.0000,7.7000,7.7000,15.4000
2024-09-09,5238,MR8,MR8 Temperatur BS,0.0000,0.0000,7.7000,7.7000,15.4000
2024-09-09,5239,MR5,MR5 Bügelmesss. BS,7.7000,15.4000,0.0000,15.4000,38.5000
2024-09-09,5240,AV,Arbeitsvorbereit. BS,0.0000,7.7000,7.7000,72.6000,88.0000
2024-09-10,5211,MR11,MR11 Koordinatenm BS,0.0000,0.0000,7.7000,15.4000,23.1000
2024-09-10,5212,MR12,MR12 Druck BS,0.0000,0.0000,0.0000,7.7000,7.7000
2024-09-10,5222,WE,WE BS,7.7000,0.0000,0.0000,53.9000,61.6000
2024-09-10,5223,WA,WA BS,0.0000,0.0000,0.0000,23.1000,23.1000
2024-09-10,5225,Packplatz,PP,0.0000,0.0000,0.0000,29.1000,29.1000
2024-09-10,5230,Springer,Prüfer BS,0.0000,0.0000,0.0000,0.0000,0.0000
2024-09-10,5231,MR1,MR1 Endmaße BS,0.0000,7.7000,15.4000,21.4000,44.5000
2024-09-10,5232,MR7,MR7 Lehren BS,0.0000,0.0000,7.7000,61.6000,69.3000
2024-09-10,5233,MR4,MR4 Lohnmessung BS,0.0000,0.0000,0.0000,7.7000,7.7000
2024-09-10,5234,MR2,MR2 Drehmoment BS,0.0000,0.0000,0.0000,38.5000,38.5000
2024-09-10,5235,MR6,MR6 Messschieber BS,0.0000,5.0000,7.7000,15.4000,28.1000
2024-09-10,5236,MR3,MR3 Messuhren BS,7.7000,0.0000,7.7000,30.8000,46.2000
2024-09-10,5237,MR9,MR9 Elektro BS,0.0000,0.0000,7.7000,7.7000,15.4000
2024-09-10,5238,MR8,MR8 Temperatur BS,0.0000,0.0000,7.7000,7.7000,15.4000
2024-09-10,5239,MR5,MR5 Bügelmesss. BS,7.7000,15.4000,0.0000,15.4000,38.5000
2024-09-10,5240,AV,Arbeitsvorbereit. BS,0.0000,7.7000,0.0000,80.3000,88.0000
2024-09-11,5211,MR11,MR11 Koordinatenm BS,0.0000,0.0000,7.7000,15.4000,23.1000
2024-09-11,5212,MR12,MR12 Druck BS,0.0000,0.0000,0.0000,7.7000,7.7000
2024-09-11,5222,WE,WE BS,7.7000,0.0000,0.0000,53.9000,61.6000
2024-09-11,5223,WA,WA BS,0.0000,0.0000,0.0000,23.1000,23.1000
2024-09-11,5225,Packplatz,PP,0.0000,7.7000,0.0000,21.4000,29.1000
2024-09-11,5230,Springer,Prüfer BS,0.0000,0.0000,0.0000,0.0000,0.0000
2024-09-11,5231,MR1,MR1 Endmaße BS,0.0000,13.7000,7.7000,23.1000,44.5000
2024-09-11,5232,MR7,MR7 Lehren BS,0.0000,0.0000,7.7000,61.6000,69.3000
2024-09-11,5233,MR4,MR4 Lohnmessung BS,0.0000,0.0000,0.0000,7.7000,7.7000
2024-09-11,5234,MR2,MR2 Drehmoment BS,0.0000,0.0000,0.0000,38.5000,38.5000
2024-09-11,5235,MR6,MR6 Messschieber BS,0.0000,5.0000,7.7000,15.4000,28.1000
2024-09-11,5236,MR3,MR3 Messuhren BS,7.7000,15.4000,7.7000,15.4000,46.2000
2024-09-11,5237,MR9,MR9 Elektro BS,0.0000,0.0000,0.0000,7.7000,7.7000
2024-09-11,5238,MR8,MR8 Temperatur BS,0.0000,0.0000,7.7000,7.7000,15.4000
2024-09-11,5239,MR5,MR5 Bügelmesss. BS,7.7000,15.4000,0.0000,15.4000,38.5000
2024-09-11,5240,AV,Arbeitsvorbereit. BS,0.0000,7.7000,6.0000,69.3000,83.0000
2024-09-12,5211,MR11,MR11 Koordinatenm BS,0.0000,0.0000,7.7000,15.4000,23.1000
2024-09-12,5212,MR12,MR12 Druck BS,0.0000,0.0000,0.0000,7.7000,7.7000
2024-09-12,5222,WE,WE BS,7.7000,0.0000,0.0000,53.9000,61.6000
2024-09-12,5223,WA,WA BS,0.0000,0.0000,0.0000,23.1000,23.1000
2024-09-12,5225,Packplatz,PP,0.0000,7.7000,0.0000,15.4000,23.1000
2024-09-12,5230,Springer,Prüfer BS,0.0000,0.0000,0.0000,0.0000,0.0000
2024-09-12,5231,MR1,MR1 Endmaße BS,0.0000,13.7000,7.7000,23.1000,44.5000
2024-09-12,5232,MR7,MR7 Lehren BS,0.0000,0.0000,7.7000,61.6000,69.3000
2024-09-12,5233,MR4,MR4 Lohnmessung BS,0.0000,0.0000,0.0000,7.7000,7.7000
2024-09-12,5234,MR2,MR2 Drehmoment BS,0.0000,0.0000,0.0000,46.2000,46.2000
2024-09-12,5235,MR6,MR6 Messschieber BS,0.0000,5.0000,7.7000,15.4000,28.1000
2024-09-12,5236,MR3,MR3 Messuhren BS,7.7000,15.4000,7.7000,15.4000,46.2000
2024-09-12,5237,MR9,MR9 Elektro BS,0.0000,0.0000,0.0000,7.7000,7.7000
2024-09-12,5238,MR8,MR8 Temperatur BS,0.0000,0.0000,7.7000,7.7000,15.4000
2024-09-12,5239,MR5,MR5 Bügelmesss. BS,7.7000,15.4000,0.0000,15.4000,38.5000
2024-09-12,5240,AV,Arbeitsvorbereit. BS,0.0000,0.0000,0.0000,80.3000,80.3000
2024-09-13,5211,MR11,MR11 Koordinatenm BS,0.0000,0.0000,7.7000,15.4000,23.1000
2024-09-13,5212,MR12,MR12 Druck BS,0.0000,0.0000,0.0000,7.7000,7.7000
2024-09-13,5222,WE,WE BS,7.7000,0.0000,0.0000,53.9000,61.6000
2024-09-13,5223,WA,WA BS,0.0000,0.0000,0.0000,7.7000,7.7000
2024-09-13,5225,Packplatz,PP,0.0000,7.7000,7.7000,7.7000,23.1000
2024-09-13,5230,Springer,Prüfer BS,0.0000,0.0000,0.0000,0.0000,0.0000
2024-09-13,5231,MR1,MR1 Endmaße BS,0.0000,13.7000,7.7000,23.1000,44.5000
2024-09-13,5232,MR7,MR7 Lehren BS,0.0000,7.7000,7.7000,38.5000,53.9000
2024-09-13,5233,MR4,MR4 Lohnmessung BS,0.0000,0.0000,0.0000,7.7000,7.7000
2024-09-13,5234,MR2,MR2 Drehmoment BS,0.0000,0.0000,0.0000,46.2000,46.2000
2024-09-13,5235,MR6,MR6 Messschieber BS,0.0000,5.0000,7.7000,15.4000,28.1000
2024-09-13,5236,MR3,MR3 Messuhren BS,7.7000,7.7000,7.7000,15.4000,38.5000
2024-09-13,5237,MR9,MR9 Elektro BS,0.0000,0.0000,0.0000,7.7000,7.7000
2024-09-13,5238,MR8,MR8 Temperatur BS,0.0000,0.0000,7.7000,7.7000,15.4000
2024-09-13,5239,MR5,MR5 Bügelmesss. BS,7.7000,15.4000,0.0000,15.4000,38.5000
2024-09-13,5240,AV,Arbeitsvorbereit. BS,0.0000,15.4000,0.0000,57.2000,72.6000
2024-09-16,5211,MR11,MR11 Koordinatenm BS,0.0000,0.0000,7.7000,15.4000,23.1000
2024-09-16,5222,WE,WE BS,0.0000,0.0000,0.0000,61.6000,61.6000
2024-09-16,5223,WA,WA BS,0.0000,0.0000,7.7000,15.4000,23.1000
2024-09-16,5225,Packplatz,PP,0.0000,7.7000,0.0000,15.4000,23.1000
2024-09-16,5230,Springer,Prüfer BS,0.0000,0.0000,0.0000,0.0000,0.0000
2024-09-16,5231,MR1,MR1 Endmaße BS,0.0000,13.7000,15.4000,7.7000,36.8000
2024-09-16,5232,MR7,MR7 Lehren BS,0.0000,0.0000,15.4000,53.9000,69.3000
2024-09-16,5233,MR4,MR4 Lohnmessung BS,0.0000,0.0000,0.0000,7.7000,7.7000
2024-09-16,5234,MR2,MR2 Drehmoment BS,0.0000,0.0000,0.0000,46.2000,46.2000
2024-09-16,5235,MR6,MR6 Messschieber BS,0.0000,5.0000,15.4000,15.4000,35.8000
2024-09-16,5236,MR3,MR3 Messuhren BS,0.0000,0.0000,7.7000,30.8000,38.5000
2024-09-16,5237,MR9,MR9 Elektro BS,0.0000,0.0000,0.0000,7.7000,7.7000
2024-09-16,5238,MR8,MR8 Temperatur BS,0.0000,0.0000,7.7000,7.7000,15.4000
2024-09-16,5239,MR5,MR5 Bügelmesss. BS,7.7000,7.7000,0.0000,23.1000,38.5000
2024-09-16,5240,AV,Arbeitsvorbereit. BS,0.0000,7.7000,0.0000,80.3000,88.0000
2024-09-17,5211,MR11,MR11 Koordinatenm BS,0.0000,0.0000,7.7000,15.4000,23.1000
2024-09-17,5222,WE,WE BS,0.0000,0.0000,0.0000,61.6000,61.6000
2024-09-17,5223,WA,WA BS,0.0000,0.0000,7.7000,15.4000,23.1000
2024-09-17,5225,Packplatz,PP,0.0000,7.7000,0.0000,21.4000,29.1000
2024-09-17,5230,Springer,Prüfer BS,0.0000,0.0000,0.0000,0.0000,0.0000
2024-09-17,5231,MR1,MR1 Endmaße BS,0.0000,13.7000,15.4000,15.4000,44.5000
2024-09-17,5232,MR7,MR7 Lehren BS,0.0000,0.0000,15.4000,53.9000,69.3000
2024-09-17,5233,MR4,MR4 Lohnmessung BS,0.0000,0.0000,0.0000,7.7000,7.7000
2024-09-17,5234,MR2,MR2 Drehmoment BS,0.0000,0.0000,0.0000,46.2000,46.2000
2024-09-17,5235,MR6,MR6 Messschieber BS,0.0000,5.0000,15.4000,15.4000,35.8000
2024-09-17,5236,MR3,MR3 Messuhren BS,0.0000,7.7000,7.7000,23.1000,38.5000
2024-09-17,5237,MR9,MR9 Elektro BS,0.0000,7.7000,0.0000,0.0000,7.7000
2024-09-17,5238,MR8,MR8 Temperatur BS,0.0000,0.0000,7.7000,7.7000,15.4000
2024-09-17,5239,MR5,MR5 Bügelmesss. BS,7.7000,7.7000,0.0000,23.1000,38.5000
2024-09-17,5240,AV,Arbeitsvorbereit. BS,0.0000,15.4000,6.0000,66.6000,88.0000
2024-09-18,5211,MR11,MR11 Koordinatenm BS,0.0000,0.0000,7.7000,15.4000,23.1000
2024-09-18,5222,WE,WE BS,0.0000,0.0000,0.0000,61.6000,61.6000
2024-09-18,5223,WA,WA BS,0.0000,0.0000,7.7000,15.4000,23.1000
2024-09-18,5225,Packplatz,PP,0.0000,7.7000,0.0000,21.4000,29.1000
2024-09-18,5230,Springer,Prüfer BS,0.0000,0.0000,0.0000,0.0000,0.0000
2024-09-18,5231,MR1,MR1 Endmaße BS,0.0000,13.7000,15.4000,15.4000,44.5000
2024-09-18,5232,MR7,MR7 Lehren BS,0.0000,0.0000,15.4000,53.9000,69.3000
2024-09-18,5233,MR4,MR4 Lohnmessung BS,0.0000,0.0000,0.0000,7.7000,7.7000
2024-09-18,5234,MR2,MR2 Drehmoment BS,0.0000,0.0000,0.0000,46.2000,46.2000
2024-09-18,5235,MR6,MR6 Messschieber BS,0.0000,5.0000,15.4000,15.4000,35.8000
2024-09-18,5236,MR3,MR3 Messuhren BS,0.0000,7.7000,7.7000,23.1000,38.5000
2024-09-18,5237,MR9,MR9 Elektro BS,0.0000,7.7000,0.0000,0.0000,7.7000
2024-09-18,5238,MR8,MR8 Temperatur BS,0.0000,0.0000,7.7000,7.7000,15.4000
2024-09-18,5239,MR5,MR5 Bügelmesss. BS,7.7000,7.7000,0.0000,23.1000,38.5000
2024-09-18,5240,AV,Arbeitsvorbereit. BS,0.0000,23.1000,0.0000,59.9000,83.0000
2024-09-19,5211,MR11,MR11 Koordinatenm BS,0.0000,0.0000,0.0000,23.1000,23.1000
2024-09-19,5222,WE,WE BS,0.0000,0.0000,0.0000,61.6000,61.6000
2024-09-19,5223,WA,WA BS,0.0000,0.0000,7.7000,15.4000,23.1000
2024-09-19,5225,Packplatz,PP,0.0000,7.7000,0.0000,15.4000,23.1000
2024-09-19,5230,Springer,Prüfer BS,0.0000,0.0000,0.0000,0.0000,0.0000
2024-09-19,5231,MR1,MR1 Endmaße BS,0.0000,13.7000,15.4000,15.4000,44.5000
2024-09-19,5232,MR7,MR7 Lehren BS,0.0000,0.0000,15.4000,38.5000,53.9000
2024-09-19,5233,MR4,MR4 Lohnmessung BS,0.0000,0.0000,0.0000,7.7000,7.7000
2024-09-19,5234,MR2,MR2 Drehmoment BS,0.0000,0.0000,0.0000,38.5000,38.5000
2024-09-19,5235,MR6,MR6 Messschieber BS,0.0000,5.0000,15.4000,23.1000,43.5000
2024-09-19,5236,MR3,MR3 Messuhren BS,0.0000,7.7000,7.7000,23.1000,38.5000
2024-09-19,5237,MR9,MR9 Elektro BS,0.0000,7.7000,0.0000,0.0000,7.7000
2024-09-19,5238,MR8,MR8 Temperatur BS,0.0000,0.0000,7.7000,7.7000,15.4000
2024-09-19,5239,MR5,MR5 Bügelmesss. BS,7.7000,7.7000,0.0000,23.1000,38.5000
2024-09-19,5240,AV,Arbeitsvorbereit. BS,0.0000,23.1000,6.0000,58.9000,88.0000
2024-09-19,5900,Qualifizierung,Qualifizierung,0.0000,0.0000,0.0000,15.4000,15.4000
2024-09-20,5211,MR11,MR11 Koordinatenm BS,0.0000,0.0000,7.7000,15.4000,23.1000
2024-09-20,5222,WE,WE BS,0.0000,0.0000,7.7000,53.9000,61.6000
2024-09-20,5223,WA,WA BS,0.0000,0.0000,7.7000,0.0000,7.7000
2024-09-20,5225,Packplatz,PP,0.0000,7.7000,0.0000,15.4000,23.1000
2024-09-20,5230,Springer,Prüfer BS,0.0000,0.0000,0.0000,0.0000,0.0000
2024-09-20,5231,MR1,MR1 Endmaße BS,0.0000,13.7000,15.4000,15.4000,44.5000
2024-09-20,5232,MR7,MR7 Lehren BS,0.0000,7.7000,15.4000,30.8000,53.9000
2024-09-20,5233,MR4,MR4 Lohnmessung BS,0.0000,0.0000,0.0000,7.7000,7.7000
2024-09-20,5234,MR2,MR2 Drehmoment BS,0.0000,0.0000,7.7000,30.8000,38.5000
2024-09-20,5235,MR6,MR6 Messschieber BS,0.0000,5.0000,15.4000,23.1000,43.5000
2024-09-20,5236,MR3,MR3 Messuhren BS,0.0000,0.0000,15.4000,15.4000,30.8000
2024-09-20,5237,MR9,MR9 Elektro BS,0.0000,7.7000,0.0000,0.0000,7.7000
2024-09-20,5238,MR8,MR8 Temperatur BS,0.0000,0.0000,7.7000,7.7000,15.4000
2024-09-20,5239,MR5,MR5 Bügelmesss. BS,7.7000,7.7000,0.0000,23.1000,38.5000
2024-09-20,5240,AV,Arbeitsvorbereit. BS,0.0000,23.1000,6.0000,58.9000,88.0000
2024-09-20,5900,Qualifizierung,Qualifizierung,0.0000,0.0000,0.0000,15.4000,15.4000
2024-09-23,5211,MR11,MR11 Koordinatenm BS,0.0000,0.0000,0.0000,23.1000,23.1000
2024-09-23,5222,WE,WE BS,0.0000,0.0000,0.0000,53.9000,53.9000
2024-09-23,5223,WA,WA BS,0.0000,0.0000,0.0000,15.4000,15.4000
2024-09-23,5225,Packplatz,PP,0.0000,0.0000,0.0000,23.1000,23.1000
2024-09-23,5230,Springer,Prüfer BS,0.0000,0.0000,0.0000,0.0000,0.0000
2024-09-23,5231,MR1,MR1 Endmaße BS,0.0000,13.7000,0.0000,23.1000,36.8000
2024-09-23,5232,MR7,MR7 Lehren BS,0.0000,0.0000,15.4000,38.5000,53.9000
2024-09-23,5233,MR4,MR4 Lohnmessung BS,0.0000,0.0000,0.0000,7.7000,7.7000
2024-09-23,5234,MR2,MR2 Drehmoment BS,0.0000,0.0000,0.0000,46.2000,46.2000
2024-09-23,5235,MR6,MR6 Messschieber BS,0.0000,0.0000,7.7000,28.1000,35.8000
2024-09-23,5236,MR3,MR3 Messuhren BS,0.0000,0.0000,0.0000,38.5000,38.5000
2024-09-23,5237,MR9,MR9 Elektro BS,0.0000,0.0000,0.0000,7.7000,7.7000
2024-09-23,5238,MR8,MR8 Temperatur BS,0.0000,0.0000,0.0000,15.4000,15.4000
2024-09-23,5239,MR5,MR5 Bügelmesss. BS,7.7000,7.7000,0.0000,23.1000,38.5000
2024-09-23,5240,AV,Arbeitsvorbereit. BS,0.0000,7.7000,0.0000,80.3000,88.0000
2024-09-23,5900,Qualifizierung,Qualifizierung,0.0000,0.0000,0.0000,15.4000,15.4000
2024-09-24,5211,MR11,MR11 Koordinatenm BS,0.0000,0.0000,0.0000,23.1000,23.1000
2024-09-24,5222,WE,WE BS,0.0000,0.0000,0.0000,53.9000,53.9000
2024-09-24,5223,WA,WA BS,0.0000,0.0000,0.0000,23.1000,23.1000
2024-09-24,5225,Packplatz,PP,0.0000,0.0000,0.0000,23.1000,23.1000
2024-09-24,5230,Springer,Prüfer BS,0.0000,0.0000,0.0000,0.0000,0.0000
2024-09-24,5231,MR1,MR1 Endmaße BS,0.0000,13.7000,0.0000,23.1000,36.8000
2024-09-24,5232,MR7,MR7 Lehren BS,0.0000,0.0000,15.4000,38.5000,53.9000
2024-09-24,5233,MR4,MR4 Lohnmessung BS,0.0000,0.0000,0.0000,7.7000,7.7000
2024-09-24,5234,MR2,MR2 Drehmoment BS,0.0000,0.0000,0.0000,46.2000,46.2000
2024-09-24,5235,MR6,MR6 Messschieber BS,0.0000,0.0000,7.7000,28.1000,35.8000
2024-09-24,5236,MR3,MR3 Messuhren BS,0.0000,0.0000,0.0000,38.5000,38.5000
2024-09-24,5237,MR9,MR9 Elektro BS,0.0000,0.0000,0.0000,7.7000,7.7000
2024-09-24,5238,MR8,MR8 Temperatur BS,0.0000,0.0000,0.0000,15.4000,15.4000
2024-09-24,5239,MR5,MR5 Bügelmesss. BS,7.7000,7.7000,0.0000,23.1000,38.5000
2024-09-24,5240,AV,Arbeitsvorbereit. BS,0.0000,15.4000,0.0000,72.6000,88.0000
2024-09-24,5900,Qualifizierung,Qualifizierung,0.0000,0.0000,0.0000,15.4000,15.4000
2024-09-25,5211,MR11,MR11 Koordinatenm BS,0.0000,0.0000,0.0000,23.1000,23.1000
2024-09-25,5222,WE,WE BS,0.0000,0.0000,0.0000,53.9000,53.9000
2024-09-25,5223,WA,WA BS,0.0000,0.0000,0.0000,23.1000,23.1000
2024-09-25,5225,Packplatz,PP,0.0000,0.0000,0.0000,23.1000,23.1000
2024-09-25,5230,Springer,Prüfer BS,0.0000,0.0000,0.0000,0.0000,0.0000
2024-09-25,5231,MR1,MR1 Endmaße BS,0.0000,13.7000,0.0000,23.1000,36.8000
2024-09-25,5232,MR7,MR7 Lehren BS,0.0000,0.0000,7.7000,38.5000,46.2000
2024-09-25,5233,MR4,MR4 Lohnmessung BS,0.0000,0.0000,0.0000,7.7000,7.7000
2024-09-25,5234,MR2,MR2 Drehmoment BS,0.0000,0.0000,0.0000,46.2000,46.2000
2024-09-25,5235,MR6,MR6 Messschieber BS,0.0000,0.0000,7.7000,28.1000,35.8000
2024-09-25,5236,MR3,MR3 Messuhren BS,0.0000,0.0000,0.0000,38.5000,38.5000
2024-09-25,5237,MR9,MR9 Elektro BS,0.0000,0.0000,0.0000,7.7000,7.7000
2024-09-25,5238,MR8,MR8 Temperatur BS,0.0000,0.0000,0.0000,15.4000,15.4000
2024-09-25,5239,MR5,MR5 Bügelmesss. BS,7.7000,7.7000,0.0000,23.1000,38.5000
2024-09-25,5240,AV,Arbeitsvorbereit. BS,0.0000,15.4000,0.0000,67.6000,83.0000
2024-09-25,5900,Qualifizierung,Qualifizierung,0.0000,0.0000,0.0000,15.4000,15.4000
2024-09-26,5211,MR11,MR11 Koordinatenm BS,0.0000,0.0000,0.0000,23.1000,23.1000
2024-09-26,5222,WE,WE BS,0.0000,0.0000,0.0000,53.9000,53.9000
2024-09-26,5223,WA,WA BS,0.0000,0.0000,0.0000,23.1000,23.1000
2024-09-26,5225,Packplatz,PP,0.0000,0.0000,0.0000,23.1000,23.1000
2024-09-26,5230,Springer,Prüfer BS,0.0000,0.0000,0.0000,0.0000,0.0000
2024-09-26,5231,MR1,MR1 Endmaße BS,0.0000,21.4000,0.0000,15.4000,36.8000
2024-09-26,5232,MR7,MR7 Lehren BS,0.0000,0.0000,7.7000,38.5000,46.2000
2024-09-26,5233,MR4,MR4 Lohnmessung BS,0.0000,0.0000,0.0000,7.7000,7.7000
2024-09-26,5234,MR2,MR2 Drehmoment BS,0.0000,0.0000,0.0000,46.2000,46.2000
2024-09-26,5235,MR6,MR6 Messschieber BS,0.0000,0.0000,7.7000,28.1000,35.8000
2024-09-26,5236,MR3,MR3 Messuhren BS,0.0000,0.0000,0.0000,38.5000,38.5000
2024-09-26,5237,MR9,MR9 Elektro BS,0.0000,0.0000,0.0000,7.7000,7.7000
2024-09-26,5238,MR8,MR8 Temperatur BS,0.0000,0.0000,0.0000,15.4000,15.4000
2024-09-26,5239,MR5,MR5 Bügelmesss. BS,7.7000,7.7000,0.0000,23.1000,38.5000
2024-09-26,5240,AV,Arbeitsvorbereit. BS,5.0000,23.1000,0.0000,59.9000,88.0000
2024-09-26,5900,Qualifizierung,Qualifizierung,0.0000,0.0000,0.0000,15.4000,15.4000
2024-09-27,5211,MR11,MR11 Koordinatenm BS,0.0000,0.0000,0.0000,23.1000,23.1000
2024-09-27,5222,WE,WE BS,0.0000,0.0000,7.7000,46.2000,53.9000
2024-09-27,5223,WA,WA BS,0.0000,0.0000,0.0000,15.4000,15.4000
2024-09-27,5225,Packplatz,PP,0.0000,0.0000,0.0000,23.1000,23.1000
2024-09-27,5230,Springer,Prüfer BS,0.0000,0.0000,0.0000,0.0000,0.0000
2024-09-27,5231,MR1,MR1 Endmaße BS,0.0000,13.7000,7.7000,23.1000,44.5000
2024-09-27,5232,MR7,MR7 Lehren BS,0.0000,0.0000,15.4000,30.8000,46.2000
2024-09-27,5233,MR4,MR4 Lohnmessung BS,0.0000,0.0000,0.0000,7.7000,7.7000
2024-09-27,5234,MR2,MR2 Drehmoment BS,0.0000,0.0000,7.7000,38.5000,46.2000
2024-09-27,5235,MR6,MR6 Messschieber BS,0.0000,0.0000,7.7000,28.1000,35.8000
2024-09-27,5236,MR3,MR3 Messuhren BS,0.0000,0.0000,0.0000,30.8000,30.8000
2024-09-27,5237,MR9,MR9 Elektro BS,0.0000,0.0000,0.0000,7.7000,7.7000
2024-09-27,5238,MR8,MR8 Temperatur BS,0.0000,0.0000,0.0000,7.7000,7.7000
2024-09-27,5239,MR5,MR5 Bügelmesss. BS,7.7000,7.7000,0.0000,23.1000,38.5000
2024-09-27,5240,AV,Arbeitsvorbereit. BS,5.0000,15.4000,15.4000,52.2000,88.0000
2024-09-27,5900,Qualifizierung,Qualifizierung,0.0000,0.0000,0.0000,15.4000,15.4000
2024-09-30,5211,MR11,MR11 Koordinatenm BS,0.0000,0.0000,0.0000,23.1000,23.1000
2024-09-30,5222,WE,WE BS,0.0000,0.0000,0.0000,46.2000,46.2000
2024-09-30,5223,WA,WA BS,0.0000,0.0000,7.7000,15.4000,23.1000
2024-09-30,5225,Packplatz,PP,0.0000,0.0000,0.0000,29.1000,29.1000
2024-09-30,5230,Springer,Prüfer BS,0.0000,0.0000,0.0000,0.0000,0.0000
2024-09-30,5231,MR1,MR1 Endmaße BS,0.0000,7.7000,0.0000,21.4000,29.1000
2024-09-30,5232,MR7,MR7 Lehren BS,0.0000,7.7000,23.1000,23.1000,53.9000
2024-09-30,5233,MR4,MR4 Lohnmessung BS,0.0000,0.0000,0.0000,7.7000,7.7000
2024-09-30,5234,MR2,MR2 Drehmoment BS,0.0000,0.0000,0.0000,46.2000,46.2000
2024-09-30,5235,MR6,MR6 Messschieber BS,0.0000,0.0000,0.0000,35.8000,35.8000
2024-09-30,5236,MR3,MR3 Messuhren BS,0.0000,0.0000,15.4000,23.1000,38.5000
2024-09-30,5237,MR9,MR9 Elektro BS,0.0000,0.0000,0.0000,15.4000,15.4000
2024-09-30,5238,MR8,MR8 Temperatur BS,0.0000,0.0000,7.7000,7.7000,15.4000
2024-09-30,5239,MR5,MR5 Bügelmesss. BS,0.0000,7.7000,0.0000,38.5000,46.2000
2024-09-30,5240,AV,Arbeitsvorbereit. BS,0.0000,0.0000,15.4000,72.6000,88.0000
2024-09-30,5900,Qualifizierung,Qualifizierung,0.0000,0.0000,0.0000,15.4000,15.4000
2024-10-01,5211,MR11,MR11 Koordinatenm BS,0.0000,0.0000,0.0000,23.1000,23.1000
2024-10-01,5222,WE,WE BS,0.0000,0.0000,0.0000,53.9000,53.9000
2024-10-01,5223,WA,WA BS,0.0000,0.0000,7.7000,15.4000,23.1000
2024-10-01,5225,Packplatz,PP,0.0000,0.0000,6.0000,23.1000,29.1000
2024-10-01,5230,Springer,Prüfer BS,0.0000,0.0000,0.0000,0.0000,0.0000
2024-10-01,5231,MR1,MR1 Endmaße BS,0.0000,15.4000,0.0000,21.4000,36.8000
2024-10-01,5232,MR7,MR7 Lehren BS,0.0000,0.0000,15.4000,38.5000,53.9000
2024-10-01,5233,MR4,MR4 Lohnmessung BS,0.0000,0.0000,0.0000,7.7000,7.7000
2024-10-01,5234,MR2,MR2 Drehmoment BS,0.0000,7.7000,0.0000,38.5000,46.2000
2024-10-01,5235,MR6,MR6 Messschieber BS,0.0000,0.0000,0.0000,35.8000,35.8000
2024-10-01,5236,MR3,MR3 Messuhren BS,0.0000,0.0000,15.4000,23.1000,38.5000
2024-10-01,5237,MR9,MR9 Elektro BS,0.0000,0.0000,0.0000,15.4000,15.4000
2024-10-01,5238,MR8,MR8 Temperatur BS,0.0000,0.0000,7.7000,7.7000,15.4000
2024-10-01,5239,MR5,MR5 Bügelmesss. BS,0.0000,7.7000,0.0000,38.5000,46.2000
2024-10-01,5240,AV,Arbeitsvorbereit. BS,0.0000,0.0000,7.7000,80.3000,88.0000
2024-10-01,5900,Qualifizierung,Qualifizierung,0.0000,0.0000,0.0000,15.4000,15.4000
2024-10-02,5211,MR11,MR11 Koordinatenm BS,0.0000,7.7000,0.0000,15.4000,23.1000
2024-10-02,5222,WE,WE BS,0.0000,0.0000,0.0000,53.9000,53.9000
2024-10-02,5223,WA,WA BS,0.0000,0.0000,7.7000,15.4000,23.1000
2024-10-02,5225,Packplatz,PP,0.0000,0.0000,6.0000,23.1000,29.1000
2024-10-02,5230,Springer,Prüfer BS,0.0000,0.0000,0.0000,0.0000,0.0000
2024-10-02,5231,MR1,MR1 Endmaße BS,0.0000,15.4000,0.0000,21.4000,36.8000
2024-10-02,5232,MR7,MR7 Lehren BS,0.0000,7.7000,15.4000,30.8000,53.9000
2024-10-02,5233,MR4,MR4 Lohnmessung BS,0.0000,0.0000,0.0000,7.7000,7.7000
2024-10-02,5234,MR2,MR2 Drehmoment BS,0.0000,7.7000,0.0000,38.5000,46.2000
2024-10-02,5235,MR6,MR6 Messschieber BS,0.0000,0.0000,0.0000,35.8000,35.8000
2024-10-02,5236,MR3,MR3 Messuhren BS,0.0000,0.0000,15.4000,23.1000,38.5000
2024-10-02,5237,MR9,MR9 Elektro BS,0.0000,0.0000,0.0000,7.7000,7.7000
2024-10-02,5238,MR8,MR8 Temperatur BS,0.0000,0.0000,7.7000,7.7000,15.4000
2024-10-02,5239,MR5,MR5 Bügelmesss. BS,0.0000,7.7000,0.0000,38.5000,46.2000
2024-10-02,5240,AV,Arbeitsvorbereit. BS,0.0000,7.7000,7.7000,67.6000,83.0000
2024-10-02,5900,Qualifizierung,Qualifizierung,0.0000,0.0000,0.0000,15.4000,15.4000
2024-10-04,5211,MR11,MR11 Koordinatenm BS,0.0000,0.0000,15.4000,0.0000,15.4000
2024-10-04,5222,WE,WE BS,0.0000,0.0000,30.8000,0.0000,30.8000
2024-10-04,5223,WA,WA BS,0.0000,0.0000,15.4000,0.0000,15.4000
2024-10-04,5225,Packplatz,PP,0.0000,0.0000,15.4000,0.0000,15.4000
2024-10-04,5230,Springer,Prüfer BS,0.0000,0.0000,0.0000,0.0000,0.0000
2024-10-04,5231,MR1,MR1 Endmaße BS,0.0000,15.4000,13.7000,0.0000,29.1000
2024-10-04,5232,MR7,MR7 Lehren BS,0.0000,7.7000,38.5000,0.0000,46.2000
2024-10-04,5233,MR4,MR4 Lohnmessung BS,0.0000,0.0000,7.7000,,7.7000
2024-10-04,5234,MR2,MR2 Drehmoment BS,0.0000,0.0000,38.5000,0.0000,38.5000
2024-10-04,5235,MR6,MR6 Messschieber BS,0.0000,0.0000,20.4000,0.0000,20.4000
2024-10-04,5236,MR3,MR3 Messuhren BS,0.0000,0.0000,23.1000,0.0000,23.1000
2024-10-04,5237,MR9,MR9 Elektro BS,0.0000,0.0000,7.7000,0.0000,7.7000
2024-10-04,5238,MR8,MR8 Temperatur BS,0.0000,0.0000,7.7000,,7.7000
2024-10-04,5239,MR5,MR5 Bügelmesss. BS,0.0000,7.7000,30.8000,0.0000,38.5000
2024-10-04,5240,AV,Arbeitsvorbereit. BS,0.0000,7.7000,38.5000,0.0000,46.2000
2024-10-07,5211,MR11,MR11 Koordinatenm BS,0.0000,0.0000,0.0000,23.1000,23.1000
2024-10-07,5222,WE,WE BS,0.0000,0.0000,15.4000,46.2000,61.6000
2024-10-07,5223,WA,WA BS,0.0000,0.0000,0.0000,15.4000,15.4000
2024-10-07,5225,Packplatz,PP,0.0000,0.0000,0.0000,29.1000,29.1000
2024-10-07,5230,Springer,Prüfer BS,0.0000,0.0000,0.0000,0.0000,0.0000
2024-10-07,5231,MR1,MR1 Endmaße BS,0.0000,0.0000,0.0000,21.4000,21.4000
2024-10-07,5232,MR7,MR7 Lehren BS,0.0000,15.4000,5.0000,38.5000,58.9000
2024-10-07,5233,MR4,MR4 Lohnmessung BS,0.0000,0.0000,0.0000,7.7000,7.7000
2024-10-07,5234,MR2,MR2 Drehmoment BS,0.0000,0.0000,15.4000,30.8000,46.2000
2024-10-07,5235,MR6,MR6 Messschieber BS,0.0000,0.0000,0.0000,30.8000,30.8000
2024-10-07,5236,MR3,MR3 Messuhren BS,0.0000,0.0000,0.0000,38.5000,38.5000
2024-10-07,5237,MR9,MR9 Elektro BS,0.0000,0.0000,7.7000,7.7000,15.4000
2024-10-07,5238,MR8,MR8 Temperatur BS,0.0000,0.0000,0.0000,15.4000,15.4000
2024-10-07,5239,MR5,MR5 Bügelmesss. BS,0.0000,15.4000,15.4000,15.4000,46.2000
2024-10-07,5240,AV,Arbeitsvorbereit. BS,0.0000,0.0000,15.4000,67.6000,83.0000
2024-10-07,5900,Qualifizierung,Qualifizierung,0.0000,0.0000,7.7000,7.7000,15.4000
2024-10-08,5211,MR11,MR11 Koordinatenm BS,0.0000,0.0000,0.0000,23.1000,23.1000
2024-10-08,5222,WE,WE BS,0.0000,0.0000,15.4000,46.2000,61.6000
2024-10-08,5223,WA,WA BS,0.0000,0.0000,0.0000,23.1000,23.1000
2024-10-08,5225,Packplatz,PP,0.0000,0.0000,0.0000,29.1000,29.1000
2024-10-08,5230,Springer,Prüfer BS,0.0000,0.0000,0.0000,0.0000,0.0000
2024-10-08,5231,MR1,MR1 Endmaße BS,0.0000,7.7000,0.0000,21.4000,29.1000
2024-10-08,5232,MR7,MR7 Lehren BS,0.0000,7.7000,5.0000,46.2000,58.9000
2024-10-08,5233,MR4,MR4 Lohnmessung BS,0.0000,0.0000,0.0000,7.7000,7.7000
2024-10-08,5234,MR2,MR2 Drehmoment BS,0.0000,0.0000,15.4000,30.8000,46.2000
2024-10-08,5235,MR6,MR6 Messschieber BS,0.0000,7.7000,0.0000,28.1000,35.8000
2024-10-08,5236,MR3,MR3 Messuhren BS,0.0000,0.0000,0.0000,38.5000,38.5000
2024-10-08,5237,MR9,MR9 Elektro BS,0.0000,0.0000,7.7000,7.7000,15.4000
2024-10-08,5238,MR8,MR8 Temperatur BS,0.0000,0.0000,0.0000,15.4000,15.4000
2024-10-08,5239,MR5,MR5 Bügelmesss. BS,0.0000,7.7000,15.4000,23.1000,46.2000
2024-10-08,5240,AV,Arbeitsvorbereit. BS,0.0000,0.0000,7.7000,75.3000,83.0000
2024-10-08,5900,Qualifizierung,Qualifizierung,0.0000,0.0000,7.7000,7.7000,15.4000
2024-10-09,5211,MR11,MR11 Koordinatenm BS,0.0000,0.0000,0.0000,23.1000,23.1000
2024-10-09,5222,WE,WE BS,0.0000,0.0000,15.4000,46.2000,61.6000
2024-10-09,5223,WA,WA BS,0.0000,0.0000,0.0000,23.1000,23.1000
2024-10-09,5225,Packplatz,PP,0.0000,0.0000,0.0000,29.1000,29.1000
2024-10-09,5230,Springer,Prüfer BS,0.0000,0.0000,0.0000,0.0000,0.0000
2024-10-09,5231,MR1,MR1 Endmaße BS,0.0000,7.7000,0.0000,21.4000,29.1000
2024-10-09,5232,MR7,MR7 Lehren BS,0.0000,15.4000,5.0000,38.5000,58.9000
2024-10-09,5233,MR4,MR4 Lohnmessung BS,0.0000,0.0000,0.0000,7.7000,7.7000
2024-10-09,5234,MR2,MR2 Drehmoment BS,0.0000,0.0000,7.7000,38.5000,46.2000
2024-10-09,5235,MR6,MR6 Messschieber BS,0.0000,0.0000,0.0000,35.8000,35.8000
2024-10-09,5236,MR3,MR3 Messuhren BS,0.0000,0.0000,0.0000,38.5000,38.5000
2024-10-09,5237,MR9,MR9 Elektro BS,0.0000,0.0000,7.7000,7.7000,15.4000
2024-10-09,5238,MR8,MR8 Temperatur BS,0.0000,0.0000,0.0000,15.4000,15.4000
2024-10-09,5239,MR5,MR5 Bügelmesss. BS,0.0000,7.7000,15.4000,23.1000,46.2000
2024-10-09,5240,AV,Arbeitsvorbereit. BS,0.0000,7.7000,7.7000,67.6000,83.0000
2024-10-09,5900,Qualifizierung,Qualifizierung,0.0000,0.0000,7.7000,7.7000,15.4000
2024-10-10,5211,MR11,MR11 Koordinatenm BS,0.0000,0.0000,0.0000,23.1000,23.1000
2024-10-10,5222,WE,WE BS,0.0000,0.0000,15.4000,46.2000,61.6000
2024-10-10,5223,WA,WA BS,0.0000,0.0000,0.0000,23.1000,23.1000
2024-10-10,5225,Packplatz,PP,0.0000,0.0000,0.0000,15.4000,15.4000
2024-10-10,5230,Springer,Prüfer BS,0.0000,0.0000,0.0000,0.0000,0.0000
2024-10-10,5231,MR1,MR1 Endmaße BS,0.0000,7.7000,0.0000,21.4000,29.1000
2024-10-10,5232,MR7,MR7 Lehren BS,0.0000,15.4000,0.0000,38.5000,53.9000
2024-10-10,5233,MR4,MR4 Lohnmessung BS,0.0000,0.0000,0.0000,7.7000,7.7000
2024-10-10,5234,MR2,MR2 Drehmoment BS,0.0000,0.0000,7.7000,30.8000,38.5000
2024-10-10,5235,MR6,MR6 Messschieber BS,0.0000,0.0000,0.0000,35.8000,35.8000
2024-10-10,5236,MR3,MR3 Messuhren BS,0.0000,0.0000,0.0000,38.5000,38.5000
2024-10-10,5237,MR9,MR9 Elektro BS,0.0000,0.0000,7.7000,7.7000,15.4000
2024-10-10,5238,MR8,MR8 Temperatur BS,0.0000,0.0000,0.0000,15.4000,15.4000
2024-10-10,5239,MR5,MR5 Bügelmesss. BS,0.0000,7.7000,15.4000,23.1000,46.2000
2024-10-10,5240,AV,Arbeitsvorbereit. BS,0.0000,7.7000,12.7000,67.6000,88.0000
2024-10-10,5900,Qualifizierung,Qualifizierung,0.0000,0.0000,7.7000,7.7000,15.4000
2024-10-11,5211,MR11,MR11 Koordinatenm BS,0.0000,0.0000,0.0000,23.1000,23.1000
2024-10-11,5222,WE,WE BS,0.0000,0.0000,15.4000,46.2000,61.6000
2024-10-11,5223,WA,WA BS,0.0000,0.0000,0.0000,15.4000,15.4000
2024-10-11,5225,Packplatz,PP,0.0000,0.0000,0.0000,15.4000,15.4000
2024-10-11,5230,Springer,Prüfer BS,0.0000,0.0000,0.0000,0.0000,0.0000
2024-10-11,5231,MR1,MR1 Endmaße BS,0.0000,7.7000,0.0000,21.4000,29.1000
2024-10-11,5232,MR7,MR7 Lehren BS,0.0000,15.4000,0.0000,38.5000,53.9000
2024-10-11,5233,MR4,MR4 Lohnmessung BS,0.0000,0.0000,0.0000,7.7000,7.7000
2024-10-11,5234,MR2,MR2 Drehmoment BS,0.0000,0.0000,7.7000,30.8000,38.5000
2024-10-11,5235,MR6,MR6 Messschieber BS,0.0000,0.0000,0.0000,35.8000,35.8000
2024-10-11,5236,MR3,MR3 Messuhren BS,0.0000,0.0000,0.0000,30.8000,30.8000
2024-10-11,5237,MR9,MR9 Elektro BS,0.0000,0.0000,7.7000,7.7000,15.4000
2024-10-11,5238,MR8,MR8 Temperatur BS,0.0000,0.0000,0.0000,15.4000,15.4000
2024-10-11,5239,MR5,MR5 Bügelmesss. BS,0.0000,7.7000,15.4000,23.1000,46.2000
2024-10-11,5240,AV,Arbeitsvorbereit. BS,0.0000,7.7000,12.7000,67.6000,88.0000
2024-10-11,5900,Qualifizierung,Qualifizierung,0.0000,0.0000,7.7000,7.7000,15.4000
2024-10-14,5211,MR11,MR11 Koordinatenm BS,0.0000,0.0000,7.7000,15.4000,23.1000
2024-10-14,5222,WE,WE BS,0.0000,0.0000,23.1000,38.5000,61.6000
2024-10-14,5223,WA,WA BS,0.0000,0.0000,0.0000,23.1000,23.1000
2024-10-14,5225,Packplatz,PP,0.0000,0.0000,0.0000,29.1000,29.1000
2024-10-14,5230,Springer,Prüfer BS,0.0000,0.0000,0.0000,0.0000,0.0000
2024-10-14,5231,MR1,MR1 Endmaße BS,0.0000,0.0000,0.0000,29.1000,29.1000
2024-10-14,5232,MR7,MR7 Lehren BS,0.0000,7.7000,0.0000,46.2000,53.9000
2024-10-14,5233,MR4,MR4 Lohnmessung BS,0.0000,0.0000,0.0000,7.7000,7.7000
2024-10-14,5234,MR2,MR2 Drehmoment BS,0.0000,0.0000,0.0000,46.2000,46.2000
2024-10-14,5235,MR6,MR6 Messschieber BS,0.0000,0.0000,0.0000,35.8000,35.8000
2024-10-14,5236,MR3,MR3 Messuhren BS,0.0000,0.0000,0.0000,38.5000,38.5000
2024-10-14,5237,MR9,MR9 Elektro BS,0.0000,0.0000,0.0000,15.4000,15.4000
2024-10-14,5238,MR8,MR8 Temperatur BS,0.0000,0.0000,0.0000,15.4000,15.4000
2024-10-14,5239,MR5,MR5 Bügelmesss. BS,0.0000,7.7000,0.0000,38.5000,46.2000
2024-10-14,5240,AV,Arbeitsvorbereit. BS,0.0000,0.0000,6.0000,82.0000,88.0000
2024-10-14,5900,Qualifizierung,Qualifizierung,0.0000,0.0000,7.7000,7.7000,15.4000
2024-10-15,5211,MR11,MR11 Koordinatenm BS,0.0000,0.0000,7.7000,15.4000,23.1000
2024-10-15,5222,WE,WE BS,0.0000,0.0000,23.1000,38.5000,61.6000
2024-10-15,5223,WA,WA BS,0.0000,0.0000,0.0000,23.1000,23.1000
2024-10-15,5225,Packplatz,PP,0.0000,6.0000,0.0000,23.1000,29.1000
2024-10-15,5230,Springer,Prüfer BS,0.0000,0.0000,0.0000,0.0000,0.0000
2024-10-15,5231,MR1,MR1 Endmaße BS,0.0000,7.7000,0.0000,29.1000,36.8000
2024-10-15,5232,MR7,MR7 Lehren BS,0.0000,15.4000,0.0000,38.5000,53.9000
2024-10-15,5233,MR4,MR4 Lohnmessung BS,0.0000,7.7000,0.0000,0.0000,7.7000
2024-10-15,5234,MR2,MR2 Drehmoment BS,0.0000,15.4000,0.0000,30.8000,46.2000
2024-10-15,5235,MR6,MR6 Messschieber BS,0.0000,15.4000,0.0000,20.4000,35.8000
2024-10-15,5236,MR3,MR3 Messuhren BS,0.0000,0.0000,0.0000,38.5000,38.5000
2024-10-15,5237,MR9,MR9 Elektro BS,0.0000,0.0000,0.0000,15.4000,15.4000
2024-10-15,5238,MR8,MR8 Temperatur BS,0.0000,0.0000,0.0000,15.4000,15.4000
2024-10-15,5239,MR5,MR5 Bügelmesss. BS,0.0000,7.7000,0.0000,38.5000,46.2000
2024-10-15,5240,AV,Arbeitsvorbereit. BS,0.0000,15.4000,6.0000,66.6000,88.0000
2024-10-15,5900,Qualifizierung,Qualifizierung,0.0000,0.0000,7.7000,7.7000,15.4000
2024-10-16,5211,MR11,MR11 Koordinatenm BS,0.0000,0.0000,7.7000,15.4000,23.1000
2024-10-16,5222,WE,WE BS,0.0000,0.0000,15.4000,46.2000,61.6000
2024-10-16,5223,WA,WA BS,0.0000,0.0000,0.0000,23.1000,23.1000
2024-10-16,5225,Packplatz,PP,0.0000,6.0000,0.0000,23.1000,29.1000
2024-10-16,5230,Springer,Prüfer BS,0.0000,0.0000,0.0000,0.0000,0.0000
2024-10-16,5231,MR1,MR1 Endmaße BS,0.0000,7.7000,0.0000,29.1000,36.8000
2024-10-16,5232,MR7,MR7 Lehren BS,0.0000,23.1000,0.0000,30.8000,53.9000
2024-10-16,5233,MR4,MR4 Lohnmessung BS,0.0000,0.0000,0.0000,7.7000,7.7000
2024-10-16,5234,MR2,MR2 Drehmoment BS,0.0000,7.7000,0.0000,38.5000,46.2000
2024-10-16,5235,MR6,MR6 Messschieber BS,0.0000,7.7000,0.0000,28.1000,35.8000
2024-10-16,5236,MR3,MR3 Messuhren BS,0.0000,0.0000,0.0000,38.5000,38.5000
2024-10-16,5237,MR9,MR9 Elektro BS,0.0000,0.0000,0.0000,15.4000,15.4000
2024-10-16,5238,MR8,MR8 Temperatur BS,0.0000,0.0000,0.0000,15.4000,15.4000
2024-10-16,5239,MR5,MR5 Bügelmesss. BS,0.0000,7.7000,0.0000,38.5000,46.2000
2024-10-16,5240,AV,Arbeitsvorbereit. BS,0.0000,15.4000,6.0000,61.6000,83.0000
2024-10-16,5900,Qualifizierung,Qualifizierung,0.0000,0.0000,7.7000,7.7000,15.4000
2024-10-17,5211,MR11,MR11 Koordinatenm BS,0.0000,0.0000,7.7000,15.4000,23.1000
2024-10-17,5222,WE,WE BS,0.0000,0.0000,15.4000,46.2000,61.6000
2024-10-17,5223,WA,WA BS,0.0000,7.7000,0.0000,15.4000,23.1000
2024-10-17,5225,Packplatz,PP,0.0000,0.0000,0.0000,23.1000,23.1000
2024-10-17,5230,Springer,Prüfer BS,0.0000,0.0000,0.0000,0.0000,0.0000
2024-10-17,5231,MR1,MR1 Endmaße BS,0.0000,7.7000,0.0000,29.1000,36.8000
2024-10-17,5232,MR7,MR7 Lehren BS,0.0000,23.1000,7.7000,23.1000,53.9000
2024-10-17,5233,MR4,MR4 Lohnmessung BS,0.0000,0.0000,0.0000,7.7000,7.7000
2024-10-17,5234,MR2,MR2 Drehmoment BS,0.0000,7.7000,0.0000,38.5000,46.2000
2024-10-17,5235,MR6,MR6 Messschieber BS,0.0000,7.7000,0.0000,28.1000,35.8000
2024-10-17,5236,MR3,MR3 Messuhren BS,0.0000,0.0000,0.0000,38.5000,38.5000
2024-10-17,5237,MR9,MR9 Elektro BS,0.0000,0.0000,0.0000,15.4000,15.4000
2024-10-17,5238,MR8,MR8 Temperatur BS,0.0000,0.0000,0.0000,15.4000,15.4000
2024-10-17,5239,MR5,MR5 Bügelmesss. BS,0.0000,7.7000,7.7000,30.8000,46.2000
2024-10-17,5240,AV,Arbeitsvorbereit. BS,0.0000,15.4000,6.0000,66.6000,88.0000
2024-10-17,5900,Qualifizierung,Qualifizierung,0.0000,0.0000,7.7000,7.7000,15.4000
2024-10-18,5211,MR11,MR11 Koordinatenm BS,0.0000,0.0000,7.7000,15.4000,23.1000
2024-10-18,5222,WE,WE BS,0.0000,0.0000,15.4000,46.2000,61.6000
2024-10-18,5223,WA,WA BS,0.0000,7.7000,0.0000,7.7000,15.4000
2024-10-18,5225,Packplatz,PP,0.0000,0.0000,0.0000,23.1000,23.1000
2024-10-18,5230,Springer,Prüfer BS,0.0000,0.0000,0.0000,0.0000,0.0000
2024-10-18,5231,MR1,MR1 Endmaße BS,0.0000,7.7000,0.0000,29.1000,36.8000
2024-10-18,5232,MR7,MR7 Lehren BS,0.0000,23.1000,0.0000,30.8000,53.9000
2024-10-18,5233,MR4,MR4 Lohnmessung BS,0.0000,0.0000,0.0000,7.7000,7.7000
2024-10-18,5234,MR2,MR2 Drehmoment BS,0.0000,7.7000,0.0000,38.5000,46.2000
2024-10-18,5235,MR6,MR6 Messschieber BS,0.0000,7.7000,5.0000,23.1000,35.8000
2024-10-18,5236,MR3,MR3 Messuhren BS,0.0000,0.0000,0.0000,30.8000,30.8000
2024-10-18,5237,MR9,MR9 Elektro BS,0.0000,0.0000,0.0000,15.4000,15.4000
2024-10-18,5238,MR8,MR8 Temperatur BS,0.0000,0.0000,0.0000,15.4000,15.4000
2024-10-18,5239,MR5,MR5 Bügelmesss. BS,0.0000,7.7000,0.0000,38.5000,46.2000
2024-10-18,5240,AV,Arbeitsvorbereit. BS,0.0000,15.4000,6.0000,66.6000,88.0000
2024-10-18,5900,Qualifizierung,Qualifizierung,0.0000,0.0000,7.7000,7.7000,15.4000
2024-10-21,5211,MR11,MR11 Koordinatenm BS,0.0000,0.0000,0.0000,15.4000,15.4000
2024-10-21,5222,WE,WE BS,0.0000,0.0000,0.0000,61.6000,61.6000
2024-10-21,5223,WA,WA BS,0.0000,0.0000,0.0000,15.4000,15.4000
2024-10-21,5225,Packplatz,PP,0.0000,6.0000,0.0000,23.1000,29.1000
2024-10-21,5230,Springer,Prüfer BS,0.0000,0.0000,0.0000,0.0000,0.0000
2024-10-21,5231,MR1,MR1 Endmaße BS,0.0000,0.0000,6.0000,23.1000,29.1000
2024-10-21,5232,MR7,MR7 Lehren BS,0.0000,7.7000,7.7000,53.9000,69.3000
2024-10-21,5233,MR4,MR4 Lohnmessung BS,0.0000,0.0000,7.7000,,7.7000
2024-10-21,5234,MR2,MR2 Drehmoment BS,0.0000,0.0000,0.0000,46.2000,46.2000
2024-10-21,5235,MR6,MR6 Messschieber BS,0.0000,0.0000,5.0000,30.8000,35.8000
2024-10-21,5236,MR3,MR3 Messuhren BS,0.0000,0.0000,0.0000,38.5000,38.5000
2024-10-21,5237,MR9,MR9 Elektro BS,0.0000,0.0000,7.7000,15.4000,23.1000
2024-10-21,5238,MR8,MR8 Temperatur BS,0.0000,0.0000,0.0000,7.7000,7.7000
2024-10-21,5239,MR5,MR5 Bügelmesss. BS,0.0000,7.7000,0.0000,38.5000,46.2000
2024-10-21,5240,AV,Arbeitsvorbereit. BS,0.0000,0.0000,13.7000,74.3000,88.0000
2024-10-22,5211,MR11,MR11 Koordinatenm BS,0.0000,0.0000,0.0000,23.1000,23.1000
2024-10-22,5222,WE,WE BS,0.0000,0.0000,0.0000,61.6000,61.6000
2024-10-22,5223,WA,WA BS,0.0000,7.7000,0.0000,15.4000,23.1000
2024-10-22,5225,Packplatz,PP,0.0000,6.0000,0.0000,23.1000,29.1000
2024-10-22,5230,Springer,Prüfer BS,0.0000,0.0000,0.0000,0.0000,0.0000
2024-10-22,5231,MR1,MR1 Endmaße BS,0.0000,7.7000,6.0000,23.1000,36.8000
2024-10-22,5232,MR7,MR7 Lehren BS,0.0000,23.1000,7.7000,38.5000,69.3000
2024-10-22,5233,MR4,MR4 Lohnmessung BS,0.0000,0.0000,7.7000,,7.7000
2024-10-22,5234,MR2,MR2 Drehmoment BS,0.0000,0.0000,0.0000,38.5000,38.5000
2024-10-22,5235,MR6,MR6 Messschieber BS,0.0000,7.7000,5.0000,23.1000,35.8000
2024-10-22,5236,MR3,MR3 Messuhren BS,0.0000,0.0000,0.0000,38.5000,38.5000
2024-10-22,5237,MR9,MR9 Elektro BS,0.0000,0.0000,7.7000,15.4000,23.1000
2024-10-22,5238,MR8,MR8 Temperatur BS,0.0000,0.0000,0.0000,7.7000,7.7000
2024-10-22,5239,MR5,MR5 Bügelmesss. BS,0.0000,7.7000,0.0000,38.5000,46.2000
2024-10-22,5240,AV,Arbeitsvorbereit. BS,0.0000,15.4000,13.7000,58.9000,88.0000
2024-10-23,5211,MR11,MR11 Koordinatenm BS,0.0000,0.0000,0.0000,23.1000,23.1000
2024-10-23,5222,WE,WE BS,0.0000,0.0000,0.0000,61.6000,61.6000
2024-10-23,5223,WA,WA BS,0.0000,7.7000,0.0000,15.4000,23.1000
2024-10-23,5225,Packplatz,PP,0.0000,6.0000,0.0000,23.1000,29.1000
2024-10-23,5230,Springer,Prüfer BS,0.0000,0.0000,0.0000,0.0000,0.0000
2024-10-23,5231,MR1,MR1 Endmaße BS,0.0000,7.7000,6.0000,23.1000,36.8000
2024-10-23,5232,MR7,MR7 Lehren BS,0.0000,23.1000,7.7000,38.5000,69.3000
2024-10-23,5233,MR4,MR4 Lohnmessung BS,0.0000,0.0000,7.7000,,7.7000
2024-10-23,5234,MR2,MR2 Drehmoment BS,0.0000,0.0000,0.0000,46.2000,46.2000
2024-10-23,5235,MR6,MR6 Messschieber BS,0.0000,7.7000,5.0000,23.1000,35.8000
2024-10-23,5236,MR3,MR3 Messuhren BS,0.0000,0.0000,0.0000,38.5000,38.5000
2024-10-23,5237,MR9,MR9 Elektro BS,0.0000,0.0000,7.7000,15.4000,23.1000
2024-10-23,5238,MR8,MR8 Temperatur BS,0.0000,0.0000,0.0000,7.7000,7.7000
2024-10-23,5239,MR5,MR5 Bügelmesss. BS,0.0000,7.7000,0.0000,38.5000,46.2000
2024-10-23,5240,AV,Arbeitsvorbereit. BS,0.0000,7.7000,13.7000,61.6000,83.0000
2024-10-24,5211,MR11,MR11 Koordinatenm BS,0.0000,0.0000,0.0000,23.1000,23.1000
2024-10-24,5222,WE,WE BS,0.0000,7.7000,0.0000,53.9000,61.6000
2024-10-24,5223,WA,WA BS,0.0000,7.7000,0.0000,15.4000,23.1000
2024-10-24,5225,Packplatz,PP,0.0000,0.0000,0.0000,15.4000,15.4000
2024-10-24,5230,Springer,Prüfer BS,0.0000,0.0000,0.0000,0.0000,0.0000
2024-10-24,5231,MR1,MR1 Endmaße BS,0.0000,7.7000,6.0000,23.1000,36.8000
2024-10-24,5232,MR7,MR7 Lehren BS,0.0000,23.1000,7.7000,38.5000,69.3000
2024-10-24,5233,MR4,MR4 Lohnmessung BS,0.0000,0.0000,7.7000,,7.7000
2024-10-24,5234,MR2,MR2 Drehmoment BS,0.0000,0.0000,0.0000,46.2000,46.2000
2024-10-24,5235,MR6,MR6 Messschieber BS,0.0000,7.7000,5.0000,23.1000,35.8000
2024-10-24,5236,MR3,MR3 Messuhren BS,0.0000,0.0000,0.0000,30.8000,30.8000
2024-10-24,5237,MR9,MR9 Elektro BS,0.0000,0.0000,7.7000,15.4000,23.1000
2024-10-24,5238,MR8,MR8 Temperatur BS,0.0000,0.0000,0.0000,7.7000,7.7000
2024-10-24,5239,MR5,MR5 Bügelmesss. BS,0.0000,15.4000,0.0000,30.8000,46.2000
2024-10-24,5240,AV,Arbeitsvorbereit. BS,0.0000,15.4000,13.7000,58.9000,88.0000
2024-10-25,5211,MR11,MR11 Koordinatenm BS,0.0000,0.0000,0.0000,23.1000,23.1000
2024-10-25,5222,WE,WE BS,0.0000,7.7000,0.0000,53.9000,61.6000
2024-10-25,5223,WA,WA BS,0.0000,0.0000,0.0000,15.4000,15.4000
2024-10-25,5225,Packplatz,PP,0.0000,0.0000,0.0000,23.1000,23.1000
2024-10-25,5230,Springer,Prüfer BS,0.0000,0.0000,0.0000,0.0000,0.0000
2024-10-25,5231,MR1,MR1 Endmaße BS,0.0000,7.7000,6.0000,23.1000,36.8000
2024-10-25,5232,MR7,MR7 Lehren BS,0.0000,23.1000,7.7000,38.5000,69.3000
2024-10-25,5233,MR4,MR4 Lohnmessung BS,0.0000,0.0000,7.7000,,7.7000
2024-10-25,5234,MR2,MR2 Drehmoment BS,0.0000,0.0000,0.0000,46.2000,46.2000
2024-10-25,5235,MR6,MR6 Messschieber BS,0.0000,7.7000,5.0000,23.1000,35.8000
2024-10-25,5236,MR3,MR3 Messuhren BS,0.0000,0.0000,0.0000,30.8000,30.8000
2024-10-25,5237,MR9,MR9 Elektro BS,0.0000,0.0000,7.7000,15.4000,23.1000
2024-10-25,5238,MR8,MR8 Temperatur BS,0.0000,0.0000,0.0000,7.7000,7.7000
2024-10-25,5239,MR5,MR5 Bügelmesss. BS,0.0000,23.1000,0.0000,23.1000,46.2000
2024-10-25,5240,AV,Arbeitsvorbereit. BS,0.0000,7.7000,13.7000,66.6000,88.0000
2024-10-28,5211,MR11,MR11 Koordinatenm BS,0.0000,0.0000,0.0000,23.1000,23.1000
2024-10-28,5222,WE,WE BS,0.0000,0.0000,0.0000,61.6000,61.6000
2024-10-28,5223,WA,WA BS,0.0000,7.7000,0.0000,15.4000,23.1000
2024-10-28,5225,Packplatz,PP,0.0000,0.0000,13.7000,15.4000,29.1000
2024-10-28,5230,Springer,Prüfer BS,0.0000,0.0000,0.0000,0.0000,0.0000
2024-10-28,5231,MR1,MR1 Endmaße BS,0.0000,0.0000,0.0000,29.1000,29.1000
2024-10-28,5232,MR7,MR7 Lehren BS,0.0000,7.7000,7.7000,53.9000,69.3000
2024-10-28,5233,MR4,MR4 Lohnmessung BS,0.0000,0.0000,0.0000,7.7000,7.7000
2024-10-28,5234,MR2,MR2 Drehmoment BS,0.0000,0.0000,0.0000,46.2000,46.2000
2024-10-28,5235,MR6,MR6 Messschieber BS,0.0000,0.0000,5.0000,30.8000,35.8000
2024-10-28,5236,MR3,MR3 Messuhren BS,0.0000,0.0000,7.7000,30.8000,38.5000
2024-10-28,5237,MR9,MR9 Elektro BS,0.0000,0.0000,7.7000,15.4000,23.1000
2024-10-28,5238,MR8,MR8 Temperatur BS,0.0000,0.0000,0.0000,7.7000,7.7000
2024-10-28,5239,MR5,MR5 Bügelmesss. BS,0.0000,7.7000,7.7000,30.8000,46.2000
2024-10-28,5240,AV,Arbeitsvorbereit. BS,0.0000,0.0000,13.7000,74.3000,88.0000
2024-10-29,5211,MR11,MR11 Koordinatenm BS,0.0000,0.0000,0.0000,23.1000,23.1000
2024-10-29,5222,WE,WE BS,0.0000,0.0000,0.0000,61.6000,61.6000
2024-10-29,5223,WA,WA BS,0.0000,7.7000,0.0000,15.4000,23.1000
2024-10-29,5225,Packplatz,PP,0.0000,0.0000,6.0000,23.1000,29.1000
2024-10-29,5230,Springer,Prüfer BS,0.0000,0.0000,0.0000,0.0000,0.0000
2024-10-29,5231,MR1,MR1 Endmaße BS,0.0000,7.7000,0.0000,29.1000,36.8000
2024-10-29,5232,MR7,MR7 Lehren BS,0.0000,23.1000,7.7000,38.5000,69.3000
2024-10-29,5233,MR4,MR4 Lohnmessung BS,0.0000,0.0000,0.0000,7.7000,7.7000
2024-10-29,5234,MR2,MR2 Drehmoment BS,0.0000,0.0000,0.0000,46.2000,46.2000
2024-10-29,5235,MR6,MR6 Messschieber BS,0.0000,0.0000,5.0000,30.8000,35.8000
2024-10-29,5236,MR3,MR3 Messuhren BS,0.0000,0.0000,7.7000,30.8000,38.5000
2024-10-29,5237,MR9,MR9 Elektro BS,0.0000,0.0000,7.7000,15.4000,23.1000
2024-10-29,5238,MR8,MR8 Temperatur BS,0.0000,0.0000,0.0000,7.7000,7.7000
2024-10-29,5239,MR5,MR5 Bügelmesss. BS,0.0000,7.7000,7.7000,30.8000,46.2000
2024-10-29,5240,AV,Arbeitsvorbereit. BS,0.0000,0.0000,13.7000,74.3000,88.0000
2024-10-30,5211,MR11,MR11 Koordinatenm BS,0.0000,7.7000,0.0000,15.4000,23.1000
2024-10-30,5222,WE,WE BS,0.0000,0.0000,0.0000,61.6000,61.6000
2024-10-30,5223,WA,WA BS,0.0000,7.7000,0.0000,15.4000,23.1000
2024-10-30,5225,Packplatz,PP,0.0000,0.0000,6.0000,23.1000,29.1000
2024-10-30,5230,Springer,Prüfer BS,0.0000,0.0000,0.0000,0.0000,0.0000
2024-10-30,5231,MR1,MR1 Endmaße BS,0.0000,7.7000,0.0000,29.1000,36.8000
2024-10-30,5232,MR7,MR7 Lehren BS,0.0000,15.4000,7.7000,46.2000,69.3000
2024-10-30,5233,MR4,MR4 Lohnmessung BS,0.0000,0.0000,0.0000,7.7000,7.7000
2024-10-30,5234,MR2,MR2 Drehmoment BS,0.0000,0.0000,0.0000,46.2000,46.2000
2024-10-30,5235,MR6,MR6 Messschieber BS,0.0000,0.0000,5.0000,30.8000,35.8000
2024-10-30,5236,MR3,MR3 Messuhren BS,0.0000,0.0000,7.7000,30.8000,38.5000
2024-10-30,5237,MR9,MR9 Elektro BS,0.0000,0.0000,7.7000,15.4000,23.1000
2024-10-30,5238,MR8,MR8 Temperatur BS,0.0000,0.0000,0.0000,7.7000,7.7000
2024-10-30,5239,MR5,MR5 Bügelmesss. BS,0.0000,7.7000,7.7000,30.8000,46.2000
2024-10-30,5240,AV,Arbeitsvorbereit. BS,0.0000,0.0000,29.1000,53.9000,83.0000
2024-11-01,5211,MR11,MR11 Koordinatenm BS,0.0000,7.7000,15.4000,0.0000,23.1000
2024-11-01,5222,WE,WE BS,0.0000,0.0000,15.4000,38.5000,53.9000
2024-11-01,5223,WA,WA BS,0.0000,0.0000,7.7000,7.7000,15.4000
2024-11-01,5225,Packplatz,PP,0.0000,0.0000,0.0000,15.4000,15.4000
2024-11-01,5230,Springer,Prüfer BS,0.0000,0.0000,0.0000,0.0000,0.0000
2024-11-01,5231,MR1,MR1 Endmaße BS,0.0000,7.7000,21.4000,7.7000,36.8000
2024-11-01,5232,MR7,MR7 Lehren BS,0.0000,15.4000,30.8000,15.4000,61.6000
2024-11-01,5233,MR4,MR4 Lohnmessung BS,0.0000,0.0000,7.7000,,7.7000
2024-11-01,5234,MR2,MR2 Drehmoment BS,0.0000,0.0000,23.1000,15.4000,38.5000
2024-11-01,5235,MR6,MR6 Messschieber BS,0.0000,0.0000,12.7000,23.1000,35.8000
2024-11-01,5236,MR3,MR3 Messuhren BS,0.0000,0.0000,7.7000,15.4000,23.1000
2024-11-01,5237,MR9,MR9 Elektro BS,0.0000,0.0000,7.7000,15.4000,23.1000
2024-11-01,5238,MR8,MR8 Temperatur BS,0.0000,0.0000,7.7000,,7.7000
2024-11-01,5239,MR5,MR5 Bügelmesss. BS,0.0000,7.7000,30.8000,7.7000,46.2000
2024-11-01,5240,AV,Arbeitsvorbereit. BS,0.0000,0.0000,52.2000,35.8000,88.0000
2024-11-04,5211,MR11,MR11 Koordinatenm BS,0.0000,0.0000,0.0000,23.1000,23.1000
2024-11-04,5222,WE,WE BS,0.0000,0.0000,7.7000,53.9000,61.6000
2024-11-04,5223,WA,WA BS,0.0000,0.0000,0.0000,15.4000,15.4000
2024-11-04,5225,Packplatz,PP,0.0000,0.0000,0.0000,29.1000,29.1000
2024-11-04,5230,Springer,Prüfer BS,0.0000,0.0000,0.0000,0.0000,0.0000
2024-11-04,5231,MR1,MR1 Endmaße BS,0.0000,0.0000,0.0000,29.1000,29.1000
2024-11-04,5232,MR7,MR7 Lehren BS,0.0000,0.0000,7.7000,58.9000,66.6000
2024-11-04,5233,MR4,MR4 Lohnmessung BS,0.0000,0.0000,0.0000,7.7000,7.7000
2024-11-04,5234,MR2,MR2 Drehmoment BS,7.7000,0.0000,0.0000,38.5000,46.2000
2024-11-04,5235,MR6,MR6 Messschieber BS,0.0000,0.0000,0.0000,35.8000,35.8000
2024-11-04,5236,MR3,MR3 Messuhren BS,0.0000,0.0000,0.0000,30.8000,30.8000
2024-11-04,5237,MR9,MR9 Elektro BS,0.0000,0.0000,0.0000,23.1000,23.1000
2024-11-04,5238,MR8,MR8 Temperatur BS,0.0000,0.0000,0.0000,7.7000,7.7000
2024-11-04,5239,MR5,MR5 Bügelmesss. BS,0.0000,0.0000,7.7000,38.5000,46.2000
2024-11-04,5240,AV,Arbeitsvorbereit. BS,0.0000,0.0000,46.2000,41.8000,88.0000
2024-11-05,5211,MR11,MR11 Koordinatenm BS,0.0000,0.0000,0.0000,23.1000,23.1000
2024-11-05,5222,WE,WE BS,0.0000,0.0000,7.7000,53.9000,61.6000
2024-11-05,5223,WA,WA BS,0.0000,0.0000,0.0000,23.1000,23.1000
2024-11-05,5225,Packplatz,PP,0.0000,0.0000,0.0000,29.1000,29.1000
2024-11-05,5230,Springer,Prüfer BS,0.0000,0.0000,0.0000,0.0000,0.0000
2024-11-05,5231,MR1,MR1 Endmaße BS,0.0000,7.7000,0.0000,29.1000,36.8000
2024-11-05,5232,MR7,MR7 Lehren BS,0.0000,0.0000,0.0000,61.6000,61.6000
2024-11-05,5233,MR4,MR4 Lohnmessung BS,0.0000,0.0000,0.0000,7.7000,7.7000
2024-11-05,5234,MR2,MR2 Drehmoment BS,7.7000,0.0000,0.0000,38.5000,46.2000
2024-11-05,5235,MR6,MR6 Messschieber BS,0.0000,0.0000,0.0000,35.8000,35.8000
2024-11-05,5236,MR3,MR3 Messuhren BS,0.0000,0.0000,0.0000,30.8000,30.8000
2024-11-05,5237,MR9,MR9 Elektro BS,0.0000,0.0000,0.0000,23.1000,23.1000
2024-11-05,5238,MR8,MR8 Temperatur BS,0.0000,0.0000,0.0000,7.7000,7.7000
2024-11-05,5239,MR5,MR5 Bügelmesss. BS,0.0000,0.0000,7.7000,38.5000,46.2000
2024-11-05,5240,AV,Arbeitsvorbereit. BS,0.0000,0.0000,23.1000,64.9000,88.0000
2024-11-06,5211,MR11,MR11 Koordinatenm BS,0.0000,0.0000,0.0000,15.4000,15.4000
2024-11-06,5222,WE,WE BS,0.0000,0.0000,7.7000,53.9000,61.6000
2024-11-06,5223,WA,WA BS,0.0000,0.0000,0.0000,23.1000,23.1000
2024-11-06,5225,Packplatz,PP,0.0000,0.0000,0.0000,29.1000,29.1000
2024-11-06,5230,Springer,Prüfer BS,0.0000,0.0000,0.0000,0.0000,0.0000
2024-11-06,5231,MR1,MR1 Endmaße BS,0.0000,7.7000,0.0000,29.1000,36.8000
2024-11-06,5232,MR7,MR7 Lehren BS,0.0000,7.7000,0.0000,53.9000,61.6000
2024-11-06,5233,MR4,MR4 Lohnmessung BS,0.0000,0.0000,0.0000,7.7000,7.7000
2024-11-06,5234,MR2,MR2 Drehmoment BS,7.7000,0.0000,0.0000,38.5000,46.2000
2024-11-06,5235,MR6,MR6 Messschieber BS,0.0000,0.0000,0.0000,35.8000,35.8000
2024-11-06,5236,MR3,MR3 Messuhren BS,0.0000,0.0000,0.0000,30.8000,30.8000
2024-11-06,5237,MR9,MR9 Elektro BS,0.0000,0.0000,0.0000,23.1000,23.1000
2024-11-06,5238,MR8,MR8 Temperatur BS,0.0000,0.0000,0.0000,7.7000,7.7000
2024-11-06,5239,MR5,MR5 Bügelmesss. BS,0.0000,0.0000,7.7000,38.5000,46.2000
2024-11-06,5240,AV,Arbeitsvorbereit. BS,0.0000,7.7000,23.1000,52.2000,83.0000
2024-11-06,5900,Qualifizierung,Qualifizierung,0.0000,0.0000,0.0000,7.7000,7.7000
2024-11-07,5211,MR11,MR11 Koordinatenm BS,0.0000,0.0000,0.0000,15.4000,15.4000
2024-11-07,5222,WE,WE BS,0.0000,7.7000,7.7000,46.2000,61.6000
2024-11-07,5223,WA,WA BS,0.0000,0.0000,0.0000,23.1000,23.1000
2024-11-07,5225,Packplatz,PP,0.0000,0.0000,0.0000,23.1000,23.1000
2024-11-07,5230,Springer,Prüfer BS,0.0000,0.0000,0.0000,0.0000,0.0000
2024-11-07,5231,MR1,MR1 Endmaße BS,0.0000,7.7000,0.0000,29.1000,36.8000
2024-11-07,5232,MR7,MR7 Lehren BS,0.0000,7.7000,0.0000,53.9000,61.6000
2024-11-07,5233,MR4,MR4 Lohnmessung BS,0.0000,0.0000,0.0000,7.7000,7.7000
2024-11-07,5234,MR2,MR2 Drehmoment BS,7.7000,0.0000,0.0000,38.5000,46.2000
2024-11-07,5235,MR6,MR6 Messschieber BS,0.0000,0.0000,0.0000,35.8000,35.8000
2024-11-07,5236,MR3,MR3 Messuhren BS,0.0000,0.0000,0.0000,30.8000,30.8000
2024-11-07,5237,MR9,MR9 Elektro BS,0.0000,0.0000,0.0000,23.1000,23.1000
2024-11-07,5238,MR8,MR8 Temperatur BS,0.0000,0.0000,0.0000,7.7000,7.7000
2024-11-07,5239,MR5,MR5 Bügelmesss. BS,0.0000,0.0000,7.7000,38.5000,46.2000
2024-11-07,5240,AV,Arbeitsvorbereit. BS,0.0000,12.7000,15.4000,59.9000,88.0000
2024-11-07,5900,Qualifizierung,Qualifizierung,0.0000,0.0000,0.0000,7.7000,7.7000
2024-11-08,5211,MR11,MR11 Koordinatenm BS,0.0000,0.0000,0.0000,15.4000,15.4000
2024-11-08,5222,WE,WE BS,0.0000,7.7000,15.4000,38.5000,61.6000
2024-11-08,5223,WA,WA BS,0.0000,0.0000,0.0000,15.4000,15.4000
2024-11-08,5225,Packplatz,PP,0.0000,7.7000,0.0000,15.4000,23.1000
2024-11-08,5230,Springer,Prüfer BS,0.0000,0.0000,0.0000,0.0000,0.0000
2024-11-08,5231,MR1,MR1 Endmaße BS,0.0000,7.7000,0.0000,29.1000,36.8000
2024-11-08,5232,MR7,MR7 Lehren BS,0.0000,7.7000,0.0000,53.9000,61.6000
2024-11-08,5233,MR4,MR4 Lohnmessung BS,0.0000,0.0000,0.0000,7.7000,7.7000
2024-11-08,5234,MR2,MR2 Drehmoment BS,7.7000,0.0000,0.0000,38.5000,46.2000
2024-11-08,5235,MR6,MR6 Messschieber BS,0.0000,0.0000,0.0000,35.8000,35.8000
2024-11-08,5236,MR3,MR3 Messuhren BS,0.0000,0.0000,7.7000,23.1000,30.8000
2024-11-08,5237,MR9,MR9 Elektro BS,0.0000,0.0000,0.0000,23.1000,23.1000
2024-11-08,5238,MR8,MR8 Temperatur BS,0.0000,0.0000,0.0000,7.7000,7.7000
2024-11-08,5239,MR5,MR5 Bügelmesss. BS,0.0000,0.0000,7.7000,38.5000,46.2000
2024-11-08,5240,AV,Arbeitsvorbereit. BS,0.0000,20.4000,15.4000,52.2000,88.0000
2024-11-08,5900,Qualifizierung,Qualifizierung,0.0000,0.0000,0.0000,7.7000,7.7000
2024-11-11,5211,MR11,MR11 Koordinatenm BS,0.0000,0.0000,0.0000,15.4000,15.4000
2024-11-11,5222,WE,WE BS,0.0000,7.7000,15.4000,38.5000,61.6000
2024-11-11,5223,WA,WA BS,0.0000,0.0000,0.0000,15.4000,15.4000
2024-11-11,5225,Packplatz,PP,0.0000,6.0000,0.0000,23.1000,29.1000
2024-11-11,5230,Springer,Prüfer BS,0.0000,0.0000,0.0000,0.0000,0.0000
2024-11-11,5231,MR1,MR1 Endmaße BS,0.0000,6.0000,0.0000,23.1000,29.1000
2024-11-11,5232,MR7,MR7 Lehren BS,0.0000,0.0000,0.0000,61.6000,61.6000
2024-11-11,5233,MR4,MR4 Lohnmessung BS,0.0000,0.0000,0.0000,7.7000,7.7000
2024-11-11,5234,MR2,MR2 Drehmoment BS,7.7000,0.0000,0.0000,38.5000,46.2000
2024-11-11,5235,MR6,MR6 Messschieber BS,0.0000,0.0000,0.0000,28.1000,28.1000
2024-11-11,5236,MR3,MR3 Messuhren BS,0.0000,0.0000,7.7000,23.1000,30.8000
2024-11-11,5237,MR9,MR9 Elektro BS,0.0000,0.0000,0.0000,23.1000,23.1000
2024-11-11,5238,MR8,MR8 Temperatur BS,0.0000,0.0000,0.0000,7.7000,7.7000
2024-11-11,5239,MR5,MR5 Bügelmesss. BS,0.0000,0.0000,7.7000,38.5000,46.2000
2024-11-11,5240,AV,Arbeitsvorbereit. BS,0.0000,7.7000,7.7000,72.6000,88.0000
2024-11-11,5900,Qualifizierung,Qualifizierung,0.0000,0.0000,0.0000,7.7000,7.7000
2024-11-12,5211,MR11,MR11 Koordinatenm BS,0.0000,0.0000,0.0000,15.4000,15.4000
2024-11-12,5222,WE,WE BS,0.0000,7.7000,7.7000,46.2000,61.6000
2024-11-12,5223,WA,WA BS,0.0000,0.0000,0.0000,23.1000,23.1000
2024-11-12,5225,Packplatz,PP,0.0000,0.0000,0.0000,29.1000,29.1000
2024-11-12,5230,Springer,Prüfer BS,0.0000,0.0000,0.0000,0.0000,0.0000
2024-11-12,5231,MR1,MR1 Endmaße BS,0.0000,0.0000,0.0000,29.1000,29.1000
2024-11-12,5232,MR7,MR7 Lehren BS,0.0000,0.0000,0.0000,61.6000,61.6000
2024-11-12,5233,MR4,MR4 Lohnmessung BS,0.0000,0.0000,0.0000,7.7000,7.7000
2024-11-12,5234,MR2,MR2 Drehmoment BS,7.7000,7.7000,0.0000,30.8000,46.2000
2024-11-12,5235,MR6,MR6 Messschieber BS,0.0000,0.0000,7.7000,28.1000,35.8000
2024-11-12,5236,MR3,MR3 Messuhren BS,0.0000,0.0000,7.7000,23.1000,30.8000
2024-11-12,5237,MR9,MR9 Elektro BS,0.0000,0.0000,0.0000,23.1000,23.1000
2024-11-12,5238,MR8,MR8 Temperatur BS,0.0000,0.0000,0.0000,7.7000,7.7000
2024-11-12,5239,MR5,MR5 Bügelmesss. BS,0.0000,0.0000,7.7000,38.5000,46.2000
2024-11-12,5240,AV,Arbeitsvorbereit. BS,0.0000,7.7000,7.7000,72.6000,88.0000
2024-11-12,5900,Qualifizierung,Qualifizierung,0.0000,0.0000,0.0000,7.7000,7.7000
2024-11-13,5211,MR11,MR11 Koordinatenm BS,0.0000,0.0000,0.0000,15.4000,15.4000
2024-11-13,5222,WE,WE BS,0.0000,7.7000,7.7000,46.2000,61.6000
2024-11-13,5223,WA,WA BS,0.0000,0.0000,0.0000,23.1000,23.1000
2024-11-13,5225,Packplatz,PP,0.0000,0.0000,0.0000,29.1000,29.1000
2024-11-13,5230,Springer,Prüfer BS,0.0000,0.0000,0.0000,0.0000,0.0000
2024-11-13,5231,MR1,MR1 Endmaße BS,0.0000,0.0000,7.7000,21.4000,29.1000
2024-11-13,5232,MR7,MR7 Lehren BS,0.0000,7.7000,0.0000,53.9000,61.6000
2024-11-13,5233,MR4,MR4 Lohnmessung BS,0.0000,0.0000,0.0000,7.7000,7.7000
2024-11-13,5234,MR2,MR2 Drehmoment BS,7.7000,7.7000,0.0000,30.8000,46.2000
2024-11-13,5235,MR6,MR6 Messschieber BS,0.0000,0.0000,7.7000,28.1000,35.8000
2024-11-13,5236,MR3,MR3 Messuhren BS,0.0000,0.0000,7.7000,23.1000,30.8000
2024-11-13,5237,MR9,MR9 Elektro BS,0.0000,0.0000,0.0000,23.1000,23.1000
2024-11-13,5238,MR8,MR8 Temperatur BS,0.0000,0.0000,0.0000,7.7000,7.7000
2024-11-13,5239,MR5,MR5 Bügelmesss. BS,0.0000,0.0000,7.7000,38.5000,46.2000
2024-11-13,5240,AV,Arbeitsvorbereit. BS,0.0000,15.4000,7.7000,59.9000,83.0000
2024-11-13,5900,Qualifizierung,Qualifizierung,0.0000,0.0000,0.0000,7.7000,7.7000
2024-11-14,5211,MR11,MR11 Koordinatenm BS,0.0000,0.0000,0.0000,15.4000,15.4000
2024-11-14,5222,WE,WE BS,0.0000,7.7000,7.7000,46.2000,61.6000
2024-11-14,5223,WA,WA BS,0.0000,7.7000,0.0000,15.4000,23.1000
2024-11-14,5225,Packplatz,PP,0.0000,0.0000,0.0000,23.1000,23.1000
2024-11-14,5230,Springer,Prüfer BS,0.0000,0.0000,0.0000,0.0000,0.0000
2024-11-14,5231,MR1,MR1 Endmaße BS,0.0000,0.0000,7.7000,21.4000,29.1000
2024-11-14,5232,MR7,MR7 Lehren BS,0.0000,7.7000,0.0000,53.9000,61.6000
2024-11-14,5233,MR4,MR4 Lohnmessung BS,0.0000,0.0000,0.0000,7.7000,7.7000
2024-11-14,5234,MR2,MR2 Drehmoment BS,7.7000,7.7000,0.0000,30.8000,46.2000
2024-11-14,5235,MR6,MR6 Messschieber BS,0.0000,0.0000,7.7000,28.1000,35.8000
2024-11-14,5236,MR3,MR3 Messuhren BS,0.0000,0.0000,7.7000,23.1000,30.8000
2024-11-14,5237,MR9,MR9 Elektro BS,0.0000,0.0000,0.0000,23.1000,23.1000
2024-11-14,5238,MR8,MR8 Temperatur BS,0.0000,0.0000,0.0000,7.7000,7.7000
2024-11-14,5239,MR5,MR5 Bügelmesss. BS,0.0000,0.0000,7.7000,38.5000,46.2000
2024-11-14,5240,AV,Arbeitsvorbereit. BS,0.0000,15.4000,7.7000,59.9000,83.0000
2024-11-14,5900,Qualifizierung,Qualifizierung,0.0000,0.0000,0.0000,7.7000,7.7000
2024-11-15,5211,MR11,MR11 Koordinatenm BS,0.0000,0.0000,0.0000,15.4000,15.4000
2024-11-15,5222,WE,WE BS,0.0000,7.7000,7.7000,38.5000,53.9000
2024-11-15,5223,WA,WA BS,0.0000,7.7000,0.0000,7.7000,15.4000
2024-11-15,5225,Packplatz,PP,0.0000,0.0000,0.0000,23.1000,23.1000
2024-11-15,5230,Springer,Prüfer BS,0.0000,0.0000,0.0000,0.0000,0.0000
2024-11-15,5231,MR1,MR1 Endmaße BS,0.0000,0.0000,0.0000,29.1000,29.1000
2024-11-15,5232,MR7,MR7 Lehren BS,7.7000,7.7000,7.7000,38.5000,61.6000
2024-11-15,5233,MR4,MR4 Lohnmessung BS,0.0000,0.0000,0.0000,7.7000,7.7000
2024-11-15,5234,MR2,MR2 Drehmoment BS,0.0000,7.7000,7.7000,23.1000,38.5000
2024-11-15,5235,MR6,MR6 Messschieber BS,0.0000,0.0000,7.7000,28.1000,35.8000
2024-11-15,5236,MR3,MR3 Messuhren BS,0.0000,0.0000,7.7000,23.1000,30.8000
2024-11-15,5237,MR9,MR9 Elektro BS,0.0000,0.0000,0.0000,23.1000,23.1000
2024-11-15,5238,MR8,MR8 Temperatur BS,0.0000,0.0000,0.0000,7.7000,7.7000
2024-11-15,5239,MR5,MR5 Bügelmesss. BS,0.0000,0.0000,0.0000,38.5000,38.5000
2024-11-15,5240,AV,Arbeitsvorbereit. BS,0.0000,15.4000,7.7000,64.9000,88.0000
2024-11-15,5900,Qualifizierung,Qualifizierung,0.0000,0.0000,0.0000,7.7000,7.7000
2024-11-18,5211,MR11,MR11 Koordinatenm BS,0.0000,0.0000,0.0000,15.4000,15.4000
2024-11-18,5222,WE,WE BS,0.0000,7.7000,0.0000,53.9000,61.6000
2024-11-18,5223,WA,WA BS,0.0000,7.7000,0.0000,7.7000,15.4000
2024-11-18,5225,Packplatz,PP,0.0000,0.0000,0.0000,29.1000,29.1000
2024-11-18,5230,Springer,Prüfer BS,0.0000,0.0000,0.0000,0.0000,0.0000
2024-11-18,5231,MR1,MR1 Endmaße BS,0.0000,0.0000,0.0000,29.1000,29.1000
2024-11-18,5232,MR7,MR7 Lehren BS,7.7000,0.0000,7.7000,46.2000,61.6000
2024-11-18,5233,MR4,MR4 Lohnmessung BS,0.0000,0.0000,0.0000,7.7000,7.7000
2024-11-18,5234,MR2,MR2 Drehmoment BS,0.0000,0.0000,7.7000,38.5000,46.2000
2024-11-18,5235,MR6,MR6 Messschieber BS,0.0000,0.0000,7.7000,28.1000,35.8000
2024-11-18,5236,MR3,MR3 Messuhren BS,0.0000,0.0000,7.7000,23.1000,30.8000
2024-11-18,5237,MR9,MR9 Elektro BS,0.0000,0.0000,0.0000,23.1000,23.1000
2024-11-18,5238,MR8,MR8 Temperatur BS,0.0000,0.0000,0.0000,7.7000,7.7000
2024-11-18,5239,MR5,MR5 Bügelmesss. BS,0.0000,0.0000,0.0000,38.5000,38.5000
2024-11-18,5240,AV,Arbeitsvorbereit. BS,6.0000,7.7000,7.7000,58.9000,80.3000
2024-11-18,5900,Qualifizierung,Qualifizierung,0.0000,0.0000,0.0000,7.7000,7.7000
2024-11-19,5211,MR11,MR11 Koordinatenm BS,0.0000,0.0000,0.0000,15.4000,15.4000
2024-11-19,5222,WE,WE BS,0.0000,7.7000,0.0000,53.9000,61.6000
2024-11-19,5223,WA,WA BS,0.0000,7.7000,0.0000,15.4000,23.1000
2024-11-19,5225,Packplatz,PP,0.0000,0.0000,0.0000,23.1000,23.1000
2024-11-19,5230,Springer,Prüfer BS,0.0000,0.0000,0.0000,7.7000,7.7000
2024-11-19,5231,MR1,MR1 Endmaße BS,0.0000,0.0000,0.0000,36.8000,36.8000
2024-11-19,5232,MR7,MR7 Lehren BS,0.0000,0.0000,0.0000,61.6000,61.6000
2024-11-19,5233,MR4,MR4 Lohnmessung BS,0.0000,0.0000,0.0000,7.7000,7.7000
2024-11-19,5234,MR2,MR2 Drehmoment BS,7.7000,0.0000,7.7000,30.8000,46.2000
2024-11-19,5235,MR6,MR6 Messschieber BS,0.0000,0.0000,0.0000,28.1000,28.1000
2024-11-19,5236,MR3,MR3 Messuhren BS,0.0000,0.0000,7.7000,23.1000,30.8000
2024-11-19,5237,MR9,MR9 Elektro BS,0.0000,0.0000,0.0000,23.1000,23.1000
2024-11-19,5238,MR8,MR8 Temperatur BS,0.0000,0.0000,0.0000,7.7000,7.7000
2024-11-19,5239,MR5,MR5 Bügelmesss. BS,0.0000,0.0000,0.0000,38.5000,38.5000
2024-11-19,5240,AV,Arbeitsvorbereit. BS,0.0000,7.7000,13.7000,66.6000,88.0000
2024-11-19,5900,Qualifizierung,Qualifizierung,0.0000,0.0000,0.0000,7.7000,7.7000
2024-11-20,5211,MR11,MR11 Koordinatenm BS,0.0000,0.0000,0.0000,15.4000,15.4000
2024-11-20,5222,WE,WE BS,0.0000,7.7000,0.0000,53.9000,61.6000
2024-11-20,5223,WA,WA BS,0.0000,7.7000,0.0000,15.4000,23.1000
2024-11-20,5225,Packplatz,PP,0.0000,0.0000,0.0000,23.1000,23.1000
2024-11-20,5230,Springer,Prüfer BS,0.0000,0.0000,0.0000,7.7000,7.7000
2024-11-20,5231,MR1,MR1 Endmaße BS,0.0000,0.0000,7.7000,29.1000,36.8000
2024-11-20,5232,MR7,MR7 Lehren BS,0.0000,7.7000,0.0000,53.9000,61.6000
2024-11-20,5233,MR4,MR4 Lohnmessung BS,0.0000,0.0000,0.0000,7.7000,7.7000
2024-11-20,5234,MR2,MR2 Drehmoment BS,7.7000,7.7000,7.7000,23.1000,46.2000
2024-11-20,5235,MR6,MR6 Messschieber BS,0.0000,0.0000,0.0000,35.8000,35.8000
2024-11-20,5236,MR3,MR3 Messuhren BS,0.0000,0.0000,15.4000,15.4000,30.8000
2024-11-20,5237,MR9,MR9 Elektro BS,0.0000,0.0000,0.0000,23.1000,23.1000
2024-11-20,5238,MR8,MR8 Temperatur BS,0.0000,0.0000,0.0000,7.7000,7.7000
2024-11-20,5239,MR5,MR5 Bügelmesss. BS,0.0000,0.0000,0.0000,38.5000,38.5000
2024-11-20,5240,AV,Arbeitsvorbereit. BS,0.0000,7.7000,7.7000,67.6000,83.0000
2024-11-20,5900,Qualifizierung,Qualifizierung,0.0000,0.0000,0.0000,7.7000,7.7000
2024-11-21,5211,MR11,MR11 Koordinatenm BS,0.0000,0.0000,0.0000,15.4000,15.4000
2024-11-21,5222,WE,WE BS,0.0000,0.0000,0.0000,61.6000,61.6000
2024-11-21,5223,WA,WA BS,0.0000,7.7000,0.0000,15.4000,23.1000
2024-11-21,5225,Packplatz,PP,0.0000,0.0000,0.0000,23.1000,23.1000
2024-11-21,5230,Springer,Prüfer BS,0.0000,0.0000,0.0000,7.7000,7.7000
2024-11-21,5231,MR1,MR1 Endmaße BS,0.0000,0.0000,7.7000,29.1000,36.8000
2024-11-21,5232,MR7,MR7 Lehren BS,0.0000,7.7000,0.0000,46.2000,53.9000
2024-11-21,5233,MR4,MR4 Lohnmessung BS,0.0000,0.0000,0.0000,7.7000,7.7000
2024-11-21,5234,MR2,MR2 Drehmoment BS,0.0000,7.7000,7.7000,30.8000,46.2000
2024-11-21,5235,MR6,MR6 Messschieber BS,0.0000,0.0000,0.0000,35.8000,35.8000
2024-11-21,5236,MR3,MR3 Messuhren BS,0.0000,0.0000,15.4000,15.4000,30.8000
2024-11-21,5237,MR9,MR9 Elektro BS,0.0000,0.0000,7.7000,15.4000,23.1000
2024-11-21,5238,MR8,MR8 Temperatur BS,0.0000,0.0000,0.0000,7.7000,7.7000
2024-11-21,5239,MR5,MR5 Bügelmesss. BS,0.0000,0.0000,0.0000,38.5000,38.5000
2024-11-21,5240,AV,Arbeitsvorbereit. BS,0.0000,15.4000,7.7000,64.9000,88.0000
2024-11-21,5900,Qualifizierung,Qualifizierung,0.0000,0.0000,0.0000,7.7000,7.7000
2024-11-22,5211,MR11,MR11 Koordinatenm BS,0.0000,0.0000,0.0000,15.4000,15.4000
2024-11-22,5222,WE,WE BS,0.0000,7.7000,7.7000,46.2000,61.6000
2024-11-22,5223,WA,WA BS,0.0000,7.7000,0.0000,7.7000,15.4000
2024-11-22,5225,Packplatz,PP,0.0000,0.0000,0.0000,23.1000,23.1000
2024-11-22,5230,Springer,Prüfer BS,0.0000,0.0000,0.0000,0.0000,0.0000
2024-11-22,5231,MR1,MR1 Endmaße BS,0.0000,0.0000,7.7000,29.1000,36.8000
2024-11-22,5232,MR7,MR7 Lehren BS,0.0000,15.4000,0.0000,46.2000,61.6000
2024-11-22,5233,MR4,MR4 Lohnmessung BS,0.0000,0.0000,0.0000,7.7000,7.7000
2024-11-22,5234,MR2,MR2 Drehmoment BS,0.0000,7.7000,7.7000,30.8000,46.2000
2024-11-22,5235,MR6,MR6 Messschieber BS,0.0000,0.0000,0.0000,35.8000,35.8000
2024-11-22,5236,MR3,MR3 Messuhren BS,0.0000,0.0000,15.4000,15.4000,30.8000
2024-11-22,5237,MR9,MR9 Elektro BS,0.0000,0.0000,7.7000,15.4000,23.1000
2024-11-22,5238,MR8,MR8 Temperatur BS,0.0000,0.0000,0.0000,7.7000,7.7000
2024-11-22,5239,MR5,MR5 Bügelmesss. BS,0.0000,0.0000,0.0000,30.8000,30.8000
2024-11-22,5240,AV,Arbeitsvorbereit. BS,0.0000,15.4000,7.7000,57.2000,80.3000
2024-11-22,5900,Qualifizierung,Qualifizierung,0.0000,0.0000,0.0000,7.7000,7.7000
2024-11-25,5211,MR11,MR11 Koordinatenm BS,0.0000,0.0000,0.0000,23.1000,23.1000
2024-11-25,5222,WE,WE BS,0.0000,7.7000,0.0000,53.9000,61.6000
2024-11-25,5223,WA,WA BS,0.0000,7.7000,0.0000,7.7000,15.4000
2024-11-25,5225,Packplatz,PP,0.0000,0.0000,0.0000,29.1000,29.1000
2024-11-25,5230,Springer,Prüfer BS,0.0000,0.0000,0.0000,0.0000,0.0000
2024-11-25,5231,MR1,MR1 Endmaße BS,0.0000,0.0000,0.0000,29.1000,29.1000
2024-11-25,5232,MR7,MR7 Lehren BS,0.0000,0.0000,0.0000,61.6000,61.6000
2024-11-25,5233,MR4,MR4 Lohnmessung BS,0.0000,0.0000,0.0000,7.7000,7.7000
2024-11-25,5234,MR2,MR2 Drehmoment BS,0.0000,0.0000,0.0000,46.2000,46.2000
2024-11-25,5235,MR6,MR6 Messschieber BS,0.0000,0.0000,0.0000,35.8000,35.8000
2024-11-25,5236,MR3,MR3 Messuhren BS,0.0000,0.0000,0.0000,23.1000,23.1000
2024-11-25,5237,MR9,MR9 Elektro BS,0.0000,0.0000,0.0000,23.1000,23.1000
2024-11-25,5238,MR8,MR8 Temperatur BS,0.0000,0.0000,0.0000,7.7000,7.7000
2024-11-25,5239,MR5,MR5 Bügelmesss. BS,0.0000,0.0000,0.0000,38.5000,38.5000
2024-11-25,5240,AV,Arbeitsvorbereit. BS,0.0000,7.7000,15.4000,64.9000,88.0000
2024-11-25,5900,Qualifizierung,Qualifizierung,0.0000,0.0000,0.0000,7.7000,7.7000
2024-11-26,5211,MR11,MR11 Koordinatenm BS,0.0000,0.0000,0.0000,23.1000,23.1000
2024-11-26,5222,WE,WE BS,0.0000,7.7000,0.0000,53.9000,61.6000
2024-11-26,5223,WA,WA BS,0.0000,7.7000,0.0000,15.4000,23.1000
2024-11-26,5225,Packplatz,PP,0.0000,0.0000,0.0000,29.1000,29.1000
2024-11-26,5230,Springer,Prüfer BS,0.0000,0.0000,0.0000,0.0000,0.0000
2024-11-26,5231,MR1,MR1 Endmaße BS,0.0000,0.0000,0.0000,36.8000,36.8000
2024-11-26,5232,MR7,MR7 Lehren BS,0.0000,0.0000,0.0000,61.6000,61.6000
2024-11-26,5233,MR4,MR4 Lohnmessung BS,0.0000,0.0000,0.0000,7.7000,7.7000
2024-11-26,5234,MR2,MR2 Drehmoment BS,0.0000,0.0000,0.0000,46.2000,46.2000
2024-11-26,5235,MR6,MR6 Messschieber BS,0.0000,0.0000,0.0000,35.8000,35.8000
2024-11-26,5236,MR3,MR3 Messuhren BS,0.0000,0.0000,0.0000,23.1000,23.1000
2024-11-26,5237,MR9,MR9 Elektro BS,0.0000,0.0000,0.0000,23.1000,23.1000
2024-11-26,5238,MR8,MR8 Temperatur BS,0.0000,0.0000,0.0000,7.7000,7.7000
2024-11-26,5239,MR5,MR5 Bügelmesss. BS,0.0000,0.0000,0.0000,38.5000,38.5000
2024-11-26,5240,AV,Arbeitsvorbereit. BS,0.0000,20.4000,0.0000,67.6000,88.0000
2024-11-26,5900,Qualifizierung,Qualifizierung,0.0000,0.0000,0.0000,7.7000,7.7000
2024-11-27,5211,MR11,MR11 Koordinatenm BS,0.0000,0.0000,0.0000,23.1000,23.1000
2024-11-27,5222,WE,WE BS,0.0000,15.4000,0.0000,46.2000,61.6000
2024-11-27,5223,WA,WA BS,0.0000,7.7000,0.0000,15.4000,23.1000
2024-11-27,5225,Packplatz,PP,0.0000,7.7000,0.0000,21.4000,29.1000
2024-11-27,5230,Springer,Prüfer BS,0.0000,0.0000,0.0000,0.0000,0.0000
2024-11-27,5231,MR1,MR1 Endmaße BS,0.0000,0.0000,0.0000,36.8000,36.8000
2024-11-27,5232,MR7,MR7 Lehren BS,0.0000,7.7000,0.0000,53.9000,61.6000
2024-11-27,5233,MR4,MR4 Lohnmessung BS,0.0000,0.0000,0.0000,7.7000,7.7000
2024-11-27,5234,MR2,MR2 Drehmoment BS,0.0000,7.7000,0.0000,30.8000,38.5000
2024-11-27,5235,MR6,MR6 Messschieber BS,0.0000,0.0000,0.0000,35.8000,35.8000
2024-11-27,5236,MR3,MR3 Messuhren BS,0.0000,0.0000,0.0000,23.1000,23.1000
2024-11-27,5237,MR9,MR9 Elektro BS,0.0000,0.0000,0.0000,23.1000,23.1000
2024-11-27,5238,MR8,MR8 Temperatur BS,0.0000,0.0000,0.0000,7.7000,7.7000
2024-11-27,5239,MR5,MR5 Bügelmesss. BS,0.0000,0.0000,0.0000,38.5000,38.5000
2024-11-27,5240,AV,Arbeitsvorbereit. BS,0.0000,15.4000,0.0000,67.6000,83.0000
2024-11-27,5900,Qualifizierung,Qualifizierung,0.0000,0.0000,0.0000,7.7000,7.7000
2024-11-28,5211,MR11,MR11 Koordinatenm BS,0.0000,0.0000,0.0000,23.1000,23.1000
2024-11-28,5222,WE,WE BS,0.0000,15.4000,7.7000,38.5000,61.6000
2024-11-28,5223,WA,WA BS,0.0000,7.7000,0.0000,15.4000,23.1000
2024-11-28,5225,Packplatz,PP,0.0000,7.7000,0.0000,15.4000,23.1000
2024-11-28,5230,Springer,Prüfer BS,0.0000,0.0000,0.0000,0.0000,0.0000
2024-11-28,5231,MR1,MR1 Endmaße BS,0.0000,0.0000,0.0000,36.8000,36.8000
2024-11-28,5232,MR7,MR7 Lehren BS,0.0000,7.7000,0.0000,53.9000,61.6000
2024-11-28,5233,MR4,MR4 Lohnmessung BS,0.0000,0.0000,0.0000,7.7000,7.7000
2024-11-28,5234,MR2,MR2 Drehmoment BS,0.0000,7.7000,0.0000,30.8000,38.5000
2024-11-28,5235,MR6,MR6 Messschieber BS,0.0000,0.0000,0.0000,35.8000,35.8000
2024-11-28,5236,MR3,MR3 Messuhren BS,0.0000,0.0000,0.0000,23.1000,23.1000
2024-11-28,5237,MR9,MR9 Elektro BS,0.0000,0.0000,0.0000,23.1000,23.1000
2024-11-28,5238,MR8,MR8 Temperatur BS,0.0000,0.0000,0.0000,7.7000,7.7000
2024-11-28,5239,MR5,MR5 Bügelmesss. BS,0.0000,7.7000,0.0000,30.8000,38.5000
2024-11-28,5240,AV,Arbeitsvorbereit. BS,0.0000,20.4000,0.0000,67.6000,88.0000
2024-11-28,5900,Qualifizierung,Qualifizierung,0.0000,0.0000,0.0000,7.7000,7.7000
2024-11-29,5211,MR11,MR11 Koordinatenm BS,0.0000,0.0000,7.7000,15.4000,23.1000
2024-11-29,5222,WE,WE BS,0.0000,15.4000,7.7000,38.5000,61.6000
2024-11-29,5223,WA,WA BS,0.0000,7.7000,0.0000,7.7000,15.4000
2024-11-29,5225,Packplatz,PP,0.0000,7.7000,0.0000,15.4000,23.1000
2024-11-29,5230,Springer,Prüfer BS,0.0000,0.0000,0.0000,0.0000,0.0000
2024-11-29,5231,MR1,MR1 Endmaße BS,0.0000,0.0000,0.0000,36.8000,36.8000
2024-11-29,5232,MR7,MR7 Lehren BS,0.0000,7.7000,0.0000,53.9000,61.6000
2024-11-29,5233,MR4,MR4 Lohnmessung BS,0.0000,0.0000,0.0000,7.7000,7.7000
2024-11-29,5234,MR2,MR2 Drehmoment BS,0.0000,7.7000,0.0000,38.5000,46.2000
2024-11-29,5235,MR6,MR6 Messschieber BS,0.0000,0.0000,0.0000,35.8000,35.8000
2024-11-29,5236,MR3,MR3 Messuhren BS,0.0000,0.0000,7.7000,23.1000,30.8000
2024-11-29,5237,MR9,MR9 Elektro BS,0.0000,0.0000,7.7000,15.4000,23.1000
2024-11-29,5238,MR8,MR8 Temperatur BS,0.0000,0.0000,0.0000,7.7000,7.7000
2024-11-29,5239,MR5,MR5 Bügelmesss. BS,0.0000,7.7000,0.0000,30.8000,38.5000
2024-11-29,5240,AV,Arbeitsvorbereit. BS,0.0000,20.4000,0.0000,67.6000,88.0000
2024-11-29,5900,Qualifizierung,Qualifizierung,0.0000,0.0000,0.0000,7.7000,7.7000
2024-12-02,5211,MR11,MR11 Koordinatenm BS,0.0000,0.0000,0.0000,23.1000,23.1000
2024-12-02,5222,WE,WE BS,0.0000,7.7000,7.7000,46.2000,61.6000
2024-12-02,5223,WA,WA BS,0.0000,0.0000,0.0000,15.4000,15.4000
2024-12-02,5225,Packplatz,PP,0.0000,7.7000,0.0000,21.4000,29.1000
2024-12-02,5230,Springer,Prüfer BS,0.0000,0.0000,0.0000,0.0000,0.0000
2024-12-02,5231,MR1,MR1 Endmaße BS,0.0000,7.7000,7.7000,21.4000,36.8000
2024-12-02,5232,MR7,MR7 Lehren BS,0.0000,0.0000,7.7000,53.9000,61.6000
2024-12-02,5233,MR4,MR4 Lohnmessung BS,0.0000,0.0000,0.0000,7.7000,7.7000
2024-12-02,5234,MR2,MR2 Drehmoment BS,0.0000,0.0000,0.0000,46.2000,46.2000
2024-12-02,5235,MR6,MR6 Messschieber BS,0.0000,0.0000,0.0000,35.8000,35.8000
2024-12-02,5236,MR3,MR3 Messuhren BS,0.0000,0.0000,7.7000,30.8000,38.5000
2024-12-02,5237,MR9,MR9 Elektro BS,0.0000,0.0000,0.0000,23.1000,23.1000
2024-12-02,5238,MR8,MR8 Temperatur BS,0.0000,0.0000,0.0000,7.7000,7.7000
2024-12-02,5239,MR5,MR5 Bügelmesss. BS,0.0000,0.0000,7.7000,23.1000,30.8000
2024-12-02,5240,AV,Arbeitsvorbereit. BS,0.0000,15.4000,0.0000,80.3000,95.7000
2024-12-03,5211,MR11,MR11 Koordinatenm BS,0.0000,0.0000,0.0000,23.1000,23.1000
2024-12-03,5222,WE,WE BS,0.0000,7.7000,0.0000,53.9000,61.6000
2024-12-03,5223,WA,WA BS,0.0000,0.0000,0.0000,23.1000,23.1000
2024-12-03,5225,Packplatz,PP,0.0000,7.7000,0.0000,21.4000,29.1000
2024-12-03,5230,Springer,Prüfer BS,0.0000,0.0000,0.0000,0.0000,0.0000
2024-12-03,5231,MR1,MR1 Endmaße BS,0.0000,0.0000,0.0000,36.8000,36.8000
2024-12-03,5232,MR7,MR7 Lehren BS,0.0000,0.0000,0.0000,61.6000,61.6000
2024-12-03,5233,MR4,MR4 Lohnmessung BS,0.0000,0.0000,0.0000,7.7000,7.7000
2024-12-03,5234,MR2,MR2 Drehmoment BS,0.0000,0.0000,0.0000,46.2000,46.2000
2024-12-03,5235,MR6,MR6 Messschieber BS,0.0000,0.0000,0.0000,35.8000,35.8000
2024-12-03,5236,MR3,MR3 Messuhren BS,0.0000,0.0000,7.7000,30.8000,38.5000
2024-12-03,5237,MR9,MR9 Elektro BS,0.0000,0.0000,0.0000,23.1000,23.1000
2024-12-03,5238,MR8,MR8 Temperatur BS,0.0000,0.0000,0.0000,7.7000,7.7000
2024-12-03,5239,MR5,MR5 Bügelmesss. BS,0.0000,0.0000,7.7000,30.8000,38.5000
2024-12-03,5240,AV,Arbeitsvorbereit. BS,0.0000,15.4000,0.0000,80.3000,95.7000
2024-12-04,5211,MR11,MR11 Koordinatenm BS,0.0000,0.0000,0.0000,23.1000,23.1000
2024-12-04,5222,WE,WE BS,0.0000,7.7000,0.0000,53.9000,61.6000
2024-12-04,5223,WA,WA BS,0.0000,0.0000,0.0000,23.1000,23.1000
2024-12-04,5225,Packplatz,PP,0.0000,7.7000,0.0000,21.4000,29.1000
2024-12-04,5230,Springer,Prüfer BS,0.0000,0.0000,0.0000,0.0000,0.0000
2024-12-04,5231,MR1,MR1 Endmaße BS,0.0000,7.7000,0.0000,29.1000,36.8000
2024-12-04,5232,MR7,MR7 Lehren BS,0.0000,0.0000,0.0000,61.6000,61.6000
2024-12-04,5233,MR4,MR4 Lohnmessung BS,0.0000,0.0000,0.0000,7.7000,7.7000
2024-12-04,5234,MR2,MR2 Drehmoment BS,0.0000,0.0000,0.0000,46.2000,46.2000
2024-12-04,5235,MR6,MR6 Messschieber BS,0.0000,0.0000,0.0000,35.8000,35.8000
2024-12-04,5236,MR3,MR3 Messuhren BS,0.0000,0.0000,7.7000,30.8000,38.5000
2024-12-04,5237,MR9,MR9 Elektro BS,0.0000,0.0000,0.0000,23.1000,23.1000
2024-12-04,5238,MR8,MR8 Temperatur BS,0.0000,0.0000,0.0000,7.7000,7.7000
2024-12-04,5239,MR5,MR5 Bügelmesss. BS,0.0000,7.7000,7.7000,23.1000,38.5000
2024-12-04,5240,AV,Arbeitsvorbereit. BS,0.0000,23.1000,6.0000,61.6000,90.7000
2024-12-05,5211,MR11,MR11 Koordinatenm BS,0.0000,0.0000,0.0000,23.1000,23.1000
2024-12-05,5222,WE,WE BS,0.0000,15.4000,0.0000,46.2000,61.6000
2024-12-05,5223,WA,WA BS,0.0000,0.0000,7.7000,15.4000,23.1000
2024-12-05,5225,Packplatz,PP,0.0000,7.7000,0.0000,15.4000,23.1000
2024-12-05,5230,Springer,Prüfer BS,0.0000,0.0000,0.0000,0.0000,0.0000
2024-12-05,5231,MR1,MR1 Endmaße BS,0.0000,13.7000,0.0000,23.1000,36.8000
2024-12-05,5232,MR7,MR7 Lehren BS,0.0000,0.0000,0.0000,61.6000,61.6000
2024-12-05,5233,MR4,MR4 Lohnmessung BS,0.0000,0.0000,0.0000,7.7000,7.7000
2024-12-05,5234,MR2,MR2 Drehmoment BS,0.0000,0.0000,0.0000,38.5000,38.5000
2024-12-05,5235,MR6,MR6 Messschieber BS,0.0000,7.7000,0.0000,28.1000,35.8000
2024-12-05,5236,MR3,MR3 Messuhren BS,0.0000,7.7000,7.7000,23.1000,38.5000
2024-12-05,5237,MR9,MR9 Elektro BS,0.0000,0.0000,0.0000,23.1000,23.1000
2024-12-05,5238,MR8,MR8 Temperatur BS,0.0000,0.0000,0.0000,7.7000,7.7000
2024-12-05,5239,MR5,MR5 Bügelmesss. BS,0.0000,7.7000,15.4000,15.4000,38.5000
2024-12-05,5240,AV,Arbeitsvorbereit. BS,0.0000,23.1000,0.0000,64.9000,88.0000
2024-12-06,5211,MR11,MR11 Koordinatenm BS,0.0000,0.0000,0.0000,23.1000,23.1000
2024-12-06,5222,WE,WE BS,0.0000,15.4000,0.0000,46.2000,61.6000
2024-12-06,5223,WA,WA BS,0.0000,0.0000,7.7000,7.7000,15.4000
2024-12-06,5225,Packplatz,PP,0.0000,7.7000,0.0000,15.4000,23.1000
2024-12-06,5230,Springer,Prüfer BS,0.0000,0.0000,0.0000,0.0000,0.0000
2024-12-06,5231,MR1,MR1 Endmaße BS,0.0000,7.7000,7.7000,21.4000,36.8000
2024-12-06,5232,MR7,MR7 Lehren BS,0.0000,0.0000,0.0000,61.6000,61.6000
2024-12-06,5233,MR4,MR4 Lohnmessung BS,0.0000,0.0000,0.0000,7.7000,7.7000
2024-12-06,5234,MR2,MR2 Drehmoment BS,0.0000,0.0000,7.7000,30.8000,38.5000
2024-12-06,5235,MR6,MR6 Messschieber BS,0.0000,0.0000,0.0000,35.8000,35.8000
2024-12-06,5236,MR3,MR3 Messuhren BS,0.0000,7.7000,7.7000,23.1000,38.5000
2024-12-06,5237,MR9,MR9 Elektro BS,0.0000,0.0000,7.7000,15.4000,23.1000
2024-12-06,5238,MR8,MR8 Temperatur BS,0.0000,0.0000,0.0000,7.7000,7.7000
2024-12-06,5239,MR5,MR5 Bügelmesss. BS,0.0000,7.7000,15.4000,15.4000,38.5000
2024-12-06,5240,AV,Arbeitsvorbereit. BS,0.0000,30.8000,0.0000,57.2000,88.0000
2024-12-09,5211,MR11,MR11 Koordinatenm BS,0.0000,0.0000,0.0000,23.1000,23.1000
2024-12-09,5222,WE,WE BS,0.0000,7.7000,7.7000,46.2000,61.6000
2024-12-09,5223,WA,WA BS,0.0000,0.0000,7.7000,7.7000,15.4000
2024-12-09,5225,Packplatz,PP,0.0000,7.7000,0.0000,21.4000,29.1000
2024-12-09,5230,Springer,Prüfer BS,0.0000,0.0000,0.0000,0.0000,0.0000
2024-12-09,5231,MR1,MR1 Endmaße BS,0.0000,0.0000,7.7000,29.1000,36.8000
2024-12-09,5232,MR7,MR7 Lehren BS,0.0000,0.0000,0.0000,53.9000,53.9000
2024-12-09,5233,MR4,MR4 Lohnmessung BS,0.0000,0.0000,0.0000,7.7000,7.7000
2024-12-09,5234,MR2,MR2 Drehmoment BS,23.1000,0.0000,7.7000,7.7000,38.5000
2024-12-09,5235,MR6,MR6 Messschieber BS,7.7000,0.0000,0.0000,28.1000,35.8000
2024-12-09,5236,MR3,MR3 Messuhren BS,0.0000,0.0000,7.7000,30.8000,38.5000
2024-12-09,5237,MR9,MR9 Elektro BS,0.0000,0.0000,0.0000,23.1000,23.1000
2024-12-09,5238,MR8,MR8 Temperatur BS,0.0000,0.0000,0.0000,7.7000,7.7000
2024-12-09,5239,MR5,MR5 Bügelmesss. BS,0.0000,0.0000,7.7000,23.1000,30.8000
2024-12-09,5240,AV,Arbeitsvorbereit. BS,0.0000,7.7000,0.0000,80.3000,88.0000
2024-12-10,5211,MR11,MR11 Koordinatenm BS,0.0000,0.0000,0.0000,23.1000,23.1000
2024-12-10,5222,WE,WE BS,0.0000,7.7000,7.7000,46.2000,61.6000
2024-12-10,5223,WA,WA BS,0.0000,0.0000,0.0000,23.1000,23.1000
2024-12-10,5225,Packplatz,PP,0.0000,7.7000,0.0000,21.4000,29.1000
2024-12-10,5230,Springer,Prüfer BS,0.0000,0.0000,0.0000,0.0000,0.0000
2024-12-10,5231,MR1,MR1 Endmaße BS,0.0000,0.0000,0.0000,29.1000,29.1000
2024-12-10,5232,MR7,MR7 Lehren BS,0.0000,0.0000,15.4000,46.2000,61.6000
2024-12-10,5233,MR4,MR4 Lohnmessung BS,0.0000,0.0000,0.0000,7.7000,7.7000
2024-12-10,5234,MR2,MR2 Drehmoment BS,23.1000,0.0000,0.0000,15.4000,38.5000
2024-12-10,5235,MR6,MR6 Messschieber BS,15.4000,0.0000,0.0000,20.4000,35.8000
2024-12-10,5236,MR3,MR3 Messuhren BS,0.0000,0.0000,7.7000,30.8000,38.5000
2024-12-10,5237,MR9,MR9 Elektro BS,0.0000,0.0000,0.0000,23.1000,23.1000
2024-12-10,5238,MR8,MR8 Temperatur BS,0.0000,0.0000,0.0000,7.7000,7.7000
2024-12-10,5239,MR5,MR5 Bügelmesss. BS,0.0000,0.0000,15.4000,30.8000,46.2000
2024-12-10,5240,AV,Arbeitsvorbereit. BS,0.0000,7.7000,0.0000,80.3000,88.0000
2024-12-11,5211,MR11,MR11 Koordinatenm BS,0.0000,0.0000,0.0000,23.1000,23.1000
2024-12-11,5222,WE,WE BS,0.0000,7.7000,7.7000,46.2000,61.6000
2024-12-11,5223,WA,WA BS,0.0000,0.0000,0.0000,23.1000,23.1000
2024-12-11,5225,Packplatz,PP,0.0000,7.7000,0.0000,21.4000,29.1000
2024-12-11,5230,Springer,Prüfer BS,0.0000,0.0000,0.0000,0.0000,0.0000
2024-12-11,5231,MR1,MR1 Endmaße BS,0.0000,0.0000,0.0000,29.1000,29.1000
2024-12-11,5232,MR7,MR7 Lehren BS,0.0000,7.7000,7.7000,46.2000,61.6000
2024-12-11,5233,MR4,MR4 Lohnmessung BS,0.0000,0.0000,0.0000,7.7000,7.7000
2024-12-11,5234,MR2,MR2 Drehmoment BS,23.1000,0.0000,0.0000,15.4000,38.5000
2024-12-11,5235,MR6,MR6 Messschieber BS,15.4000,0.0000,0.0000,20.4000,35.8000
2024-12-11,5236,MR3,MR3 Messuhren BS,0.0000,7.7000,7.7000,23.1000,38.5000
2024-12-11,5237,MR9,MR9 Elektro BS,0.0000,0.0000,0.0000,23.1000,23.1000
2024-12-11,5238,MR8,MR8 Temperatur BS,0.0000,0.0000,0.0000,7.7000,7.7000
2024-12-11,5239,MR5,MR5 Bügelmesss. BS,0.0000,0.0000,15.4000,30.8000,46.2000
2024-12-11,5240,AV,Arbeitsvorbereit. BS,0.0000,7.7000,0.0000,75.3000,83.0000
2024-12-12,5211,MR11,MR11 Koordinatenm BS,0.0000,0.0000,0.0000,23.1000,23.1000
2024-12-12,5222,WE,WE BS,0.0000,7.7000,7.7000,46.2000,61.6000
2024-12-12,5223,WA,WA BS,0.0000,0.0000,0.0000,23.1000,23.1000
2024-12-12,5225,Packplatz,PP,0.0000,7.7000,0.0000,15.4000,23.1000
2024-12-12,5230,Springer,Prüfer BS,0.0000,0.0000,0.0000,0.0000,0.0000
2024-12-12,5231,MR1,MR1 Endmaße BS,0.0000,0.0000,0.0000,29.1000,29.1000
2024-12-12,5232,MR7,MR7 Lehren BS,0.0000,0.0000,7.7000,53.9000,61.6000
2024-12-12,5233,MR4,MR4 Lohnmessung BS,0.0000,0.0000,0.0000,7.7000,7.7000
2024-12-12,5234,MR2,MR2 Drehmoment BS,23.1000,0.0000,0.0000,23.1000,46.2000
2024-12-12,5235,MR6,MR6 Messschieber BS,15.4000,0.0000,0.0000,20.4000,35.8000
2024-12-12,5236,MR3,MR3 Messuhren BS,0.0000,15.4000,7.7000,15.4000,38.5000
2024-12-12,5237,MR9,MR9 Elektro BS,0.0000,0.0000,0.0000,23.1000,23.1000
2024-12-12,5238,MR8,MR8 Temperatur BS,0.0000,0.0000,0.0000,7.7000,7.7000
2024-12-12,5239,MR5,MR5 Bügelmesss. BS,0.0000,0.0000,7.7000,38.5000,46.2000
2024-12-12,5240,AV,Arbeitsvorbereit. BS,0.0000,15.4000,0.0000,72.6000,88.0000
2024-12-13,5211,MR11,MR11 Koordinatenm BS,0.0000,0.0000,0.0000,23.1000,23.1000
2024-12-13,5222,WE,WE BS,0.0000,7.7000,7.7000,46.2000,61.6000
2024-12-13,5223,WA,WA BS,0.0000,0.0000,7.7000,7.7000,15.4000
2024-12-13,5225,Packplatz,PP,0.0000,7.7000,0.0000,15.4000,23.1000
2024-12-13,5230,Springer,Prüfer BS,0.0000,0.0000,0.0000,0.0000,0.0000
2024-12-13,5231,MR1,MR1 Endmaße BS,0.0000,0.0000,0.0000,29.1000,29.1000
2024-12-13,5232,MR7,MR7 Lehren BS,0.0000,7.7000,7.7000,46.2000,61.6000
2024-12-13,5233,MR4,MR4 Lohnmessung BS,0.0000,0.0000,0.0000,7.7000,7.7000
2024-12-13,5234,MR2,MR2 Drehmoment BS,15.4000,0.0000,0.0000,23.1000,38.5000
2024-12-13,5235,MR6,MR6 Messschieber BS,15.4000,0.0000,0.0000,20.4000,35.8000
2024-12-13,5236,MR3,MR3 Messuhren BS,0.0000,15.4000,7.7000,15.4000,38.5000
2024-12-13,5237,MR9,MR9 Elektro BS,0.0000,0.0000,7.7000,15.4000,23.1000
2024-12-13,5238,MR8,MR8 Temperatur BS,0.0000,0.0000,0.0000,7.7000,7.7000
2024-12-13,5239,MR5,MR5 Bügelmesss. BS,0.0000,0.0000,7.7000,38.5000,46.2000
2024-12-13,5240,AV,Arbeitsvorbereit. BS,0.0000,23.1000,0.0000,57.2000,80.3000
2024-12-16,5211,MR11,MR11 Koordinatenm BS,0.0000,0.0000,7.7000,15.4000,23.1000
2024-12-16,5222,WE,WE BS,0.0000,7.7000,15.4000,38.5000,61.6000
2024-12-16,5223,WA,WA BS,0.0000,0.0000,0.0000,15.4000,15.4000
2024-12-16,5225,Packplatz,PP,0.0000,0.0000,0.0000,29.1000,29.1000
2024-12-16,5230,Springer,Prüfer BS,0.0000,0.0000,0.0000,0.0000,0.0000
2024-12-16,5231,MR1,MR1 Endmaße BS,0.0000,0.0000,0.0000,29.1000,29.1000
2024-12-16,5232,MR7,MR7 Lehren BS,7.7000,7.7000,0.0000,46.2000,61.6000
2024-12-16,5233,MR4,MR4 Lohnmessung BS,0.0000,0.0000,0.0000,7.7000,7.7000
2024-12-16,5234,MR2,MR2 Drehmoment BS,0.0000,0.0000,0.0000,46.2000,46.2000
2024-12-16,5235,MR6,MR6 Messschieber BS,15.4000,0.0000,0.0000,20.4000,35.8000
2024-12-16,5236,MR3,MR3 Messuhren BS,0.0000,0.0000,7.7000,30.8000,38.5000
2024-12-16,5237,MR9,MR9 Elektro BS,0.0000,0.0000,0.0000,23.1000,23.1000
2024-12-16,5238,MR8,MR8 Temperatur BS,0.0000,0.0000,0.0000,0.0000,0.0000
2024-12-16,5239,MR5,MR5 Bügelmesss. BS,0.0000,0.0000,7.7000,30.8000,38.5000
2024-12-16,5240,AV,Arbeitsvorbereit. BS,0.0000,15.4000,13.7000,58.9000,88.0000
2024-12-17,5211,MR11,MR11 Koordinatenm BS,0.0000,0.0000,7.7000,15.4000,23.1000
2024-12-17,5222,WE,WE BS,0.0000,7.7000,15.4000,38.5000,61.6000
2024-12-17,5223,WA,WA BS,0.0000,0.0000,7.7000,15.4000,23.1000
2024-12-17,5225,Packplatz,PP,0.0000,0.0000,0.0000,29.1000,29.1000
2024-12-17,5230,Springer,Prüfer BS,0.0000,0.0000,0.0000,0.0000,0.0000
2024-12-17,5231,MR1,MR1 Endmaße BS,0.0000,0.0000,0.0000,21.4000,21.4000
2024-12-17,5232,MR7,MR7 Lehren BS,0.0000,7.7000,0.0000,53.9000,61.6000
2024-12-17,5233,MR4,MR4 Lohnmessung BS,0.0000,0.0000,0.0000,7.7000,7.7000
2024-12-17,5234,MR2,MR2 Drehmoment BS,0.0000,0.0000,0.0000,46.2000,46.2000
2024-12-17,5235,MR6,MR6 Messschieber BS,15.4000,5.0000,0.0000,15.4000,35.8000
2024-12-17,5236,MR3,MR3 Messuhren BS,0.0000,0.0000,7.7000,30.8000,38.5000
2024-12-17,5237,MR9,MR9 Elektro BS,0.0000,0.0000,0.0000,23.1000,23.1000
2024-12-17,5238,MR8,MR8 Temperatur BS,0.0000,0.0000,0.0000,0.0000,0.0000
2024-12-17,5239,MR5,MR5 Bügelmesss. BS,0.0000,0.0000,7.7000,38.5000,46.2000
2024-12-17,5240,AV,Arbeitsvorbereit. BS,0.0000,15.4000,13.7000,58.9000,88.0000
2024-12-18,5211,MR11,MR11 Koordinatenm BS,0.0000,0.0000,15.4000,7.7000,23.1000
2024-12-18,5222,WE,WE BS,0.0000,7.7000,7.7000,46.2000,61.6000
2024-12-18,5223,WA,WA BS,0.0000,0.0000,7.7000,15.4000,23.1000
2024-12-18,5225,Packplatz,PP,0.0000,0.0000,6.0000,23.1000,29.1000
2024-12-18,5230,Springer,Prüfer BS,0.0000,0.0000,0.0000,0.0000,0.0000
2024-12-18,5231,MR1,MR1 Endmaße BS,0.0000,0.0000,0.0000,21.4000,21.4000
2024-12-18,5232,MR7,MR7 Lehren BS,0.0000,15.4000,0.0000,46.2000,61.6000
2024-12-18,5233,MR4,MR4 Lohnmessung BS,0.0000,0.0000,0.0000,7.7000,7.7000
2024-12-18,5234,MR2,MR2 Drehmoment BS,0.0000,0.0000,7.7000,38.5000,46.2000
2024-12-18,5235,MR6,MR6 Messschieber BS,15.4000,0.0000,0.0000,20.4000,35.8000
2024-12-18,5236,MR3,MR3 Messuhren BS,0.0000,0.0000,7.7000,30.8000,38.5000
2024-12-18,5237,MR9,MR9 Elektro BS,0.0000,0.0000,0.0000,23.1000,23.1000
2024-12-18,5238,MR8,MR8 Temperatur BS,0.0000,0.0000,0.0000,0.0000,0.0000
2024-12-18,5239,MR5,MR5 Bügelmesss. BS,0.0000,0.0000,7.7000,30.8000,38.5000
2024-12-18,5240,AV,Arbeitsvorbereit. BS,0.0000,7.7000,21.4000,46.2000,75.3000
2024-12-19,5211,MR11,MR11 Koordinatenm BS,0.0000,0.0000,15.4000,7.7000,23.1000
2024-12-19,5222,WE,WE BS,0.0000,0.0000,7.7000,46.2000,53.9000
2024-12-19,5223,WA,WA BS,0.0000,0.0000,7.7000,15.4000,23.1000
2024-12-19,5225,Packplatz,PP,0.0000,0.0000,7.7000,15.4000,23.1000
2024-12-19,5230,Springer,Prüfer BS,0.0000,0.0000,0.0000,0.0000,0.0000
2024-12-19,5231,MR1,MR1 Endmaße BS,0.0000,0.0000,0.0000,21.4000,21.4000
2024-12-19,5232,MR7,MR7 Lehren BS,0.0000,15.4000,7.7000,38.5000,61.6000
2024-12-19,5233,MR4,MR4 Lohnmessung BS,0.0000,0.0000,0.0000,7.7000,7.7000
2024-12-19,5234,MR2,MR2 Drehmoment BS,0.0000,0.0000,15.4000,30.8000,46.2000
2024-12-19,5235,MR6,MR6 Messschieber BS,0.0000,0.0000,0.0000,35.8000,35.8000
2024-12-19,5236,MR3,MR3 Messuhren BS,0.0000,0.0000,7.7000,30.8000,38.5000
2024-12-19,5237,MR9,MR9 Elektro BS,0.0000,0.0000,7.7000,15.4000,23.1000
2024-12-19,5238,MR8,MR8 Temperatur BS,0.0000,0.0000,7.7000,0.0000,7.7000
2024-12-19,5239,MR5,MR5 Bügelmesss. BS,0.0000,0.0000,30.8000,15.4000,46.2000
2024-12-19,5240,AV,Arbeitsvorbereit. BS,0.0000,7.7000,21.4000,51.2000,80.3000
2024-12-20,5211,MR11,MR11 Koordinatenm BS,0.0000,0.0000,15.4000,7.7000,23.1000
2024-12-20,5222,WE,WE BS,0.0000,0.0000,7.7000,46.2000,53.9000
2024-12-20,5223,WA,WA BS,0.0000,0.0000,15.4000,0.0000,15.4000
2024-12-20,5225,Packplatz,PP,0.0000,0.0000,7.7000,15.4000,23.1000
2024-12-20,5230,Springer,Prüfer BS,0.0000,0.0000,0.0000,0.0000,0.0000
2024-12-20,5231,MR1,MR1 Endmaße BS,0.0000,0.0000,0.0000,21.4000,21.4000
2024-12-20,5232,MR7,MR7 Lehren BS,0.0000,15.4000,15.4000,30.8000,61.6000
2024-12-20,5233,MR4,MR4 Lohnmessung BS,0.0000,0.0000,0.0000,7.7000,7.7000
2024-12-20,5234,MR2,MR2 Drehmoment BS,0.0000,0.0000,23.1000,23.1000,46.2000
2024-12-20,5235,MR6,MR6 Messschieber BS,0.0000,0.0000,0.0000,35.8000,35.8000
2024-12-20,5236,MR3,MR3 Messuhren BS,0.0000,0.0000,23.1000,15.4000,38.5000
2024-12-20,5237,MR9,MR9 Elektro BS,0.0000,0.0000,7.7000,15.4000,23.1000
2024-12-20,5238,MR8,MR8 Temperatur BS,0.0000,0.0000,7.7000,,7.7000
2024-12-20,5239,MR5,MR5 Bügelmesss. BS,0.0000,0.0000,30.8000,15.4000,46.2000
2024-12-20,5240,AV,Arbeitsvorbereit. BS,0.0000,7.7000,29.1000,43.5000,80.3000
2024-12-23,5211,MR11,MR11 Koordinatenm BS,0.0000,0.0000,23.1000,,23.1000
2024-12-23,5222,WE,WE BS,0.0000,0.0000,53.9000,,53.9000
2024-12-23,5223,WA,WA BS,0.0000,0.0000,15.4000,,15.4000
2024-12-23,5225,Packplatz,PP,0.0000,0.0000,29.1000,,29.1000
2024-12-23,5230,Springer,Prüfer BS,0.0000,0.0000,0.0000,0.0000,0.0000
2024-12-23,5231,MR1,MR1 Endmaße BS,0.0000,0.0000,29.1000,,29.1000
2024-12-23,5232,MR7,MR7 Lehren BS,0.0000,0.0000,61.6000,,61.6000
2024-12-23,5233,MR4,MR4 Lohnmessung BS,0.0000,0.0000,7.7000,,7.7000
2024-12-23,5234,MR2,MR2 Drehmoment BS,0.0000,0.0000,46.2000,,46.2000
2024-12-23,5235,MR6,MR6 Messschieber BS,0.0000,0.0000,35.8000,,35.8000
2024-12-23,5236,MR3,MR3 Messuhren BS,0.0000,0.0000,46.2000,,46.2000
2024-12-23,5237,MR9,MR9 Elektro BS,0.0000,0.0000,23.1000,,23.1000
2024-12-23,5238,MR8,MR8 Temperatur BS,0.0000,0.0000,7.7000,,7.7000
2024-12-23,5239,MR5,MR5 Bügelmesss. BS,0.0000,0.0000,30.8000,,30.8000
2024-12-23,5240,AV,Arbeitsvorbereit. BS,0.0000,0.0000,80.3000,,80.3000
2024-12-27,5211,MR11,MR11 Koordinatenm BS,0.0000,0.0000,23.1000,,23.1000
2024-12-27,5222,WE,WE BS,0.0000,0.0000,53.9000,,53.9000
2024-12-27,5223,WA,WA BS,0.0000,0.0000,15.4000,,15.4000
2024-12-27,5225,Packplatz,PP,0.0000,0.0000,23.1000,0.0000,23.1000
2024-12-27,5230,Springer,Prüfer BS,0.0000,0.0000,0.0000,0.0000,0.0000
2024-12-27,5231,MR1,MR1 Endmaße BS,0.0000,0.0000,29.1000,,29.1000
2024-12-27,5232,MR7,MR7 Lehren BS,0.0000,0.0000,61.6000,,61.6000
2024-12-27,5233,MR4,MR4 Lohnmessung BS,0.0000,0.0000,7.7000,,7.7000
2024-12-27,5234,MR2,MR2 Drehmoment BS,0.0000,0.0000,46.2000,,46.2000
2024-12-27,5235,MR6,MR6 Messschieber BS,0.0000,0.0000,35.8000,,35.8000
2024-12-27,5236,MR3,MR3 Messuhren BS,0.0000,0.0000,38.5000,,38.5000
2024-12-27,5237,MR9,MR9 Elektro BS,0.0000,0.0000,23.1000,,23.1000
2024-12-27,5238,MR8,MR8 Temperatur BS,0.0000,0.0000,7.7000,,7.7000
2024-12-27,5239,MR5,MR5 Bügelmesss. BS,0.0000,0.0000,38.5000,,38.5000
2024-12-27,5240,AV,Arbeitsvorbereit. BS,0.0000,0.0000,80.3000,,80.3000
2024-12-30,5211,MR11,MR11 Koordinatenm BS,0.0000,0.0000,23.1000,,23.1000
2024-12-30,5222,WE,WE BS,0.0000,0.0000,53.9000,,53.9000
2024-12-30,5223,WA,WA BS,0.0000,0.0000,15.4000,,15.4000
2024-12-30,5225,Packplatz,PP,0.0000,0.0000,29.1000,,29.1000
2024-12-30,5230,Springer,Prüfer BS,0.0000,0.0000,0.0000,0.0000,0.0000
2024-12-30,5231,MR1,MR1 Endmaße BS,0.0000,0.0000,29.1000,,29.1000
2024-12-30,5232,MR7,MR7 Lehren BS,0.0000,0.0000,61.6000,,61.6000
2024-12-30,5233,MR4,MR4 Lohnmessung BS,0.0000,0.0000,7.7000,,7.7000
2024-12-30,5234,MR2,MR2 Drehmoment BS,0.0000,0.0000,46.2000,,46.2000
2024-12-30,5235,MR6,MR6 Messschieber BS,0.0000,0.0000,35.8000,,35.8000
2024-12-30,5236,MR3,MR3 Messuhren BS,0.0000,0.0000,46.2000,,46.2000
2024-12-30,5237,MR9,MR9 Elektro BS,0.0000,0.0000,23.1000,,23.1000
2024-12-30,5238,MR8,MR8 Temperatur BS,0.0000,0.0000,7.7000,,7.7000
2024-12-30,5239,MR5,MR5 Bügelmesss. BS,0.0000,0.0000,30.8000,,30.8000
2024-12-30,5240,AV,Arbeitsvorbereit. BS,0.0000,0.0000,80.3000,,80.3000
2025-01-02,5211,MR11,MR11 Koordinatenm BS,0.0000,0.0000,15.4000,7.7000,23.1000
2025-01-02,5222,WE,WE BS,0.0000,0.0000,15.4000,46.2000,61.6000
2025-01-02,5223,WA,WA BS,0.0000,0.0000,7.7000,7.7000,15.4000
2025-01-02,5225,Packplatz,PP,0.0000,0.0000,15.4000,7.7000,23.1000
2025-01-02,5230,Springer,Prüfer BS,0.0000,0.0000,0.0000,0.0000,0.0000
2025-01-02,5231,MR1,MR1 Endmaße BS,0.0000,0.0000,7.7000,29.1000,36.8000
2025-01-02,5232,MR7,MR7 Lehren BS,0.0000,0.0000,15.4000,30.8000,46.2000
2025-01-02,5233,MR4,MR4 Lohnmessung BS,0.0000,0.0000,0.0000,7.7000,7.7000
2025-01-02,5234,MR2,MR2 Drehmoment BS,0.0000,0.0000,23.1000,23.1000,46.2000
2025-01-02,5235,MR6,MR6 Messschieber BS,0.0000,0.0000,0.0000,35.8000,35.8000
2025-01-02,5236,MR3,MR3 Messuhren BS,0.0000,0.0000,23.1000,23.1000,46.2000
2025-01-02,5237,MR9,MR9 Elektro BS,0.0000,0.0000,7.7000,15.4000,23.1000
2025-01-02,5238,MR8,MR8 Temperatur BS,0.0000,0.0000,0.0000,0.0000,0.0000
2025-01-02,5239,MR5,MR5 Bügelmesss. BS,0.0000,0.0000,15.4000,23.1000,38.5000
2025-01-02,5240,AV,Arbeitsvorbereit. BS,0.0000,0.0000,15.4000,53.9000,69.3000
2025-01-03,5211,MR11,MR11 Koordinatenm BS,0.0000,0.0000,15.4000,7.7000,23.1000
2025-01-03,5222,WE,WE BS,0.0000,0.0000,15.4000,46.2000,61.6000
2025-01-03,5223,WA,WA BS,0.0000,0.0000,0.0000,0.0000,0.0000
2025-01-03,5225,Packplatz,PP,0.0000,0.0000,15.4000,7.7000,23.1000
2025-01-03,5230,Springer,Prüfer BS,0.0000,0.0000,0.0000,0.0000,0.0000
2025-01-03,5231,MR1,MR1 Endmaße BS,0.0000,0.0000,0.0000,29.1000,29.1000
2025-01-03,5232,MR7,MR7 Lehren BS,0.0000,0.0000,15.4000,30.8000,46.2000
2025-01-03,5233,MR4,MR4 Lohnmessung BS,0.0000,0.0000,0.0000,7.7000,7.7000
2025-01-03,5234,MR2,MR2 Drehmoment BS,0.0000,7.7000,23.1000,15.4000,46.2000
2025-01-03,5235,MR6,MR6 Messschieber BS,0.0000,0.0000,0.0000,35.8000,35.8000
2025-01-03,5236,MR3,MR3 Messuhren BS,0.0000,0.0000,15.4000,23.1000,38.5000
2025-01-03,5237,MR9,MR9 Elektro BS,0.0000,7.7000,7.7000,7.7000,23.1000
2025-01-03,5238,MR8,MR8 Temperatur BS,0.0000,0.0000,0.0000,0.0000,0.0000
2025-01-03,5239,MR5,MR5 Bügelmesss. BS,0.0000,0.0000,15.4000,23.1000,38.5000
2025-01-03,5240,AV,Arbeitsvorbereit. BS,0.0000,15.4000,15.4000,38.5000,69.3000
2025-01-06,5211,MR11,MR11 Koordinatenm BS,0.0000,0.0000,0.0000,23.1000,23.1000
2025-01-06,5222,WE,WE BS,0.0000,7.7000,7.7000,46.2000,61.6000
2025-01-06,5223,WA,WA BS,0.0000,0.0000,0.0000,15.4000,15.4000
2025-01-06,5225,Packplatz,PP,0.0000,0.0000,0.0000,29.1000,29.1000
2025-01-06,5230,Springer,Prüfer BS,0.0000,0.0000,0.0000,0.0000,0.0000
2025-01-06,5231,MR1,MR1 Endmaße BS,0.0000,0.0000,0.0000,29.1000,29.1000
2025-01-06,5232,MR7,MR7 Lehren BS,0.0000,0.0000,0.0000,61.6000,61.6000
2025-01-06,5233,MR4,MR4 Lohnmessung BS,0.0000,0.0000,0.0000,7.7000,7.7000
2025-01-06,5234,MR2,MR2 Drehmoment BS,0.0000,0.0000,0.0000,46.2000,46.2000
2025-01-06,5235,MR6,MR6 Messschieber BS,0.0000,0.0000,0.0000,35.8000,35.8000
2025-01-06,5236,MR3,MR3 Messuhren BS,0.0000,0.0000,15.4000,30.8000,46.2000
2025-01-06,5237,MR9,MR9 Elektro BS,0.0000,0.0000,7.7000,15.4000,23.1000
2025-01-06,5238,MR8,MR8 Temperatur BS,0.0000,0.0000,0.0000,7.7000,7.7000
2025-01-06,5239,MR5,MR5 Bügelmesss. BS,0.0000,0.0000,0.0000,38.5000,38.5000
2025-01-06,5240,AV,Arbeitsvorbereit. BS,0.0000,15.4000,0.0000,64.9000,80.3000
2025-01-07,5211,MR11,MR11 Koordinatenm BS,0.0000,0.0000,0.0000,23.1000,23.1000
2025-01-07,5222,WE,WE BS,0.0000,7.7000,7.7000,46.2000,61.6000
2025-01-07,5223,WA,WA BS,0.0000,0.0000,0.0000,15.4000,15.4000
2025-01-07,5225,Packplatz,PP,0.0000,7.7000,0.0000,21.4000,29.1000
2025-01-07,5230,Springer,Prüfer BS,0.0000,0.0000,0.0000,0.0000,0.0000
2025-01-07,5231,MR1,MR1 Endmaße BS,0.0000,0.0000,0.0000,29.1000,29.1000
2025-01-07,5232,MR7,MR7 Lehren BS,0.0000,0.0000,0.0000,61.6000,61.6000
2025-01-07,5233,MR4,MR4 Lohnmessung BS,0.0000,0.0000,0.0000,7.7000,7.7000
2025-01-07,5234,MR2,MR2 Drehmoment BS,0.0000,0.0000,0.0000,46.2000,46.2000
2025-01-07,5235,MR6,MR6 Messschieber BS,0.0000,7.7000,0.0000,28.1000,35.8000
2025-01-07,5236,MR3,MR3 Messuhren BS,0.0000,0.0000,7.7000,30.8000,38.5000
2025-01-07,5237,MR9,MR9 Elektro BS,0.0000,0.0000,0.0000,23.1000,23.1000
2025-01-07,5238,MR8,MR8 Temperatur BS,0.0000,0.0000,0.0000,7.7000,7.7000
2025-01-07,5239,MR5,MR5 Bügelmesss. BS,0.0000,0.0000,0.0000,38.5000,38.5000
2025-01-07,5240,AV,Arbeitsvorbereit. BS,0.0000,15.4000,0.0000,64.9000,80.3000
2025-01-08,5211,MR11,MR11 Koordinatenm BS,0.0000,0.0000,0.0000,23.1000,23.1000
2025-01-08,5222,WE,WE BS,0.0000,7.7000,7.7000,46.2000,61.6000
2025-01-08,5223,WA,WA BS,0.0000,0.0000,0.0000,15.4000,15.4000
2025-01-08,5225,Packplatz,PP,0.0000,0.0000,0.0000,29.1000,29.1000
2025-01-08,5230,Springer,Prüfer BS,0.0000,0.0000,0.0000,0.0000,0.0000
2025-01-08,5231,MR1,MR1 Endmaße BS,0.0000,0.0000,0.0000,29.1000,29.1000
2025-01-08,5232,MR7,MR7 Lehren BS,0.0000,0.0000,0.0000,61.6000,61.6000
2025-01-08,5233,MR4,MR4 Lohnmessung BS,0.0000,0.0000,0.0000,7.7000,7.7000
2025-01-08,5234,MR2,MR2 Drehmoment BS,0.0000,0.0000,7.7000,38.5000,46.2000
2025-01-08,5235,MR6,MR6 Messschieber BS,0.0000,0.0000,0.0000,35.8000,35.8000
2025-01-08,5236,MR3,MR3 Messuhren BS,0.0000,0.0000,7.7000,30.8000,38.5000
2025-01-08,5237,MR9,MR9 Elektro BS,0.0000,0.0000,0.0000,23.1000,23.1000
2025-01-08,5238,MR8,MR8 Temperatur BS,0.0000,0.0000,0.0000,7.7000,7.7000
2025-01-08,5239,MR5,MR5 Bügelmesss. BS,0.0000,0.0000,0.0000,38.5000,38.5000
2025-01-08,5240,AV,Arbeitsvorbereit. BS,0.0000,15.4000,0.0000,59.9000,75.3000
2025-01-09,5211,MR11,MR11 Koordinatenm BS,0.0000,7.7000,0.0000,15.4000,23.1000
2025-01-09,5222,WE,WE BS,0.0000,15.4000,15.4000,30.8000,61.6000
2025-01-09,5223,WA,WA BS,0.0000,0.0000,0.0000,15.4000,15.4000
2025-01-09,5225,Packplatz,PP,0.0000,0.0000,0.0000,23.1000,23.1000
2025-01-09,5230,Springer,Prüfer BS,0.0000,0.0000,0.0000,0.0000,0.0000
2025-01-09,5231,MR1,MR1 Endmaße BS,0.0000,0.0000,0.0000,29.1000,29.1000
2025-01-09,5232,MR7,MR7 Lehren BS,0.0000,0.0000,0.0000,61.6000,61.6000
2025-01-09,5233,MR4,MR4 Lohnmessung BS,0.0000,0.0000,0.0000,7.7000,7.7000
2025-01-09,5234,MR2,MR2 Drehmoment BS,0.0000,0.0000,0.0000,46.2000,46.2000
2025-01-09,5235,MR6,MR6 Messschieber BS,5.0000,7.7000,0.0000,23.1000,35.8000
2025-01-09,5236,MR3,MR3 Messuhren BS,0.0000,0.0000,7.7000,30.8000,38.5000
2025-01-09,5237,MR9,MR9 Elektro BS,0.0000,0.0000,0.0000,23.1000,23.1000
2025-01-09,5238,MR8,MR8 Temperatur BS,0.0000,0.0000,0.0000,7.7000,7.7000
2025-01-09,5239,MR5,MR5 Bügelmesss. BS,0.0000,0.0000,0.0000,38.5000,38.5000
2025-01-09,5240,AV,Arbeitsvorbereit. BS,0.0000,21.4000,0.0000,58.9000,80.3000
2025-01-10,5211,MR11,MR11 Koordinatenm BS,0.0000,0.0000,0.0000,23.1000,23.1000
2025-01-10,5222,WE,WE BS,0.0000,7.7000,15.4000,38.5000,61.6000
2025-01-10,5223,WA,WA BS,0.0000,0.0000,0.0000,7.7000,7.7000
2025-01-10,5225,Packplatz,PP,0.0000,0.0000,0.0000,23.1000,23.1000
2025-01-10,5230,Springer,Prüfer BS,0.0000,0.0000,0.0000,0.0000,0.0000
2025-01-10,5231,MR1,MR1 Endmaße BS,0.0000,0.0000,0.0000,29.1000,29.1000
2025-01-10,5232,MR7,MR7 Lehren BS,0.0000,7.7000,0.0000,53.9000,61.6000
2025-01-10,5233,MR4,MR4 Lohnmessung BS,0.0000,0.0000,0.0000,7.7000,7.7000
2025-01-10,5234,MR2,MR2 Drehmoment BS,0.0000,0.0000,7.7000,38.5000,46.2000
2025-01-10,5235,MR6,MR6 Messschieber BS,5.0000,7.7000,0.0000,23.1000,35.8000
2025-01-10,5236,MR3,MR3 Messuhren BS,0.0000,0.0000,7.7000,30.8000,38.5000
2025-01-10,5237,MR9,MR9 Elektro BS,0.0000,0.0000,0.0000,23.1000,23.1000
2025-01-10,5238,MR8,MR8 Temperatur BS,0.0000,0.0000,0.0000,7.7000,7.7000
2025-01-10,5239,MR5,MR5 Bügelmesss. BS,0.0000,0.0000,0.0000,38.5000,38.5000
2025-01-10,5240,AV,Arbeitsvorbereit. BS,0.0000,21.4000,0.0000,58.9000,80.3000
2025-01-13,5211,MR11,MR11 Koordinatenm BS,0.0000,0.0000,0.0000,23.1000,23.1000
2025-01-13,5222,WE,WE BS,0.0000,0.0000,23.1000,38.5000,61.6000
2025-01-13,5223,WA,WA BS,0.0000,0.0000,0.0000,15.4000,15.4000
2025-01-13,5225,Packplatz,PP,0.0000,0.0000,7.7000,21.4000,29.1000
2025-01-13,5230,Springer,Prüfer BS,0.0000,0.0000,0.0000,0.0000,0.0000
2025-01-13,5231,MR1,MR1 Endmaße BS,0.0000,0.0000,0.0000,29.1000,29.1000
2025-01-13,5232,MR7,MR7 Lehren BS,0.0000,0.0000,0.0000,61.6000,61.6000
2025-01-13,5233,MR4,MR4 Lohnmessung BS,0.0000,0.0000,0.0000,7.7000,7.7000
2025-01-13,5234,MR2,MR2 Drehmoment BS,0.0000,0.0000,0.0000,46.2000,46.2000
2025-01-13,5235,MR6,MR6 Messschieber BS,0.0000,7.7000,0.0000,28.1000,35.8000
2025-01-13,5236,MR3,MR3 Messuhren BS,0.0000,0.0000,7.7000,30.8000,38.5000
2025-01-13,5237,MR9,MR9 Elektro BS,0.0000,0.0000,0.0000,23.1000,23.1000
2025-01-13,5238,MR8,MR8 Temperatur BS,0.0000,7.7000,0.0000,0.0000,7.7000
2025-01-13,5239,MR5,MR5 Bügelmesss. BS,0.0000,0.0000,0.0000,23.1000,23.1000
2025-01-13,5240,AV,Arbeitsvorbereit. BS,0.0000,13.7000,0.0000,66.6000,80.3000
2025-01-14,5211,MR11,MR11 Koordinatenm BS,0.0000,0.0000,0.0000,23.1000,23.1000
2025-01-14,5222,WE,WE BS,0.0000,0.0000,15.4000,46.2000,61.6000
2025-01-14,5223,WA,WA BS,0.0000,7.7000,0.0000,7.7000,15.4000
2025-01-14,5225,Packplatz,PP,0.0000,7.7000,0.0000,21.4000,29.1000
2025-01-14,5230,Springer,Prüfer BS,0.0000,0.0000,0.0000,0.0000,0.0000
2025-01-14,5231,MR1,MR1 Endmaße BS,0.0000,0.0000,0.0000,29.1000,29.1000
2025-01-14,5232,MR7,MR7 Lehren BS,0.0000,7.7000,0.0000,53.9000,61.6000
2025-01-14,5233,MR4,MR4 Lohnmessung BS,0.0000,0.0000,0.0000,7.7000,7.7000
2025-01-14,5234,MR2,MR2 Drehmoment BS,0.0000,7.7000,0.0000,38.5000,46.2000
2025-01-14,5235,MR6,MR6 Messschieber BS,0.0000,7.7000,0.0000,28.1000,35.8000
2025-01-14,5236,MR3,MR3 Messuhren BS,0.0000,0.0000,7.7000,30.8000,38.5000
2025-01-14,5237,MR9,MR9 Elektro BS,0.0000,0.0000,0.0000,23.1000,23.1000
2025-01-14,5238,MR8,MR8 Temperatur BS,0.0000,0.0000,0.0000,7.7000,7.7000
2025-01-14,5239,MR5,MR5 Bügelmesss. BS,0.0000,0.0000,0.0000,30.8000,30.8000
2025-01-14,5240,AV,Arbeitsvorbereit. BS,0.0000,21.4000,7.7000,51.2000,80.3000
2025-01-15,5211,MR11,MR11 Koordinatenm BS,0.0000,0.0000,0.0000,23.1000,23.1000
2025-01-15,5222,WE,WE BS,0.0000,0.0000,7.7000,53.9000,61.6000
2025-01-15,5223,WA,WA BS,0.0000,0.0000,0.0000,15.4000,15.4000
2025-01-15,5225,Packplatz,PP,0.0000,0.0000,0.0000,29.1000,29.1000
2025-01-15,5230,Springer,Prüfer BS,0.0000,0.0000,0.0000,0.0000,0.0000
2025-01-15,5231,MR1,MR1 Endmaße BS,0.0000,0.0000,0.0000,29.1000,29.1000
2025-01-15,5232,MR7,MR7 Lehren BS,0.0000,7.7000,0.0000,53.9000,61.6000
2025-01-15,5233,MR4,MR4 Lohnmessung BS,0.0000,0.0000,0.0000,7.7000,7.7000
2025-01-15,5234,MR2,MR2 Drehmoment BS,0.0000,0.0000,7.7000,38.5000,46.2000
2025-01-15,5235,MR6,MR6 Messschieber BS,0.0000,7.7000,0.0000,28.1000,35.8000
2025-01-15,5236,MR3,MR3 Messuhren BS,0.0000,0.0000,7.7000,30.8000,38.5000
2025-01-15,5237,MR9,MR9 Elektro BS,0.0000,0.0000,0.0000,23.1000,23.1000
2025-01-15,5238,MR8,MR8 Temperatur BS,0.0000,0.0000,0.0000,7.7000,7.7000
2025-01-15,5239,MR5,MR5 Bügelmesss. BS,0.0000,0.0000,0.0000,38.5000,38.5000
2025-01-15,5240,AV,Arbeitsvorbereit. BS,0.0000,13.7000,0.0000,61.6000,75.3000
2025-01-16,5211,MR11,MR11 Koordinatenm BS,0.0000,0.0000,0.0000,23.1000,23.1000
2025-01-16,5222,WE,WE BS,0.0000,0.0000,7.7000,53.9000,61.6000
2025-01-16,5223,WA,WA BS,0.0000,0.0000,0.0000,15.4000,15.4000
2025-01-16,5225,Packplatz,PP,0.0000,0.0000,0.0000,23.1000,23.1000
2025-01-16,5230,Springer,Prüfer BS,0.0000,0.0000,0.0000,0.0000,0.0000
2025-01-16,5231,MR1,MR1 Endmaße BS,0.0000,0.0000,0.0000,29.1000,29.1000
2025-01-16,5232,MR7,MR7 Lehren BS,0.0000,7.7000,0.0000,53.9000,61.6000
2025-01-16,5233,MR4,MR4 Lohnmessung BS,0.0000,0.0000,0.0000,7.7000,7.7000
2025-01-16,5234,MR2,MR2 Drehmoment BS,0.0000,7.7000,0.0000,38.5000,46.2000
2025-01-16,5235,MR6,MR6 Messschieber BS,0.0000,7.7000,0.0000,28.1000,35.8000
2025-01-16,5236,MR3,MR3 Messuhren BS,0.0000,0.0000,7.7000,30.8000,38.5000
2025-01-16,5237,MR9,MR9 Elektro BS,0.0000,0.0000,0.0000,23.1000,23.1000
2025-01-16,5238,MR8,MR8 Temperatur BS,0.0000,0.0000,0.0000,7.7000,7.7000
2025-01-16,5239,MR5,MR5 Bügelmesss. BS,0.0000,0.0000,0.0000,38.5000,38.5000
2025-01-16,5240,AV,Arbeitsvorbereit. BS,0.0000,21.4000,0.0000,58.9000,80.3000
2025-01-17,5211,MR11,MR11 Koordinatenm BS,0.0000,0.0000,0.0000,23.1000,23.1000
2025-01-17,5222,WE,WE BS,0.0000,0.0000,0.0000,61.6000,61.6000
2025-01-17,5223,WA,WA BS,0.0000,0.0000,0.0000,7.7000,7.7000
2025-01-17,5225,Packplatz,PP,0.0000,7.7000,0.0000,15.4000,23.1000
2025-01-17,5230,Springer,Prüfer BS,0.0000,0.0000,0.0000,0.0000,0.0000
2025-01-17,5231,MR1,MR1 Endmaße BS,0.0000,6.0000,0.0000,23.1000,29.1000
2025-01-17,5232,MR7,MR7 Lehren BS,0.0000,7.7000,0.0000,46.2000,53.9000
2025-01-17,5233,MR4,MR4 Lohnmessung BS,0.0000,0.0000,0.0000,7.7000,7.7000
2025-01-17,5234,MR2,MR2 Drehmoment BS,0.0000,7.7000,0.0000,38.5000,46.2000
2025-01-17,5235,MR6,MR6 Messschieber BS,0.0000,7.7000,0.0000,28.1000,35.8000
2025-01-17,5236,MR3,MR3 Messuhren BS,0.0000,0.0000,15.4000,23.1000,38.5000
2025-01-17,5237,MR9,MR9 Elektro BS,0.0000,0.0000,7.7000,15.4000,23.1000
2025-01-17,5238,MR8,MR8 Temperatur BS,0.0000,0.0000,0.0000,7.7000,7.7000
2025-01-17,5239,MR5,MR5 Bügelmesss. BS,0.0000,0.0000,0.0000,38.5000,38.5000
2025-01-17,5240,AV,Arbeitsvorbereit. BS,0.0000,36.8000,0.0000,51.2000,88.0000
2025-01-20,5211,MR11,MR11 Koordinatenm BS,0.0000,0.0000,0.0000,23.1000,23.1000
2025-01-20,5222,WE,WE BS,0.0000,0.0000,0.0000,61.6000,61.6000
2025-01-20,5223,WA,WA BS,0.0000,0.0000,0.0000,15.4000,15.4000
2025-01-20,5225,Packplatz,PP,0.0000,0.0000,0.0000,29.1000,29.1000
2025-01-20,5230,Springer,Prüfer BS,0.0000,0.0000,0.0000,0.0000,0.0000
2025-01-20,5231,MR1,MR1 Endmaße BS,0.0000,0.0000,0.0000,29.1000,29.1000
2025-01-20,5232,MR7,MR7 Lehren BS,0.0000,0.0000,0.0000,61.6000,61.6000
2025-01-20,5233,MR4,MR4 Lohnmessung BS,0.0000,0.0000,0.0000,7.7000,7.7000
2025-01-20,5234,MR2,MR2 Drehmoment BS,0.0000,0.0000,0.0000,46.2000,46.2000
2025-01-20,5235,MR6,MR6 Messschieber BS,0.0000,0.0000,0.0000,35.8000,35.8000
2025-01-20,5236,MR3,MR3 Messuhren BS,0.0000,0.0000,7.7000,30.8000,38.5000
2025-01-20,5237,MR9,MR9 Elektro BS,0.0000,0.0000,0.0000,23.1000,23.1000
2025-01-20,5238,MR8,MR8 Temperatur BS,0.0000,0.0000,0.0000,7.7000,7.7000
2025-01-20,5239,MR5,MR5 Bügelmesss. BS,0.0000,0.0000,0.0000,30.8000,30.8000
2025-01-20,5240,AV,Arbeitsvorbereit. BS,0.0000,21.4000,0.0000,66.6000,88.0000
2025-01-21,5211,MR11,MR11 Koordinatenm BS,0.0000,0.0000,0.0000,23.1000,23.1000
2025-01-21,5222,WE,WE BS,0.0000,0.0000,0.0000,61.6000,61.6000
2025-01-21,5223,WA,WA BS,0.0000,0.0000,0.0000,15.4000,15.4000
2025-01-21,5225,Packplatz,PP,0.0000,0.0000,0.0000,29.1000,29.1000
2025-01-21,5230,Springer,Prüfer BS,0.0000,0.0000,0.0000,0.0000,0.0000
2025-01-21,5231,MR1,MR1 Endmaße BS,0.0000,0.0000,0.0000,29.1000,29.1000
2025-01-21,5232,MR7,MR7 Lehren BS,0.0000,7.7000,0.0000,53.9000,61.6000
2025-01-21,5233,MR4,MR4 Lohnmessung BS,0.0000,0.0000,0.0000,7.7000,7.7000
2025-01-21,5234,MR2,MR2 Drehmoment BS,0.0000,7.7000,0.0000,38.5000,46.2000
2025-01-21,5235,MR6,MR6 Messschieber BS,0.0000,0.0000,0.0000,35.8000,35.8000
2025-01-21,5236,MR3,MR3 Messuhren BS,0.0000,0.0000,7.7000,30.8000,38.5000
2025-01-21,5237,MR9,MR9 Elektro BS,0.0000,0.0000,0.0000,23.1000,23.1000
2025-01-21,5238,MR8,MR8 Temperatur BS,0.0000,0.0000,0.0000,7.7000,7.7000
2025-01-21,5239,MR5,MR5 Bügelmesss. BS,0.0000,0.0000,0.0000,38.5000,38.5000
2025-01-21,5240,AV,Arbeitsvorbereit. BS,0.0000,36.8000,0.0000,51.2000,88.0000
2025-01-22,5211,MR11,MR11 Koordinatenm BS,0.0000,0.0000,0.0000,23.1000,23.1000
2025-01-22,5222,WE,WE BS,0.0000,0.0000,7.7000,53.9000,61.6000
2025-01-22,5223,WA,WA BS,0.0000,0.0000,0.0000,15.4000,15.4000
2025-01-22,5225,Packplatz,PP,0.0000,0.0000,0.0000,29.1000,29.1000
2025-01-22,5230,Springer,Prüfer BS,0.0000,0.0000,0.0000,0.0000,0.0000
2025-01-22,5231,MR1,MR1 Endmaße BS,0.0000,0.0000,0.0000,29.1000,29.1000
2025-01-22,5232,MR7,MR7 Lehren BS,0.0000,7.7000,0.0000,53.9000,61.6000
2025-01-22,5233,MR4,MR4 Lohnmessung BS,0.0000,0.0000,0.0000,7.7000,7.7000
2025-01-22,5234,MR2,MR2 Drehmoment BS,0.0000,7.7000,0.0000,38.5000,46.2000
2025-01-22,5235,MR6,MR6 Messschieber BS,0.0000,0.0000,0.0000,35.8000,35.8000
2025-01-22,5236,MR3,MR3 Messuhren BS,0.0000,0.0000,7.7000,30.8000,38.5000
2025-01-22,5237,MR9,MR9 Elektro BS,0.0000,0.0000,0.0000,23.1000,23.1000
2025-01-22,5238,MR8,MR8 Temperatur BS,0.0000,0.0000,0.0000,7.7000,7.7000
2025-01-22,5239,MR5,MR5 Bügelmesss. BS,0.0000,0.0000,0.0000,38.5000,38.5000
2025-01-22,5240,AV,Arbeitsvorbereit. BS,0.0000,29.1000,0.0000,53.9000,83.0000
2025-01-23,5211,MR11,MR11 Koordinatenm BS,0.0000,0.0000,0.0000,23.1000,23.1000
2025-01-23,5222,WE,WE BS,0.0000,0.0000,0.0000,61.6000,61.6000
2025-01-23,5223,WA,WA BS,0.0000,0.0000,0.0000,15.4000,15.4000
2025-01-23,5225,Packplatz,PP,0.0000,0.0000,0.0000,23.1000,23.1000
2025-01-23,5230,Springer,Prüfer BS,0.0000,0.0000,0.0000,0.0000,0.0000
2025-01-23,5231,MR1,MR1 Endmaße BS,0.0000,0.0000,0.0000,29.1000,29.1000
2025-01-23,5232,MR7,MR7 Lehren BS,0.0000,7.7000,0.0000,53.9000,61.6000
2025-01-23,5233,MR4,MR4 Lohnmessung BS,0.0000,0.0000,0.0000,7.7000,7.7000
2025-01-23,5234,MR2,MR2 Drehmoment BS,0.0000,7.7000,0.0000,38.5000,46.2000
2025-01-23,5235,MR6,MR6 Messschieber BS,0.0000,0.0000,0.0000,35.8000,35.8000
2025-01-23,5236,MR3,MR3 Messuhren BS,0.0000,0.0000,7.7000,30.8000,38.5000
2025-01-23,5237,MR9,MR9 Elektro BS,0.0000,0.0000,0.0000,23.1000,23.1000
2025-01-23,5238,MR8,MR8 Temperatur BS,0.0000,0.0000,0.0000,7.7000,7.7000
2025-01-23,5239,MR5,MR5 Bügelmesss. BS,0.0000,7.7000,0.0000,30.8000,38.5000
2025-01-23,5240,AV,Arbeitsvorbereit. BS,0.0000,36.8000,0.0000,51.2000,88.0000
2025-01-24,5211,MR11,MR11 Koordinatenm BS,0.0000,0.0000,0.0000,23.1000,23.1000
2025-01-24,5222,WE,WE BS,0.0000,7.7000,0.0000,53.9000,61.6000
2025-01-24,5223,WA,WA BS,0.0000,0.0000,0.0000,7.7000,7.7000
2025-01-24,5225,Packplatz,PP,0.0000,0.0000,0.0000,23.1000,23.1000
2025-01-24,5230,Springer,Prüfer BS,0.0000,0.0000,0.0000,0.0000,0.0000
2025-01-24,5231,MR1,MR1 Endmaße BS,0.0000,0.0000,0.0000,29.1000,29.1000
2025-01-24,5232,MR7,MR7 Lehren BS,0.0000,7.7000,0.0000,53.9000,61.6000
2025-01-24,5233,MR4,MR4 Lohnmessung BS,0.0000,0.0000,0.0000,7.7000,7.7000
2025-01-24,5234,MR2,MR2 Drehmoment BS,0.0000,7.7000,7.7000,30.8000,46.2000
2025-01-24,5235,MR6,MR6 Messschieber BS,0.0000,0.0000,0.0000,35.8000,35.8000
2025-01-24,5236,MR3,MR3 Messuhren BS,0.0000,0.0000,7.7000,30.8000,38.5000
2025-01-24,5237,MR9,MR9 Elektro BS,0.0000,0.0000,0.0000,23.1000,23.1000
2025-01-24,5238,MR8,MR8 Temperatur BS,0.0000,0.0000,0.0000,7.7000,7.7000
2025-01-24,5239,MR5,MR5 Bügelmesss. BS,0.0000,0.0000,0.0000,38.5000,38.5000
2025-01-24,5240,AV,Arbeitsvorbereit. BS,0.0000,29.1000,0.0000,58.9000,88.0000
2025-01-27,5211,MR11,MR11 Koordinatenm BS,0.0000,0.0000,0.0000,23.1000,23.1000
2025-01-27,5222,WE,WE BS,0.0000,7.7000,0.0000,53.9000,61.6000
2025-01-27,5223,WA,WA BS,0.0000,0.0000,0.0000,15.4000,15.4000
2025-01-27,5225,Packplatz,PP,0.0000,0.0000,0.0000,29.1000,29.1000
2025-01-27,5230,Springer,Prüfer BS,0.0000,0.0000,0.0000,0.0000,0.0000
2025-01-27,5231,MR1,MR1 Endmaße BS,0.0000,0.0000,0.0000,29.1000,29.1000
2025-01-27,5232,MR7,MR7 Lehren BS,0.0000,0.0000,0.0000,61.6000,61.6000
2025-01-27,5233,MR4,MR4 Lohnmessung BS,0.0000,0.0000,0.0000,7.7000,7.7000
2025-01-27,5234,MR2,MR2 Drehmoment BS,0.0000,0.0000,7.7000,38.5000,46.2000
2025-01-27,5235,MR6,MR6 Messschieber BS,0.0000,0.0000,0.0000,35.8000,35.8000
2025-01-27,5236,MR3,MR3 Messuhren BS,0.0000,0.0000,7.7000,30.8000,38.5000
2025-01-27,5237,MR9,MR9 Elektro BS,0.0000,0.0000,0.0000,23.1000,23.1000
2025-01-27,5238,MR8,MR8 Temperatur BS,0.0000,0.0000,0.0000,7.7000,7.7000
2025-01-27,5239,MR5,MR5 Bügelmesss. BS,0.0000,0.0000,0.0000,30.8000,30.8000
2025-01-27,5240,AV,Arbeitsvorbereit. BS,0.0000,13.7000,0.0000,74.3000,88.0000
2025-01-28,5211,MR11,MR11 Koordinatenm BS,0.0000,0.0000,0.0000,23.1000,23.1000
2025-01-28,5222,WE,WE BS,0.0000,15.4000,0.0000,46.2000,61.6000
2025-01-28,5223,WA,WA BS,0.0000,0.0000,0.0000,15.4000,15.4000
2025-01-28,5225,Packplatz,PP,0.0000,0.0000,0.0000,21.4000,21.4000
2025-01-28,5230,Springer,Prüfer BS,0.0000,0.0000,0.0000,0.0000,0.0000
2025-01-28,5231,MR1,MR1 Endmaße BS,0.0000,0.0000,0.0000,29.1000,29.1000
2025-01-28,5232,MR7,MR7 Lehren BS,0.0000,0.0000,0.0000,61.6000,61.6000
2025-01-28,5233,MR4,MR4 Lohnmessung BS,0.0000,0.0000,0.0000,7.7000,7.7000
2025-01-28,5234,MR2,MR2 Drehmoment BS,0.0000,7.7000,0.0000,38.5000,46.2000
2025-01-28,5235,MR6,MR6 Messschieber BS,0.0000,0.0000,0.0000,35.8000,35.8000
2025-01-28,5236,MR3,MR3 Messuhren BS,0.0000,7.7000,7.7000,23.1000,38.5000
2025-01-28,5237,MR9,MR9 Elektro BS,0.0000,0.0000,0.0000,23.1000,23.1000
2025-01-28,5238,MR8,MR8 Temperatur BS,0.0000,0.0000,0.0000,7.7000,7.7000
2025-01-28,5239,MR5,MR5 Bügelmesss. BS,0.0000,0.0000,0.0000,38.5000,38.5000
2025-01-28,5240,AV,Arbeitsvorbereit. BS,0.0000,29.1000,0.0000,58.9000,88.0000
2025-01-29,5211,MR11,MR11 Koordinatenm BS,0.0000,0.0000,0.0000,23.1000,23.1000
2025-01-29,5222,WE,WE BS,0.0000,15.4000,0.0000,46.2000,61.6000
2025-01-29,5223,WA,WA BS,0.0000,0.0000,0.0000,15.4000,15.4000
2025-01-29,5225,Packplatz,PP,0.0000,0.0000,0.0000,21.4000,21.4000
2025-01-29,5230,Springer,Prüfer BS,0.0000,0.0000,0.0000,0.0000,0.0000
2025-01-29,5231,MR1,MR1 Endmaße BS,0.0000,0.0000,0.0000,29.1000,29.1000
2025-01-29,5232,MR7,MR7 Lehren BS,0.0000,0.0000,0.0000,61.6000,61.6000
2025-01-29,5233,MR4,MR4 Lohnmessung BS,0.0000,0.0000,0.0000,7.7000,7.7000
2025-01-29,5234,MR2,MR2 Drehmoment BS,0.0000,7.7000,0.0000,38.5000,46.2000
2025-01-29,5235,MR6,MR6 Messschieber BS,0.0000,0.0000,0.0000,35.8000,35.8000
2025-01-29,5236,MR3,MR3 Messuhren BS,0.0000,7.7000,7.7000,23.1000,38.5000
2025-01-29,5237,MR9,MR9 Elektro BS,0.0000,0.0000,0.0000,23.1000,23.1000
2025-01-29,5238,MR8,MR8 Temperatur BS,0.0000,0.0000,0.0000,7.7000,7.7000
2025-01-29,5239,MR5,MR5 Bügelmesss. BS,0.0000,0.0000,0.0000,38.5000,38.5000
2025-01-29,5240,AV,Arbeitsvorbereit. BS,0.0000,29.1000,0.0000,53.9000,83.0000
2025-01-30,5211,MR11,MR11 Koordinatenm BS,0.0000,0.0000,0.0000,23.1000,23.1000
2025-01-30,5222,WE,WE BS,0.0000,15.4000,0.0000,46.2000,61.6000
2025-01-30,5223,WA,WA BS,0.0000,0.0000,0.0000,15.4000,15.4000
2025-01-30,5225,Packplatz,PP,0.0000,0.0000,0.0000,23.1000,23.1000
2025-01-30,5230,Springer,Prüfer BS,0.0000,0.0000,0.0000,0.0000,0.0000
2025-01-30,5231,MR1,MR1 Endmaße BS,0.0000,0.0000,0.0000,29.1000,29.1000
2025-01-30,5232,MR7,MR7 Lehren BS,0.0000,0.0000,0.0000,61.6000,61.6000
2025-01-30,5233,MR4,MR4 Lohnmessung BS,0.0000,0.0000,0.0000,7.7000,7.7000
2025-01-30,5234,MR2,MR2 Drehmoment BS,0.0000,7.7000,0.0000,38.5000,46.2000
2025-01-30,5235,MR6,MR6 Messschieber BS,0.0000,0.0000,0.0000,35.8000,35.8000
2025-01-30,5236,MR3,MR3 Messuhren BS,0.0000,7.7000,7.7000,23.1000,38.5000
2025-01-30,5237,MR9,MR9 Elektro BS,0.0000,0.0000,0.0000,23.1000,23.1000
2025-01-30,5238,MR8,MR8 Temperatur BS,0.0000,0.0000,0.0000,7.7000,7.7000
2025-01-30,5239,MR5,MR5 Bügelmesss. BS,0.0000,0.0000,0.0000,38.5000,38.5000
2025-01-30,5240,AV,Arbeitsvorbereit. BS,0.0000,44.5000,7.7000,35.8000,88.0000
2025-01-31,5211,MR11,MR11 Koordinatenm BS,0.0000,0.0000,0.0000,23.1000,23.1000
2025-01-31,5222,WE,WE BS,0.0000,15.4000,0.0000,46.2000,61.6000
2025-01-31,5223,WA,WA BS,0.0000,0.0000,0.0000,7.7000,7.7000
2025-01-31,5225,Packplatz,PP,0.0000,0.0000,0.0000,23.1000,23.1000
2025-01-31,5230,Springer,Prüfer BS,0.0000,0.0000,0.0000,0.0000,0.0000
2025-01-31,5231,MR1,MR1 Endmaße BS,0.0000,0.0000,0.0000,29.1000,29.1000
2025-01-31,5232,MR7,MR7 Lehren BS,0.0000,0.0000,0.0000,61.6000,61.6000
2025-01-31,5233,MR4,MR4 Lohnmessung BS,0.0000,0.0000,0.0000,7.7000,7.7000
2025-01-31,5234,MR2,MR2 Drehmoment BS,0.0000,7.7000,0.0000,38.5000,46.2000
2025-01-31,5235,MR6,MR6 Messschieber BS,0.0000,0.0000,0.0000,35.8000,35.8000
2025-01-31,5236,MR3,MR3 Messuhren BS,0.0000,7.7000,7.7000,23.1000,38.5000
2025-01-31,5237,MR9,MR9 Elektro BS,0.0000,0.0000,0.0000,23.1000,23.1000
2025-01-31,5238,MR8,MR8 Temperatur BS,0.0000,0.0000,0.0000,7.7000,7.7000
2025-01-31,5239,MR5,MR5 Bügelmesss. BS,0.0000,7.7000,0.0000,30.8000,38.5000
2025-01-31,5240,AV,Arbeitsvorbereit. BS,0.0000,44.5000,15.4000,28.1000,88.0000
2025-02-03,5211,MR11,MR11 Koordinatenm BS,0.0000,0.0000,7.7000,15.4000,23.1000
2025-02-03,5220,WE/WA,WE/WA BS,0.0000,0.0000,0.0000,7.7000,7.7000
2025-02-03,5222,WE,WE BS,0.0000,0.0000,7.7000,53.9000,61.6000
2025-02-03,5223,WA,WA BS,0.0000,0.0000,0.0000,15.4000,15.4000
2025-02-03,5225,Packplatz,PP,0.0000,0.0000,0.0000,29.1000,29.1000
2025-02-03,5230,Springer,Prüfer BS,0.0000,0.0000,0.0000,0.0000,0.0000
2025-02-03,5231,MR1,MR1 Endmaße BS,0.0000,0.0000,0.0000,36.8000,36.8000
2025-02-03,5232,MR7,MR7 Lehren BS,0.0000,0.0000,0.0000,61.6000,61.6000
2025-02-03,5233,MR4,MR4 Lohnmessung BS,0.0000,0.0000,0.0000,7.7000,7.7000
2025-02-03,5234,MR2,MR2 Drehmoment BS,0.0000,0.0000,0.0000,38.5000,38.5000
2025-02-03,5235,MR6,MR6 Messschieber BS,0.0000,0.0000,0.0000,35.8000,35.8000
2025-02-03,5236,MR3,MR3 Messuhren BS,0.0000,0.0000,0.0000,38.5000,38.5000
2025-02-03,5237,MR9,MR9 Elektro BS,0.0000,0.0000,0.0000,23.1000,23.1000
2025-02-03,5238,MR8,MR8 Temperatur BS,0.0000,0.0000,0.0000,7.7000,7.7000
2025-02-03,5239,MR5,MR5 Bügelmesss. BS,0.0000,7.7000,0.0000,23.1000,30.8000
2025-02-03,5240,AV,Arbeitsvorbereit. BS,0.0000,7.7000,7.7000,72.6000,88.0000
2025-02-03,5900,Qualifizierung,Qualifizierung,0.0000,0.0000,0.0000,0.0000,0.0000
2025-02-04,5211,MR11,MR11 Koordinatenm BS,0.0000,0.0000,0.0000,23.1000,23.1000
2025-02-04,5220,WE/WA,WE/WA BS,0.0000,0.0000,0.0000,7.7000,7.7000
2025-02-04,5222,WE,WE BS,0.0000,0.0000,7.7000,53.9000,61.6000
2025-02-04,5223,WA,WA BS,0.0000,0.0000,0.0000,15.4000,15.4000
2025-02-04,5225,Packplatz,PP,0.0000,0.0000,0.0000,29.1000,29.1000
2025-02-04,5230,Springer,Prüfer BS,0.0000,0.0000,0.0000,0.0000,0.0000
2025-02-04,5231,MR1,MR1 Endmaße BS,0.0000,0.0000,0.0000,36.8000,36.8000
2025-02-04,5232,MR7,MR7 Lehren BS,0.0000,7.7000,0.0000,53.9000,61.6000
2025-02-04,5233,MR4,MR4 Lohnmessung BS,0.0000,0.0000,0.0000,7.7000,7.7000
2025-02-04,5234,MR2,MR2 Drehmoment BS,0.0000,0.0000,0.0000,38.5000,38.5000
2025-02-04,5235,MR6,MR6 Messschieber BS,0.0000,0.0000,0.0000,35.8000,35.8000
2025-02-04,5236,MR3,MR3 Messuhren BS,0.0000,0.0000,0.0000,38.5000,38.5000
2025-02-04,5237,MR9,MR9 Elektro BS,0.0000,0.0000,0.0000,23.1000,23.1000
2025-02-04,5238,MR8,MR8 Temperatur BS,0.0000,0.0000,0.0000,7.7000,7.7000
2025-02-04,5239,MR5,MR5 Bügelmesss. BS,0.0000,7.7000,0.0000,30.8000,38.5000
2025-02-04,5240,AV,Arbeitsvorbereit. BS,0.0000,13.7000,7.7000,66.6000,88.0000
2025-02-04,5900,Qualifizierung,Qualifizierung,0.0000,0.0000,0.0000,0.0000,0.0000
2025-02-05,5211,MR11,MR11 Koordinatenm BS,0.0000,0.0000,0.0000,23.1000,23.1000
2025-02-05,5220,WE/WA,WE/WA BS,0.0000,0.0000,0.0000,7.7000,7.7000
2025-02-05,5222,WE,WE BS,0.0000,0.0000,7.7000,53.9000,61.6000
2025-02-05,5223,WA,WA BS,0.0000,0.0000,0.0000,15.4000,15.4000
2025-02-05,5225,Packplatz,PP,0.0000,0.0000,0.0000,29.1000,29.1000
2025-02-05,5230,Springer,Prüfer BS,0.0000,0.0000,0.0000,0.0000,0.0000
2025-02-05,5231,MR1,MR1 Endmaße BS,0.0000,0.0000,0.0000,36.8000,36.8000
2025-02-05,5232,MR7,MR7 Lehren BS,0.0000,7.7000,0.0000,53.9000,61.6000
2025-02-05,5233,MR4,MR4 Lohnmessung BS,0.0000,0.0000,0.0000,7.7000,7.7000
2025-02-05,5234,MR2,MR2 Drehmoment BS,0.0000,7.7000,0.0000,30.8000,38.5000
2025-02-05,5235,MR6,MR6 Messschieber BS,0.0000,0.0000,0.0000,35.8000,35.8000
2025-02-05,5236,MR3,MR3 Messuhren BS,0.0000,0.0000,0.0000,38.5000,38.5000
2025-02-05,5237,MR9,MR9 Elektro BS,0.0000,0.0000,0.0000,23.1000,23.1000
2025-02-05,5238,MR8,MR8 Temperatur BS,0.0000,0.0000,0.0000,7.7000,7.7000
2025-02-05,5239,MR5,MR5 Bügelmesss. BS,0.0000,15.4000,0.0000,23.1000,38.5000
2025-02-05,5240,AV,Arbeitsvorbereit. BS,0.0000,21.4000,0.0000,61.6000,83.0000
2025-02-05,5900,Qualifizierung,Qualifizierung,0.0000,0.0000,0.0000,0.0000,0.0000
2025-02-06,5211,MR11,MR11 Koordinatenm BS,0.0000,0.0000,0.0000,23.1000,23.1000
2025-02-06,5220,WE/WA,WE/WA BS,0.0000,0.0000,0.0000,7.7000,7.7000
2025-02-06,5222,WE,WE BS,0.0000,7.7000,0.0000,53.9000,61.6000
2025-02-06,5223,WA,WA BS,0.0000,0.0000,0.0000,15.4000,15.4000
2025-02-06,5225,Packplatz,PP,0.0000,0.0000,0.0000,23.1000,23.1000
2025-02-06,5230,Springer,Prüfer BS,0.0000,0.0000,0.0000,0.0000,0.0000
2025-02-06,5231,MR1,MR1 Endmaße BS,0.0000,0.0000,0.0000,36.8000,36.8000
2025-02-06,5232,MR7,MR7 Lehren BS,0.0000,7.7000,0.0000,53.9000,61.6000
2025-02-06,5233,MR4,MR4 Lohnmessung BS,0.0000,0.0000,0.0000,7.7000,7.7000
2025-02-06,5234,MR2,MR2 Drehmoment BS,0.0000,7.7000,0.0000,30.8000,38.5000
2025-02-06,5235,MR6,MR6 Messschieber BS,0.0000,0.0000,0.0000,35.8000,35.8000
2025-02-06,5236,MR3,MR3 Messuhren BS,0.0000,0.0000,15.4000,23.1000,38.5000
2025-02-06,5237,MR9,MR9 Elektro BS,0.0000,0.0000,0.0000,23.1000,23.1000
2025-02-06,5238,MR8,MR8 Temperatur BS,0.0000,7.7000,0.0000,0.0000,7.7000
2025-02-06,5239,MR5,MR5 Bügelmesss. BS,0.0000,7.7000,0.0000,30.8000,38.5000
2025-02-06,5240,AV,Arbeitsvorbereit. BS,0.0000,13.7000,15.4000,58.9000,88.0000
2025-02-06,5900,Qualifizierung,Qualifizierung,0.0000,0.0000,0.0000,0.0000,0.0000
2025-02-07,5211,MR11,MR11 Koordinatenm BS,0.0000,0.0000,0.0000,23.1000,23.1000
2025-02-07,5220,WE/WA,WE/WA BS,0.0000,0.0000,0.0000,7.7000,7.7000
2025-02-07,5222,WE,WE BS,0.0000,0.0000,0.0000,61.6000,61.6000
2025-02-07,5223,WA,WA BS,0.0000,0.0000,0.0000,7.7000,7.7000
2025-02-07,5225,Packplatz,PP,0.0000,0.0000,0.0000,23.1000,23.1000
2025-02-07,5230,Springer,Prüfer BS,0.0000,0.0000,0.0000,0.0000,0.0000
2025-02-07,5231,MR1,MR1 Endmaße BS,0.0000,0.0000,0.0000,36.8000,36.8000
2025-02-07,5232,MR7,MR7 Lehren BS,0.0000,7.7000,0.0000,53.9000,61.6000
2025-02-07,5233,MR4,MR4 Lohnmessung BS,0.0000,0.0000,0.0000,7.7000,7.7000
2025-02-07,5234,MR2,MR2 Drehmoment BS,0.0000,7.7000,0.0000,30.8000,38.5000
2025-02-07,5235,MR6,MR6 Messschieber BS,0.0000,7.7000,0.0000,28.1000,35.8000
2025-02-07,5236,MR3,MR3 Messuhren BS,0.0000,0.0000,15.4000,23.1000,38.5000
2025-02-07,5237,MR9,MR9 Elektro BS,0.0000,0.0000,0.0000,23.1000,23.1000
2025-02-07,5238,MR8,MR8 Temperatur BS,0.0000,7.7000,0.0000,0.0000,7.7000
2025-02-07,5239,MR5,MR5 Bügelmesss. BS,0.0000,7.7000,0.0000,30.8000,38.5000
2025-02-07,5240,AV,Arbeitsvorbereit. BS,0.0000,13.7000,7.7000,66.6000,88.0000
2025-02-07,5900,Qualifizierung,Qualifizierung,0.0000,0.0000,0.0000,0.0000,0.0000
2025-02-10,5211,MR11,MR11 Koordinatenm BS,0.0000,0.0000,7.7000,15.4000,23.1000
2025-02-10,5220,WE/WA,WE/WA BS,0.0000,0.0000,0.0000,7.7000,7.7000
2025-02-10,5222,WE,WE BS,0.0000,0.0000,0.0000,61.6000,61.6000
2025-02-10,5223,WA,WA BS,0.0000,7.7000,0.0000,7.7000,15.4000
2025-02-10,5225,Packplatz,PP,0.0000,0.0000,0.0000,29.1000,29.1000
2025-02-10,5230,Springer,Prüfer BS,0.0000,0.0000,0.0000,0.0000,0.0000
2025-02-10,5231,MR1,MR1 Endmaße BS,0.0000,0.0000,7.7000,29.1000,36.8000
2025-02-10,5232,MR7,MR7 Lehren BS,0.0000,7.7000,0.0000,53.9000,61.6000
2025-02-10,5233,MR4,MR4 Lohnmessung BS,0.0000,0.0000,0.0000,7.7000,7.7000
2025-02-10,5234,MR2,MR2 Drehmoment BS,0.0000,0.0000,0.0000,38.5000,38.5000
2025-02-10,5235,MR6,MR6 Messschieber BS,0.0000,0.0000,0.0000,35.8000,35.8000
2025-02-10,5236,MR3,MR3 Messuhren BS,0.0000,0.0000,0.0000,38.5000,38.5000
2025-02-10,5237,MR9,MR9 Elektro BS,0.0000,0.0000,0.0000,23.1000,23.1000
2025-02-10,5238,MR8,MR8 Temperatur BS,0.0000,7.7000,0.0000,0.0000,7.7000
2025-02-10,5239,MR5,MR5 Bügelmesss. BS,0.0000,7.7000,0.0000,23.1000,30.8000
2025-02-10,5240,AV,Arbeitsvorbereit. BS,0.0000,6.0000,7.7000,74.3000,88.0000
2025-02-10,5900,Qualifizierung,Qualifizierung,0.0000,0.0000,0.0000,0.0000,0.0000
2025-02-11,5211,MR11,MR11 Koordinatenm BS,0.0000,0.0000,0.0000,23.1000,23.1000
2025-02-11,5220,WE/WA,WE/WA BS,0.0000,7.7000,0.0000,0.0000,7.7000
2025-02-11,5222,WE,WE BS,0.0000,0.0000,0.0000,61.6000,61.6000
2025-02-11,5223,WA,WA BS,0.0000,7.7000,0.0000,7.7000,15.4000
2025-02-11,5225,Packplatz,PP,0.0000,0.0000,0.0000,29.1000,29.1000
2025-02-11,5230,Springer,Prüfer BS,0.0000,0.0000,0.0000,0.0000,0.0000
2025-02-11,5231,MR1,MR1 Endmaße BS,0.0000,0.0000,0.0000,36.8000,36.8000
2025-02-11,5232,MR7,MR7 Lehren BS,0.0000,15.4000,0.0000,46.2000,61.6000
2025-02-11,5233,MR4,MR4 Lohnmessung BS,0.0000,0.0000,0.0000,7.7000,7.7000
2025-02-11,5234,MR2,MR2 Drehmoment BS,0.0000,0.0000,0.0000,38.5000,38.5000
2025-02-11,5235,MR6,MR6 Messschieber BS,0.0000,0.0000,0.0000,35.8000,35.8000
2025-02-11,5236,MR3,MR3 Messuhren BS,0.0000,0.0000,0.0000,38.5000,38.5000
2025-02-11,5237,MR9,MR9 Elektro BS,0.0000,0.0000,0.0000,23.1000,23.1000
2025-02-11,5238,MR8,MR8 Temperatur BS,0.0000,7.7000,0.0000,0.0000,7.7000
2025-02-11,5239,MR5,MR5 Bügelmesss. BS,0.0000,7.7000,0.0000,30.8000,38.5000
2025-02-11,5240,AV,Arbeitsvorbereit. BS,0.0000,13.7000,7.7000,66.6000,88.0000
2025-02-11,5900,Qualifizierung,Qualifizierung,0.0000,0.0000,0.0000,0.0000,0.0000
2025-02-12,5211,MR11,MR11 Koordinatenm BS,0.0000,0.0000,0.0000,23.1000,23.1000
2025-02-12,5220,WE/WA,WE/WA BS,0.0000,7.7000,0.0000,0.0000,7.7000
2025-02-12,5222,WE,WE BS,0.0000,0.0000,0.0000,61.6000,61.6000
2025-02-12,5223,WA,WA BS,0.0000,7.7000,0.0000,7.7000,15.4000
2025-02-12,5225,Packplatz,PP,0.0000,0.0000,0.0000,29.1000,29.1000
2025-02-12,5230,Springer,Prüfer BS,0.0000,0.0000,0.0000,0.0000,0.0000
2025-02-12,5231,MR1,MR1 Endmaße BS,0.0000,0.0000,0.0000,36.8000,36.8000
2025-02-12,5232,MR7,MR7 Lehren BS,0.0000,15.4000,0.0000,46.2000,61.6000
2025-02-12,5233,MR4,MR4 Lohnmessung BS,0.0000,0.0000,0.0000,7.7000,7.7000
2025-02-12,5234,MR2,MR2 Drehmoment BS,0.0000,7.7000,0.0000,30.8000,38.5000
2025-02-12,5235,MR6,MR6 Messschieber BS,0.0000,0.0000,0.0000,35.8000,35.8000
2025-02-12,5236,MR3,MR3 Messuhren BS,0.0000,0.0000,0.0000,38.5000,38.5000
2025-02-12,5237,MR9,MR9 Elektro BS,0.0000,0.0000,0.0000,23.1000,23.1000
2025-02-12,5238,MR8,MR8 Temperatur BS,0.0000,7.7000,0.0000,0.0000,7.7000
2025-02-12,5239,MR5,MR5 Bügelmesss. BS,0.0000,7.7000,0.0000,30.8000,38.5000
2025-02-12,5240,AV,Arbeitsvorbereit. BS,0.0000,13.7000,7.7000,61.6000,83.0000
2025-02-12,5900,Qualifizierung,Qualifizierung,0.0000,0.0000,0.0000,0.0000,0.0000
2025-02-13,5211,MR11,MR11 Koordinatenm BS,0.0000,0.0000,0.0000,23.1000,23.1000
2025-02-13,5220,WE/WA,WE/WA BS,0.0000,7.7000,0.0000,0.0000,7.7000
2025-02-13,5222,WE,WE BS,0.0000,0.0000,0.0000,61.6000,61.6000
2025-02-13,5223,WA,WA BS,0.0000,7.7000,0.0000,7.7000,15.4000
2025-02-13,5225,Packplatz,PP,0.0000,0.0000,0.0000,23.1000,23.1000
2025-02-13,5230,Springer,Prüfer BS,0.0000,0.0000,0.0000,0.0000,0.0000
2025-02-13,5231,MR1,MR1 Endmaße BS,0.0000,0.0000,0.0000,36.8000,36.8000
2025-02-13,5232,MR7,MR7 Lehren BS,0.0000,15.4000,0.0000,51.2000,66.6000
2025-02-13,5233,MR4,MR4 Lohnmessung BS,0.0000,0.0000,0.0000,7.7000,7.7000
2025-02-13,5234,MR2,MR2 Drehmoment BS,0.0000,7.7000,0.0000,30.8000,38.5000
2025-02-13,5235,MR6,MR6 Messschieber BS,0.0000,0.0000,0.0000,35.8000,35.8000
2025-02-13,5236,MR3,MR3 Messuhren BS,0.0000,0.0000,0.0000,38.5000,38.5000
2025-02-13,5237,MR9,MR9 Elektro BS,0.0000,0.0000,0.0000,23.1000,23.1000
2025-02-13,5238,MR8,MR8 Temperatur BS,0.0000,0.0000,0.0000,7.7000,7.7000
2025-02-13,5239,MR5,MR5 Bügelmesss. BS,0.0000,7.7000,0.0000,30.8000,38.5000
2025-02-13,5240,AV,Arbeitsvorbereit. BS,0.0000,13.7000,7.7000,66.6000,88.0000
2025-02-13,5900,Qualifizierung,Qualifizierung,0.0000,0.0000,0.0000,0.0000,0.0000
2025-02-14,5211,MR11,MR11 Koordinatenm BS,0.0000,0.0000,0.0000,23.1000,23.1000
2025-02-14,5220,WE/WA,WE/WA BS,0.0000,7.7000,0.0000,0.0000,7.7000
2025-02-14,5222,WE,WE BS,0.0000,0.0000,0.0000,61.6000,61.6000
2025-02-14,5223,WA,WA BS,0.0000,0.0000,0.0000,7.7000,7.7000
2025-02-14,5225,Packplatz,PP,0.0000,0.0000,0.0000,23.1000,23.1000
2025-02-14,5230,Springer,Prüfer BS,0.0000,0.0000,0.0000,0.0000,0.0000
2025-02-14,5231,MR1,MR1 Endmaße BS,0.0000,0.0000,7.7000,29.1000,36.8000
2025-02-14,5232,MR7,MR7 Lehren BS,0.0000,7.7000,0.0000,53.9000,61.6000
2025-02-14,5233,MR4,MR4 Lohnmessung BS,0.0000,0.0000,0.0000,7.7000,7.7000
2025-02-14,5234,MR2,MR2 Drehmoment BS,0.0000,7.7000,0.0000,30.8000,38.5000
2025-02-14,5235,MR6,MR6 Messschieber BS,0.0000,0.0000,7.7000,28.1000,35.8000
2025-02-14,5236,MR3,MR3 Messuhren BS,0.0000,0.0000,0.0000,38.5000,38.5000
2025-02-14,5237,MR9,MR9 Elektro BS,0.0000,0.0000,0.0000,23.1000,23.1000
2025-02-14,5238,MR8,MR8 Temperatur BS,0.0000,0.0000,0.0000,7.7000,7.7000
2025-02-14,5239,MR5,MR5 Bügelmesss. BS,0.0000,7.7000,0.0000,30.8000,38.5000
2025-02-14,5240,AV,Arbeitsvorbereit. BS,0.0000,13.7000,15.4000,58.9000,88.0000
2025-02-14,5900,Qualifizierung,Qualifizierung,0.0000,0.0000,0.0000,0.0000,0.0000
2025-02-17,5211,MR11,MR11 Koordinatenm BS,0.0000,0.0000,0.0000,23.1000,23.1000
2025-02-17,5220,WE/WA,WE/WA BS,0.0000,7.7000,0.0000,0.0000,7.7000
2025-02-17,5222,WE,WE BS,0.0000,0.0000,0.0000,61.6000,61.6000
2025-02-17,5223,WA,WA BS,0.0000,7.7000,0.0000,7.7000,15.4000
2025-02-17,5225,Packplatz,PP,0.0000,0.0000,0.0000,29.1000,29.1000
2025-02-17,5230,Springer,Prüfer BS,0.0000,0.0000,0.0000,0.0000,0.0000
2025-02-17,5231,MR1,MR1 Endmaße BS,0.0000,0.0000,0.0000,29.1000,29.1000
2025-02-17,5232,MR7,MR7 Lehren BS,0.0000,0.0000,7.7000,58.9000,66.6000
2025-02-17,5233,MR4,MR4 Lohnmessung BS,0.0000,0.0000,0.0000,7.7000,7.7000
2025-02-17,5234,MR2,MR2 Drehmoment BS,0.0000,0.0000,0.0000,38.5000,38.5000
2025-02-17,5235,MR6,MR6 Messschieber BS,0.0000,0.0000,0.0000,35.8000,35.8000
2025-02-17,5236,MR3,MR3 Messuhren BS,0.0000,0.0000,7.7000,30.8000,38.5000
2025-02-17,5237,MR9,MR9 Elektro BS,0.0000,0.0000,0.0000,23.1000,23.1000
2025-02-17,5238,MR8,MR8 Temperatur BS,0.0000,0.0000,0.0000,7.7000,7.7000
2025-02-17,5239,MR5,MR5 Bügelmesss. BS,0.0000,7.7000,0.0000,23.1000,30.8000
2025-02-17,5240,AV,Arbeitsvorbereit. BS,0.0000,0.0000,7.7000,80.3000,88.0000
2025-02-17,5900,Qualifizierung,Qualifizierung,0.0000,0.0000,0.0000,0.0000,0.0000
2025-02-18,5211,MR11,MR11 Koordinatenm BS,0.0000,0.0000,0.0000,23.1000,23.1000
2025-02-18,5220,WE/WA,WE/WA BS,0.0000,7.7000,0.0000,0.0000,7.7000
2025-02-18,5222,WE,WE BS,0.0000,0.0000,0.0000,61.6000,61.6000
2025-02-18,5223,WA,WA BS,0.0000,7.7000,0.0000,7.7000,15.4000
2025-02-18,5225,Packplatz,PP,0.0000,0.0000,0.0000,29.1000,29.1000
2025-02-18,5230,Springer,Prüfer BS,0.0000,0.0000,0.0000,0.0000,0.0000
2025-02-18,5231,MR1,MR1 Endmaße BS,0.0000,0.0000,0.0000,29.1000,29.1000
2025-02-18,5232,MR7,MR7 Lehren BS,0.0000,7.7000,7.7000,46.2000,61.6000
2025-02-18,5233,MR4,MR4 Lohnmessung BS,0.0000,0.0000,0.0000,7.7000,7.7000
2025-02-18,5234,MR2,MR2 Drehmoment BS,0.0000,7.7000,0.0000,30.8000,38.5000
2025-02-18,5235,MR6,MR6 Messschieber BS,0.0000,0.0000,0.0000,35.8000,35.8000
2025-02-18,5236,MR3,MR3 Messuhren BS,0.0000,7.7000,7.7000,23.1000,38.5000
2025-02-18,5237,MR9,MR9 Elektro BS,0.0000,0.0000,0.0000,23.1000,23.1000
2025-02-18,5238,MR8,MR8 Temperatur BS,0.0000,0.0000,0.0000,7.7000,7.7000
2025-02-18,5239,MR5,MR5 Bügelmesss. BS,0.0000,7.7000,0.0000,30.8000,38.5000
2025-02-18,5240,AV,Arbeitsvorbereit. BS,0.0000,0.0000,15.4000,72.6000,88.0000
2025-02-18,5900,Qualifizierung,Qualifizierung,0.0000,0.0000,0.0000,0.0000,0.0000
2025-02-19,5211,MR11,MR11 Koordinatenm BS,0.0000,0.0000,0.0000,23.1000,23.1000
2025-02-19,5220,WE/WA,WE/WA BS,0.0000,7.7000,0.0000,0.0000,7.7000
2025-02-19,5222,WE,WE BS,0.0000,0.0000,0.0000,61.6000,61.6000
2025-02-19,5223,WA,WA BS,0.0000,7.7000,0.0000,7.7000,15.4000
2025-02-19,5225,Packplatz,PP,0.0000,0.0000,0.0000,29.1000,29.1000
2025-02-19,5230,Springer,Prüfer BS,0.0000,0.0000,0.0000,0.0000,0.0000
2025-02-19,5231,MR1,MR1 Endmaße BS,0.0000,0.0000,0.0000,29.1000,29.1000
2025-02-19,5232,MR7,MR7 Lehren BS,0.0000,7.7000,0.0000,53.9000,61.6000
2025-02-19,5233,MR4,MR4 Lohnmessung BS,0.0000,0.0000,0.0000,7.7000,7.7000
2025-02-19,5234,MR2,MR2 Drehmoment BS,0.0000,7.7000,7.7000,23.1000,38.5000
2025-02-19,5235,MR6,MR6 Messschieber BS,0.0000,0.0000,0.0000,35.8000,35.8000
2025-02-19,5236,MR3,MR3 Messuhren BS,0.0000,7.7000,7.7000,23.1000,38.5000
2025-02-19,5237,MR9,MR9 Elektro BS,0.0000,0.0000,0.0000,23.1000,23.1000
2025-02-19,5238,MR8,MR8 Temperatur BS,0.0000,0.0000,0.0000,7.7000,7.7000
2025-02-19,5239,MR5,MR5 Bügelmesss. BS,0.0000,7.7000,0.0000,30.8000,38.5000
2025-02-19,5240,AV,Arbeitsvorbereit. BS,0.0000,7.7000,15.4000,59.9000,83.0000
2025-02-19,5900,Qualifizierung,Qualifizierung,0.0000,0.0000,0.0000,0.0000,0.0000
2025-02-20,5211,MR11,MR11 Koordinatenm BS,0.0000,0.0000,0.0000,23.1000,23.1000
2025-02-20,5220,WE/WA,WE/WA BS,0.0000,7.7000,0.0000,0.0000,7.7000
2025-02-20,5222,WE,WE BS,0.0000,0.0000,7.7000,53.9000,61.6000
2025-02-20,5223,WA,WA BS,0.0000,7.7000,0.0000,7.7000,15.4000
2025-02-20,5225,Packplatz,PP,0.0000,0.0000,0.0000,23.1000,23.1000
2025-02-20,5230,Springer,Prüfer BS,0.0000,0.0000,0.0000,0.0000,0.0000
2025-02-20,5231,MR1,MR1 Endmaße BS,0.0000,0.0000,0.0000,29.1000,29.1000
2025-02-20,5232,MR7,MR7 Lehren BS,0.0000,7.7000,0.0000,53.9000,61.6000
2025-02-20,5233,MR4,MR4 Lohnmessung BS,0.0000,0.0000,0.0000,7.7000,7.7000
2025-02-20,5234,MR2,MR2 Drehmoment BS,0.0000,7.7000,0.0000,30.8000,38.5000
2025-02-20,5235,MR6,MR6 Messschieber BS,0.0000,0.0000,0.0000,35.8000,35.8000
2025-02-20,5236,MR3,MR3 Messuhren BS,0.0000,7.7000,7.7000,23.1000,38.5000
2025-02-20,5237,MR9,MR9 Elektro BS,0.0000,0.0000,0.0000,23.1000,23.1000
2025-02-20,5238,MR8,MR8 Temperatur BS,0.0000,0.0000,0.0000,7.7000,7.7000
2025-02-20,5239,MR5,MR5 Bügelmesss. BS,0.0000,7.7000,0.0000,30.8000,38.5000
2025-02-20,5240,AV,Arbeitsvorbereit. BS,0.0000,7.7000,7.7000,72.6000,88.0000
2025-02-20,5900,Qualifizierung,Qualifizierung,0.0000,0.0000,0.0000,0.0000,0.0000
2025-02-21,5211,MR11,MR11 Koordinatenm BS,0.0000,0.0000,0.0000,23.1000,23.1000
2025-02-21,5220,WE/WA,WE/WA BS,0.0000,7.7000,0.0000,0.0000,7.7000
2025-02-21,5222,WE,WE BS,0.0000,0.0000,0.0000,61.6000,61.6000
2025-02-21,5223,WA,WA BS,0.0000,0.0000,0.0000,7.7000,7.7000
2025-02-21,5225,Packplatz,PP,0.0000,0.0000,0.0000,23.1000,23.1000
2025-02-21,5230,Springer,Prüfer BS,0.0000,0.0000,0.0000,0.0000,0.0000
2025-02-21,5231,MR1,MR1 Endmaße BS,0.0000,0.0000,0.0000,29.1000,29.1000
2025-02-21,5232,MR7,MR7 Lehren BS,0.0000,7.7000,0.0000,53.9000,61.6000
2025-02-21,5233,MR4,MR4 Lohnmessung BS,0.0000,0.0000,0.0000,7.7000,7.7000
2025-02-21,5234,MR2,MR2 Drehmoment BS,0.0000,7.7000,0.0000,30.8000,38.5000
2025-02-21,5235,MR6,MR6 Messschieber BS,0.0000,0.0000,7.7000,28.1000,35.8000
2025-02-21,5236,MR3,MR3 Messuhren BS,0.0000,7.7000,7.7000,23.1000,38.5000
2025-02-21,5237,MR9,MR9 Elektro BS,0.0000,0.0000,0.0000,23.1000,23.1000
2025-02-21,5238,MR8,MR8 Temperatur BS,0.0000,0.0000,0.0000,7.7000,7.7000
2025-02-21,5239,MR5,MR5 Bügelmesss. BS,0.0000,15.4000,0.0000,23.1000,38.5000
2025-02-21,5240,AV,Arbeitsvorbereit. BS,0.0000,7.7000,7.7000,72.6000,88.0000
2025-02-21,5900,Qualifizierung,Qualifizierung,0.0000,0.0000,0.0000,0.0000,0.0000
2025-02-24,5211,MR11,MR11 Koordinatenm BS,0.0000,0.0000,0.0000,23.1000,23.1000
2025-02-24,5220,WE/WA,WE/WA BS,0.0000,7.7000,0.0000,0.0000,7.7000
2025-02-24,5222,WE,WE BS,0.0000,7.7000,0.0000,53.9000,61.6000
2025-02-24,5223,WA,WA BS,0.0000,7.7000,0.0000,7.7000,15.4000
2025-02-24,5225,Packplatz,PP,0.0000,7.7000,7.7000,13.7000,29.1000
2025-02-24,5230,Springer,Prüfer BS,0.0000,0.0000,0.0000,0.0000,0.0000
2025-02-24,5231,MR1,MR1 Endmaße BS,0.0000,0.0000,0.0000,29.1000,29.1000
2025-02-24,5232,MR7,MR7 Lehren BS,0.0000,0.0000,0.0000,61.6000,61.6000
2025-02-24,5233,MR4,MR4 Lohnmessung BS,0.0000,0.0000,0.0000,7.7000,7.7000
2025-02-24,5234,MR2,MR2 Drehmoment BS,0.0000,7.7000,0.0000,30.8000,38.5000
2025-02-24,5235,MR6,MR6 Messschieber BS,0.0000,0.0000,0.0000,35.8000,35.8000
2025-02-24,5236,MR3,MR3 Messuhren BS,0.0000,0.0000,7.7000,30.8000,38.5000
2025-02-24,5237,MR9,MR9 Elektro BS,0.0000,0.0000,0.0000,23.1000,23.1000
2025-02-24,5238,MR8,MR8 Temperatur BS,0.0000,0.0000,0.0000,7.7000,7.7000
2025-02-24,5239,MR5,MR5 Bügelmesss. BS,0.0000,0.0000,0.0000,30.8000,30.8000
2025-02-24,5240,AV,Arbeitsvorbereit. BS,0.0000,7.7000,23.1000,57.2000,88.0000
2025-02-24,5900,Qualifizierung,Qualifizierung,0.0000,0.0000,0.0000,0.0000,0.0000
2025-02-25,5211,MR11,MR11 Koordinatenm BS,7.7000,0.0000,0.0000,15.4000,23.1000
2025-02-25,5220,WE/WA,WE/WA BS,0.0000,7.7000,0.0000,0.0000,7.7000
2025-02-25,5222,WE,WE BS,0.0000,0.0000,0.0000,61.6000,61.6000
2025-02-25,5223,WA,WA BS,0.0000,0.0000,0.0000,15.4000,15.4000
2025-02-25,5225,Packplatz,PP,0.0000,7.7000,7.7000,13.7000,29.1000
2025-02-25,5230,Springer,Prüfer BS,0.0000,0.0000,0.0000,0.0000,0.0000
2025-02-25,5231,MR1,MR1 Endmaße BS,0.0000,0.0000,0.0000,29.1000,29.1000
2025-02-25,5232,MR7,MR7 Lehren BS,7.7000,0.0000,0.0000,53.9000,61.6000
2025-02-25,5233,MR4,MR4 Lohnmessung BS,0.0000,0.0000,0.0000,7.7000,7.7000
2025-02-25,5234,MR2,MR2 Drehmoment BS,0.0000,7.7000,0.0000,30.8000,38.5000
2025-02-25,5235,MR6,MR6 Messschieber BS,0.0000,0.0000,0.0000,35.8000,35.8000
2025-02-25,5236,MR3,MR3 Messuhren BS,0.0000,0.0000,7.7000,30.8000,38.5000
2025-02-25,5237,MR9,MR9 Elektro BS,0.0000,0.0000,0.0000,23.1000,23.1000
2025-02-25,5238,MR8,MR8 Temperatur BS,0.0000,0.0000,0.0000,7.7000,7.7000
2025-02-25,5239,MR5,MR5 Bügelmesss. BS,0.0000,0.0000,0.0000,38.5000,38.5000
2025-02-25,5240,AV,Arbeitsvorbereit. BS,0.0000,7.7000,0.0000,72.6000,80.3000
2025-02-25,5900,Qualifizierung,Qualifizierung,0.0000,0.0000,0.0000,0.0000,0.0000
2025-02-26,5211,MR11,MR11 Koordinatenm BS,0.0000,0.0000,0.0000,23.1000,23.1000
2025-02-26,5220,WE/WA,WE/WA BS,0.0000,7.7000,0.0000,0.0000,7.7000
2025-02-26,5222,WE,WE BS,0.0000,7.7000,0.0000,53.9000,61.6000
2025-02-26,5223,WA,WA BS,0.0000,7.7000,0.0000,7.7000,15.4000
2025-02-26,5225,Packplatz,PP,0.0000,7.7000,0.0000,21.4000,29.1000
2025-02-26,5230,Springer,Prüfer BS,0.0000,0.0000,0.0000,0.0000,0.0000
2025-02-26,5231,MR1,MR1 Endmaße BS,0.0000,13.7000,0.0000,15.4000,29.1000
2025-02-26,5232,MR7,MR7 Lehren BS,0.0000,0.0000,0.0000,61.6000,61.6000
2025-02-26,5233,MR4,MR4 Lohnmessung BS,0.0000,0.0000,0.0000,7.7000,7.7000
2025-02-26,5234,MR2,MR2 Drehmoment BS,0.0000,7.7000,0.0000,30.8000,38.5000
2025-02-26,5235,MR6,MR6 Messschieber BS,0.0000,5.0000,0.0000,30.8000,35.8000
2025-02-26,5236,MR3,MR3 Messuhren BS,0.0000,0.0000,0.0000,38.5000,38.5000
2025-02-26,5237,MR9,MR9 Elektro BS,0.0000,0.0000,0.0000,23.1000,23.1000
2025-02-26,5238,MR8,MR8 Temperatur BS,0.0000,0.0000,0.0000,7.7000,7.7000
2025-02-26,5239,MR5,MR5 Bügelmesss. BS,0.0000,0.0000,0.0000,38.5000,38.5000
2025-02-26,5240,AV,Arbeitsvorbereit. BS,0.0000,7.7000,0.0000,67.6000,75.3000
2025-02-26,5900,Qualifizierung,Qualifizierung,0.0000,0.0000,0.0000,0.0000,0.0000
2025-02-27,5211,MR11,MR11 Koordinatenm BS,0.0000,7.7000,0.0000,15.4000,23.1000
2025-02-27,5220,WE/WA,WE/WA BS,0.0000,7.7000,0.0000,0.0000,7.7000
2025-02-27,5222,WE,WE BS,0.0000,7.7000,0.0000,53.9000,61.6000
2025-02-27,5223,WA,WA BS,0.0000,7.7000,0.0000,7.7000,15.4000
2025-02-27,5225,Packplatz,PP,0.0000,7.7000,0.0000,15.4000,23.1000
2025-02-27,5230,Springer,Prüfer BS,0.0000,0.0000,0.0000,0.0000,0.0000
2025-02-27,5231,MR1,MR1 Endmaße BS,0.0000,7.7000,0.0000,21.4000,29.1000
2025-02-27,5232,MR7,MR7 Lehren BS,0.0000,0.0000,0.0000,61.6000,61.6000
2025-02-27,5233,MR4,MR4 Lohnmessung BS,0.0000,0.0000,0.0000,7.7000,7.7000
2025-02-27,5234,MR2,MR2 Drehmoment BS,0.0000,7.7000,0.0000,23.1000,30.8000
2025-02-27,5235,MR6,MR6 Messschieber BS,0.0000,0.0000,0.0000,35.8000,35.8000
2025-02-27,5236,MR3,MR3 Messuhren BS,0.0000,0.0000,0.0000,38.5000,38.5000
2025-02-27,5237,MR9,MR9 Elektro BS,0.0000,0.0000,0.0000,23.1000,23.1000
2025-02-27,5238,MR8,MR8 Temperatur BS,0.0000,0.0000,0.0000,7.7000,7.7000
2025-02-27,5239,MR5,MR5 Bügelmesss. BS,0.0000,0.0000,0.0000,38.5000,38.5000
2025-02-27,5240,AV,Arbeitsvorbereit. BS,0.0000,7.7000,7.7000,64.9000,80.3000
2025-02-27,5900,Qualifizierung,Qualifizierung,0.0000,0.0000,0.0000,0.0000,0.0000
2025-02-28,5211,MR11,MR11 Koordinatenm BS,0.0000,7.7000,0.0000,15.4000,23.1000
2025-02-28,5220,WE/WA,WE/WA BS,0.0000,7.7000,0.0000,0.0000,7.7000
2025-02-28,5222,WE,WE BS,0.0000,7.7000,0.0000,53.9000,61.6000
2025-02-28,5223,WA,WA BS,0.0000,7.7000,0.0000,0.0000,7.7000
2025-02-28,5225,Packplatz,PP,0.0000,7.7000,0.0000,15.4000,23.1000
2025-02-28,5230,Springer,Prüfer BS,0.0000,0.0000,0.0000,0.0000,0.0000
2025-02-28,5231,MR1,MR1 Endmaße BS,0.0000,0.0000,0.0000,29.1000,29.1000
2025-02-28,5232,MR7,MR7 Lehren BS,0.0000,0.0000,7.7000,53.9000,61.6000
2025-02-28,5233,MR4,MR4 Lohnmessung BS,0.0000,0.0000,0.0000,7.7000,7.7000
2025-02-28,5234,MR2,MR2 Drehmoment BS,0.0000,7.7000,0.0000,30.8000,38.5000
2025-02-28,5235,MR6,MR6 Messschieber BS,0.0000,0.0000,0.0000,35.8000,35.8000
2025-02-28,5236,MR3,MR3 Messuhren BS,0.0000,0.0000,7.7000,30.8000,38.5000
2025-02-28,5237,MR9,MR9 Elektro BS,0.0000,0.0000,0.0000,23.1000,23.1000
2025-02-28,5238,MR8,MR8 Temperatur BS,0.0000,0.0000,0.0000,7.7000,7.7000
2025-02-28,5239,MR5,MR5 Bügelmesss. BS,0.0000,0.0000,0.0000,38.5000,38.5000
2025-02-28,5240,AV,Arbeitsvorbereit. BS,0.0000,7.7000,15.4000,57.2000,80.3000
2025-02-28,5900,Qualifizierung,Qualifizierung,0.0000,0.0000,0.0000,0.0000,0.0000
2025-03-03,5211,MR11,MR11 Koordinatenm BS,0.0000,0.0000,0.0000,23.1000,23.1000
2025-03-03,5220,WE/WA,WE/WA BS,0.0000,7.7000,0.0000,0.0000,7.7000
2025-03-03,5222,WE,WE BS,0.0000,7.7000,7.7000,46.2000,61.6000
2025-03-03,5223,WA,WA BS,0.0000,0.0000,0.0000,15.4000,15.4000
2025-03-03,5225,Packplatz,PP,0.0000,7.7000,0.0000,21.4000,29.1000
2025-03-03,5230,Springer,Prüfer BS,0.0000,0.0000,0.0000,0.0000,0.0000
2025-03-03,5231,MR1,MR1 Endmaße BS,0.0000,0.0000,0.0000,29.1000,29.1000
2025-03-03,5232,MR7,MR7 Lehren BS,0.0000,0.0000,0.0000,61.6000,61.6000
2025-03-03,5233,MR4,MR4 Lohnmessung BS,0.0000,0.0000,0.0000,7.7000,7.7000
2025-03-03,5234,MR2,MR2 Drehmoment BS,0.0000,7.7000,0.0000,30.8000,38.5000
2025-03-03,5235,MR6,MR6 Messschieber BS,0.0000,0.0000,7.7000,28.1000,35.8000
2025-03-03,5236,MR3,MR3 Messuhren BS,0.0000,0.0000,0.0000,38.5000,38.5000
2025-03-03,5237,MR9,MR9 Elektro BS,0.0000,0.0000,0.0000,23.1000,23.1000
2025-03-03,5238,MR8,MR8 Temperatur BS,0.0000,0.0000,0.0000,7.7000,7.7000
2025-03-03,5239,MR5,MR5 Bügelmesss. BS,0.0000,0.0000,0.0000,30.8000,30.8000
2025-03-03,5240,AV,Arbeitsvorbereit. BS,0.0000,0.0000,0.0000,88.0000,88.0000
2025-03-03,5900,Qualifizierung,Qualifizierung,0.0000,0.0000,0.0000,0.0000,0.0000
2025-03-04,5211,MR11,MR11 Koordinatenm BS,0.0000,0.0000,0.0000,23.1000,23.1000
2025-03-04,5220,WE/WA,WE/WA BS,0.0000,7.7000,0.0000,0.0000,7.7000
2025-03-04,5222,WE,WE BS,0.0000,15.4000,0.0000,46.2000,61.6000
2025-03-04,5223,WA,WA BS,0.0000,0.0000,0.0000,15.4000,15.4000
2025-03-04,5225,Packplatz,PP,0.0000,7.7000,0.0000,21.4000,29.1000
2025-03-04,5230,Springer,Prüfer BS,0.0000,0.0000,0.0000,0.0000,0.0000
2025-03-04,5231,MR1,MR1 Endmaße BS,0.0000,0.0000,0.0000,29.1000,29.1000
2025-03-04,5232,MR7,MR7 Lehren BS,0.0000,0.0000,0.0000,61.6000,61.6000
2025-03-04,5233,MR4,MR4 Lohnmessung BS,0.0000,0.0000,0.0000,7.7000,7.7000
2025-03-04,5234,MR2,MR2 Drehmoment BS,0.0000,0.0000,0.0000,30.8000,30.8000
2025-03-04,5235,MR6,MR6 Messschieber BS,0.0000,0.0000,0.0000,35.8000,35.8000
2025-03-04,5236,MR3,MR3 Messuhren BS,0.0000,7.7000,0.0000,23.1000,30.8000
2025-03-04,5237,MR9,MR9 Elektro BS,0.0000,0.0000,0.0000,23.1000,23.1000
2025-03-04,5238,MR8,MR8 Temperatur BS,0.0000,0.0000,0.0000,7.7000,7.7000
2025-03-04,5239,MR5,MR5 Bügelmesss. BS,0.0000,0.0000,7.7000,30.8000,38.5000
2025-03-04,5240,AV,Arbeitsvorbereit. BS,0.0000,0.0000,0.0000,80.3000,80.3000
2025-03-04,5900,Qualifizierung,Qualifizierung,0.0000,0.0000,0.0000,0.0000,0.0000
2025-03-05,5211,MR11,MR11 Koordinatenm BS,0.0000,0.0000,0.0000,23.1000,23.1000
2025-03-05,5220,WE/WA,WE/WA BS,0.0000,7.7000,0.0000,0.0000,7.7000
2025-03-05,5222,WE,WE BS,0.0000,7.7000,0.0000,53.9000,61.6000
2025-03-05,5223,WA,WA BS,0.0000,0.0000,0.0000,15.4000,15.4000
2025-03-05,5225,Packplatz,PP,0.0000,7.7000,0.0000,21.4000,29.1000
2025-03-05,5230,Springer,Prüfer BS,0.0000,0.0000,0.0000,0.0000,0.0000
2025-03-05,5231,MR1,MR1 Endmaße BS,0.0000,0.0000,0.0000,29.1000,29.1000
2025-03-05,5232,MR7,MR7 Lehren BS,0.0000,0.0000,0.0000,61.6000,61.6000
2025-03-05,5233,MR4,MR4 Lohnmessung BS,0.0000,0.0000,0.0000,7.7000,7.7000
2025-03-05,5234,MR2,MR2 Drehmoment BS,0.0000,0.0000,0.0000,30.8000,30.8000
2025-03-05,5235,MR6,MR6 Messschieber BS,0.0000,0.0000,0.0000,35.8000,35.8000
2025-03-05,5236,MR3,MR3 Messuhren BS,0.0000,7.7000,0.0000,23.1000,30.8000
2025-03-05,5237,MR9,MR9 Elektro BS,0.0000,0.0000,0.0000,23.1000,23.1000
2025-03-05,5238,MR8,MR8 Temperatur BS,0.0000,0.0000,0.0000,7.7000,7.7000
2025-03-05,5239,MR5,MR5 Bügelmesss. BS,0.0000,0.0000,7.7000,30.8000,38.5000
2025-03-05,5240,AV,Arbeitsvorbereit. BS,0.0000,7.7000,0.0000,67.6000,75.3000
2025-03-05,5900,Qualifizierung,Qualifizierung,0.0000,0.0000,0.0000,0.0000,0.0000
2025-03-06,5211,MR11,MR11 Koordinatenm BS,0.0000,0.0000,0.0000,23.1000,23.1000
2025-03-06,5220,WE/WA,WE/WA BS,0.0000,7.7000,0.0000,0.0000,7.7000
2025-03-06,5222,WE,WE BS,0.0000,7.7000,0.0000,53.9000,61.6000
2025-03-06,5223,WA,WA BS,0.0000,0.0000,0.0000,15.4000,15.4000
2025-03-06,5225,Packplatz,PP,0.0000,7.7000,0.0000,15.4000,23.1000
2025-03-06,5230,Springer,Prüfer BS,0.0000,0.0000,0.0000,0.0000,0.0000
2025-03-06,5231,MR1,MR1 Endmaße BS,0.0000,0.0000,0.0000,29.1000,29.1000
2025-03-06,5232,MR7,MR7 Lehren BS,0.0000,0.0000,0.0000,61.6000,61.6000
2025-03-06,5233,MR4,MR4 Lohnmessung BS,0.0000,0.0000,0.0000,7.7000,7.7000
2025-03-06,5234,MR2,MR2 Drehmoment BS,0.0000,0.0000,0.0000,30.8000,30.8000
2025-03-06,5235,MR6,MR6 Messschieber BS,0.0000,0.0000,0.0000,35.8000,35.8000
2025-03-06,5236,MR3,MR3 Messuhren BS,0.0000,7.7000,0.0000,23.1000,30.8000
2025-03-06,5237,MR9,MR9 Elektro BS,0.0000,0.0000,7.7000,15.4000,23.1000
2025-03-06,5238,MR8,MR8 Temperatur BS,0.0000,0.0000,0.0000,7.7000,7.7000
2025-03-06,5239,MR5,MR5 Bügelmesss. BS,0.0000,0.0000,7.7000,30.8000,38.5000
2025-03-06,5240,AV,Arbeitsvorbereit. BS,0.0000,7.7000,0.0000,72.6000,80.3000
2025-03-06,5900,Qualifizierung,Qualifizierung,0.0000,0.0000,0.0000,0.0000,0.0000
2025-03-07,5211,MR11,MR11 Koordinatenm BS,0.0000,0.0000,0.0000,23.1000,23.1000
2025-03-07,5220,WE/WA,WE/WA BS,0.0000,7.7000,0.0000,0.0000,7.7000
2025-03-07,5222,WE,WE BS,0.0000,7.7000,0.0000,46.2000,53.9000
2025-03-07,5223,WA,WA BS,0.0000,0.0000,0.0000,7.7000,7.7000
2025-03-07,5225,Packplatz,PP,0.0000,7.7000,0.0000,15.4000,23.1000
2025-03-07,5230,Springer,Prüfer BS,0.0000,0.0000,0.0000,0.0000,0.0000
2025-03-07,5231,MR1,MR1 Endmaße BS,0.0000,0.0000,0.0000,29.1000,29.1000
2025-03-07,5232,MR7,MR7 Lehren BS,0.0000,0.0000,0.0000,61.6000,61.6000
2025-03-07,5233,MR4,MR4 Lohnmessung BS,0.0000,0.0000,0.0000,7.7000,7.7000
2025-03-07,5234,MR2,MR2 Drehmoment BS,0.0000,0.0000,0.0000,30.8000,30.8000
2025-03-07,5235,MR6,MR6 Messschieber BS,0.0000,0.0000,0.0000,35.8000,35.8000
2025-03-07,5236,MR3,MR3 Messuhren BS,0.0000,15.4000,0.0000,15.4000,30.8000
2025-03-07,5237,MR9,MR9 Elektro BS,0.0000,0.0000,0.0000,23.1000,23.1000
2025-03-07,5238,MR8,MR8 Temperatur BS,0.0000,0.0000,0.0000,7.7000,7.7000
2025-03-07,5239,MR5,MR5 Bügelmesss. BS,0.0000,0.0000,7.7000,30.8000,38.5000
2025-03-07,5240,AV,Arbeitsvorbereit. BS,0.0000,0.0000,7.7000,72.6000,80.3000
2025-03-07,5900,Qualifizierung,Qualifizierung,0.0000,0.0000,0.0000,0.0000,0.0000
2025-03-10,5211,MR11,MR11 Koordinatenm BS,0.0000,0.0000,0.0000,23.1000,23.1000
2025-03-10,5220,WE/WA,WE/WA BS,0.0000,7.7000,0.0000,0.0000,7.7000
2025-03-10,5222,WE,WE BS,0.0000,0.0000,0.0000,53.9000,53.9000
2025-03-10,5223,WA,WA BS,0.0000,0.0000,0.0000,15.4000,15.4000
2025-03-10,5225,Packplatz,PP,0.0000,7.7000,7.7000,13.7000,29.1000
2025-03-10,5230,Springer,Prüfer BS,0.0000,0.0000,0.0000,0.0000,0.0000
2025-03-10,5231,MR1,MR1 Endmaße BS,0.0000,0.0000,0.0000,29.1000,29.1000
2025-03-10,5232,MR7,MR7 Lehren BS,0.0000,0.0000,7.7000,53.9000,61.6000
2025-03-10,5233,MR4,MR4 Lohnmessung BS,0.0000,0.0000,0.0000,7.7000,7.7000
2025-03-10,5234,MR2,MR2 Drehmoment BS,0.0000,0.0000,0.0000,30.8000,30.8000
2025-03-10,5235,MR6,MR6 Messschieber BS,7.7000,0.0000,0.0000,28.1000,35.8000
2025-03-10,5236,MR3,MR3 Messuhren BS,0.0000,0.0000,7.7000,23.1000,30.8000
2025-03-10,5237,MR9,MR9 Elektro BS,0.0000,0.0000,0.0000,23.1000,23.1000
2025-03-10,5238,MR8,MR8 Temperatur BS,0.0000,0.0000,0.0000,7.7000,7.7000
2025-03-10,5239,MR5,MR5 Bügelmesss. BS,0.0000,7.7000,7.7000,15.4000,30.8000
2025-03-10,5240,AV,Arbeitsvorbereit. BS,0.0000,0.0000,0.0000,88.0000,88.0000
2025-03-10,5900,Qualifizierung,Qualifizierung,0.0000,0.0000,0.0000,0.0000,0.0000
2025-03-11,5211,MR11,MR11 Koordinatenm BS,0.0000,0.0000,0.0000,23.1000,23.1000
2025-03-11,5220,WE/WA,WE/WA BS,0.0000,7.7000,0.0000,0.0000,7.7000
2025-03-11,5222,WE,WE BS,0.0000,0.0000,0.0000,61.6000,61.6000
2025-03-11,5223,WA,WA BS,0.0000,0.0000,0.0000,15.4000,15.4000
2025-03-11,5225,Packplatz,PP,0.0000,7.7000,0.0000,21.4000,29.1000
2025-03-11,5230,Springer,Prüfer BS,0.0000,0.0000,0.0000,0.0000,0.0000
2025-03-11,5231,MR1,MR1 Endmaße BS,0.0000,0.0000,0.0000,29.1000,29.1000
2025-03-11,5232,MR7,MR7 Lehren BS,0.0000,0.0000,7.7000,53.9000,61.6000
2025-03-11,5233,MR4,MR4 Lohnmessung BS,0.0000,0.0000,0.0000,7.7000,7.7000
2025-03-11,5234,MR2,MR2 Drehmoment BS,0.0000,0.0000,0.0000,30.8000,30.8000
2025-03-11,5235,MR6,MR6 Messschieber BS,7.7000,0.0000,0.0000,28.1000,35.8000
2025-03-11,5236,MR3,MR3 Messuhren BS,0.0000,0.0000,0.0000,30.8000,30.8000
2025-03-11,5237,MR9,MR9 Elektro BS,0.0000,0.0000,0.0000,23.1000,23.1000
2025-03-11,5238,MR8,MR8 Temperatur BS,0.0000,0.0000,0.0000,7.7000,7.7000
2025-03-11,5239,MR5,MR5 Bügelmesss. BS,0.0000,0.0000,0.0000,38.5000,38.5000
2025-03-11,5240,AV,Arbeitsvorbereit. BS,0.0000,0.0000,0.0000,88.0000,88.0000
2025-03-11,5900,Qualifizierung,Qualifizierung,0.0000,0.0000,0.0000,0.0000,0.0000
2025-03-12,5211,MR11,MR11 Koordinatenm BS,0.0000,0.0000,0.0000,23.1000,23.1000
2025-03-12,5220,WE/WA,WE/WA BS,0.0000,7.7000,0.0000,0.0000,7.7000
2025-03-12,5222,WE,WE BS,0.0000,0.0000,0.0000,61.6000,61.6000
2025-03-12,5223,WA,WA BS,0.0000,0.0000,0.0000,15.4000,15.4000
2025-03-12,5225,Packplatz,PP,0.0000,7.7000,0.0000,21.4000,29.1000
2025-03-12,5230,Springer,Prüfer BS,0.0000,0.0000,0.0000,0.0000,0.0000
2025-03-12,5231,MR1,MR1 Endmaße BS,0.0000,0.0000,0.0000,29.1000,29.1000
2025-03-12,5232,MR7,MR7 Lehren BS,0.0000,7.7000,7.7000,46.2000,61.6000
2025-03-12,5233,MR4,MR4 Lohnmessung BS,0.0000,0.0000,0.0000,7.7000,7.7000
2025-03-12,5234,MR2,MR2 Drehmoment BS,0.0000,0.0000,0.0000,30.8000,30.8000
2025-03-12,5235,MR6,MR6 Messschieber BS,0.0000,0.0000,0.0000,35.8000,35.8000
2025-03-12,5236,MR3,MR3 Messuhren BS,0.0000,7.7000,0.0000,23.1000,30.8000
2025-03-12,5237,MR9,MR9 Elektro BS,0.0000,0.0000,0.0000,23.1000,23.1000
2025-03-12,5238,MR8,MR8 Temperatur BS,0.0000,0.0000,0.0000,7.7000,7.7000
2025-03-12,5239,MR5,MR5 Bügelmesss. BS,0.0000,0.0000,0.0000,38.5000,38.5000
2025-03-12,5240,AV,Arbeitsvorbereit. BS,0.0000,0.0000,0.0000,75.3000,75.3000
2025-03-12,5900,Qualifizierung,Qualifizierung,0.0000,0.0000,0.0000,0.0000,0.0000
2025-03-13,5211,MR11,MR11 Koordinatenm BS,0.0000,0.0000,0.0000,23.1000,23.1000
2025-03-13,5220,WE/WA,WE/WA BS,0.0000,7.7000,0.0000,0.0000,7.7000
2025-03-13,5222,WE,WE BS,0.0000,0.0000,0.0000,61.6000,61.6000
2025-03-13,5223,WA,WA BS,0.0000,0.0000,0.0000,15.4000,15.4000
2025-03-13,5225,Packplatz,PP,0.0000,7.7000,0.0000,15.4000,23.1000
2025-03-13,5230,Springer,Prüfer BS,0.0000,0.0000,0.0000,0.0000,0.0000
2025-03-13,5231,MR1,MR1 Endmaße BS,0.0000,0.0000,0.0000,29.1000,29.1000
2025-03-13,5232,MR7,MR7 Lehren BS,0.0000,7.7000,7.7000,51.2000,66.6000
2025-03-13,5233,MR4,MR4 Lohnmessung BS,0.0000,0.0000,0.0000,7.7000,7.7000
2025-03-13,5234,MR2,MR2 Drehmoment BS,0.0000,0.0000,0.0000,30.8000,30.8000
2025-03-13,5235,MR6,MR6 Messschieber BS,0.0000,0.0000,0.0000,35.8000,35.8000
2025-03-13,5236,MR3,MR3 Messuhren BS,0.0000,7.7000,0.0000,23.1000,30.8000
2025-03-13,5237,MR9,MR9 Elektro BS,0.0000,0.0000,0.0000,23.1000,23.1000
2025-03-13,5238,MR8,MR8 Temperatur BS,0.0000,0.0000,0.0000,7.7000,7.7000
2025-03-13,5239,MR5,MR5 Bügelmesss. BS,0.0000,0.0000,0.0000,38.5000,38.5000
2025-03-13,5240,AV,Arbeitsvorbereit. BS,0.0000,0.0000,0.0000,80.3000,80.3000
2025-03-13,5900,Qualifizierung,Qualifizierung,0.0000,0.0000,0.0000,0.0000,0.0000
2025-03-14,5211,MR11,MR11 Koordinatenm BS,0.0000,7.7000,0.0000,15.4000,23.1000
2025-03-14,5220,WE/WA,WE/WA BS,0.0000,7.7000,0.0000,0.0000,7.7000
2025-03-14,5222,WE,WE BS,0.0000,0.0000,0.0000,61.6000,61.6000
2025-03-14,5223,WA,WA BS,0.0000,0.0000,0.0000,7.7000,7.7000
2025-03-14,5225,Packplatz,PP,0.0000,7.7000,0.0000,15.4000,23.1000
2025-03-14,5230,Springer,Prüfer BS,0.0000,0.0000,0.0000,0.0000,0.0000
2025-03-14,5231,MR1,MR1 Endmaße BS,0.0000,0.0000,15.4000,13.7000,29.1000
2025-03-14,5232,MR7,MR7 Lehren BS,0.0000,7.7000,7.7000,46.2000,61.6000
2025-03-14,5233,MR4,MR4 Lohnmessung BS,0.0000,0.0000,0.0000,7.7000,7.7000
2025-03-14,5234,MR2,MR2 Drehmoment BS,0.0000,0.0000,0.0000,30.8000,30.8000
2025-03-14,5235,MR6,MR6 Messschieber BS,0.0000,0.0000,0.0000,35.8000,35.8000
2025-03-14,5236,MR3,MR3 Messuhren BS,0.0000,15.4000,7.7000,7.7000,30.8000
2025-03-14,5237,MR9,MR9 Elektro BS,0.0000,0.0000,0.0000,23.1000,23.1000
2025-03-14,5238,MR8,MR8 Temperatur BS,0.0000,0.0000,0.0000,7.7000,7.7000
2025-03-14,5239,MR5,MR5 Bügelmesss. BS,0.0000,0.0000,0.0000,38.5000,38.5000
2025-03-14,5240,AV,Arbeitsvorbereit. BS,0.0000,0.0000,7.7000,67.6000,75.3000
2025-03-14,5900,Qualifizierung,Qualifizierung,0.0000,0.0000,0.0000,0.0000,0.0000
2025-03-17,5211,MR11,MR11 Koordinatenm BS,0.0000,0.0000,0.0000,23.1000,23.1000
2025-03-17,5220,WE/WA,WE/WA BS,0.0000,0.0000,0.0000,0.0000,0.0000
2025-03-17,5222,WE,WE BS,0.0000,0.0000,0.0000,53.9000,53.9000
2025-03-17,5223,WA,WA BS,0.0000,7.7000,0.0000,21.4000,29.1000
2025-03-17,5225,Packplatz,PP,0.0000,0.0000,0.0000,23.1000,23.1000
2025-03-17,5230,Springer,Prüfer BS,0.0000,0.0000,0.0000,0.0000,0.0000
2025-03-17,5231,MR1,MR1 Endmaße BS,0.0000,0.0000,7.7000,21.4000,29.1000
2025-03-17,5232,MR7,MR7 Lehren BS,0.0000,7.7000,7.7000,46.2000,61.6000
2025-03-17,5233,MR4,MR4 Lohnmessung BS,0.0000,0.0000,0.0000,7.7000,7.7000
2025-03-17,5234,MR2,MR2 Drehmoment BS,0.0000,0.0000,0.0000,30.8000,30.8000
2025-03-17,5235,MR6,MR6 Messschieber BS,15.4000,7.7000,0.0000,12.7000,35.8000
2025-03-17,5236,MR3,MR3 Messuhren BS,0.0000,0.0000,7.7000,23.1000,30.8000
2025-03-17,5237,MR9,MR9 Elektro BS,0.0000,0.0000,0.0000,23.1000,23.1000
2025-03-17,5238,MR8,MR8 Temperatur BS,0.0000,0.0000,0.0000,7.7000,7.7000
2025-03-17,5239,MR5,MR5 Bügelmesss. BS,0.0000,7.7000,0.0000,23.1000,30.8000
2025-03-17,5240,AV,Arbeitsvorbereit. BS,0.0000,30.8000,7.7000,49.5000,88.0000
2025-03-17,5900,Qualifizierung,Qualifizierung,0.0000,0.0000,0.0000,0.0000,0.0000
2025-03-18,5211,MR11,MR11 Koordinatenm BS,0.0000,0.0000,0.0000,23.1000,23.1000
2025-03-18,5220,WE/WA,WE/WA BS,0.0000,0.0000,0.0000,7.7000,7.7000
2025-03-18,5222,WE,WE BS,0.0000,0.0000,0.0000,61.6000,61.6000
2025-03-18,5223,WA,WA BS,0.0000,7.7000,0.0000,13.7000,21.4000
2025-03-18,5225,Packplatz,PP,0.0000,0.0000,7.7000,15.4000,23.1000
2025-03-18,5230,Springer,Prüfer BS,0.0000,0.0000,0.0000,0.0000,0.0000
2025-03-18,5231,MR1,MR1 Endmaße BS,0.0000,0.0000,7.7000,21.4000,29.1000
2025-03-18,5232,MR7,MR7 Lehren BS,0.0000,0.0000,7.7000,53.9000,61.6000
2025-03-18,5233,MR4,MR4 Lohnmessung BS,0.0000,0.0000,0.0000,7.7000,7.7000
2025-03-18,5234,MR2,MR2 Drehmoment BS,0.0000,0.0000,0.0000,30.8000,30.8000
2025-03-18,5235,MR6,MR6 Messschieber BS,15.4000,7.7000,0.0000,12.7000,35.8000
2025-03-18,5236,MR3,MR3 Messuhren BS,0.0000,0.0000,7.7000,23.1000,30.8000
2025-03-18,5237,MR9,MR9 Elektro BS,0.0000,0.0000,0.0000,23.1000,23.1000
2025-03-18,5238,MR8,MR8 Temperatur BS,0.0000,0.0000,0.0000,7.7000,7.7000
2025-03-18,5239,MR5,MR5 Bügelmesss. BS,0.0000,7.7000,0.0000,30.8000,38.5000
2025-03-18,5240,AV,Arbeitsvorbereit. BS,0.0000,23.1000,7.7000,57.2000,88.0000
2025-03-18,5900,Qualifizierung,Qualifizierung,0.0000,0.0000,0.0000,0.0000,0.0000
2025-03-19,5211,MR11,MR11 Koordinatenm BS,0.0000,0.0000,0.0000,23.1000,23.1000
2025-03-19,5220,WE/WA,WE/WA BS,0.0000,0.0000,0.0000,0.0000,0.0000
2025-03-19,5222,WE,WE BS,0.0000,0.0000,0.0000,61.6000,61.6000
2025-03-19,5223,WA,WA BS,0.0000,7.7000,0.0000,21.4000,29.1000
2025-03-19,5225,Packplatz,PP,0.0000,0.0000,0.0000,23.1000,23.1000
2025-03-19,5230,Springer,Prüfer BS,0.0000,0.0000,0.0000,0.0000,0.0000
2025-03-19,5231,MR1,MR1 Endmaße BS,0.0000,0.0000,7.7000,21.4000,29.1000
2025-03-19,5232,MR7,MR7 Lehren BS,0.0000,0.0000,7.7000,53.9000,61.6000
2025-03-19,5233,MR4,MR4 Lohnmessung BS,0.0000,0.0000,0.0000,7.7000,7.7000
2025-03-19,5234,MR2,MR2 Drehmoment BS,0.0000,0.0000,0.0000,30.8000,30.8000
2025-03-19,5235,MR6,MR6 Messschieber BS,15.4000,7.7000,0.0000,12.7000,35.8000
2025-03-19,5236,MR3,MR3 Messuhren BS,0.0000,7.7000,7.7000,15.4000,30.8000
2025-03-19,5237,MR9,MR9 Elektro BS,0.0000,0.0000,0.0000,23.1000,23.1000
2025-03-19,5238,MR8,MR8 Temperatur BS,0.0000,0.0000,0.0000,7.7000,7.7000
2025-03-19,5239,MR5,MR5 Bügelmesss. BS,0.0000,7.7000,0.0000,30.8000,38.5000
2025-03-19,5240,AV,Arbeitsvorbereit. BS,0.0000,30.8000,7.7000,44.5000,83.0000
2025-03-19,5900,Qualifizierung,Qualifizierung,0.0000,0.0000,0.0000,0.0000,0.0000
2025-03-20,5211,MR11,MR11 Koordinatenm BS,0.0000,0.0000,0.0000,23.1000,23.1000
2025-03-20,5220,WE/WA,WE/WA BS,0.0000,0.0000,0.0000,0.0000,0.0000
2025-03-20,5222,WE,WE BS,0.0000,0.0000,0.0000,61.6000,61.6000
2025-03-20,5223,WA,WA BS,0.0000,7.7000,0.0000,15.4000,23.1000
2025-03-20,5225,Packplatz,PP,0.0000,0.0000,0.0000,23.1000,23.1000
2025-03-20,5230,Springer,Prüfer BS,0.0000,0.0000,0.0000,0.0000,0.0000
2025-03-20,5231,MR1,MR1 Endmaße BS,0.0000,0.0000,7.7000,21.4000,29.1000
2025-03-20,5232,MR7,MR7 Lehren BS,0.0000,0.0000,15.4000,46.2000,61.6000
2025-03-20,5233,MR4,MR4 Lohnmessung BS,0.0000,0.0000,0.0000,7.7000,7.7000
2025-03-20,5234,MR2,MR2 Drehmoment BS,0.0000,0.0000,0.0000,30.8000,30.8000
2025-03-20,5235,MR6,MR6 Messschieber BS,15.4000,7.7000,0.0000,12.7000,35.8000
2025-03-20,5236,MR3,MR3 Messuhren BS,0.0000,7.7000,7.7000,15.4000,30.8000
2025-03-20,5237,MR9,MR9 Elektro BS,0.0000,0.0000,0.0000,23.1000,23.1000
2025-03-20,5238,MR8,MR8 Temperatur BS,0.0000,0.0000,0.0000,7.7000,7.7000
2025-03-20,5239,MR5,MR5 Bügelmesss. BS,0.0000,7.7000,0.0000,30.8000,38.5000
2025-03-20,5240,AV,Arbeitsvorbereit. BS,0.0000,30.8000,7.7000,49.5000,88.0000
2025-03-20,5900,Qualifizierung,Qualifizierung,0.0000,0.0000,0.0000,0.0000,0.0000
2025-03-21,5211,MR11,MR11 Koordinatenm BS,0.0000,0.0000,0.0000,23.1000,23.1000
2025-03-21,5220,WE/WA,WE/WA BS,0.0000,0.0000,0.0000,0.0000,0.0000
2025-03-21,5222,WE,WE BS,0.0000,7.7000,0.0000,53.9000,61.6000
2025-03-21,5223,WA,WA BS,0.0000,7.7000,0.0000,7.7000,15.4000
2025-03-21,5225,Packplatz,PP,0.0000,0.0000,7.7000,15.4000,23.1000
2025-03-21,5230,Springer,Prüfer BS,0.0000,0.0000,0.0000,0.0000,0.0000
2025-03-21,5231,MR1,MR1 Endmaße BS,0.0000,0.0000,7.7000,21.4000,29.1000
2025-03-21,5232,MR7,MR7 Lehren BS,0.0000,0.0000,15.4000,46.2000,61.6000
2025-03-21,5233,MR4,MR4 Lohnmessung BS,0.0000,0.0000,0.0000,7.7000,7.7000
2025-03-21,5234,MR2,MR2 Drehmoment BS,0.0000,0.0000,0.0000,30.8000,30.8000
2025-03-21,5235,MR6,MR6 Messschieber BS,15.4000,7.7000,0.0000,12.7000,35.8000
2025-03-21,5236,MR3,MR3 Messuhren BS,0.0000,7.7000,7.7000,15.4000,30.8000
2025-03-21,5237,MR9,MR9 Elektro BS,0.0000,0.0000,0.0000,23.1000,23.1000
2025-03-21,5238,MR8,MR8 Temperatur BS,0.0000,0.0000,0.0000,7.7000,7.7000
2025-03-21,5239,MR5,MR5 Bügelmesss. BS,0.0000,7.7000,0.0000,30.8000,38.5000
2025-03-21,5240,AV,Arbeitsvorbereit. BS,0.0000,38.5000,7.7000,41.8000,88.0000
2025-03-21,5900,Qualifizierung,Qualifizierung,0.0000,0.0000,0.0000,0.0000,0.0000
2025-03-24,5211,MR11,MR11 Koordinatenm BS,0.0000,0.0000,0.0000,23.1000,23.1000
2025-03-24,5220,WE/WA,WE/WA BS,0.0000,0.0000,0.0000,0.0000,0.0000
2025-03-24,5222,WE,WE BS,0.0000,0.0000,0.0000,61.6000,61.6000
2025-03-24,5223,WA,WA BS,0.0000,0.0000,0.0000,29.1000,29.1000
2025-03-24,5225,Packplatz,PP,0.0000,0.0000,7.7000,15.4000,23.1000
2025-03-24,5230,Springer,Prüfer BS,0.0000,0.0000,0.0000,0.0000,0.0000
2025-03-24,5231,MR1,MR1 Endmaße BS,0.0000,0.0000,0.0000,29.1000,29.1000
2025-03-24,5232,MR7,MR7 Lehren BS,0.0000,0.0000,0.0000,53.9000,53.9000
2025-03-24,5233,MR4,MR4 Lohnmessung BS,0.0000,0.0000,0.0000,0.0000,0.0000
2025-03-24,5234,MR2,MR2 Drehmoment BS,0.0000,0.0000,0.0000,38.5000,38.5000
2025-03-24,5235,MR6,MR6 Messschieber BS,0.0000,7.7000,0.0000,28.1000,35.8000
2025-03-24,5236,MR3,MR3 Messuhren BS,0.0000,0.0000,0.0000,30.8000,30.8000
2025-03-24,5237,MR9,MR9 Elektro BS,0.0000,0.0000,0.0000,23.1000,23.1000
2025-03-24,5238,MR8,MR8 Temperatur BS,0.0000,0.0000,0.0000,7.7000,7.7000
2025-03-24,5239,MR5,MR5 Bügelmesss. BS,0.0000,0.0000,0.0000,30.8000,30.8000
2025-03-24,5240,AV,Arbeitsvorbereit. BS,0.0000,15.4000,0.0000,72.6000,88.0000
2025-03-25,5211,MR11,MR11 Koordinatenm BS,0.0000,0.0000,0.0000,23.1000,23.1000
2025-03-25,5220,WE/WA,WE/WA BS,0.0000,0.0000,0.0000,0.0000,0.0000
2025-03-25,5222,WE,WE BS,0.0000,0.0000,0.0000,61.6000,61.6000
2025-03-25,5223,WA,WA BS,0.0000,7.7000,0.0000,21.4000,29.1000
2025-03-25,5225,Packplatz,PP,0.0000,0.0000,7.7000,15.4000,23.1000
2025-03-25,5230,Springer,Prüfer BS,0.0000,0.0000,0.0000,0.0000,0.0000
2025-03-25,5231,MR1,MR1 Endmaße BS,0.0000,0.0000,0.0000,29.1000,29.1000
2025-03-25,5232,MR7,MR7 Lehren BS,0.0000,0.0000,0.0000,61.6000,61.6000
2025-03-25,5233,MR4,MR4 Lohnmessung BS,0.0000,0.0000,0.0000,7.7000,7.7000
2025-03-25,5234,MR2,MR2 Drehmoment BS,0.0000,0.0000,0.0000,30.8000,30.8000
2025-03-25,5235,MR6,MR6 Messschieber BS,0.0000,7.7000,0.0000,28.1000,35.8000
2025-03-25,5236,MR3,MR3 Messuhren BS,0.0000,0.0000,0.0000,30.8000,30.8000
2025-03-25,5237,MR9,MR9 Elektro BS,0.0000,0.0000,0.0000,23.1000,23.1000
2025-03-25,5238,MR8,MR8 Temperatur BS,0.0000,0.0000,0.0000,7.7000,7.7000
2025-03-25,5239,MR5,MR5 Bügelmesss. BS,0.0000,0.0000,0.0000,38.5000,38.5000
2025-03-25,5240,AV,Arbeitsvorbereit. BS,0.0000,15.4000,0.0000,72.6000,88.0000
2025-03-26,5211,MR11,MR11 Koordinatenm BS,0.0000,0.0000,0.0000,23.1000,23.1000
2025-03-26,5220,WE/WA,WE/WA BS,0.0000,0.0000,0.0000,0.0000,0.0000
2025-03-26,5222,WE,WE BS,0.0000,7.7000,0.0000,53.9000,61.6000
2025-03-26,5223,WA,WA BS,0.0000,7.7000,0.0000,21.4000,29.1000
2025-03-26,5225,Packplatz,PP,0.0000,0.0000,7.7000,15.4000,23.1000
2025-03-26,5230,Springer,Prüfer BS,0.0000,0.0000,0.0000,0.0000,0.0000
2025-03-26,5231,MR1,MR1 Endmaße BS,0.0000,0.0000,0.0000,29.1000,29.1000
2025-03-26,5232,MR7,MR7 Lehren BS,0.0000,0.0000,0.0000,61.6000,61.6000
2025-03-26,5233,MR4,MR4 Lohnmessung BS,0.0000,0.0000,0.0000,7.7000,7.7000
2025-03-26,5234,MR2,MR2 Drehmoment BS,0.0000,0.0000,7.7000,23.1000,30.8000
2025-03-26,5235,MR6,MR6 Messschieber BS,0.0000,7.7000,0.0000,28.1000,35.8000
2025-03-26,5236,MR3,MR3 Messuhren BS,0.0000,0.0000,0.0000,30.8000,30.8000
2025-03-26,5237,MR9,MR9 Elektro BS,0.0000,0.0000,0.0000,23.1000,23.1000
2025-03-26,5238,MR8,MR8 Temperatur BS,0.0000,0.0000,0.0000,7.7000,7.7000
2025-03-26,5239,MR5,MR5 Bügelmesss. BS,0.0000,0.0000,0.0000,38.5000,38.5000
2025-03-26,5240,AV,Arbeitsvorbereit. BS,0.0000,30.8000,0.0000,52.2000,83.0000
2025-03-27,5211,MR11,MR11 Koordinatenm BS,0.0000,0.0000,0.0000,23.1000,23.1000
2025-03-27,5220,WE/WA,WE/WA BS,0.0000,0.0000,0.0000,0.0000,0.0000
2025-03-27,5222,WE,WE BS,0.0000,0.0000,0.0000,61.6000,61.6000
2025-03-27,5223,WA,WA BS,0.0000,0.0000,0.0000,23.1000,23.1000
2025-03-27,5225,Packplatz,PP,0.0000,0.0000,7.7000,15.4000,23.1000
2025-03-27,5230,Springer,Prüfer BS,0.0000,0.0000,0.0000,0.0000,0.0000
2025-03-27,5231,MR1,MR1 Endmaße BS,0.0000,0.0000,0.0000,29.1000,29.1000
2025-03-27,5232,MR7,MR7 Lehren BS,0.0000,0.0000,0.0000,61.6000,61.6000
2025-03-27,5233,MR4,MR4 Lohnmessung BS,0.0000,0.0000,0.0000,7.7000,7.7000
2025-03-27,5234,MR2,MR2 Drehmoment BS,0.0000,0.0000,0.0000,30.8000,30.8000
2025-03-27,5235,MR6,MR6 Messschieber BS,0.0000,7.7000,0.0000,28.1000,35.8000
2025-03-27,5236,MR3,MR3 Messuhren BS,0.0000,0.0000,0.0000,30.8000,30.8000
2025-03-27,5237,MR9,MR9 Elektro BS,0.0000,0.0000,0.0000,23.1000,23.1000
2025-03-27,5238,MR8,MR8 Temperatur BS,0.0000,0.0000,0.0000,7.7000,7.7000
2025-03-27,5239,MR5,MR5 Bügelmesss. BS,0.0000,0.0000,0.0000,38.5000,38.5000
2025-03-27,5240,AV,Arbeitsvorbereit. BS,0.0000,15.4000,7.7000,64.9000,88.0000
2025-03-28,5211,MR11,MR11 Koordinatenm BS,0.0000,7.7000,0.0000,15.4000,23.1000
2025-03-28,5220,WE/WA,WE/WA BS,0.0000,0.0000,0.0000,0.0000,0.0000
2025-03-28,5222,WE,WE BS,0.0000,0.0000,0.0000,61.6000,61.6000
2025-03-28,5223,WA,WA BS,0.0000,0.0000,0.0000,15.4000,15.4000
2025-03-28,5225,Packplatz,PP,0.0000,0.0000,7.7000,15.4000,23.1000
2025-03-28,5230,Springer,Prüfer BS,0.0000,0.0000,0.0000,0.0000,0.0000
2025-03-28,5231,MR1,MR1 Endmaße BS,0.0000,0.0000,0.0000,29.1000,29.1000
2025-03-28,5232,MR7,MR7 Lehren BS,0.0000,0.0000,7.7000,53.9000,61.6000
2025-03-28,5233,MR4,MR4 Lohnmessung BS,0.0000,0.0000,0.0000,7.7000,7.7000
2025-03-28,5234,MR2,MR2 Drehmoment BS,0.0000,0.0000,0.0000,30.8000,30.8000
2025-03-28,5235,MR6,MR6 Messschieber BS,0.0000,7.7000,0.0000,28.1000,35.8000
2025-03-28,5236,MR3,MR3 Messuhren BS,0.0000,0.0000,0.0000,30.8000,30.8000
2025-03-28,5237,MR9,MR9 Elektro BS,0.0000,0.0000,0.0000,23.1000,23.1000
2025-03-28,5238,MR8,MR8 Temperatur BS,0.0000,0.0000,0.0000,7.7000,7.7000
2025-03-28,5239,MR5,MR5 Bügelmesss. BS,0.0000,7.7000,0.0000,30.8000,38.5000
2025-03-28,5240,AV,Arbeitsvorbereit. BS,0.0000,15.4000,7.7000,64.9000,88.0000
2025-03-31,5211,MR11,MR11 Koordinatenm BS,0.0000,0.0000,0.0000,23.1000,23.1000
2025-03-31,5220,WE/WA,WE/WA BS,0.0000,0.0000,0.0000,0.0000,0.0000
2025-03-31,5222,WE,WE BS,0.0000,0.0000,0.0000,53.9000,53.9000
2025-03-31,5223,WA,WA BS,0.0000,0.0000,0.0000,29.1000,29.1000
2025-03-31,5225,Packplatz,PP,0.0000,0.0000,0.0000,23.1000,23.1000
2025-03-31,5230,Springer,Prüfer BS,0.0000,0.0000,0.0000,0.0000,0.0000
2025-03-31,5231,MR1,MR1 Endmaße BS,0.0000,0.0000,0.0000,29.1000,29.1000
2025-03-31,5232,MR7,MR7 Lehren BS,0.0000,0.0000,0.0000,61.6000,61.6000
2025-03-31,5233,MR4,MR4 Lohnmessung BS,0.0000,0.0000,0.0000,7.7000,7.7000
2025-03-31,5234,MR2,MR2 Drehmoment BS,0.0000,0.0000,0.0000,38.5000,38.5000
2025-03-31,5235,MR6,MR6 Messschieber BS,0.0000,7.7000,0.0000,28.1000,35.8000
2025-03-31,5236,MR3,MR3 Messuhren BS,0.0000,0.0000,0.0000,30.8000,30.8000
2025-03-31,5237,MR9,MR9 Elektro BS,0.0000,0.0000,0.0000,23.1000,23.1000
2025-03-31,5238,MR8,MR8 Temperatur BS,0.0000,0.0000,0.0000,7.7000,7.7000
2025-03-31,5239,MR5,MR5 Bügelmesss. BS,0.0000,0.0000,0.0000,30.8000,30.8000
2025-03-31,5240,AV,Arbeitsvorbereit. BS,7.7000,15.4000,0.0000,64.9000,88.0000
2025-04-01,5211,MR11,MR11 Koordinatenm BS,0.0000,0.0000,0.0000,23.1000,23.1000
2025-04-01,5220,WE/WA,WE/WA BS,0.0000,0.0000,0.0000,0.0000,0.0000
2025-04-01,5222,WE,WE BS,0.0000,0.0000,0.0000,53.9000,53.9000
2025-04-01,5223,WA,WA BS,0.0000,0.0000,0.0000,29.1000,29.1000
2025-04-01,5225,Packplatz,PP,0.0000,0.0000,0.0000,23.1000,23.1000
2025-04-01,5230,Springer,Prüfer BS,0.0000,0.0000,0.0000,0.0000,0.0000
2025-04-01,5231,MR1,MR1 Endmaße BS,0.0000,0.0000,0.0000,29.1000,29.1000
2025-04-01,5232,MR7,MR7 Lehren BS,0.0000,0.0000,0.0000,61.6000,61.6000
2025-04-01,5233,MR4,MR4 Lohnmessung BS,0.0000,0.0000,0.0000,7.7000,7.7000
2025-04-01,5234,MR2,MR2 Drehmoment BS,0.0000,0.0000,0.0000,30.8000,30.8000
2025-04-01,5235,MR6,MR6 Messschieber BS,0.0000,0.0000,0.0000,35.8000,35.8000
2025-04-01,5236,MR3,MR3 Messuhren BS,0.0000,0.0000,0.0000,38.5000,38.5000
2025-04-01,5237,MR9,MR9 Elektro BS,0.0000,0.0000,0.0000,23.1000,23.1000
2025-04-01,5238,MR8,MR8 Temperatur BS,0.0000,0.0000,0.0000,7.7000,7.7000
2025-04-01,5239,MR5,MR5 Bügelmesss. BS,0.0000,0.0000,0.0000,38.5000,38.5000
2025-04-01,5240,AV,Arbeitsvorbereit. BS,7.7000,15.4000,0.0000,64.9000,88.0000
2025-04-02,5211,MR11,MR11 Koordinatenm BS,0.0000,0.0000,0.0000,23.1000,23.1000
2025-04-02,5220,WE/WA,WE/WA BS,0.0000,0.0000,0.0000,0.0000,0.0000
2025-04-02,5222,WE,WE BS,0.0000,0.0000,0.0000,53.9000,53.9000
2025-04-02,5223,WA,WA BS,0.0000,0.0000,0.0000,29.1000,29.1000
2025-04-02,5225,Packplatz,PP,0.0000,0.0000,0.0000,23.1000,23.1000
2025-04-02,5230,Springer,Prüfer BS,0.0000,0.0000,0.0000,0.0000,0.0000
2025-04-02,5231,MR1,MR1 Endmaße BS,0.0000,0.0000,0.0000,29.1000,29.1000
2025-04-02,5232,MR7,MR7 Lehren BS,0.0000,0.0000,0.0000,61.6000,61.6000
2025-04-02,5233,MR4,MR4 Lohnmessung BS,0.0000,0.0000,0.0000,7.7000,7.7000
2025-04-02,5234,MR2,MR2 Drehmoment BS,0.0000,0.0000,0.0000,46.2000,46.2000
2025-04-02,5235,MR6,MR6 Messschieber BS,0.0000,0.0000,0.0000,35.8000,35.8000
2025-04-02,5236,MR3,MR3 Messuhren BS,0.0000,0.0000,0.0000,30.8000,30.8000
2025-04-02,5237,MR9,MR9 Elektro BS,0.0000,0.0000,0.0000,23.1000,23.1000
2025-04-02,5238,MR8,MR8 Temperatur BS,0.0000,0.0000,0.0000,7.7000,7.7000
2025-04-02,5239,MR5,MR5 Bügelmesss. BS,0.0000,0.0000,0.0000,38.5000,38.5000
2025-04-02,5240,AV,Arbeitsvorbereit. BS,0.0000,15.4000,0.0000,67.6000,83.0000
2025-04-03,5211,MR11,MR11 Koordinatenm BS,0.0000,0.0000,0.0000,23.1000,23.1000
2025-04-03,5220,WE/WA,WE/WA BS,0.0000,0.0000,0.0000,0.0000,0.0000
2025-04-03,5222,WE,WE BS,0.0000,0.0000,7.7000,46.2000,53.9000
2025-04-03,5223,WA,WA BS,0.0000,0.0000,0.0000,23.1000,23.1000
2025-04-03,5225,Packplatz,PP,0.0000,0.0000,0.0000,23.1000,23.1000
2025-04-03,5230,Springer,Prüfer BS,0.0000,0.0000,0.0000,0.0000,0.0000
2025-04-03,5231,MR1,MR1 Endmaße BS,0.0000,0.0000,0.0000,29.1000,29.1000
2025-04-03,5232,MR7,MR7 Lehren BS,0.0000,0.0000,0.0000,53.9000,53.9000
2025-04-03,5233,MR4,MR4 Lohnmessung BS,0.0000,0.0000,0.0000,7.7000,7.7000
2025-04-03,5234,MR2,MR2 Drehmoment BS,0.0000,7.7000,0.0000,38.5000,46.2000
2025-04-03,5235,MR6,MR6 Messschieber BS,0.0000,0.0000,0.0000,35.8000,35.8000
2025-04-03,5236,MR3,MR3 Messuhren BS,0.0000,0.0000,0.0000,30.8000,30.8000
2025-04-03,5237,MR9,MR9 Elektro BS,0.0000,0.0000,0.0000,23.1000,23.1000
2025-04-03,5238,MR8,MR8 Temperatur BS,0.0000,0.0000,0.0000,7.7000,7.7000
2025-04-03,5239,MR5,MR5 Bügelmesss. BS,0.0000,7.7000,0.0000,30.8000,38.5000
2025-04-03,5240,AV,Arbeitsvorbereit. BS,0.0000,15.4000,0.0000,72.6000,88.0000
2025-04-04,5211,MR11,MR11 Koordinatenm BS,0.0000,0.0000,0.0000,15.4000,15.4000
2025-04-04,5220,WE/WA,WE/WA BS,0.0000,0.0000,0.0000,0.0000,0.0000
2025-04-04,5222,WE,WE BS,0.0000,0.0000,15.4000,46.2000,61.6000
2025-04-04,5223,WA,WA BS,0.0000,0.0000,0.0000,15.4000,15.4000
2025-04-04,5225,Packplatz,PP,0.0000,0.0000,0.0000,23.1000,23.1000
2025-04-04,5230,Springer,Prüfer BS,0.0000,0.0000,0.0000,7.7000,7.7000
2025-04-04,5231,MR1,MR1 Endmaße BS,0.0000,0.0000,0.0000,29.1000,29.1000
2025-04-04,5232,MR7,MR7 Lehren BS,0.0000,0.0000,7.7000,61.6000,69.3000
2025-04-04,5233,MR4,MR4 Lohnmessung BS,0.0000,0.0000,0.0000,7.7000,7.7000
2025-04-04,5234,MR2,MR2 Drehmoment BS,0.0000,7.7000,0.0000,46.2000,53.9000
2025-04-04,5235,MR6,MR6 Messschieber BS,0.0000,0.0000,0.0000,20.4000,20.4000
2025-04-04,5236,MR3,MR3 Messuhren BS,0.0000,0.0000,0.0000,30.8000,30.8000
2025-04-04,5237,MR9,MR9 Elektro BS,0.0000,0.0000,0.0000,7.7000,7.7000
2025-04-04,5238,MR8,MR8 Temperatur BS,0.0000,0.0000,0.0000,15.4000,15.4000
2025-04-04,5239,MR5,MR5 Bügelmesss. BS,0.0000,7.7000,0.0000,30.8000,38.5000
2025-04-04,5240,AV,Arbeitsvorbereit. BS,0.0000,15.4000,0.0000,72.6000,88.0000
2025-04-07,5211,MR11,MR11 Koordinatenm BS,0.0000,0.0000,0.0000,15.4000,15.4000
2025-04-07,5220,WE/WA,WE/WA BS,0.0000,0.0000,0.0000,0.0000,0.0000
2025-04-07,5222,WE,WE BS,0.0000,0.0000,7.7000,53.9000,61.6000
2025-04-07,5223,WA,WA BS,0.0000,0.0000,0.0000,29.1000,29.1000
2025-04-07,5225,Packplatz,PP,0.0000,0.0000,0.0000,23.1000,23.1000
2025-04-07,5230,Springer,Prüfer BS,0.0000,0.0000,0.0000,7.7000,7.7000
2025-04-07,5231,MR1,MR1 Endmaße BS,0.0000,0.0000,0.0000,29.1000,29.1000
2025-04-07,5232,MR7,MR7 Lehren BS,0.0000,0.0000,15.4000,53.9000,69.3000
2025-04-07,5233,MR4,MR4 Lohnmessung BS,0.0000,0.0000,0.0000,7.7000,7.7000
2025-04-07,5234,MR2,MR2 Drehmoment BS,0.0000,0.0000,7.7000,46.2000,53.9000
2025-04-07,5235,MR6,MR6 Messschieber BS,0.0000,0.0000,0.0000,28.1000,28.1000
2025-04-07,5236,MR3,MR3 Messuhren BS,0.0000,0.0000,7.7000,23.1000,30.8000
2025-04-07,5237,MR9,MR9 Elektro BS,0.0000,0.0000,0.0000,7.7000,7.7000
2025-04-07,5238,MR8,MR8 Temperatur BS,0.0000,0.0000,0.0000,15.4000,15.4000
2025-04-07,5239,MR5,MR5 Bügelmesss. BS,0.0000,0.0000,7.7000,23.1000,30.8000
2025-04-07,5240,AV,Arbeitsvorbereit. BS,0.0000,7.7000,15.4000,64.9000,88.0000
2025-04-08,5211,MR11,MR11 Koordinatenm BS,0.0000,0.0000,0.0000,15.4000,15.4000
2025-04-08,5220,WE/WA,WE/WA BS,0.0000,0.0000,0.0000,0.0000,0.0000
2025-04-08,5222,WE,WE BS,0.0000,0.0000,7.7000,53.9000,61.6000
2025-04-08,5223,WA,WA BS,0.0000,0.0000,0.0000,29.1000,29.1000
2025-04-08,5225,Packplatz,PP,0.0000,0.0000,0.0000,23.1000,23.1000
2025-04-08,5230,Springer,Prüfer BS,0.0000,0.0000,0.0000,7.7000,7.7000
2025-04-08,5231,MR1,MR1 Endmaße BS,0.0000,0.0000,0.0000,29.1000,29.1000
2025-04-08,5232,MR7,MR7 Lehren BS,0.0000,0.0000,7.7000,61.6000,69.3000
2025-04-08,5233,MR4,MR4 Lohnmessung BS,0.0000,0.0000,0.0000,7.7000,7.7000
2025-04-08,5234,MR2,MR2 Drehmoment BS,0.0000,0.0000,7.7000,46.2000,53.9000
2025-04-08,5235,MR6,MR6 Messschieber BS,0.0000,0.0000,0.0000,28.1000,28.1000
2025-04-08,5236,MR3,MR3 Messuhren BS,0.0000,0.0000,7.7000,23.1000,30.8000
2025-04-08,5237,MR9,MR9 Elektro BS,0.0000,0.0000,0.0000,7.7000,7.7000
2025-04-08,5238,MR8,MR8 Temperatur BS,0.0000,0.0000,0.0000,15.4000,15.4000
2025-04-08,5239,MR5,MR5 Bügelmesss. BS,7.7000,7.7000,7.7000,15.4000,38.5000
2025-04-08,5240,AV,Arbeitsvorbereit. BS,0.0000,7.7000,7.7000,72.6000,88.0000
2025-04-09,5211,MR11,MR11 Koordinatenm BS,0.0000,0.0000,0.0000,15.4000,15.4000
2025-04-09,5220,WE/WA,WE/WA BS,0.0000,0.0000,0.0000,0.0000,0.0000
2025-04-09,5222,WE,WE BS,0.0000,0.0000,7.7000,53.9000,61.6000
2025-04-09,5223,WA,WA BS,0.0000,0.0000,0.0000,29.1000,29.1000
2025-04-09,5225,Packplatz,PP,0.0000,0.0000,0.0000,23.1000,23.1000
2025-04-09,5230,Springer,Prüfer BS,0.0000,0.0000,0.0000,7.7000,7.7000
2025-04-09,5231,MR1,MR1 Endmaße BS,0.0000,0.0000,0.0000,29.1000,29.1000
2025-04-09,5232,MR7,MR7 Lehren BS,0.0000,0.0000,7.7000,61.6000,69.3000
2025-04-09,5233,MR4,MR4 Lohnmessung BS,0.0000,0.0000,0.0000,7.7000,7.7000
2025-04-09,5234,MR2,MR2 Drehmoment BS,0.0000,0.0000,7.7000,46.2000,53.9000
2025-04-09,5235,MR6,MR6 Messschieber BS,0.0000,0.0000,0.0000,28.1000,28.1000
2025-04-09,5236,MR3,MR3 Messuhren BS,0.0000,0.0000,7.7000,23.1000,30.8000
2025-04-09,5237,MR9,MR9 Elektro BS,0.0000,0.0000,0.0000,7.7000,7.7000
2025-04-09,5238,MR8,MR8 Temperatur BS,0.0000,0.0000,0.0000,15.4000,15.4000
2025-04-09,5239,MR5,MR5 Bügelmesss. BS,0.0000,7.7000,7.7000,23.1000,38.5000
2025-04-09,5240,AV,Arbeitsvorbereit. BS,0.0000,15.4000,7.7000,59.9000,83.0000
2025-04-10,5211,MR11,MR11 Koordinatenm BS,0.0000,0.0000,0.0000,15.4000,15.4000
2025-04-10,5220,WE/WA,WE/WA BS,0.0000,0.0000,0.0000,0.0000,0.0000
2025-04-10,5222,WE,WE BS,0.0000,0.0000,7.7000,53.9000,61.6000
2025-04-10,5223,WA,WA BS,0.0000,0.0000,0.0000,23.1000,23.1000
2025-04-10,5225,Packplatz,PP,0.0000,0.0000,0.0000,23.1000,23.1000
2025-04-10,5230,Springer,Prüfer BS,0.0000,0.0000,0.0000,7.7000,7.7000
2025-04-10,5231,MR1,MR1 Endmaße BS,0.0000,0.0000,0.0000,29.1000,29.1000
2025-04-10,5232,MR7,MR7 Lehren BS,0.0000,0.0000,7.7000,66.6000,74.3000
2025-04-10,5233,MR4,MR4 Lohnmessung BS,0.0000,0.0000,0.0000,7.7000,7.7000
2025-04-10,5234,MR2,MR2 Drehmoment BS,0.0000,0.0000,7.7000,46.2000,53.9000
2025-04-10,5235,MR6,MR6 Messschieber BS,0.0000,0.0000,0.0000,28.1000,28.1000
2025-04-10,5236,MR3,MR3 Messuhren BS,0.0000,7.7000,7.7000,15.4000,30.8000
2025-04-10,5237,MR9,MR9 Elektro BS,0.0000,0.0000,0.0000,7.7000,7.7000
2025-04-10,5238,MR8,MR8 Temperatur BS,0.0000,0.0000,0.0000,15.4000,15.4000
2025-04-10,5239,MR5,MR5 Bügelmesss. BS,0.0000,7.7000,7.7000,23.1000,38.5000
2025-04-10,5240,AV,Arbeitsvorbereit. BS,0.0000,15.4000,7.7000,64.9000,88.0000
2025-04-11,5211,MR11,MR11 Koordinatenm BS,0.0000,0.0000,0.0000,15.4000,15.4000
2025-04-11,5220,WE/WA,WE/WA BS,0.0000,0.0000,0.0000,0.0000,0.0000
2025-04-11,5222,WE,WE BS,0.0000,0.0000,15.4000,46.2000,61.6000
2025-04-11,5223,WA,WA BS,0.0000,0.0000,0.0000,15.4000,15.4000
2025-04-11,5225,Packplatz,PP,0.0000,0.0000,7.7000,15.4000,23.1000
2025-04-11,5230,Springer,Prüfer BS,0.0000,0.0000,0.0000,7.7000,7.7000
2025-04-11,5231,MR1,MR1 Endmaße BS,0.0000,0.0000,0.0000,29.1000,29.1000
2025-04-11,5232,MR7,MR7 Lehren BS,0.0000,7.7000,7.7000,53.9000,69.3000
2025-04-11,5233,MR4,MR4 Lohnmessung BS,0.0000,0.0000,0.0000,7.7000,7.7000
2025-04-11,5234,MR2,MR2 Drehmoment BS,0.0000,0.0000,7.7000,46.2000,53.9000
2025-04-11,5235,MR6,MR6 Messschieber BS,0.0000,0.0000,0.0000,28.1000,28.1000
2025-04-11,5236,MR3,MR3 Messuhren BS,0.0000,7.7000,7.7000,15.4000,30.8000
2025-04-11,5237,MR9,MR9 Elektro BS,0.0000,7.7000,0.0000,0.0000,7.7000
2025-04-11,5238,MR8,MR8 Temperatur BS,0.0000,0.0000,0.0000,15.4000,15.4000
2025-04-11,5239,MR5,MR5 Bügelmesss. BS,0.0000,7.7000,7.7000,23.1000,38.5000
2025-04-11,5240,AV,Arbeitsvorbereit. BS,0.0000,15.4000,7.7000,64.9000,88.0000
2025-04-14,5211,MR11,MR11 Koordinatenm BS,0.0000,0.0000,0.0000,15.4000,15.4000
2025-04-14,5220,WE/WA,WE/WA BS,0.0000,0.0000,0.0000,0.0000,0.0000
2025-04-14,5222,WE,WE BS,0.0000,0.0000,23.1000,38.5000,61.6000
2025-04-14,5223,WA,WA BS,0.0000,0.0000,7.7000,21.4000,29.1000
2025-04-14,5225,Packplatz,PP,0.0000,0.0000,7.7000,15.4000,23.1000
2025-04-14,5230,Springer,Prüfer BS,0.0000,0.0000,0.0000,15.4000,15.4000
2025-04-14,5231,MR1,MR1 Endmaße BS,0.0000,0.0000,0.0000,29.1000,29.1000
2025-04-14,5232,MR7,MR7 Lehren BS,0.0000,0.0000,7.7000,61.6000,69.3000
2025-04-14,5233,MR4,MR4 Lohnmessung BS,0.0000,0.0000,0.0000,7.7000,7.7000
2025-04-14,5234,MR2,MR2 Drehmoment BS,0.0000,0.0000,15.4000,38.5000,53.9000
2025-04-14,5235,MR6,MR6 Messschieber BS,0.0000,0.0000,5.0000,23.1000,28.1000
2025-04-14,5236,MR3,MR3 Messuhren BS,0.0000,0.0000,7.7000,23.1000,30.8000
2025-04-14,5237,MR9,MR9 Elektro BS,0.0000,7.7000,0.0000,0.0000,7.7000
2025-04-14,5238,MR8,MR8 Temperatur BS,0.0000,0.0000,7.7000,7.7000,15.4000
2025-04-14,5239,MR5,MR5 Bügelmesss. BS,0.0000,0.0000,7.7000,23.1000,30.8000
2025-04-14,5240,AV,Arbeitsvorbereit. BS,0.0000,7.7000,5.0000,75.3000,88.0000
2025-04-15,5211,MR11,MR11 Koordinatenm BS,0.0000,0.0000,0.0000,15.4000,15.4000
2025-04-15,5220,WE/WA,WE/WA BS,0.0000,0.0000,0.0000,0.0000,0.0000
2025-04-15,5222,WE,WE BS,0.0000,0.0000,15.4000,46.2000,61.6000
2025-04-15,5223,WA,WA BS,0.0000,0.0000,7.7000,21.4000,29.1000
2025-04-15,5225,Packplatz,PP,0.0000,0.0000,7.7000,15.4000,23.1000
2025-04-15,5230,Springer,Prüfer BS,0.0000,0.0000,0.0000,15.4000,15.4000
2025-04-15,5231,MR1,MR1 Endmaße BS,0.0000,0.0000,0.0000,29.1000,29.1000
2025-04-15,5232,MR7,MR7 Lehren BS,0.0000,0.0000,7.7000,61.6000,69.3000
2025-04-15,5233,MR4,MR4 Lohnmessung BS,0.0000,0.0000,0.0000,7.7000,7.7000
2025-04-15,5234,MR2,MR2 Drehmoment BS,0.0000,0.0000,15.4000,38.5000,53.9000
2025-04-15,5235,MR6,MR6 Messschieber BS,0.0000,0.0000,5.0000,23.1000,28.1000
2025-04-15,5236,MR3,MR3 Messuhren BS,0.0000,0.0000,7.7000,23.1000,30.8000
2025-04-15,5237,MR9,MR9 Elektro BS,0.0000,7.7000,0.0000,0.0000,7.7000
2025-04-15,5238,MR8,MR8 Temperatur BS,0.0000,0.0000,7.7000,7.7000,15.4000
2025-04-15,5239,MR5,MR5 Bügelmesss. BS,0.0000,7.7000,7.7000,23.1000,38.5000
2025-04-15,5240,AV,Arbeitsvorbereit. BS,0.0000,7.7000,5.0000,75.3000,88.0000
2025-04-16,5211,MR11,MR11 Koordinatenm BS,0.0000,0.0000,0.0000,15.4000,15.4000
2025-04-16,5220,WE/WA,WE/WA BS,0.0000,0.0000,0.0000,0.0000,0.0000
2025-04-16,5222,WE,WE BS,0.0000,0.0000,15.4000,46.2000,61.6000
2025-04-16,5223,WA,WA BS,0.0000,0.0000,7.7000,21.4000,29.1000
2025-04-16,5225,Packplatz,PP,0.0000,0.0000,7.7000,15.4000,23.1000
2025-04-16,5230,Springer,Prüfer BS,0.0000,0.0000,0.0000,15.4000,15.4000
2025-04-16,5231,MR1,MR1 Endmaße BS,0.0000,0.0000,0.0000,29.1000,29.1000
2025-04-16,5232,MR7,MR7 Lehren BS,0.0000,0.0000,23.1000,46.2000,69.3000
2025-04-16,5233,MR4,MR4 Lohnmessung BS,0.0000,0.0000,0.0000,7.7000,7.7000
2025-04-16,5234,MR2,MR2 Drehmoment BS,0.0000,0.0000,23.1000,30.8000,53.9000
2025-04-16,5235,MR6,MR6 Messschieber BS,0.0000,0.0000,5.0000,23.1000,28.1000
2025-04-16,5236,MR3,MR3 Messuhren BS,0.0000,0.0000,7.7000,23.1000,30.8000
2025-04-16,5237,MR9,MR9 Elektro BS,0.0000,7.7000,0.0000,0.0000,7.7000
2025-04-16,5238,MR8,MR8 Temperatur BS,0.0000,0.0000,7.7000,7.7000,15.4000
2025-04-16,5239,MR5,MR5 Bügelmesss. BS,0.0000,7.7000,7.7000,23.1000,38.5000
2025-04-16,5240,AV,Arbeitsvorbereit. BS,0.0000,7.7000,0.0000,75.3000,83.0000
2025-04-17,5211,MR11,MR11 Koordinatenm BS,0.0000,0.0000,0.0000,15.4000,15.4000
2025-04-17,5220,WE/WA,WE/WA BS,0.0000,0.0000,0.0000,0.0000,0.0000
2025-04-17,5222,WE,WE BS,0.0000,0.0000,15.4000,46.2000,61.6000
2025-04-17,5223,WA,WA BS,0.0000,0.0000,7.7000,15.4000,23.1000
2025-04-17,5225,Packplatz,PP,0.0000,0.0000,7.7000,15.4000,23.1000
2025-04-17,5230,Springer,Prüfer BS,0.0000,0.0000,0.0000,15.4000,15.4000
2025-04-17,5231,MR1,MR1 Endmaße BS,0.0000,0.0000,0.0000,29.1000,29.1000
2025-04-17,5232,MR7,MR7 Lehren BS,0.0000,0.0000,23.1000,46.2000,69.3000
2025-04-17,5233,MR4,MR4 Lohnmessung BS,0.0000,0.0000,0.0000,7.7000,7.7000
2025-04-17,5234,MR2,MR2 Drehmoment BS,0.0000,0.0000,23.1000,30.8000,53.9000
2025-04-17,5235,MR6,MR6 Messschieber BS,0.0000,0.0000,5.0000,23.1000,28.1000
2025-04-17,5236,MR3,MR3 Messuhren BS,0.0000,0.0000,7.7000,23.1000,30.8000
2025-04-17,5237,MR9,MR9 Elektro BS,0.0000,7.7000,0.0000,0.0000,7.7000
2025-04-17,5238,MR8,MR8 Temperatur BS,0.0000,0.0000,7.7000,7.7000,15.4000
2025-04-17,5239,MR5,MR5 Bügelmesss. BS,0.0000,7.7000,7.7000,23.1000,38.5000
2025-04-17,5240,AV,Arbeitsvorbereit. BS,0.0000,7.7000,5.0000,67.6000,80.3000
2025-04-22,5211,MR11,MR11 Koordinatenm BS,0.0000,0.0000,0.0000,15.4000,15.4000
2025-04-22,5220,WE/WA,WE/WA BS,0.0000,0.0000,0.0000,0.0000,0.0000
2025-04-22,5222,WE,WE BS,0.0000,0.0000,0.0000,61.6000,61.6000
2025-04-22,5223,WA,WA BS,0.0000,0.0000,7.7000,21.4000,29.1000
2025-04-22,5225,Packplatz,PP,0.0000,0.0000,7.7000,15.4000,23.1000
2025-04-22,5230,Springer,Prüfer BS,0.0000,0.0000,0.0000,15.4000,15.4000
2025-04-22,5231,MR1,MR1 Endmaße BS,0.0000,0.0000,13.7000,15.4000,29.1000
2025-04-22,5232,MR7,MR7 Lehren BS,0.0000,0.0000,30.8000,38.5000,69.3000
2025-04-22,5233,MR4,MR4 Lohnmessung BS,0.0000,0.0000,7.7000,,7.7000
2025-04-22,5234,MR2,MR2 Drehmoment BS,0.0000,0.0000,7.7000,46.2000,53.9000
2025-04-22,5235,MR6,MR6 Messschieber BS,0.0000,0.0000,7.7000,20.4000,28.1000
2025-04-22,5236,MR3,MR3 Messuhren BS,0.0000,0.0000,15.4000,15.4000,30.8000
2025-04-22,5237,MR9,MR9 Elektro BS,0.0000,0.0000,0.0000,7.7000,7.7000
2025-04-22,5238,MR8,MR8 Temperatur BS,0.0000,0.0000,7.7000,7.7000,15.4000
2025-04-22,5239,MR5,MR5 Bügelmesss. BS,0.0000,0.0000,0.0000,38.5000,38.5000
2025-04-22,5240,AV,Arbeitsvorbereit. BS,0.0000,7.7000,15.4000,64.9000,88.0000
2025-04-23,5211,MR11,MR11 Koordinatenm BS,0.0000,0.0000,0.0000,15.4000,15.4000
2025-04-23,5220,WE/WA,WE/WA BS,0.0000,0.0000,0.0000,0.0000,0.0000
2025-04-23,5222,WE,WE BS,0.0000,0.0000,0.0000,61.6000,61.6000
2025-04-23,5223,WA,WA BS,0.0000,0.0000,7.7000,21.4000,29.1000
2025-04-23,5225,Packplatz,PP,0.0000,0.0000,7.7000,15.4000,23.1000
2025-04-23,5230,Springer,Prüfer BS,0.0000,0.0000,0.0000,15.4000,15.4000
2025-04-23,5231,MR1,MR1 Endmaße BS,0.0000,0.0000,13.7000,15.4000,29.1000
2025-04-23,5232,MR7,MR7 Lehren BS,0.0000,0.0000,30.8000,38.5000,69.3000
2025-04-23,5233,MR4,MR4 Lohnmessung BS,0.0000,0.0000,7.7000,,7.7000
2025-04-23,5234,MR2,MR2 Drehmoment BS,0.0000,0.0000,7.7000,46.2000,53.9000
2025-04-23,5235,MR6,MR6 Messschieber BS,0.0000,0.0000,7.7000,20.4000,28.1000
2025-04-23,5236,MR3,MR3 Messuhren BS,0.0000,0.0000,7.7000,23.1000,30.8000
2025-04-23,5237,MR9,MR9 Elektro BS,0.0000,0.0000,0.0000,7.7000,7.7000
2025-04-23,5238,MR8,MR8 Temperatur BS,0.0000,0.0000,7.7000,7.7000,15.4000
2025-04-23,5239,MR5,MR5 Bügelmesss. BS,0.0000,0.0000,0.0000,38.5000,38.5000
2025-04-23,5240,AV,Arbeitsvorbereit. BS,0.0000,7.7000,7.7000,67.6000,83.0000
2025-04-24,5211,MR11,MR11 Koordinatenm BS,0.0000,0.0000,0.0000,15.4000,15.4000
2025-04-24,5220,WE/WA,WE/WA BS,0.0000,0.0000,0.0000,0.0000,0.0000
2025-04-24,5222,WE,WE BS,0.0000,0.0000,0.0000,61.6000,61.6000
2025-04-24,5223,WA,WA BS,0.0000,0.0000,7.7000,15.4000,23.1000
2025-04-24,5225,Packplatz,PP,0.0000,0.0000,7.7000,15.4000,23.1000
2025-04-24,5230,Springer,Prüfer BS,0.0000,0.0000,0.0000,15.4000,15.4000
2025-04-24,5231,MR1,MR1 Endmaße BS,0.0000,0.0000,13.7000,15.4000,29.1000
2025-04-24,5232,MR7,MR7 Lehren BS,0.0000,0.0000,23.1000,46.2000,69.3000
2025-04-24,5233,MR4,MR4 Lohnmessung BS,0.0000,0.0000,7.7000,,7.7000
2025-04-24,5234,MR2,MR2 Drehmoment BS,0.0000,0.0000,7.7000,46.2000,53.9000
2025-04-24,5235,MR6,MR6 Messschieber BS,0.0000,0.0000,7.7000,20.4000,28.1000
2025-04-24,5236,MR3,MR3 Messuhren BS,0.0000,0.0000,7.7000,23.1000,30.8000
2025-04-24,5237,MR9,MR9 Elektro BS,0.0000,0.0000,0.0000,7.7000,7.7000
2025-04-24,5238,MR8,MR8 Temperatur BS,0.0000,0.0000,7.7000,7.7000,15.4000
2025-04-24,5239,MR5,MR5 Bügelmesss. BS,0.0000,0.0000,0.0000,38.5000,38.5000
2025-04-24,5240,AV,Arbeitsvorbereit. BS,0.0000,7.7000,0.0000,80.3000,88.0000
2025-04-25,5211,MR11,MR11 Koordinatenm BS,0.0000,0.0000,0.0000,15.4000,15.4000
2025-04-25,5220,WE/WA,WE/WA BS,0.0000,0.0000,0.0000,0.0000,0.0000
2025-04-25,5222,WE,WE BS,0.0000,0.0000,0.0000,61.6000,61.6000
2025-04-25,5223,WA,WA BS,0.0000,0.0000,7.7000,7.7000,15.4000
2025-04-25,5225,Packplatz,PP,0.0000,0.0000,7.7000,15.4000,23.1000
2025-04-25,5230,Springer,Prüfer BS,0.0000,0.0000,0.0000,15.4000,15.4000
2025-04-25,5231,MR1,MR1 Endmaße BS,0.0000,0.0000,13.7000,15.4000,29.1000
2025-04-25,5232,MR7,MR7 Lehren BS,0.0000,0.0000,23.1000,46.2000,69.3000
2025-04-25,5233,MR4,MR4 Lohnmessung BS,0.0000,0.0000,7.7000,,7.7000
2025-04-25,5234,MR2,MR2 Drehmoment BS,0.0000,0.0000,7.7000,46.2000,53.9000
2025-04-25,5235,MR6,MR6 Messschieber BS,0.0000,0.0000,7.7000,20.4000,28.1000
2025-04-25,5236,MR3,MR3 Messuhren BS,0.0000,0.0000,7.7000,23.1000,30.8000
2025-04-25,5237,MR9,MR9 Elektro BS,0.0000,0.0000,0.0000,7.7000,7.7000
2025-04-25,5238,MR8,MR8 Temperatur BS,0.0000,0.0000,7.7000,7.7000,15.4000
2025-04-25,5239,MR5,MR5 Bügelmesss. BS,0.0000,0.0000,0.0000,38.5000,38.5000
2025-04-25,5240,AV,Arbeitsvorbereit. BS,0.0000,7.7000,0.0000,80.3000,88.0000
2025-04-28,5211,MR11,MR11 Koordinatenm BS,0.0000,0.0000,0.0000,15.4000,15.4000
2025-04-28,5220,WE/WA,WE/WA BS,0.0000,0.0000,0.0000,0.0000,0.0000
2025-04-28,5222,WE,WE BS,0.0000,0.0000,7.7000,53.9000,61.6000
2025-04-28,5223,WA,WA BS,0.0000,0.0000,7.7000,21.4000,29.1000
2025-04-28,5225,Packplatz,PP,0.0000,0.0000,7.7000,15.4000,23.1000
2025-04-28,5230,Springer,Prüfer BS,0.0000,0.0000,0.0000,15.4000,15.4000
2025-04-28,5231,MR1,MR1 Endmaße BS,0.0000,0.0000,0.0000,29.1000,29.1000
2025-04-28,5232,MR7,MR7 Lehren BS,0.0000,0.0000,7.7000,61.6000,69.3000
2025-04-28,5233,MR4,MR4 Lohnmessung BS,0.0000,0.0000,0.0000,7.7000,7.7000
2025-04-28,5234,MR2,MR2 Drehmoment BS,0.0000,0.0000,0.0000,53.9000,53.9000
2025-04-28,5235,MR6,MR6 Messschieber BS,0.0000,0.0000,0.0000,28.1000,28.1000
2025-04-28,5236,MR3,MR3 Messuhren BS,0.0000,0.0000,0.0000,30.8000,30.8000
2025-04-28,5237,MR9,MR9 Elektro BS,0.0000,0.0000,0.0000,7.7000,7.7000
2025-04-28,5238,MR8,MR8 Temperatur BS,0.0000,0.0000,7.7000,7.7000,15.4000
2025-04-28,5239,MR5,MR5 Bügelmesss. BS,0.0000,0.0000,0.0000,30.8000,30.8000
2025-04-28,5240,AV,Arbeitsvorbereit. BS,0.0000,7.7000,7.7000,72.6000,88.0000
2025-04-29,5211,MR11,MR11 Koordinatenm BS,0.0000,0.0000,0.0000,15.4000,15.4000
2025-04-29,5220,WE/WA,WE/WA BS,0.0000,0.0000,0.0000,0.0000,0.0000
2025-04-29,5222,WE,WE BS,0.0000,0.0000,7.7000,53.9000,61.6000
2025-04-29,5223,WA,WA BS,0.0000,0.0000,7.7000,21.4000,29.1000
2025-04-29,5225,Packplatz,PP,0.0000,0.0000,7.7000,15.4000,23.1000
2025-04-29,5230,Springer,Prüfer BS,0.0000,0.0000,0.0000,15.4000,15.4000
2025-04-29,5231,MR1,MR1 Endmaße BS,0.0000,0.0000,0.0000,29.1000,29.1000
2025-04-29,5232,MR7,MR7 Lehren BS,0.0000,0.0000,7.7000,61.6000,69.3000
2025-04-29,5233,MR4,MR4 Lohnmessung BS,0.0000,0.0000,0.0000,7.7000,7.7000
2025-04-29,5234,MR2,MR2 Drehmoment BS,0.0000,0.0000,0.0000,53.9000,53.9000
2025-04-29,5235,MR6,MR6 Messschieber BS,0.0000,0.0000,0.0000,28.1000,28.1000
2025-04-29,5236,MR3,MR3 Messuhren BS,0.0000,0.0000,0.0000,30.8000,30.8000
2025-04-29,5237,MR9,MR9 Elektro BS,0.0000,0.0000,0.0000,7.7000,7.7000
2025-04-29,5238,MR8,MR8 Temperatur BS,0.0000,0.0000,7.7000,7.7000,15.4000
2025-04-29,5239,MR5,MR5 Bügelmesss. BS,0.0000,0.0000,0.0000,38.5000,38.5000
2025-04-29,5240,AV,Arbeitsvorbereit. BS,0.0000,0.0000,7.7000,72.6000,80.3000
2025-04-30,5211,MR11,MR11 Koordinatenm BS,0.0000,0.0000,7.7000,7.7000,15.4000
2025-04-30,5220,WE/WA,WE/WA BS,0.0000,0.0000,0.0000,0.0000,0.0000
2025-04-30,5222,WE,WE BS,0.0000,0.0000,7.7000,53.9000,61.6000
2025-04-30,5223,WA,WA BS,0.0000,0.0000,7.7000,21.4000,29.1000
2025-04-30,5225,Packplatz,PP,0.0000,0.0000,7.7000,15.4000,23.1000
2025-04-30,5230,Springer,Prüfer BS,0.0000,0.0000,0.0000,15.4000,15.4000
2025-04-30,5231,MR1,MR1 Endmaße BS,0.0000,0.0000,0.0000,29.1000,29.1000
2025-04-30,5232,MR7,MR7 Lehren BS,0.0000,0.0000,7.7000,61.6000,69.3000
2025-04-30,5233,MR4,MR4 Lohnmessung BS,0.0000,0.0000,0.0000,7.7000,7.7000
2025-04-30,5234,MR2,MR2 Drehmoment BS,0.0000,0.0000,7.7000,46.2000,53.9000
2025-04-30,5235,MR6,MR6 Messschieber BS,0.0000,0.0000,0.0000,28.1000,28.1000
2025-04-30,5236,MR3,MR3 Messuhren BS,0.0000,0.0000,0.0000,30.8000,30.8000
2025-04-30,5237,MR9,MR9 Elektro BS,0.0000,0.0000,0.0000,7.7000,7.7000
2025-04-30,5238,MR8,MR8 Temperatur BS,0.0000,0.0000,7.7000,7.7000,15.4000
2025-04-30,5239,MR5,MR5 Bügelmesss. BS,0.0000,0.0000,0.0000,38.5000,38.5000
2025-04-30,5240,AV,Arbeitsvorbereit. BS,0.0000,0.0000,7.7000,67.6000,75.3000
2025-05-02,5211,MR11,MR11 Koordinatenm BS,0.0000,0.0000,7.7000,15.4000,23.1000
2025-05-02,5220,WE/WA,WE/WA BS,0.0000,0.0000,0.0000,0.0000,0.0000
2025-05-02,5222,WE,WE BS,0.0000,0.0000,23.1000,38.5000,61.6000
2025-05-02,5223,WA,WA BS,0.0000,0.0000,7.7000,7.7000,15.4000
2025-05-02,5225,Packplatz,PP,0.0000,0.0000,7.7000,15.4000,23.1000
2025-05-02,5230,Springer,Prüfer BS,0.0000,0.0000,0.0000,7.7000,7.7000
2025-05-02,5231,MR1,MR1 Endmaße BS,0.0000,0.0000,13.7000,15.4000,29.1000
2025-05-02,5232,MR7,MR7 Lehren BS,0.0000,0.0000,30.8000,30.8000,61.6000
2025-05-02,5233,MR4,MR4 Lohnmessung BS,0.0000,0.0000,7.7000,,7.7000
2025-05-02,5234,MR2,MR2 Drehmoment BS,0.0000,0.0000,15.4000,23.1000,38.5000
2025-05-02,5235,MR6,MR6 Messschieber BS,0.0000,0.0000,15.4000,20.4000,35.8000
2025-05-02,5236,MR3,MR3 Messuhren BS,0.0000,0.0000,23.1000,15.4000,38.5000
2025-05-02,5237,MR9,MR9 Elektro BS,0.0000,0.0000,7.7000,15.4000,23.1000
2025-05-02,5238,MR8,MR8 Temperatur BS,0.0000,0.0000,7.7000,,7.7000
2025-05-02,5239,MR5,MR5 Bügelmesss. BS,0.0000,0.0000,23.1000,15.4000,38.5000
2025-05-02,5240,AV,Arbeitsvorbereit. BS,0.0000,0.0000,26.4000,53.9000,80.3000
2025-05-05,5211,MR11,MR11 Koordinatenm BS,0.0000,0.0000,7.7000,15.4000,23.1000
2025-05-05,5220,WE/WA,WE/WA BS,0.0000,0.0000,0.0000,0.0000,0.0000
2025-05-05,5222,WE,WE BS,0.0000,0.0000,7.7000,53.9000,61.6000
2025-05-05,5223,WA,WA BS,0.0000,0.0000,7.7000,21.4000,29.1000
2025-05-05,5225,Packplatz,PP,0.0000,0.0000,0.0000,21.4000,21.4000
2025-05-05,5230,Springer,Prüfer BS,0.0000,0.0000,0.0000,0.0000,0.0000
2025-05-05,5231,MR1,MR1 Endmaße BS,0.0000,0.0000,0.0000,29.1000,29.1000
2025-05-05,5232,MR7,MR7 Lehren BS,0.0000,0.0000,7.7000,46.2000,53.9000
2025-05-05,5233,MR4,MR4 Lohnmessung BS,0.0000,0.0000,0.0000,7.7000,7.7000
2025-05-05,5234,MR2,MR2 Drehmoment BS,0.0000,0.0000,7.7000,30.8000,38.5000
2025-05-05,5235,MR6,MR6 Messschieber BS,0.0000,0.0000,0.0000,35.8000,35.8000
2025-05-05,5236,MR3,MR3 Messuhren BS,0.0000,0.0000,0.0000,38.5000,38.5000
2025-05-05,5237,MR9,MR9 Elektro BS,0.0000,0.0000,0.0000,23.1000,23.1000
2025-05-05,5238,MR8,MR8 Temperatur BS,0.0000,0.0000,0.0000,7.7000,7.7000
2025-05-05,5239,MR5,MR5 Bügelmesss. BS,0.0000,0.0000,0.0000,38.5000,38.5000
2025-05-05,5240,AV,Arbeitsvorbereit. BS,0.0000,7.7000,15.4000,57.2000,80.3000
2025-05-06,5211,MR11,MR11 Koordinatenm BS,0.0000,0.0000,0.0000,23.1000,23.1000
2025-05-06,5220,WE/WA,WE/WA BS,0.0000,0.0000,0.0000,0.0000,0.0000
2025-05-06,5222,WE,WE BS,0.0000,0.0000,7.7000,53.9000,61.6000
2025-05-06,5223,WA,WA BS,0.0000,0.0000,7.7000,21.4000,29.1000
2025-05-06,5225,Packplatz,PP,0.0000,0.0000,0.0000,21.4000,21.4000
2025-05-06,5230,Springer,Prüfer BS,0.0000,0.0000,0.0000,0.0000,0.0000
2025-05-06,5231,MR1,MR1 Endmaße BS,0.0000,0.0000,0.0000,29.1000,29.1000
2025-05-06,5232,MR7,MR7 Lehren BS,0.0000,0.0000,7.7000,46.2000,53.9000
2025-05-06,5233,MR4,MR4 Lohnmessung BS,0.0000,0.0000,0.0000,7.7000,7.7000
2025-05-06,5234,MR2,MR2 Drehmoment BS,0.0000,0.0000,7.7000,30.8000,38.5000
2025-05-06,5235,MR6,MR6 Messschieber BS,0.0000,0.0000,0.0000,35.8000,35.8000
2025-05-06,5236,MR3,MR3 Messuhren BS,0.0000,0.0000,0.0000,38.5000,38.5000
2025-05-06,5237,MR9,MR9 Elektro BS,0.0000,0.0000,0.0000,23.1000,23.1000
2025-05-06,5238,MR8,MR8 Temperatur BS,0.0000,0.0000,0.0000,7.7000,7.7000
2025-05-06,5239,MR5,MR5 Bügelmesss. BS,0.0000,0.0000,0.0000,46.2000,46.2000
2025-05-06,5240,AV,Arbeitsvorbereit. BS,0.0000,7.7000,15.4000,57.2000,80.3000
2025-05-07,5211,MR11,MR11 Koordinatenm BS,0.0000,0.0000,0.0000,23.1000,23.1000
2025-05-07,5220,WE/WA,WE/WA BS,0.0000,0.0000,0.0000,0.0000,0.0000
2025-05-07,5222,WE,WE BS,0.0000,0.0000,7.7000,53.9000,61.6000
2025-05-07,5223,WA,WA BS,0.0000,0.0000,7.7000,21.4000,29.1000
2025-05-07,5225,Packplatz,PP,0.0000,0.0000,0.0000,21.4000,21.4000
2025-05-07,5230,Springer,Prüfer BS,0.0000,0.0000,0.0000,0.0000,0.0000
2025-05-07,5231,MR1,MR1 Endmaße BS,0.0000,0.0000,0.0000,29.1000,29.1000
2025-05-07,5232,MR7,MR7 Lehren BS,0.0000,0.0000,7.7000,46.2000,53.9000
2025-05-07,5233,MR4,MR4 Lohnmessung BS,0.0000,0.0000,0.0000,7.7000,7.7000
2025-05-07,5234,MR2,MR2 Drehmoment BS,0.0000,0.0000,7.7000,30.8000,38.5000
2025-05-07,5235,MR6,MR6 Messschieber BS,0.0000,0.0000,0.0000,35.8000,35.8000
2025-05-07,5236,MR3,MR3 Messuhren BS,0.0000,0.0000,0.0000,38.5000,38.5000
2025-05-07,5237,MR9,MR9 Elektro BS,0.0000,0.0000,0.0000,23.1000,23.1000
2025-05-07,5238,MR8,MR8 Temperatur BS,0.0000,0.0000,0.0000,7.7000,7.7000
2025-05-07,5239,MR5,MR5 Bügelmesss. BS,0.0000,0.0000,0.0000,46.2000,46.2000
2025-05-07,5240,AV,Arbeitsvorbereit. BS,0.0000,7.7000,23.1000,44.5000,75.3000
2025-05-08,5211,MR11,MR11 Koordinatenm BS,0.0000,0.0000,0.0000,23.1000,23.1000
2025-05-08,5220,WE/WA,WE/WA BS,0.0000,0.0000,0.0000,0.0000,0.0000
2025-05-08,5222,WE,WE BS,0.0000,0.0000,0.0000,61.6000,61.6000
2025-05-08,5223,WA,WA BS,0.0000,0.0000,7.7000,15.4000,23.1000
2025-05-08,5225,Packplatz,PP,0.0000,0.0000,0.0000,21.4000,21.4000
2025-05-08,5230,Springer,Prüfer BS,0.0000,0.0000,0.0000,0.0000,0.0000
2025-05-08,5231,MR1,MR1 Endmaße BS,0.0000,0.0000,0.0000,29.1000,29.1000
2025-05-08,5232,MR7,MR7 Lehren BS,0.0000,0.0000,5.0000,53.9000,58.9000
2025-05-08,5233,MR4,MR4 Lohnmessung BS,0.0000,0.0000,0.0000,7.7000,7.7000
2025-05-08,5234,MR2,MR2 Drehmoment BS,0.0000,0.0000,7.7000,38.5000,46.2000
2025-05-08,5235,MR6,MR6 Messschieber BS,0.0000,0.0000,0.0000,35.8000,35.8000
2025-05-08,5236,MR3,MR3 Messuhren BS,0.0000,0.0000,0.0000,30.8000,30.8000
2025-05-08,5237,MR9,MR9 Elektro BS,0.0000,0.0000,0.0000,23.1000,23.1000
2025-05-08,5238,MR8,MR8 Temperatur BS,0.0000,0.0000,0.0000,7.7000,7.7000
2025-05-08,5239,MR5,MR5 Bügelmesss. BS,0.0000,7.7000,0.0000,38.5000,46.2000
2025-05-08,5240,AV,Arbeitsvorbereit. BS,0.0000,7.7000,15.4000,57.2000,80.3000
2025-05-09,5211,MR11,MR11 Koordinatenm BS,0.0000,0.0000,0.0000,23.1000,23.1000
2025-05-09,5220,WE/WA,WE/WA BS,0.0000,0.0000,0.0000,0.0000,0.0000
2025-05-09,5222,WE,WE BS,0.0000,0.0000,0.0000,61.6000,61.6000
2025-05-09,5223,WA,WA BS,0.0000,0.0000,7.7000,7.7000,15.4000
2025-05-09,5225,Packplatz,PP,0.0000,0.0000,0.0000,21.4000,21.4000
2025-05-09,5230,Springer,Prüfer BS,0.0000,0.0000,0.0000,0.0000,0.0000
2025-05-09,5231,MR1,MR1 Endmaße BS,0.0000,0.0000,0.0000,29.1000,29.1000
2025-05-09,5232,MR7,MR7 Lehren BS,0.0000,0.0000,5.0000,53.9000,58.9000
2025-05-09,5233,MR4,MR4 Lohnmessung BS,0.0000,0.0000,0.0000,7.7000,7.7000
2025-05-09,5234,MR2,MR2 Drehmoment BS,0.0000,0.0000,7.7000,38.5000,46.2000
2025-05-09,5235,MR6,MR6 Messschieber BS,0.0000,0.0000,0.0000,35.8000,35.8000
2025-05-09,5236,MR3,MR3 Messuhren BS,0.0000,0.0000,0.0000,30.8000,30.8000
2025-05-09,5237,MR9,MR9 Elektro BS,0.0000,0.0000,0.0000,23.1000,23.1000
2025-05-09,5238,MR8,MR8 Temperatur BS,0.0000,0.0000,0.0000,7.7000,7.7000
2025-05-09,5239,MR5,MR5 Bügelmesss. BS,0.0000,0.0000,0.0000,46.2000,46.2000
2025-05-09,5240,AV,Arbeitsvorbereit. BS,0.0000,7.7000,15.4000,64.9000,88.0000
2025-05-12,5211,MR11,MR11 Koordinatenm BS,0.0000,0.0000,0.0000,23.1000,23.1000
2025-05-12,5220,WE/WA,WE/WA BS,0.0000,0.0000,0.0000,0.0000,0.0000
2025-05-12,5222,WE,WE BS,0.0000,0.0000,0.0000,53.9000,53.9000
2025-05-12,5223,WA,WA BS,0.0000,0.0000,0.0000,29.1000,29.1000
2025-05-12,5225,Packplatz,PP,0.0000,0.0000,0.0000,21.4000,21.4000
2025-05-12,5230,Springer,Prüfer BS,0.0000,0.0000,0.0000,7.7000,7.7000
2025-05-12,5231,MR1,MR1 Endmaße BS,0.0000,0.0000,0.0000,29.1000,29.1000
2025-05-12,5232,MR7,MR7 Lehren BS,0.0000,0.0000,5.0000,53.9000,58.9000
2025-05-12,5233,MR4,MR4 Lohnmessung BS,0.0000,0.0000,0.0000,7.7000,7.7000
2025-05-12,5234,MR2,MR2 Drehmoment BS,0.0000,0.0000,0.0000,46.2000,46.2000
2025-05-12,5235,MR6,MR6 Messschieber BS,0.0000,0.0000,5.0000,30.8000,35.8000
2025-05-12,5236,MR3,MR3 Messuhren BS,0.0000,0.0000,0.0000,30.8000,30.8000
2025-05-12,5237,MR9,MR9 Elektro BS,0.0000,0.0000,0.0000,23.1000,23.1000
2025-05-12,5238,MR8,MR8 Temperatur BS,0.0000,0.0000,0.0000,7.7000,7.7000
2025-05-12,5239,MR5,MR5 Bügelmesss. BS,0.0000,0.0000,0.0000,38.5000,38.5000
2025-05-12,5240,AV,Arbeitsvorbereit. BS,0.0000,7.7000,0.0000,72.6000,80.3000
2025-05-13,5211,MR11,MR11 Koordinatenm BS,0.0000,0.0000,0.0000,23.1000,23.1000
2025-05-13,5220,WE/WA,WE/WA BS,0.0000,0.0000,0.0000,0.0000,0.0000
2025-05-13,5222,WE,WE BS,0.0000,0.0000,7.7000,53.9000,61.6000
2025-05-13,5223,WA,WA BS,0.0000,0.0000,0.0000,29.1000,29.1000
2025-05-13,5225,Packplatz,PP,0.0000,0.0000,0.0000,21.4000,21.4000
2025-05-13,5230,Springer,Prüfer BS,0.0000,0.0000,0.0000,7.7000,7.7000
2025-05-13,5231,MR1,MR1 Endmaße BS,0.0000,0.0000,0.0000,29.1000,29.1000
2025-05-13,5232,MR7,MR7 Lehren BS,0.0000,0.0000,5.0000,53.9000,58.9000
2025-05-13,5233,MR4,MR4 Lohnmessung BS,0.0000,0.0000,0.0000,7.7000,7.7000
2025-05-13,5234,MR2,MR2 Drehmoment BS,0.0000,0.0000,0.0000,46.2000,46.2000
2025-05-13,5235,MR6,MR6 Messschieber BS,0.0000,0.0000,5.0000,30.8000,35.8000
2025-05-13,5236,MR3,MR3 Messuhren BS,0.0000,0.0000,0.0000,30.8000,30.8000
2025-05-13,5237,MR9,MR9 Elektro BS,0.0000,0.0000,0.0000,23.1000,23.1000
2025-05-13,5238,MR8,MR8 Temperatur BS,0.0000,0.0000,0.0000,7.7000,7.7000
2025-05-13,5239,MR5,MR5 Bügelmesss. BS,0.0000,0.0000,0.0000,46.2000,46.2000
2025-05-13,5240,AV,Arbeitsvorbereit. BS,0.0000,7.7000,0.0000,80.3000,88.0000
2025-05-14,5211,MR11,MR11 Koordinatenm BS,0.0000,0.0000,0.0000,23.1000,23.1000
2025-05-14,5220,WE/WA,WE/WA BS,0.0000,0.0000,0.0000,0.0000,0.0000
2025-05-14,5222,WE,WE BS,0.0000,0.0000,7.7000,53.9000,61.6000
2025-05-14,5223,WA,WA BS,0.0000,0.0000,0.0000,29.1000,29.1000
2025-05-14,5225,Packplatz,PP,0.0000,0.0000,0.0000,21.4000,21.4000
2025-05-14,5230,Springer,Prüfer BS,0.0000,0.0000,0.0000,7.7000,7.7000
2025-05-14,5231,MR1,MR1 Endmaße BS,0.0000,0.0000,0.0000,29.1000,29.1000
2025-05-14,5232,MR7,MR7 Lehren BS,0.0000,0.0000,5.0000,53.9000,58.9000
2025-05-14,5233,MR4,MR4 Lohnmessung BS,0.0000,0.0000,0.0000,7.7000,7.7000
2025-05-14,5234,MR2,MR2 Drehmoment BS,0.0000,0.0000,0.0000,46.2000,46.2000
2025-05-14,5235,MR6,MR6 Messschieber BS,0.0000,0.0000,5.0000,30.8000,35.8000
2025-05-14,5236,MR3,MR3 Messuhren BS,0.0000,0.0000,0.0000,30.8000,30.8000
2025-05-14,5237,MR9,MR9 Elektro BS,0.0000,0.0000,0.0000,23.1000,23.1000
2025-05-14,5238,MR8,MR8 Temperatur BS,0.0000,0.0000,0.0000,7.7000,7.7000
2025-05-14,5239,MR5,MR5 Bügelmesss. BS,0.0000,0.0000,0.0000,46.2000,46.2000
2025-05-14,5240,AV,Arbeitsvorbereit. BS,0.0000,7.7000,0.0000,75.3000,83.0000
2025-05-15,5211,MR11,MR11 Koordinatenm BS,0.0000,0.0000,0.0000,23.1000,23.1000
2025-05-15,5220,WE/WA,WE/WA BS,0.0000,0.0000,0.0000,0.0000,0.0000
2025-05-15,5222,WE,WE BS,0.0000,0.0000,15.4000,46.2000,61.6000
2025-05-15,5223,WA,WA BS,0.0000,0.0000,0.0000,23.1000,23.1000
2025-05-15,5225,Packplatz,PP,0.0000,0.0000,0.0000,21.4000,21.4000
2025-05-15,5230,Springer,Prüfer BS,0.0000,0.0000,0.0000,7.7000,7.7000
2025-05-15,5231,MR1,MR1 Endmaße BS,0.0000,0.0000,0.0000,29.1000,29.1000
2025-05-15,5232,MR7,MR7 Lehren BS,0.0000,0.0000,5.0000,53.9000,58.9000
2025-05-15,5233,MR4,MR4 Lohnmessung BS,0.0000,0.0000,0.0000,7.7000,7.7000
2025-05-15,5234,MR2,MR2 Drehmoment BS,0.0000,0.0000,0.0000,46.2000,46.2000
2025-05-15,5235,MR6,MR6 Messschieber BS,0.0000,0.0000,12.7000,23.1000,35.8000
2025-05-15,5236,MR3,MR3 Messuhren BS,0.0000,0.0000,0.0000,30.8000,30.8000
2025-05-15,5237,MR9,MR9 Elektro BS,0.0000,0.0000,0.0000,23.1000,23.1000
2025-05-15,5238,MR8,MR8 Temperatur BS,0.0000,0.0000,0.0000,7.7000,7.7000
2025-05-15,5239,MR5,MR5 Bügelmesss. BS,0.0000,0.0000,0.0000,46.2000,46.2000
2025-05-15,5240,AV,Arbeitsvorbereit. BS,0.0000,7.7000,0.0000,80.3000,88.0000
2025-05-16,5211,MR11,MR11 Koordinatenm BS,0.0000,0.0000,0.0000,23.1000,23.1000
2025-05-16,5220,WE/WA,WE/WA BS,0.0000,0.0000,0.0000,0.0000,0.0000
2025-05-16,5222,WE,WE BS,0.0000,0.0000,7.7000,53.9000,61.6000
2025-05-16,5223,WA,WA BS,0.0000,0.0000,0.0000,15.4000,15.4000
2025-05-16,5225,Packplatz,PP,0.0000,0.0000,0.0000,21.4000,21.4000
2025-05-16,5230,Springer,Prüfer BS,0.0000,0.0000,0.0000,7.7000,7.7000
2025-05-16,5231,MR1,MR1 Endmaße BS,0.0000,0.0000,0.0000,29.1000,29.1000
2025-05-16,5232,MR7,MR7 Lehren BS,0.0000,0.0000,5.0000,53.9000,58.9000
2025-05-16,5233,MR4,MR4 Lohnmessung BS,0.0000,0.0000,0.0000,7.7000,7.7000
2025-05-16,5234,MR2,MR2 Drehmoment BS,0.0000,0.0000,0.0000,46.2000,46.2000
2025-05-16,5235,MR6,MR6 Messschieber BS,0.0000,0.0000,12.7000,23.1000,35.8000
2025-05-16,5236,MR3,MR3 Messuhren BS,0.0000,0.0000,7.7000,23.1000,30.8000
2025-05-16,5237,MR9,MR9 Elektro BS,0.0000,0.0000,0.0000,23.1000,23.1000
2025-05-16,5238,MR8,MR8 Temperatur BS,0.0000,0.0000,0.0000,7.7000,7.7000
2025-05-16,5239,MR5,MR5 Bügelmesss. BS,0.0000,0.0000,0.0000,46.2000,46.2000
2025-05-16,5240,AV,Arbeitsvorbereit. BS,0.0000,7.7000,0.0000,80.3000,88.0000
2025-05-19,5211,MR11,MR11 Koordinatenm BS,0.0000,0.0000,7.7000,15.4000,23.1000
2025-05-19,5222,WE,WE BS,0.0000,0.0000,7.7000,53.9000,61.6000
2025-05-19,5223,WA,WA BS,0.0000,0.0000,7.7000,21.4000,29.1000
2025-05-19,5225,Packplatz,PP,0.0000,6.0000,0.0000,15.4000,21.4000
2025-05-19,5230,Springer,Prüfer BS,0.0000,0.0000,0.0000,7.7000,7.7000
2025-05-19,5231,MR1,MR1 Endmaße BS,0.0000,0.0000,0.0000,29.1000,29.1000
2025-05-19,5232,MR7,MR7 Lehren BS,0.0000,0.0000,5.0000,46.2000,51.2000
2025-05-19,5233,MR4,MR4 Lohnmessung BS,0.0000,0.0000,0.0000,7.7000,7.7000
2025-05-19,5234,MR2,MR2 Drehmoment BS,0.0000,0.0000,0.0000,46.2000,46.2000
2025-05-19,5235,MR6,MR6 Messschieber BS,0.0000,0.0000,7.7000,28.1000,35.8000
2025-05-19,5236,MR3,MR3 Messuhren BS,0.0000,0.0000,0.0000,30.8000,30.8000
2025-05-19,5237,MR9,MR9 Elektro BS,0.0000,0.0000,7.7000,15.4000,23.1000
2025-05-19,5238,MR8,MR8 Temperatur BS,0.0000,0.0000,0.0000,7.7000,7.7000
2025-05-19,5239,MR5,MR5 Bügelmesss. BS,0.0000,0.0000,0.0000,38.5000,38.5000
2025-05-19,5240,AV,Arbeitsvorbereit. BS,0.0000,7.7000,0.0000,75.3000,83.0000
2025-05-20,5211,MR11,MR11 Koordinatenm BS,0.0000,0.0000,7.7000,15.4000,23.1000
2025-05-20,5222,WE,WE BS,0.0000,0.0000,7.7000,53.9000,61.6000
2025-05-20,5223,WA,WA BS,0.0000,0.0000,7.7000,21.4000,29.1000
2025-05-20,5225,Packplatz,PP,0.0000,6.0000,0.0000,15.4000,21.4000
2025-05-20,5230,Springer,Prüfer BS,0.0000,0.0000,0.0000,7.7000,7.7000
2025-05-20,5231,MR1,MR1 Endmaße BS,0.0000,0.0000,0.0000,29.1000,29.1000
2025-05-20,5232,MR7,MR7 Lehren BS,0.0000,0.0000,12.7000,46.2000,58.9000
2025-05-20,5233,MR4,MR4 Lohnmessung BS,0.0000,0.0000,0.0000,7.7000,7.7000
2025-05-20,5234,MR2,MR2 Drehmoment BS,0.0000,0.0000,0.0000,46.2000,46.2000
2025-05-20,5235,MR6,MR6 Messschieber BS,0.0000,0.0000,7.7000,28.1000,35.8000
2025-05-20,5236,MR3,MR3 Messuhren BS,0.0000,0.0000,0.0000,30.8000,30.8000
2025-05-20,5237,MR9,MR9 Elektro BS,0.0000,0.0000,7.7000,15.4000,23.1000
2025-05-20,5238,MR8,MR8 Temperatur BS,0.0000,0.0000,0.0000,7.7000,7.7000
2025-05-20,5239,MR5,MR5 Bügelmesss. BS,0.0000,0.0000,0.0000,46.2000,46.2000
2025-05-20,5240,AV,Arbeitsvorbereit. BS,0.0000,7.7000,0.0000,80.3000,88.0000
2025-05-21,5211,MR11,MR11 Koordinatenm BS,0.0000,0.0000,7.7000,15.4000,23.1000
2025-05-21,5222,WE,WE BS,0.0000,0.0000,7.7000,53.9000,61.6000
2025-05-21,5223,WA,WA BS,0.0000,0.0000,7.7000,21.4000,29.1000
2025-05-21,5225,Packplatz,PP,0.0000,6.0000,0.0000,15.4000,21.4000
2025-05-21,5230,Springer,Prüfer BS,0.0000,0.0000,0.0000,7.7000,7.7000
2025-05-21,5231,MR1,MR1 Endmaße BS,0.0000,0.0000,0.0000,29.1000,29.1000
2025-05-21,5232,MR7,MR7 Lehren BS,0.0000,0.0000,12.7000,46.2000,58.9000
2025-05-21,5233,MR4,MR4 Lohnmessung BS,0.0000,0.0000,0.0000,7.7000,7.7000
2025-05-21,5234,MR2,MR2 Drehmoment BS,0.0000,0.0000,0.0000,46.2000,46.2000
2025-05-21,5235,MR6,MR6 Messschieber BS,0.0000,0.0000,7.7000,28.1000,35.8000
2025-05-21,5236,MR3,MR3 Messuhren BS,0.0000,0.0000,0.0000,30.8000,30.8000
2025-05-21,5237,MR9,MR9 Elektro BS,0.0000,0.0000,7.7000,15.4000,23.1000
2025-05-21,5238,MR8,MR8 Temperatur BS,0.0000,0.0000,0.0000,7.7000,7.7000
2025-05-21,5239,MR5,MR5 Bügelmesss. BS,0.0000,0.0000,0.0000,46.2000,46.2000
2025-05-21,5240,AV,Arbeitsvorbereit. BS,0.0000,7.7000,7.7000,67.6000,83.0000
2025-05-22,5211,MR11,MR11 Koordinatenm BS,0.0000,0.0000,7.7000,15.4000,23.1000
2025-05-22,5222,WE,WE BS,0.0000,0.0000,7.7000,53.9000,61.6000
2025-05-22,5223,WA,WA BS,0.0000,0.0000,7.7000,15.4000,23.1000
2025-05-22,5225,Packplatz,PP,0.0000,6.0000,0.0000,15.4000,21.4000
2025-05-22,5230,Springer,Prüfer BS,0.0000,0.0000,0.0000,7.7000,7.7000
2025-05-22,5231,MR1,MR1 Endmaße BS,0.0000,0.0000,0.0000,29.1000,29.1000
2025-05-22,5232,MR7,MR7 Lehren BS,0.0000,0.0000,5.0000,53.9000,58.9000
2025-05-22,5233,MR4,MR4 Lohnmessung BS,0.0000,0.0000,0.0000,7.7000,7.7000
2025-05-22,5234,MR2,MR2 Drehmoment BS,0.0000,0.0000,0.0000,46.2000,46.2000
2025-05-22,5235,MR6,MR6 Messschieber BS,0.0000,0.0000,7.7000,28.1000,35.8000
2025-05-22,5236,MR3,MR3 Messuhren BS,0.0000,0.0000,0.0000,30.8000,30.8000
2025-05-22,5237,MR9,MR9 Elektro BS,0.0000,0.0000,7.7000,15.4000,23.1000
2025-05-22,5238,MR8,MR8 Temperatur BS,0.0000,0.0000,0.0000,7.7000,7.7000
2025-05-22,5239,MR5,MR5 Bügelmesss. BS,0.0000,0.0000,0.0000,46.2000,46.2000
2025-05-22,5240,AV,Arbeitsvorbereit. BS,0.0000,0.0000,7.7000,80.3000,88.0000
2025-05-23,5211,MR11,MR11 Koordinatenm BS,0.0000,0.0000,7.7000,15.4000,23.1000
2025-05-23,5222,WE,WE BS,0.0000,0.0000,7.7000,53.9000,61.6000
2025-05-23,5223,WA,WA BS,0.0000,0.0000,0.0000,15.4000,15.4000
2025-05-23,5225,Packplatz,PP,0.0000,6.0000,0.0000,15.4000,21.4000
2025-05-23,5230,Springer,Prüfer BS,0.0000,0.0000,0.0000,7.7000,7.7000
2025-05-23,5231,MR1,MR1 Endmaße BS,0.0000,0.0000,0.0000,29.1000,29.1000
2025-05-23,5232,MR7,MR7 Lehren BS,0.0000,0.0000,5.0000,53.9000,58.9000
2025-05-23,5233,MR4,MR4 Lohnmessung BS,0.0000,0.0000,0.0000,7.7000,7.7000
2025-05-23,5234,MR2,MR2 Drehmoment BS,0.0000,0.0000,0.0000,46.2000,46.2000
2025-05-23,5235,MR6,MR6 Messschieber BS,0.0000,0.0000,7.7000,28.1000,35.8000
2025-05-23,5236,MR3,MR3 Messuhren BS,0.0000,0.0000,0.0000,30.8000,30.8000
2025-05-23,5237,MR9,MR9 Elektro BS,0.0000,0.0000,7.7000,15.4000,23.1000
2025-05-23,5238,MR8,MR8 Temperatur BS,0.0000,0.0000,0.0000,7.7000,7.7000
2025-05-23,5239,MR5,MR5 Bügelmesss. BS,0.0000,0.0000,0.0000,46.2000,46.2000
2025-05-23,5240,AV,Arbeitsvorbereit. BS,0.0000,0.0000,7.7000,80.3000,88.0000
2025-05-26,5211,MR11,MR11 Koordinatenm BS,0.0000,0.0000,7.7000,15.4000,23.1000
2025-05-26,5222,WE,WE BS,0.0000,0.0000,0.0000,61.6000,61.6000
2025-05-26,5223,WA,WA BS,0.0000,0.0000,7.7000,21.4000,29.1000
2025-05-26,5225,Packplatz,PP,0.0000,0.0000,7.7000,13.7000,21.4000
2025-05-26,5230,Springer,Prüfer BS,0.0000,0.0000,0.0000,7.7000,7.7000
2025-05-26,5231,MR1,MR1 Endmaße BS,0.0000,0.0000,7.7000,21.4000,29.1000
2025-05-26,5232,MR7,MR7 Lehren BS,0.0000,0.0000,12.7000,46.2000,58.9000
2025-05-26,5233,MR4,MR4 Lohnmessung BS,0.0000,0.0000,0.0000,7.7000,7.7000
2025-05-26,5234,MR2,MR2 Drehmoment BS,0.0000,0.0000,0.0000,46.2000,46.2000
2025-05-26,5235,MR6,MR6 Messschieber BS,0.0000,0.0000,7.7000,28.1000,35.8000
2025-05-26,5236,MR3,MR3 Messuhren BS,0.0000,0.0000,0.0000,30.8000,30.8000
2025-05-26,5237,MR9,MR9 Elektro BS,0.0000,0.0000,7.7000,15.4000,23.1000
2025-05-26,5238,MR8,MR8 Temperatur BS,0.0000,0.0000,0.0000,7.7000,7.7000
2025-05-26,5239,MR5,MR5 Bügelmesss. BS,0.0000,0.0000,0.0000,38.5000,38.5000
2025-05-26,5240,AV,Arbeitsvorbereit. BS,0.0000,0.0000,15.4000,72.6000,88.0000
2025-05-27,5211,MR11,MR11 Koordinatenm BS,0.0000,0.0000,7.7000,15.4000,23.1000
2025-05-27,5222,WE,WE BS,0.0000,0.0000,0.0000,61.6000,61.6000
2025-05-27,5223,WA,WA BS,0.0000,0.0000,7.7000,21.4000,29.1000
2025-05-27,5225,Packplatz,PP,0.0000,0.0000,7.7000,13.7000,21.4000
2025-05-27,5230,Springer,Prüfer BS,0.0000,0.0000,0.0000,7.7000,7.7000
2025-05-27,5231,MR1,MR1 Endmaße BS,0.0000,0.0000,7.7000,21.4000,29.1000
2025-05-27,5232,MR7,MR7 Lehren BS,0.0000,0.0000,12.7000,46.2000,58.9000
2025-05-27,5233,MR4,MR4 Lohnmessung BS,0.0000,0.0000,0.0000,7.7000,7.7000
2025-05-27,5234,MR2,MR2 Drehmoment BS,0.0000,0.0000,0.0000,46.2000,46.2000
2025-05-27,5235,MR6,MR6 Messschieber BS,0.0000,0.0000,0.0000,35.8000,35.8000
2025-05-27,5236,MR3,MR3 Messuhren BS,0.0000,0.0000,0.0000,30.8000,30.8000
2025-05-27,5237,MR9,MR9 Elektro BS,0.0000,0.0000,7.7000,15.4000,23.1000
2025-05-27,5238,MR8,MR8 Temperatur BS,0.0000,0.0000,0.0000,7.7000,7.7000
2025-05-27,5239,MR5,MR5 Bügelmesss. BS,0.0000,0.0000,0.0000,46.2000,46.2000
2025-05-27,5240,AV,Arbeitsvorbereit. BS,0.0000,0.0000,15.4000,72.6000,88.0000
2025-05-28,5211,MR11,MR11 Koordinatenm BS,0.0000,0.0000,7.7000,15.4000,23.1000
2025-05-28,5222,WE,WE BS,0.0000,0.0000,7.7000,53.9000,61.6000
2025-05-28,5223,WA,WA BS,0.0000,0.0000,7.7000,21.4000,29.1000
2025-05-28,5225,Packplatz,PP,0.0000,0.0000,7.7000,13.7000,21.4000
2025-05-28,5230,Springer,Prüfer BS,0.0000,0.0000,0.0000,7.7000,7.7000
2025-05-28,5231,MR1,MR1 Endmaße BS,0.0000,0.0000,7.7000,21.4000,29.1000
2025-05-28,5232,MR7,MR7 Lehren BS,0.0000,0.0000,12.7000,46.2000,58.9000
2025-05-28,5233,MR4,MR4 Lohnmessung BS,0.0000,0.0000,0.0000,7.7000,7.7000
2025-05-28,5234,MR2,MR2 Drehmoment BS,0.0000,0.0000,0.0000,46.2000,46.2000
2025-05-28,5235,MR6,MR6 Messschieber BS,0.0000,0.0000,0.0000,35.8000,35.8000
2025-05-28,5236,MR3,MR3 Messuhren BS,0.0000,0.0000,0.0000,30.8000,30.8000
2025-05-28,5237,MR9,MR9 Elektro BS,0.0000,0.0000,7.7000,15.4000,23.1000
2025-05-28,5238,MR8,MR8 Temperatur BS,0.0000,0.0000,0.0000,7.7000,7.7000
2025-05-28,5239,MR5,MR5 Bügelmesss. BS,0.0000,0.0000,0.0000,46.2000,46.2000
2025-05-28,5240,AV,Arbeitsvorbereit. BS,0.0000,0.0000,15.4000,67.6000,83.0000
2025-05-30,5211,MR11,MR11 Koordinatenm BS,0.0000,0.0000,15.4000,7.7000,23.1000
2025-05-30,5222,WE,WE BS,0.0000,0.0000,30.8000,30.8000,61.6000
2025-05-30,5223,WA,WA BS,0.0000,0.0000,0.0000,15.4000,15.4000
2025-05-30,5225,Packplatz,PP,0.0000,0.0000,7.7000,13.7000,21.4000
2025-05-30,5230,Springer,Prüfer BS,0.0000,0.0000,0.0000,7.7000,7.7000
2025-05-30,5231,MR1,MR1 Endmaße BS,0.0000,0.0000,15.4000,13.7000,29.1000
2025-05-30,5232,MR7,MR7 Lehren BS,0.0000,0.0000,28.1000,30.8000,58.9000
2025-05-30,5233,MR4,MR4 Lohnmessung BS,0.0000,0.0000,0.0000,7.7000,7.7000
2025-05-30,5234,MR2,MR2 Drehmoment BS,0.0000,0.0000,30.8000,15.4000,46.2000
2025-05-30,5235,MR6,MR6 Messschieber BS,0.0000,0.0000,7.7000,28.1000,35.8000
2025-05-30,5236,MR3,MR3 Messuhren BS,0.0000,0.0000,15.4000,15.4000,30.8000
2025-05-30,5237,MR9,MR9 Elektro BS,0.0000,0.0000,15.4000,7.7000,23.1000
2025-05-30,5238,MR8,MR8 Temperatur BS,0.0000,0.0000,7.7000,,7.7000
2025-05-30,5239,MR5,MR5 Bügelmesss. BS,0.0000,0.0000,30.8000,15.4000,46.2000
2025-05-30,5240,AV,Arbeitsvorbereit. BS,0.0000,0.0000,36.8000,51.2000,88.0000
2025-06-02,5211,MR11,MR11 Koordinatenm BS,0.0000,0.0000,7.7000,7.7000,15.4000
2025-06-02,5222,WE,WE BS,0.0000,0.0000,7.7000,53.9000,61.6000
2025-06-02,5223,WA,WA BS,0.0000,0.0000,0.0000,29.1000,29.1000
2025-06-02,5225,Packplatz,PP,0.0000,0.0000,0.0000,21.4000,21.4000
2025-06-02,5230,Springer,Prüfer BS,0.0000,0.0000,0.0000,7.7000,7.7000
2025-06-02,5231,MR1,MR1 Endmaße BS,0.0000,0.0000,7.7000,21.4000,29.1000
2025-06-02,5232,MR7,MR7 Lehren BS,0.0000,0.0000,12.7000,46.2000,58.9000
2025-06-02,5233,MR4,MR4 Lohnmessung BS,0.0000,0.0000,0.0000,7.7000,7.7000
2025-06-02,5234,MR2,MR2 Drehmoment BS,0.0000,0.0000,7.7000,30.8000,38.5000
2025-06-02,5235,MR6,MR6 Messschieber BS,0.0000,0.0000,15.4000,20.4000,35.8000
2025-06-02,5236,MR3,MR3 Messuhren BS,0.0000,0.0000,0.0000,38.5000,38.5000
2025-06-02,5237,MR9,MR9 Elektro BS,0.0000,0.0000,0.0000,23.1000,23.1000
2025-06-02,5238,MR8,MR8 Temperatur BS,0.0000,0.0000,0.0000,7.7000,7.7000
2025-06-02,5239,MR5,MR5 Bügelmesss. BS,0.0000,0.0000,7.7000,30.8000,38.5000
2025-06-02,5240,AV,Arbeitsvorbereit. BS,0.0000,0.0000,15.4000,72.6000,88.0000
2025-06-03,5211,MR11,MR11 Koordinatenm BS,0.0000,0.0000,7.7000,7.7000,15.4000
2025-06-03,5222,WE,WE BS,0.0000,0.0000,7.7000,53.9000,61.6000
2025-06-03,5223,WA,WA BS,0.0000,0.0000,0.0000,29.1000,29.1000
2025-06-03,5225,Packplatz,PP,0.0000,0.0000,0.0000,21.4000,21.4000
2025-06-03,5230,Springer,Prüfer BS,0.0000,0.0000,0.0000,7.7000,7.7000
2025-06-03,5231,MR1,MR1 Endmaße BS,0.0000,0.0000,7.7000,21.4000,29.1000
2025-06-03,5232,MR7,MR7 Lehren BS,0.0000,0.0000,12.7000,46.2000,58.9000
2025-06-03,5233,MR4,MR4 Lohnmessung BS,0.0000,0.0000,0.0000,7.7000,7.7000
2025-06-03,5234,MR2,MR2 Drehmoment BS,0.0000,0.0000,7.7000,30.8000,38.5000
2025-06-03,5235,MR6,MR6 Messschieber BS,0.0000,0.0000,15.4000,20.4000,35.8000
2025-06-03,5236,MR3,MR3 Messuhren BS,0.0000,0.0000,0.0000,38.5000,38.5000
2025-06-03,5237,MR9,MR9 Elektro BS,0.0000,0.0000,0.0000,23.1000,23.1000
2025-06-03,5238,MR8,MR8 Temperatur BS,0.0000,0.0000,0.0000,7.7000,7.7000
2025-06-03,5239,MR5,MR5 Bügelmesss. BS,0.0000,0.0000,7.7000,38.5000,46.2000
2025-06-03,5240,AV,Arbeitsvorbereit. BS,0.0000,0.0000,7.7000,80.3000,88.0000
2025-06-04,5211,MR11,MR11 Koordinatenm BS,0.0000,0.0000,7.7000,7.7000,15.4000
2025-06-04,5222,WE,WE BS,0.0000,0.0000,7.7000,53.9000,61.6000
2025-06-04,5223,WA,WA BS,0.0000,0.0000,0.0000,29.1000,29.1000
2025-06-04,5225,Packplatz,PP,0.0000,0.0000,0.0000,21.4000,21.4000
2025-06-04,5230,Springer,Prüfer BS,0.0000,0.0000,0.0000,7.7000,7.7000
2025-06-04,5231,MR1,MR1 Endmaße BS,0.0000,0.0000,7.7000,21.4000,29.1000
2025-06-04,5232,MR7,MR7 Lehren BS,0.0000,0.0000,12.7000,46.2000,58.9000
2025-06-04,5233,MR4,MR4 Lohnmessung BS,0.0000,0.0000,0.0000,7.7000,7.7000
2025-06-04,5234,MR2,MR2 Drehmoment BS,0.0000,0.0000,7.7000,30.8000,38.5000
2025-06-04,5235,MR6,MR6 Messschieber BS,0.0000,0.0000,15.4000,20.4000,35.8000
2025-06-04,5236,MR3,MR3 Messuhren BS,0.0000,0.0000,0.0000,38.5000,38.5000
2025-06-04,5237,MR9,MR9 Elektro BS,0.0000,0.0000,0.0000,23.1000,23.1000
2025-06-04,5238,MR8,MR8 Temperatur BS,0.0000,0.0000,0.0000,7.7000,7.7000
2025-06-04,5239,MR5,MR5 Bügelmesss. BS,0.0000,0.0000,7.7000,38.5000,46.2000
2025-06-04,5240,AV,Arbeitsvorbereit. BS,0.0000,0.0000,7.7000,75.3000,83.0000
2025-06-05,5211,MR11,MR11 Koordinatenm BS,0.0000,0.0000,7.7000,7.7000,15.4000
2025-06-05,5222,WE,WE BS,0.0000,0.0000,7.7000,53.9000,61.6000
2025-06-05,5223,WA,WA BS,0.0000,0.0000,0.0000,23.1000,23.1000
2025-06-05,5225,Packplatz,PP,0.0000,0.0000,0.0000,21.4000,21.4000
2025-06-05,5230,Springer,Prüfer BS,0.0000,0.0000,0.0000,7.7000,7.7000
2025-06-05,5231,MR1,MR1 Endmaße BS,0.0000,0.0000,7.7000,21.4000,29.1000
2025-06-05,5232,MR7,MR7 Lehren BS,0.0000,0.0000,12.7000,46.2000,58.9000
2025-06-05,5233,MR4,MR4 Lohnmessung BS,0.0000,0.0000,0.0000,7.7000,7.7000
2025-06-05,5234,MR2,MR2 Drehmoment BS,0.0000,0.0000,7.7000,30.8000,38.5000
2025-06-05,5235,MR6,MR6 Messschieber BS,0.0000,0.0000,15.4000,20.4000,35.8000
2025-06-05,5236,MR3,MR3 Messuhren BS,0.0000,0.0000,0.0000,38.5000,38.5000
2025-06-05,5237,MR9,MR9 Elektro BS,0.0000,0.0000,0.0000,23.1000,23.1000
2025-06-05,5238,MR8,MR8 Temperatur BS,0.0000,0.0000,0.0000,7.7000,7.7000
2025-06-05,5239,MR5,MR5 Bügelmesss. BS,0.0000,0.0000,7.7000,38.5000,46.2000
2025-06-05,5240,AV,Arbeitsvorbereit. BS,0.0000,0.0000,7.7000,80.3000,88.0000
2025-06-06,5211,MR11,MR11 Koordinatenm BS,0.0000,0.0000,15.4000,0.0000,15.4000
2025-06-06,5222,WE,WE BS,0.0000,0.0000,7.7000,53.9000,61.6000
2025-06-06,5223,WA,WA BS,0.0000,0.0000,0.0000,15.4000,15.4000
2025-06-06,5225,Packplatz,PP,0.0000,0.0000,0.0000,21.4000,21.4000
2025-06-06,5230,Springer,Prüfer BS,0.0000,0.0000,0.0000,7.7000,7.7000
2025-06-06,5231,MR1,MR1 Endmaße BS,0.0000,0.0000,7.7000,21.4000,29.1000
2025-06-06,5232,MR7,MR7 Lehren BS,0.0000,0.0000,12.7000,46.2000,58.9000
2025-06-06,5233,MR4,MR4 Lohnmessung BS,0.0000,0.0000,0.0000,7.7000,7.7000
2025-06-06,5234,MR2,MR2 Drehmoment BS,0.0000,0.0000,7.7000,30.8000,38.5000
2025-06-06,5235,MR6,MR6 Messschieber BS,0.0000,0.0000,15.4000,20.4000,35.8000
2025-06-06,5236,MR3,MR3 Messuhren BS,0.0000,0.0000,0.0000,38.5000,38.5000
2025-06-06,5237,MR9,MR9 Elektro BS,0.0000,0.0000,0.0000,23.1000,23.1000
2025-06-06,5238,MR8,MR8 Temperatur BS,0.0000,0.0000,0.0000,7.7000,7.7000
2025-06-06,5239,MR5,MR5 Bügelmesss. BS,0.0000,0.0000,7.7000,38.5000,46.2000
2025-06-06,5240,AV,Arbeitsvorbereit. BS,0.0000,0.0000,15.4000,72.6000,88.0000
2025-06-10,5211,MR11,MR11 Koordinatenm BS,0.0000,0.0000,15.4000,,15.4000
2025-06-10,5222,WE,WE BS,0.0000,0.0000,7.7000,53.9000,61.6000
2025-06-10,5223,WA,WA BS,0.0000,0.0000,6.0000,23.1000,29.1000
2025-06-10,5225,Packplatz,PP,0.0000,0.0000,0.0000,21.4000,21.4000
2025-06-10,5230,Springer,Prüfer BS,0.0000,0.0000,0.0000,7.7000,7.7000
2025-06-10,5231,MR1,MR1 Endmaße BS,0.0000,0.0000,7.7000,21.4000,29.1000
2025-06-10,5232,MR7,MR7 Lehren BS,0.0000,0.0000,5.0000,53.9000,58.9000
2025-06-10,5233,MR4,MR4 Lohnmessung BS,0.0000,0.0000,0.0000,7.7000,7.7000
2025-06-10,5234,MR2,MR2 Drehmoment BS,0.0000,0.0000,0.0000,38.5000,38.5000
2025-06-10,5235,MR6,MR6 Messschieber BS,0.0000,0.0000,15.4000,20.4000,35.8000
2025-06-10,5236,MR3,MR3 Messuhren BS,0.0000,0.0000,7.7000,30.8000,38.5000
2025-06-10,5237,MR9,MR9 Elektro BS,7.7000,0.0000,0.0000,15.4000,23.1000
2025-06-10,5238,MR8,MR8 Temperatur BS,0.0000,0.0000,0.0000,7.7000,7.7000
2025-06-10,5239,MR5,MR5 Bügelmesss. BS,0.0000,0.0000,15.4000,30.8000,46.2000
2025-06-10,5240,AV,Arbeitsvorbereit. BS,0.0000,0.0000,21.4000,66.6000,88.0000
2025-06-11,5211,MR11,MR11 Koordinatenm BS,0.0000,0.0000,7.7000,7.7000,15.4000
2025-06-11,5222,WE,WE BS,0.0000,0.0000,7.7000,53.9000,61.6000
2025-06-11,5223,WA,WA BS,0.0000,0.0000,6.0000,23.1000,29.1000
2025-06-11,5225,Packplatz,PP,0.0000,0.0000,0.0000,21.4000,21.4000
2025-06-11,5230,Springer,Prüfer BS,0.0000,0.0000,0.0000,7.7000,7.7000
2025-06-11,5231,MR1,MR1 Endmaße BS,0.0000,0.0000,7.7000,21.4000,29.1000
2025-06-11,5232,MR7,MR7 Lehren BS,0.0000,0.0000,12.7000,46.2000,58.9000
2025-06-11,5233,MR4,MR4 Lohnmessung BS,0.0000,0.0000,0.0000,7.7000,7.7000
2025-06-11,5234,MR2,MR2 Drehmoment BS,0.0000,0.0000,0.0000,38.5000,38.5000
2025-06-11,5235,MR6,MR6 Messschieber BS,0.0000,0.0000,15.4000,20.4000,35.8000
2025-06-11,5236,MR3,MR3 Messuhren BS,0.0000,0.0000,7.7000,30.8000,38.5000
2025-06-11,5237,MR9,MR9 Elektro BS,7.7000,0.0000,0.0000,15.4000,23.1000
2025-06-11,5238,MR8,MR8 Temperatur BS,0.0000,0.0000,0.0000,7.7000,7.7000
2025-06-11,5239,MR5,MR5 Bügelmesss. BS,0.0000,0.0000,15.4000,30.8000,46.2000
2025-06-11,5240,AV,Arbeitsvorbereit. BS,0.0000,0.0000,21.4000,61.6000,83.0000
2025-06-12,5211,MR11,MR11 Koordinatenm BS,0.0000,0.0000,7.7000,7.7000,15.4000
2025-06-12,5222,WE,WE BS,0.0000,0.0000,7.7000,53.9000,61.6000
2025-06-12,5223,WA,WA BS,0.0000,0.0000,0.0000,23.1000,23.1000
2025-06-12,5225,Packplatz,PP,0.0000,0.0000,0.0000,21.4000,21.4000
2025-06-12,5230,Springer,Prüfer BS,0.0000,0.0000,0.0000,7.7000,7.7000
2025-06-12,5231,MR1,MR1 Endmaße BS,0.0000,0.0000,7.7000,21.4000,29.1000
2025-06-12,5232,MR7,MR7 Lehren BS,0.0000,0.0000,20.4000,38.5000,58.9000
2025-06-12,5233,MR4,MR4 Lohnmessung BS,0.0000,0.0000,0.0000,7.7000,7.7000
2025-06-12,5234,MR2,MR2 Drehmoment BS,0.0000,0.0000,0.0000,38.5000,38.5000
2025-06-12,5235,MR6,MR6 Messschieber BS,0.0000,0.0000,15.4000,20.4000,35.8000
2025-06-12,5236,MR3,MR3 Messuhren BS,0.0000,0.0000,7.7000,30.8000,38.5000
2025-06-12,5237,MR9,MR9 Elektro BS,7.7000,0.0000,0.0000,15.4000,23.1000
2025-06-12,5238,MR8,MR8 Temperatur BS,0.0000,0.0000,0.0000,7.7000,7.7000
2025-06-12,5239,MR5,MR5 Bügelmesss. BS,0.0000,0.0000,15.4000,30.8000,46.2000
2025-06-12,5240,AV,Arbeitsvorbereit. BS,0.0000,0.0000,21.4000,66.6000,88.0000
2025-06-13,5211,MR11,MR11 Koordinatenm BS,0.0000,0.0000,15.4000,,15.4000
2025-06-13,5222,WE,WE BS,0.0000,0.0000,7.7000,53.9000,61.6000
2025-06-13,5223,WA,WA BS,0.0000,0.0000,0.0000,15.4000,15.4000
2025-06-13,5225,Packplatz,PP,0.0000,0.0000,0.0000,21.4000,21.4000
2025-06-13,5230,Springer,Prüfer BS,0.0000,0.0000,0.0000,7.7000,7.7000
2025-06-13,5231,MR1,MR1 Endmaße BS,0.0000,0.0000,7.7000,21.4000,29.1000
2025-06-13,5232,MR7,MR7 Lehren BS,0.0000,0.0000,20.4000,38.5000,58.9000
2025-06-13,5233,MR4,MR4 Lohnmessung BS,0.0000,0.0000,0.0000,7.7000,7.7000
2025-06-13,5234,MR2,MR2 Drehmoment BS,0.0000,0.0000,0.0000,38.5000,38.5000
2025-06-13,5235,MR6,MR6 Messschieber BS,0.0000,0.0000,15.4000,20.4000,35.8000
2025-06-13,5236,MR3,MR3 Messuhren BS,0.0000,0.0000,7.7000,30.8000,38.5000
2025-06-13,5237,MR9,MR9 Elektro BS,0.0000,0.0000,0.0000,23.1000,23.1000
2025-06-13,5238,MR8,MR8 Temperatur BS,0.0000,0.0000,0.0000,7.7000,7.7000
2025-06-13,5239,MR5,MR5 Bügelmesss. BS,0.0000,0.0000,15.4000,30.8000,46.2000
2025-06-13,5240,AV,Arbeitsvorbereit. BS,0.0000,0.0000,21.4000,66.6000,88.0000
2025-06-16,5211,MR11,MR11 Koordinatenm BS,0.0000,0.0000,0.0000,15.4000,15.4000
2025-06-16,5222,WE,WE BS,0.0000,7.7000,7.7000,46.2000,61.6000
2025-06-16,5223,WA,WA BS,0.0000,0.0000,6.0000,23.1000,29.1000
2025-06-16,5225,Packplatz,PP,0.0000,0.0000,7.7000,21.4000,29.1000
2025-06-16,5230,Springer,Prüfer BS,0.0000,0.0000,0.0000,7.7000,7.7000
2025-06-16,5231,MR1,MR1 Endmaße BS,0.0000,0.0000,7.7000,21.4000,29.1000
2025-06-16,5232,MR7,MR7 Lehren BS,0.0000,7.7000,5.0000,46.2000,58.9000
2025-06-16,5233,MR4,MR4 Lohnmessung BS,0.0000,0.0000,0.0000,7.7000,7.7000
2025-06-16,5234,MR2,MR2 Drehmoment BS,0.0000,0.0000,7.7000,30.8000,38.5000
2025-06-16,5235,MR6,MR6 Messschieber BS,0.0000,0.0000,0.0000,35.8000,35.8000
2025-06-16,5236,MR3,MR3 Messuhren BS,0.0000,0.0000,15.4000,23.1000,38.5000
2025-06-16,5237,MR9,MR9 Elektro BS,0.0000,0.0000,0.0000,7.7000,7.7000
2025-06-16,5238,MR8,MR8 Temperatur BS,0.0000,0.0000,7.7000,,7.7000
2025-06-16,5239,MR5,MR5 Bügelmesss. BS,0.0000,0.0000,7.7000,30.8000,38.5000
2025-06-16,5240,AV,Arbeitsvorbereit. BS,0.0000,0.0000,0.0000,72.6000,72.6000
2025-06-17,5211,MR11,MR11 Koordinatenm BS,0.0000,0.0000,0.0000,15.4000,15.4000
2025-06-17,5222,WE,WE BS,0.0000,15.4000,7.7000,38.5000,61.6000
2025-06-17,5223,WA,WA BS,0.0000,0.0000,6.0000,23.1000,29.1000
2025-06-17,5225,Packplatz,PP,0.0000,0.0000,7.7000,21.4000,29.1000
2025-06-17,5230,Springer,Prüfer BS,0.0000,0.0000,0.0000,7.7000,7.7000
2025-06-17,5231,MR1,MR1 Endmaße BS,0.0000,0.0000,7.7000,21.4000,29.1000
2025-06-17,5232,MR7,MR7 Lehren BS,0.0000,7.7000,5.0000,46.2000,58.9000
2025-06-17,5233,MR4,MR4 Lohnmessung BS,0.0000,0.0000,0.0000,7.7000,7.7000
2025-06-17,5234,MR2,MR2 Drehmoment BS,0.0000,0.0000,7.7000,30.8000,38.5000
2025-06-17,5235,MR6,MR6 Messschieber BS,0.0000,0.0000,0.0000,35.8000,35.8000
2025-06-17,5236,MR3,MR3 Messuhren BS,0.0000,7.7000,15.4000,15.4000,38.5000
2025-06-17,5237,MR9,MR9 Elektro BS,0.0000,0.0000,0.0000,7.7000,7.7000
2025-06-17,5238,MR8,MR8 Temperatur BS,0.0000,0.0000,7.7000,7.7000,15.4000
2025-06-17,5239,MR5,MR5 Bügelmesss. BS,0.0000,0.0000,7.7000,38.5000,46.2000
2025-06-17,5240,AV,Arbeitsvorbereit. BS,0.0000,0.0000,0.0000,72.6000,72.6000
2025-06-18,5211,MR11,MR11 Koordinatenm BS,0.0000,0.0000,0.0000,15.4000,15.4000
2025-06-18,5222,WE,WE BS,0.0000,15.4000,7.7000,38.5000,61.6000
2025-06-18,5223,WA,WA BS,0.0000,0.0000,6.0000,23.1000,29.1000
2025-06-18,5225,Packplatz,PP,0.0000,0.0000,7.7000,21.4000,29.1000
2025-06-18,5230,Springer,Prüfer BS,0.0000,0.0000,0.0000,7.7000,7.7000
2025-06-18,5231,MR1,MR1 Endmaße BS,0.0000,0.0000,7.7000,21.4000,29.1000
2025-06-18,5232,MR7,MR7 Lehren BS,0.0000,0.0000,0.0000,58.9000,58.9000
2025-06-18,5233,MR4,MR4 Lohnmessung BS,0.0000,0.0000,0.0000,7.7000,7.7000
2025-06-18,5234,MR2,MR2 Drehmoment BS,0.0000,0.0000,7.7000,30.8000,38.5000
2025-06-18,5235,MR6,MR6 Messschieber BS,0.0000,0.0000,0.0000,35.8000,35.8000
2025-06-18,5236,MR3,MR3 Messuhren BS,0.0000,0.0000,15.4000,23.1000,38.5000
2025-06-18,5237,MR9,MR9 Elektro BS,0.0000,0.0000,0.0000,7.7000,7.7000
2025-06-18,5238,MR8,MR8 Temperatur BS,0.0000,0.0000,7.7000,7.7000,15.4000
2025-06-18,5239,MR5,MR5 Bügelmesss. BS,0.0000,0.0000,7.7000,38.5000,46.2000
2025-06-18,5240,AV,Arbeitsvorbereit. BS,0.0000,0.0000,0.0000,67.6000,67.6000
2025-06-19,5211,MR11,MR11 Koordinatenm BS,0.0000,0.0000,0.0000,15.4000,15.4000
2025-06-19,5222,WE,WE BS,0.0000,7.7000,7.7000,46.2000,61.6000
2025-06-19,5223,WA,WA BS,0.0000,0.0000,0.0000,23.1000,23.1000
2025-06-19,5225,Packplatz,PP,0.0000,0.0000,7.7000,21.4000,29.1000
2025-06-19,5230,Springer,Prüfer BS,0.0000,0.0000,0.0000,7.7000,7.7000
2025-06-19,5231,MR1,MR1 Endmaße BS,0.0000,0.0000,7.7000,21.4000,29.1000
2025-06-19,5232,MR7,MR7 Lehren BS,0.0000,0.0000,0.0000,58.9000,58.9000
2025-06-19,5233,MR4,MR4 Lohnmessung BS,0.0000,0.0000,0.0000,7.7000,7.7000
2025-06-19,5234,MR2,MR2 Drehmoment BS,0.0000,0.0000,7.7000,30.8000,38.5000
2025-06-19,5235,MR6,MR6 Messschieber BS,0.0000,0.0000,0.0000,30.8000,30.8000
2025-06-19,5236,MR3,MR3 Messuhren BS,0.0000,0.0000,15.4000,23.1000,38.5000
2025-06-19,5237,MR9,MR9 Elektro BS,0.0000,0.0000,0.0000,7.7000,7.7000
2025-06-19,5238,MR8,MR8 Temperatur BS,0.0000,0.0000,7.7000,7.7000,15.4000
2025-06-19,5239,MR5,MR5 Bügelmesss. BS,0.0000,0.0000,7.7000,38.5000,46.2000
2025-06-19,5240,AV,Arbeitsvorbereit. BS,0.0000,0.0000,0.0000,72.6000,72.6000
2025-06-20,5211,MR11,MR11 Koordinatenm BS,0.0000,0.0000,0.0000,15.4000,15.4000
2025-06-20,5222,WE,WE BS,0.0000,7.7000,7.7000,46.2000,61.6000
2025-06-20,5223,WA,WA BS,0.0000,0.0000,0.0000,15.4000,15.4000
2025-06-20,5225,Packplatz,PP,0.0000,0.0000,7.7000,21.4000,29.1000
2025-06-20,5230,Springer,Prüfer BS,0.0000,0.0000,0.0000,7.7000,7.7000
2025-06-20,5231,MR1,MR1 Endmaße BS,0.0000,0.0000,7.7000,21.4000,29.1000
2025-06-20,5232,MR7,MR7 Lehren BS,0.0000,0.0000,7.7000,51.2000,58.9000
2025-06-20,5233,MR4,MR4 Lohnmessung BS,0.0000,0.0000,0.0000,7.7000,7.7000
2025-06-20,5234,MR2,MR2 Drehmoment BS,0.0000,0.0000,15.4000,15.4000,30.8000
2025-06-20,5235,MR6,MR6 Messschieber BS,0.0000,0.0000,0.0000,30.8000,30.8000
2025-06-20,5236,MR3,MR3 Messuhren BS,0.0000,0.0000,15.4000,23.1000,38.5000
2025-06-20,5237,MR9,MR9 Elektro BS,0.0000,0.0000,0.0000,7.7000,7.7000
2025-06-20,5238,MR8,MR8 Temperatur BS,0.0000,0.0000,7.7000,7.7000,15.4000
2025-06-20,5239,MR5,MR5 Bügelmesss. BS,0.0000,0.0000,7.7000,38.5000,46.2000
2025-06-20,5240,AV,Arbeitsvorbereit. BS,0.0000,0.0000,15.4000,57.2000,72.6000
2025-06-23,5211,MR11,MR11 Koordinatenm BS,0.0000,0.0000,0.0000,15.4000,15.4000
2025-06-23,5222,WE,WE BS,0.0000,0.0000,15.4000,46.2000,61.6000
2025-06-23,5223,WA,WA BS,0.0000,0.0000,6.0000,23.1000,29.1000
2025-06-23,5225,Packplatz,PP,0.0000,0.0000,0.0000,29.1000,29.1000
2025-06-23,5230,Springer,Prüfer BS,0.0000,0.0000,0.0000,7.7000,7.7000
2025-06-23,5231,MR1,MR1 Endmaße BS,0.0000,0.0000,0.0000,29.1000,29.1000
2025-06-23,5232,MR7,MR7 Lehren BS,0.0000,0.0000,7.7000,51.2000,58.9000
2025-06-23,5233,MR4,MR4 Lohnmessung BS,0.0000,0.0000,0.0000,0.0000,0.0000
2025-06-23,5234,MR2,MR2 Drehmoment BS,0.0000,0.0000,23.1000,15.4000,38.5000
2025-06-23,5235,MR6,MR6 Messschieber BS,0.0000,0.0000,15.4000,20.4000,35.8000
2025-06-23,5236,MR3,MR3 Messuhren BS,0.0000,0.0000,7.7000,30.8000,38.5000
2025-06-23,5237,MR9,MR9 Elektro BS,0.0000,0.0000,0.0000,7.7000,7.7000
2025-06-23,5238,MR8,MR8 Temperatur BS,0.0000,0.0000,7.7000,7.7000,15.4000
2025-06-23,5239,MR5,MR5 Bügelmesss. BS,0.0000,0.0000,7.7000,30.8000,38.5000
2025-06-23,5240,AV,Arbeitsvorbereit. BS,0.0000,0.0000,0.0000,80.3000,80.3000
2025-06-24,5211,MR11,MR11 Koordinatenm BS,0.0000,0.0000,0.0000,15.4000,15.4000
2025-06-24,5222,WE,WE BS,0.0000,0.0000,15.4000,46.2000,61.6000
2025-06-24,5223,WA,WA BS,0.0000,0.0000,6.0000,23.1000,29.1000
2025-06-24,5225,Packplatz,PP,0.0000,0.0000,0.0000,29.1000,29.1000
2025-06-24,5230,Springer,Prüfer BS,0.0000,0.0000,0.0000,7.7000,7.7000
2025-06-24,5231,MR1,MR1 Endmaße BS,0.0000,0.0000,0.0000,29.1000,29.1000
2025-06-24,5232,MR7,MR7 Lehren BS,0.0000,0.0000,7.7000,51.2000,58.9000
2025-06-24,5233,MR4,MR4 Lohnmessung BS,0.0000,0.0000,0.0000,0.0000,0.0000
2025-06-24,5234,MR2,MR2 Drehmoment BS,0.0000,0.0000,15.4000,23.1000,38.5000
2025-06-24,5235,MR6,MR6 Messschieber BS,0.0000,0.0000,15.4000,20.4000,35.8000
2025-06-24,5236,MR3,MR3 Messuhren BS,0.0000,0.0000,7.7000,30.8000,38.5000
2025-06-24,5237,MR9,MR9 Elektro BS,0.0000,0.0000,0.0000,7.7000,7.7000
2025-06-24,5238,MR8,MR8 Temperatur BS,0.0000,0.0000,7.7000,7.7000,15.4000
2025-06-24,5239,MR5,MR5 Bügelmesss. BS,0.0000,0.0000,7.7000,38.5000,46.2000
2025-06-24,5240,AV,Arbeitsvorbereit. BS,0.0000,0.0000,0.0000,80.3000,80.3000
2025-06-25,5211,MR11,MR11 Koordinatenm BS,0.0000,0.0000,0.0000,15.4000,15.4000
2025-06-25,5222,WE,WE BS,0.0000,0.0000,15.4000,46.2000,61.6000
2025-06-25,5223,WA,WA BS,0.0000,0.0000,6.0000,23.1000,29.1000
2025-06-25,5225,Packplatz,PP,0.0000,0.0000,0.0000,29.1000,29.1000
2025-06-25,5230,Springer,Prüfer BS,0.0000,0.0000,0.0000,7.7000,7.7000
2025-06-25,5231,MR1,MR1 Endmaße BS,0.0000,0.0000,0.0000,29.1000,29.1000
2025-06-25,5232,MR7,MR7 Lehren BS,0.0000,0.0000,7.7000,51.2000,58.9000
2025-06-25,5233,MR4,MR4 Lohnmessung BS,0.0000,0.0000,0.0000,7.7000,7.7000
2025-06-25,5234,MR2,MR2 Drehmoment BS,0.0000,0.0000,15.4000,23.1000,38.5000
2025-06-25,5235,MR6,MR6 Messschieber BS,0.0000,0.0000,15.4000,20.4000,35.8000
2025-06-25,5236,MR3,MR3 Messuhren BS,0.0000,0.0000,0.0000,38.5000,38.5000
2025-06-25,5237,MR9,MR9 Elektro BS,0.0000,0.0000,0.0000,7.7000,7.7000
2025-06-25,5238,MR8,MR8 Temperatur BS,0.0000,0.0000,7.7000,7.7000,15.4000
2025-06-25,5239,MR5,MR5 Bügelmesss. BS,0.0000,0.0000,15.4000,30.8000,46.2000
2025-06-25,5240,AV,Arbeitsvorbereit. BS,0.0000,0.0000,0.0000,75.3000,75.3000
2025-06-26,5211,MR11,MR11 Koordinatenm BS,0.0000,0.0000,0.0000,15.4000,15.4000
2025-06-26,5214,MR14,MR14 Waage BS,0.0000,0.0000,0.0000,7.7000,7.7000
2025-06-26,5222,WE,WE BS,0.0000,0.0000,15.4000,46.2000,61.6000
2025-06-26,5223,WA,WA BS,0.0000,0.0000,7.7000,15.4000,23.1000
2025-06-26,5225,Packplatz,PP,0.0000,0.0000,0.0000,29.1000,29.1000
2025-06-26,5230,Springer,Prüfer BS,0.0000,0.0000,0.0000,7.7000,7.7000
2025-06-26,5231,MR1,MR1 Endmaße BS,0.0000,0.0000,0.0000,29.1000,29.1000
2025-06-26,5232,MR7,MR7 Lehren BS,0.0000,0.0000,7.7000,46.2000,53.9000
2025-06-26,5233,MR4,MR4 Lohnmessung BS,0.0000,0.0000,0.0000,7.7000,7.7000
2025-06-26,5234,MR2,MR2 Drehmoment BS,0.0000,0.0000,15.4000,23.1000,38.5000
2025-06-26,5235,MR6,MR6 Messschieber BS,0.0000,0.0000,15.4000,20.4000,35.8000
2025-06-26,5236,MR3,MR3 Messuhren BS,0.0000,0.0000,0.0000,38.5000,38.5000
2025-06-26,5237,MR9,MR9 Elektro BS,0.0000,0.0000,0.0000,7.7000,7.7000
2025-06-26,5238,MR8,MR8 Temperatur BS,0.0000,0.0000,7.7000,0.0000,7.7000
2025-06-26,5239,MR5,MR5 Bügelmesss. BS,0.0000,0.0000,15.4000,30.8000,46.2000
2025-06-26,5240,AV,Arbeitsvorbereit. BS,0.0000,7.7000,0.0000,67.6000,75.3000
2025-06-27,5211,MR11,MR11 Koordinatenm BS,0.0000,0.0000,0.0000,15.4000,15.4000
2025-06-27,5222,WE,WE BS,0.0000,0.0000,15.4000,46.2000,61.6000
2025-06-27,5223,WA,WA BS,0.0000,0.0000,7.7000,7.7000,15.4000
2025-06-27,5225,Packplatz,PP,0.0000,0.0000,0.0000,29.1000,29.1000
2025-06-27,5230,Springer,Prüfer BS,0.0000,0.0000,0.0000,7.7000,7.7000
2025-06-27,5231,MR1,MR1 Endmaße BS,0.0000,0.0000,0.0000,29.1000,29.1000
2025-06-27,5232,MR7,MR7 Lehren BS,0.0000,0.0000,7.7000,42.5000,50.2000
2025-06-27,5233,MR4,MR4 Lohnmessung BS,0.0000,0.0000,0.0000,7.7000,7.7000
2025-06-27,5234,MR2,MR2 Drehmoment BS,0.0000,0.0000,15.4000,23.1000,38.5000
2025-06-27,5235,MR6,MR6 Messschieber BS,0.0000,0.0000,15.4000,20.4000,35.8000
2025-06-27,5236,MR3,MR3 Messuhren BS,0.0000,0.0000,0.0000,38.5000,38.5000
2025-06-27,5237,MR9,MR9 Elektro BS,0.0000,0.0000,0.0000,7.7000,7.7000
2025-06-27,5238,MR8,MR8 Temperatur BS,0.0000,0.0000,7.7000,7.7000,15.4000
2025-06-27,5239,MR5,MR5 Bügelmesss. BS,0.0000,0.0000,7.7000,38.5000,46.2000
2025-06-27,5240,AV,Arbeitsvorbereit. BS,0.0000,7.7000,0.0000,67.6000,75.3000
2025-06-30,5211,MR11,MR11 Koordinatenm BS,0.0000,0.0000,0.0000,15.4000,15.4000
2025-06-30,5222,WE,WE BS,0.0000,0.0000,15.4000,46.2000,61.6000
2025-06-30,5223,WA,WA BS,0.0000,0.0000,0.0000,29.1000,29.1000
2025-06-30,5225,Packplatz,PP,0.0000,0.0000,7.7000,21.4000,29.1000
2025-06-30,5230,Springer,Prüfer BS,0.0000,0.0000,0.0000,7.7000,7.7000
2025-06-30,5231,MR1,MR1 Endmaße BS,0.0000,0.0000,0.0000,29.1000,29.1000
2025-06-30,5232,MR7,MR7 Lehren BS,0.0000,0.0000,7.7000,50.2000,57.9000
2025-06-30,5233,MR4,MR4 Lohnmessung BS,0.0000,0.0000,0.0000,7.7000,7.7000
2025-06-30,5234,MR2,MR2 Drehmoment BS,0.0000,0.0000,7.7000,30.8000,38.5000
2025-06-30,5235,MR6,MR6 Messschieber BS,0.0000,0.0000,0.0000,35.8000,35.8000
2025-06-30,5236,MR3,MR3 Messuhren BS,0.0000,0.0000,0.0000,38.5000,38.5000
2025-06-30,5237,MR9,MR9 Elektro BS,0.0000,0.0000,0.0000,0.0000,0.0000
2025-06-30,5238,MR8,MR8 Temperatur BS,0.0000,0.0000,0.0000,15.4000,15.4000
2025-06-30,5239,MR5,MR5 Bügelmesss. BS,0.0000,0.0000,7.7000,30.8000,38.5000
2025-06-30,5240,AV,Arbeitsvorbereit. BS,0.0000,0.0000,0.0000,64.9000,64.9000
2025-07-01,5211,MR11,MR11 Koordinatenm BS,0.0000,0.0000,0.0000,15.4000,15.4000
2025-07-01,5222,WE,WE BS,0.0000,0.0000,7.7000,53.9000,61.6000
2025-07-01,5223,WA,WA BS,0.0000,0.0000,0.0000,29.1000,29.1000
2025-07-01,5225,Packplatz,PP,0.0000,0.0000,7.7000,21.4000,29.1000
2025-07-01,5230,Springer,Prüfer BS,0.0000,0.0000,0.0000,7.7000,7.7000
2025-07-01,5231,MR1,MR1 Endmaße BS,0.0000,0.0000,0.0000,29.1000,29.1000
2025-07-01,5232,MR7,MR7 Lehren BS,0.0000,0.0000,7.7000,42.5000,50.2000
2025-07-01,5233,MR4,MR4 Lohnmessung BS,0.0000,0.0000,0.0000,7.7000,7.7000
2025-07-01,5234,MR2,MR2 Drehmoment BS,0.0000,0.0000,7.7000,30.8000,38.5000
2025-07-01,5235,MR6,MR6 Messschieber BS,0.0000,0.0000,0.0000,35.8000,35.8000
2025-07-01,5236,MR3,MR3 Messuhren BS,0.0000,0.0000,0.0000,38.5000,38.5000
2025-07-01,5237,MR9,MR9 Elektro BS,0.0000,0.0000,0.0000,7.7000,7.7000
2025-07-01,5238,MR8,MR8 Temperatur BS,0.0000,0.0000,0.0000,15.4000,15.4000
2025-07-01,5239,MR5,MR5 Bügelmesss. BS,0.0000,0.0000,0.0000,38.5000,38.5000
2025-07-01,5240,AV,Arbeitsvorbereit. BS,0.0000,0.0000,7.7000,72.6000,80.3000
2025-07-02,5211,MR11,MR11 Koordinatenm BS,0.0000,0.0000,7.7000,7.7000,15.4000
2025-07-02,5222,WE,WE BS,0.0000,0.0000,7.7000,53.9000,61.6000
2025-07-02,5223,WA,WA BS,0.0000,0.0000,0.0000,29.1000,29.1000
2025-07-02,5225,Packplatz,PP,0.0000,0.0000,7.7000,21.4000,29.1000
2025-07-02,5230,Springer,Prüfer BS,0.0000,0.0000,0.0000,7.7000,7.7000
2025-07-02,5231,MR1,MR1 Endmaße BS,0.0000,7.7000,0.0000,21.4000,29.1000
2025-07-02,5232,MR7,MR7 Lehren BS,0.0000,7.7000,7.7000,34.8000,50.2000
2025-07-02,5233,MR4,MR4 Lohnmessung BS,0.0000,0.0000,0.0000,7.7000,7.7000
2025-07-02,5234,MR2,MR2 Drehmoment BS,0.0000,0.0000,7.7000,30.8000,38.5000
2025-07-02,5235,MR6,MR6 Messschieber BS,0.0000,0.0000,0.0000,35.8000,35.8000
2025-07-02,5236,MR3,MR3 Messuhren BS,0.0000,0.0000,0.0000,38.5000,38.5000
2025-07-02,5237,MR9,MR9 Elektro BS,0.0000,0.0000,0.0000,7.7000,7.7000
2025-07-02,5238,MR8,MR8 Temperatur BS,0.0000,0.0000,0.0000,15.4000,15.4000
2025-07-02,5239,MR5,MR5 Bügelmesss. BS,0.0000,0.0000,0.0000,46.2000,46.2000
2025-07-02,5240,AV,Arbeitsvorbereit. BS,0.0000,7.7000,0.0000,67.6000,75.3000
2025-07-03,5211,MR11,MR11 Koordinatenm BS,0.0000,0.0000,0.0000,15.4000,15.4000
2025-07-03,5222,WE,WE BS,0.0000,0.0000,7.7000,53.9000,61.6000
2025-07-03,5223,WA,WA BS,0.0000,0.0000,0.0000,23.1000,23.1000
2025-07-03,5225,Packplatz,PP,0.0000,0.0000,7.7000,21.4000,29.1000
2025-07-03,5230,Springer,Prüfer BS,0.0000,0.0000,0.0000,7.7000,7.7000
2025-07-03,5231,MR1,MR1 Endmaße BS,0.0000,7.7000,0.0000,21.4000,29.1000
2025-07-03,5232,MR7,MR7 Lehren BS,0.0000,7.7000,7.7000,34.8000,50.2000
2025-07-03,5233,MR4,MR4 Lohnmessung BS,0.0000,0.0000,0.0000,7.7000,7.7000
2025-07-03,5234,MR2,MR2 Drehmoment BS,7.7000,0.0000,15.4000,15.4000,38.5000
2025-07-03,5235,MR6,MR6 Messschieber BS,0.0000,0.0000,0.0000,35.8000,35.8000
2025-07-03,5236,MR3,MR3 Messuhren BS,0.0000,0.0000,0.0000,38.5000,38.5000
2025-07-03,5237,MR9,MR9 Elektro BS,0.0000,0.0000,0.0000,7.7000,7.7000
2025-07-03,5238,MR8,MR8 Temperatur BS,0.0000,0.0000,0.0000,15.4000,15.4000
2025-07-03,5239,MR5,MR5 Bügelmesss. BS,0.0000,0.0000,0.0000,46.2000,46.2000
2025-07-03,5240,AV,Arbeitsvorbereit. BS,0.0000,7.7000,0.0000,72.6000,80.3000
2025-07-04,5211,MR11,MR11 Koordinatenm BS,0.0000,0.0000,0.0000,15.4000,15.4000
2025-07-04,5222,WE,WE BS,0.0000,0.0000,7.7000,53.9000,61.6000
2025-07-04,5223,WA,WA BS,0.0000,0.0000,0.0000,15.4000,15.4000
2025-07-04,5225,Packplatz,PP,0.0000,0.0000,7.7000,21.4000,29.1000
2025-07-04,5230,Springer,Prüfer BS,0.0000,0.0000,0.0000,7.7000,7.7000
2025-07-04,5231,MR1,MR1 Endmaße BS,0.0000,0.0000,0.0000,29.1000,29.1000
2025-07-04,5232,MR7,MR7 Lehren BS,0.0000,7.7000,7.7000,34.8000,50.2000
2025-07-04,5233,MR4,MR4 Lohnmessung BS,0.0000,0.0000,0.0000,7.7000,7.7000
2025-07-04,5234,MR2,MR2 Drehmoment BS,0.0000,0.0000,15.4000,23.1000,38.5000
2025-07-04,5235,MR6,MR6 Messschieber BS,0.0000,0.0000,7.7000,28.1000,35.8000
2025-07-04,5236,MR3,MR3 Messuhren BS,0.0000,0.0000,0.0000,38.5000,38.5000
2025-07-04,5237,MR9,MR9 Elektro BS,0.0000,0.0000,0.0000,7.7000,7.7000
2025-07-04,5238,MR8,MR8 Temperatur BS,0.0000,0.0000,0.0000,15.4000,15.4000
2025-07-04,5239,MR5,MR5 Bügelmesss. BS,0.0000,0.0000,0.0000,46.2000,46.2000
2025-07-04,5240,AV,Arbeitsvorbereit. BS,0.0000,7.7000,0.0000,57.2000,64.9000
2025-07-07,5211,MR11,MR11 Koordinatenm BS,0.0000,0.0000,0.0000,15.4000,15.4000
2025-07-07,5222,WE,WE BS,0.0000,0.0000,7.7000,53.9000,61.6000
2025-07-07,5223,WA,WA BS,0.0000,0.0000,0.0000,29.1000,29.1000
2025-07-07,5225,Packplatz,PP,0.0000,0.0000,7.7000,21.4000,29.1000
2025-07-07,5230,Springer,Prüfer BS,0.0000,7.7000,0.0000,7.7000,15.4000
2025-07-07,5231,MR1,MR1 Endmaße BS,0.0000,0.0000,0.0000,29.1000,29.1000
2025-07-07,5232,MR7,MR7 Lehren BS,0.0000,7.7000,7.7000,42.5000,57.9000
2025-07-07,5233,MR4,MR4 Lohnmessung BS,0.0000,0.0000,0.0000,7.7000,7.7000
2025-07-07,5234,MR2,MR2 Drehmoment BS,0.0000,0.0000,7.7000,30.8000,38.5000
2025-07-07,5235,MR6,MR6 Messschieber BS,0.0000,0.0000,7.7000,28.1000,35.8000
2025-07-07,5236,MR3,MR3 Messuhren BS,0.0000,0.0000,0.0000,30.8000,30.8000
2025-07-07,5237,MR9,MR9 Elektro BS,0.0000,0.0000,0.0000,7.7000,7.7000
2025-07-07,5238,MR8,MR8 Temperatur BS,0.0000,0.0000,0.0000,15.4000,15.4000
2025-07-07,5239,MR5,MR5 Bügelmesss. BS,0.0000,0.0000,0.0000,30.8000,30.8000
2025-07-07,5240,AV,Arbeitsvorbereit. BS,0.0000,7.7000,15.4000,57.2000,80.3000
2025-07-07,5900,Qualifizierung,Qualifizierung,0.0000,0.0000,0.0000,7.7000,7.7000
2025-07-08,5211,MR11,MR11 Koordinatenm BS,0.0000,0.0000,0.0000,15.4000,15.4000
2025-07-08,5222,WE,WE BS,0.0000,0.0000,7.7000,53.9000,61.6000
2025-07-08,5223,WA,WA BS,0.0000,0.0000,0.0000,29.1000,29.1000
2025-07-08,5225,Packplatz,PP,0.0000,0.0000,7.7000,21.4000,29.1000
2025-07-08,5230,Springer,Prüfer BS,0.0000,7.7000,0.0000,7.7000,15.4000
2025-07-08,5231,MR1,MR1 Endmaße BS,0.0000,0.0000,0.0000,29.1000,29.1000
2025-07-08,5232,MR7,MR7 Lehren BS,0.0000,7.7000,7.7000,42.5000,57.9000
2025-07-08,5233,MR4,MR4 Lohnmessung BS,0.0000,0.0000,0.0000,7.7000,7.7000
2025-07-08,5234,MR2,MR2 Drehmoment BS,0.0000,0.0000,7.7000,30.8000,38.5000
2025-07-08,5235,MR6,MR6 Messschieber BS,0.0000,0.0000,0.0000,35.8000,35.8000
2025-07-08,5236,MR3,MR3 Messuhren BS,0.0000,0.0000,0.0000,30.8000,30.8000
2025-07-08,5237,MR9,MR9 Elektro BS,0.0000,0.0000,0.0000,7.7000,7.7000
2025-07-08,5238,MR8,MR8 Temperatur BS,0.0000,0.0000,0.0000,15.4000,15.4000
2025-07-08,5239,MR5,MR5 Bügelmesss. BS,0.0000,0.0000,0.0000,38.5000,38.5000
2025-07-08,5240,AV,Arbeitsvorbereit. BS,0.0000,7.7000,15.4000,57.2000,80.3000
2025-07-08,5900,Qualifizierung,Qualifizierung,0.0000,0.0000,0.0000,7.7000,7.7000
2025-07-09,5211,MR11,MR11 Koordinatenm BS,0.0000,0.0000,0.0000,15.4000,15.4000
2025-07-09,5222,WE,WE BS,0.0000,7.7000,7.7000,46.2000,61.6000
2025-07-09,5223,WA,WA BS,0.0000,0.0000,0.0000,29.1000,29.1000
2025-07-09,5225,Packplatz,PP,0.0000,0.0000,7.7000,21.4000,29.1000
2025-07-09,5230,Springer,Prüfer BS,0.0000,7.7000,0.0000,7.7000,15.4000
2025-07-09,5231,MR1,MR1 Endmaße BS,0.0000,0.0000,0.0000,29.1000,29.1000
2025-07-09,5232,MR7,MR7 Lehren BS,0.0000,7.7000,11.7000,38.5000,57.9000
2025-07-09,5233,MR4,MR4 Lohnmessung BS,0.0000,0.0000,0.0000,7.7000,7.7000
2025-07-09,5234,MR2,MR2 Drehmoment BS,0.0000,0.0000,7.7000,30.8000,38.5000
2025-07-09,5235,MR6,MR6 Messschieber BS,0.0000,0.0000,0.0000,35.8000,35.8000
2025-07-09,5236,MR3,MR3 Messuhren BS,0.0000,0.0000,0.0000,30.8000,30.8000
2025-07-09,5237,MR9,MR9 Elektro BS,0.0000,0.0000,0.0000,7.7000,7.7000
2025-07-09,5238,MR8,MR8 Temperatur BS,0.0000,7.7000,0.0000,7.7000,15.4000
2025-07-09,5239,MR5,MR5 Bügelmesss. BS,0.0000,0.0000,0.0000,38.5000,38.5000
2025-07-09,5240,AV,Arbeitsvorbereit. BS,0.0000,7.7000,15.4000,52.2000,75.3000
2025-07-09,5900,Qualifizierung,Qualifizierung,0.0000,0.0000,0.0000,7.7000,7.7000
2025-07-10,5211,MR11,MR11 Koordinatenm BS,0.0000,0.0000,0.0000,15.4000,15.4000
2025-07-10,5222,WE,WE BS,0.0000,7.7000,7.7000,46.2000,61.6000
2025-07-10,5223,WA,WA BS,0.0000,7.7000,0.0000,15.4000,23.1000
2025-07-10,5225,Packplatz,PP,0.0000,0.0000,7.7000,21.4000,29.1000
2025-07-10,5230,Springer,Prüfer BS,0.0000,7.7000,0.0000,7.7000,15.4000
2025-07-10,5231,MR1,MR1 Endmaße BS,0.0000,0.0000,0.0000,29.1000,29.1000
2025-07-10,5232,MR7,MR7 Lehren BS,0.0000,7.7000,15.4000,34.8000,57.9000
2025-07-10,5233,MR4,MR4 Lohnmessung BS,0.0000,0.0000,0.0000,7.7000,7.7000
2025-07-10,5234,MR2,MR2 Drehmoment BS,0.0000,0.0000,7.7000,30.8000,38.5000
2025-07-10,5235,MR6,MR6 Messschieber BS,0.0000,0.0000,0.0000,35.8000,35.8000
2025-07-10,5236,MR3,MR3 Messuhren BS,0.0000,0.0000,0.0000,30.8000,30.8000
2025-07-10,5237,MR9,MR9 Elektro BS,0.0000,0.0000,0.0000,7.7000,7.7000
2025-07-10,5238,MR8,MR8 Temperatur BS,0.0000,0.0000,0.0000,15.4000,15.4000
2025-07-10,5239,MR5,MR5 Bügelmesss. BS,0.0000,0.0000,0.0000,38.5000,38.5000
2025-07-10,5240,AV,Arbeitsvorbereit. BS,0.0000,7.7000,15.4000,57.2000,80.3000
2025-07-10,5900,Qualifizierung,Qualifizierung,0.0000,0.0000,0.0000,7.7000,7.7000
2025-07-11,5211,MR11,MR11 Koordinatenm BS,0.0000,0.0000,0.0000,15.4000,15.4000
2025-07-11,5222,WE,WE BS,0.0000,7.7000,7.7000,46.2000,61.6000
2025-07-11,5223,WA,WA BS,0.0000,0.0000,0.0000,15.4000,15.4000
2025-07-11,5225,Packplatz,PP,0.0000,0.0000,7.7000,21.4000,29.1000
2025-07-11,5230,Springer,Prüfer BS,0.0000,7.7000,0.0000,7.7000,15.4000
2025-07-11,5231,MR1,MR1 Endmaße BS,0.0000,0.0000,0.0000,29.1000,29.1000
2025-07-11,5232,MR7,MR7 Lehren BS,0.0000,7.7000,15.4000,27.1000,50.2000
2025-07-11,5233,MR4,MR4 Lohnmessung BS,0.0000,0.0000,0.0000,7.7000,7.7000
2025-07-11,5234,MR2,MR2 Drehmoment BS,0.0000,0.0000,7.7000,30.8000,38.5000
2025-07-11,5235,MR6,MR6 Messschieber BS,0.0000,0.0000,0.0000,35.8000,35.8000
2025-07-11,5236,MR3,MR3 Messuhren BS,0.0000,0.0000,0.0000,30.8000,30.8000
2025-07-11,5237,MR9,MR9 Elektro BS,0.0000,0.0000,0.0000,7.7000,7.7000
2025-07-11,5238,MR8,MR8 Temperatur BS,0.0000,0.0000,0.0000,15.4000,15.4000
2025-07-11,5239,MR5,MR5 Bügelmesss. BS,0.0000,0.0000,0.0000,38.5000,38.5000
2025-07-11,5240,AV,Arbeitsvorbereit. BS,0.0000,7.7000,15.4000,51.2000,74.3000
2025-07-11,5900,Qualifizierung,Qualifizierung,0.0000,0.0000,0.0000,7.7000,7.7000
2025-07-14,5211,MR11,MR11 Koordinatenm BS,0.0000,0.0000,0.0000,15.4000,15.4000
2025-07-14,5222,WE,WE BS,0.0000,0.0000,15.4000,46.2000,61.6000
2025-07-14,5223,WA,WA BS,0.0000,0.0000,7.7000,21.4000,29.1000
2025-07-14,5225,Packplatz,PP,0.0000,0.0000,6.0000,23.1000,29.1000
2025-07-14,5230,Springer,Prüfer BS,0.0000,7.7000,7.7000,0.0000,15.4000
2025-07-14,5231,MR1,MR1 Endmaße BS,0.0000,0.0000,0.0000,29.1000,29.1000
2025-07-14,5232,MR7,MR7 Lehren BS,0.0000,0.0000,11.7000,46.2000,57.9000
2025-07-14,5233,MR4,MR4 Lohnmessung BS,0.0000,0.0000,0.0000,7.7000,7.7000
2025-07-14,5234,MR2,MR2 Drehmoment BS,0.0000,0.0000,7.7000,30.8000,38.5000
2025-07-14,5235,MR6,MR6 Messschieber BS,0.0000,0.0000,0.0000,35.8000,35.8000
2025-07-14,5236,MR3,MR3 Messuhren BS,0.0000,0.0000,0.0000,30.8000,30.8000
2025-07-14,5237,MR9,MR9 Elektro BS,0.0000,0.0000,0.0000,7.7000,7.7000
2025-07-14,5238,MR8,MR8 Temperatur BS,0.0000,0.0000,0.0000,15.4000,15.4000
2025-07-14,5239,MR5,MR5 Bügelmesss. BS,0.0000,0.0000,0.0000,30.8000,30.8000
2025-07-14,5240,AV,Arbeitsvorbereit. BS,0.0000,7.7000,15.4000,57.2000,80.3000
2025-07-14,5900,Qualifizierung,Qualifizierung,0.0000,0.0000,0.0000,7.7000,7.7000
2025-07-15,5211,MR11,MR11 Koordinatenm BS,0.0000,0.0000,0.0000,15.4000,15.4000
2025-07-15,5222,WE,WE BS,0.0000,0.0000,15.4000,46.2000,61.6000
2025-07-15,5223,WA,WA BS,0.0000,0.0000,7.7000,21.4000,29.1000
2025-07-15,5225,Packplatz,PP,0.0000,0.0000,13.7000,15.4000,29.1000
2025-07-15,5230,Springer,Prüfer BS,0.0000,7.7000,7.7000,0.0000,15.4000
2025-07-15,5231,MR1,MR1 Endmaße BS,0.0000,0.0000,0.0000,29.1000,29.1000
2025-07-15,5232,MR7,MR7 Lehren BS,0.0000,0.0000,11.7000,46.2000,57.9000
2025-07-15,5233,MR4,MR4 Lohnmessung BS,0.0000,0.0000,0.0000,7.7000,7.7000
2025-07-15,5234,MR2,MR2 Drehmoment BS,0.0000,0.0000,7.7000,30.8000,38.5000
2025-07-15,5235,MR6,MR6 Messschieber BS,0.0000,0.0000,0.0000,35.8000,35.8000
2025-07-15,5236,MR3,MR3 Messuhren BS,0.0000,0.0000,0.0000,30.8000,30.8000
2025-07-15,5237,MR9,MR9 Elektro BS,0.0000,0.0000,0.0000,7.7000,7.7000
2025-07-15,5238,MR8,MR8 Temperatur BS,0.0000,0.0000,0.0000,15.4000,15.4000
2025-07-15,5239,MR5,MR5 Bügelmesss. BS,0.0000,0.0000,7.7000,30.8000,38.5000
2025-07-15,5240,AV,Arbeitsvorbereit. BS,0.0000,7.7000,15.4000,49.5000,72.6000
2025-07-15,5900,Qualifizierung,Qualifizierung,0.0000,0.0000,0.0000,7.7000,7.7000
2025-07-16,5211,MR11,MR11 Koordinatenm BS,0.0000,0.0000,0.0000,15.4000,15.4000
2025-07-16,5222,WE,WE BS,0.0000,0.0000,15.4000,46.2000,61.6000
2025-07-16,5223,WA,WA BS,0.0000,0.0000,7.7000,21.4000,29.1000
2025-07-16,5225,Packplatz,PP,0.0000,0.0000,13.7000,15.4000,29.1000
2025-07-16,5230,Springer,Prüfer BS,0.0000,7.7000,7.7000,0.0000,15.4000
2025-07-16,5231,MR1,MR1 Endmaße BS,0.0000,0.0000,0.0000,29.1000,29.1000
2025-07-16,5232,MR7,MR7 Lehren BS,0.0000,0.0000,11.7000,46.2000,57.9000
2025-07-16,5233,MR4,MR4 Lohnmessung BS,0.0000,0.0000,0.0000,7.7000,7.7000
2025-07-16,5234,MR2,MR2 Drehmoment BS,0.0000,0.0000,7.7000,30.8000,38.5000
2025-07-16,5235,MR6,MR6 Messschieber BS,0.0000,0.0000,0.0000,35.8000,35.8000
2025-07-16,5236,MR3,MR3 Messuhren BS,0.0000,0.0000,0.0000,30.8000,30.8000
2025-07-16,5237,MR9,MR9 Elektro BS,0.0000,0.0000,0.0000,7.7000,7.7000
2025-07-16,5238,MR8,MR8 Temperatur BS,0.0000,0.0000,0.0000,15.4000,15.4000
2025-07-16,5239,MR5,MR5 Bügelmesss. BS,0.0000,0.0000,7.7000,30.8000,38.5000
2025-07-16,5240,AV,Arbeitsvorbereit. BS,0.0000,7.7000,15.4000,52.2000,75.3000
2025-07-16,5900,Qualifizierung,Qualifizierung,0.0000,0.0000,0.0000,7.7000,7.7000
2025-07-17,5211,MR11,MR11 Koordinatenm BS,0.0000,0.0000,0.0000,15.4000,15.4000
2025-07-17,5222,WE,WE BS,0.0000,7.7000,23.1000,30.8000,61.6000
2025-07-17,5223,WA,WA BS,0.0000,0.0000,7.7000,15.4000,23.1000
2025-07-17,5225,Packplatz,PP,0.0000,0.0000,6.0000,23.1000,29.1000
2025-07-17,5230,Springer,Prüfer BS,0.0000,0.0000,7.7000,0.0000,7.7000
2025-07-17,5231,MR1,MR1 Endmaße BS,0.0000,0.0000,0.0000,29.1000,29.1000
2025-07-17,5232,MR7,MR7 Lehren BS,0.0000,0.0000,11.7000,46.2000,57.9000
2025-07-17,5233,MR4,MR4 Lohnmessung BS,0.0000,0.0000,0.0000,7.7000,7.7000
2025-07-17,5234,MR2,MR2 Drehmoment BS,0.0000,0.0000,7.7000,30.8000,38.5000
2025-07-17,5235,MR6,MR6 Messschieber BS,0.0000,0.0000,0.0000,35.8000,35.8000
2025-07-17,5236,MR3,MR3 Messuhren BS,0.0000,0.0000,0.0000,30.8000,30.8000
2025-07-17,5237,MR9,MR9 Elektro BS,0.0000,0.0000,0.0000,7.7000,7.7000
2025-07-17,5238,MR8,MR8 Temperatur BS,0.0000,0.0000,0.0000,15.4000,15.4000
2025-07-17,5239,MR5,MR5 Bügelmesss. BS,0.0000,0.0000,0.0000,38.5000,38.5000
2025-07-17,5240,AV,Arbeitsvorbereit. BS,0.0000,7.7000,15.4000,57.2000,80.3000
2025-07-17,5900,Qualifizierung,Qualifizierung,0.0000,0.0000,0.0000,7.7000,7.7000
2025-07-18,5211,MR11,MR11 Koordinatenm BS,0.0000,0.0000,7.7000,7.7000,15.4000
2025-07-18,5222,WE,WE BS,0.0000,7.7000,23.1000,30.8000,61.6000
2025-07-18,5223,WA,WA BS,0.0000,0.0000,7.7000,7.7000,15.4000
2025-07-18,5225,Packplatz,PP,7.7000,0.0000,6.0000,15.4000,29.1000
2025-07-18,5230,Springer,Prüfer BS,0.0000,0.0000,7.7000,0.0000,7.7000
2025-07-18,5231,MR1,MR1 Endmaße BS,0.0000,0.0000,0.0000,29.1000,29.1000
2025-07-18,5232,MR7,MR7 Lehren BS,0.0000,0.0000,11.7000,46.2000,57.9000
2025-07-18,5233,MR4,MR4 Lohnmessung BS,0.0000,0.0000,0.0000,7.7000,7.7000
2025-07-18,5234,MR2,MR2 Drehmoment BS,0.0000,0.0000,7.7000,30.8000,38.5000
2025-07-18,5235,MR6,MR6 Messschieber BS,0.0000,0.0000,0.0000,35.8000,35.8000
2025-07-18,5236,MR3,MR3 Messuhren BS,0.0000,0.0000,0.0000,30.8000,30.8000
2025-07-18,5237,MR9,MR9 Elektro BS,0.0000,0.0000,0.0000,7.7000,7.7000
2025-07-18,5238,MR8,MR8 Temperatur BS,0.0000,0.0000,0.0000,15.4000,15.4000
2025-07-18,5239,MR5,MR5 Bügelmesss. BS,0.0000,0.0000,7.7000,23.1000,30.8000
2025-07-18,5240,AV,Arbeitsvorbereit. BS,0.0000,7.7000,23.1000,49.5000,80.3000
2025-07-18,5900,Qualifizierung,Qualifizierung,0.0000,0.0000,0.0000,7.7000,7.7000
2025-07-21,5211,MR11,MR11 Koordinatenm BS,0.0000,0.0000,7.7000,7.7000,15.4000
2025-07-21,5222,WE,WE BS,0.0000,0.0000,15.4000,46.2000,61.6000
2025-07-21,5223,WA,WA BS,0.0000,0.0000,7.7000,21.4000,29.1000
2025-07-21,5225,Packplatz,PP,7.7000,0.0000,6.0000,15.4000,29.1000
2025-07-21,5230,Springer,Prüfer BS,0.0000,0.0000,0.0000,7.7000,7.7000
2025-07-21,5231,MR1,MR1 Endmaße BS,0.0000,0.0000,0.0000,29.1000,29.1000
2025-07-21,5232,MR7,MR7 Lehren BS,0.0000,0.0000,11.7000,46.2000,57.9000
2025-07-21,5233,MR4,MR4 Lohnmessung BS,0.0000,0.0000,0.0000,7.7000,7.7000
2025-07-21,5234,MR2,MR2 Drehmoment BS,0.0000,0.0000,0.0000,38.5000,38.5000
2025-07-21,5235,MR6,MR6 Messschieber BS,0.0000,0.0000,0.0000,35.8000,35.8000
2025-07-21,5236,MR3,MR3 Messuhren BS,0.0000,0.0000,7.7000,23.1000,30.8000
2025-07-21,5237,MR9,MR9 Elektro BS,0.0000,0.0000,0.0000,7.7000,7.7000
2025-07-21,5238,MR8,MR8 Temperatur BS,0.0000,0.0000,0.0000,15.4000,15.4000
2025-07-21,5239,MR5,MR5 Bügelmesss. BS,0.0000,0.0000,7.7000,15.4000,23.1000
2025-07-21,5240,AV,Arbeitsvorbereit. BS,0.0000,7.7000,28.1000,44.5000,80.3000
2025-07-21,5900,Qualifizierung,Qualifizierung,0.0000,0.0000,0.0000,7.7000,7.7000
2025-07-22,5211,MR11,MR11 Koordinatenm BS,0.0000,0.0000,7.7000,7.7000,15.4000
2025-07-22,5222,WE,WE BS,0.0000,7.7000,15.4000,38.5000,61.6000
2025-07-22,5223,WA,WA BS,0.0000,0.0000,7.7000,21.4000,29.1000
2025-07-22,5225,Packplatz,PP,7.7000,0.0000,6.0000,15.4000,29.1000
2025-07-22,5230,Springer,Prüfer BS,0.0000,0.0000,0.0000,7.7000,7.7000
2025-07-22,5231,MR1,MR1 Endmaße BS,0.0000,0.0000,0.0000,29.1000,29.1000
2025-07-22,5232,MR7,MR7 Lehren BS,0.0000,0.0000,11.7000,46.2000,57.9000
2025-07-22,5233,MR4,MR4 Lohnmessung BS,0.0000,0.0000,0.0000,7.7000,7.7000
2025-07-22,5234,MR2,MR2 Drehmoment BS,0.0000,0.0000,0.0000,38.5000,38.5000
2025-07-22,5235,MR6,MR6 Messschieber BS,0.0000,0.0000,0.0000,35.8000,35.8000
2025-07-22,5236,MR3,MR3 Messuhren BS,0.0000,0.0000,7.7000,23.1000,30.8000
2025-07-22,5237,MR9,MR9 Elektro BS,0.0000,0.0000,0.0000,7.7000,7.7000
2025-07-22,5238,MR8,MR8 Temperatur BS,0.0000,0.0000,0.0000,15.4000,15.4000
2025-07-22,5239,MR5,MR5 Bügelmesss. BS,0.0000,0.0000,7.7000,30.8000,38.5000
2025-07-22,5240,AV,Arbeitsvorbereit. BS,0.0000,7.7000,20.4000,52.2000,80.3000
2025-07-22,5900,Qualifizierung,Qualifizierung,0.0000,0.0000,0.0000,7.7000,7.7000
2025-07-23,5211,MR11,MR11 Koordinatenm BS,0.0000,0.0000,7.7000,7.7000,15.4000
2025-07-23,5222,WE,WE BS,0.0000,7.7000,15.4000,38.5000,61.6000
2025-07-23,5223,WA,WA BS,0.0000,0.0000,7.7000,21.4000,29.1000
2025-07-23,5225,Packplatz,PP,0.0000,0.0000,6.0000,23.1000,29.1000
2025-07-23,5230,Springer,Prüfer BS,0.0000,0.0000,0.0000,7.7000,7.7000
2025-07-23,5231,MR1,MR1 Endmaße BS,0.0000,0.0000,0.0000,29.1000,29.1000
2025-07-23,5232,MR7,MR7 Lehren BS,0.0000,0.0000,11.7000,46.2000,57.9000
2025-07-23,5233,MR4,MR4 Lohnmessung BS,0.0000,0.0000,0.0000,7.7000,7.7000
2025-07-23,5234,MR2,MR2 Drehmoment BS,0.0000,0.0000,0.0000,38.5000,38.5000
2025-07-23,5235,MR6,MR6 Messschieber BS,0.0000,0.0000,0.0000,35.8000,35.8000
2025-07-23,5236,MR3,MR3 Messuhren BS,0.0000,0.0000,7.7000,23.1000,30.8000
2025-07-23,5237,MR9,MR9 Elektro BS,0.0000,0.0000,0.0000,7.7000,7.7000
2025-07-23,5238,MR8,MR8 Temperatur BS,0.0000,0.0000,0.0000,15.4000,15.4000
2025-07-23,5239,MR5,MR5 Bügelmesss. BS,0.0000,0.0000,7.7000,30.8000,38.5000
2025-07-23,5240,AV,Arbeitsvorbereit. BS,0.0000,7.7000,15.4000,52.2000,75.3000
2025-07-23,5900,Qualifizierung,Qualifizierung,0.0000,0.0000,0.0000,7.7000,7.7000
2025-07-24,5211,MR11,MR11 Koordinatenm BS,0.0000,0.0000,7.7000,7.7000,15.4000
2025-07-24,5222,WE,WE BS,0.0000,0.0000,15.4000,46.2000,61.6000
2025-07-24,5223,WA,WA BS,0.0000,0.0000,7.7000,7.7000,15.4000
2025-07-24,5225,Packplatz,PP,0.0000,0.0000,6.0000,23.1000,29.1000
2025-07-24,5230,Springer,Prüfer BS,0.0000,0.0000,0.0000,7.7000,7.7000
2025-07-24,5231,MR1,MR1 Endmaße BS,0.0000,0.0000,0.0000,29.1000,29.1000
2025-07-24,5232,MR7,MR7 Lehren BS,0.0000,0.0000,11.7000,46.2000,57.9000
2025-07-24,5233,MR4,MR4 Lohnmessung BS,0.0000,0.0000,0.0000,7.7000,7.7000
2025-07-24,5234,MR2,MR2 Drehmoment BS,0.0000,0.0000,0.0000,38.5000,38.5000
2025-07-24,5235,MR6,MR6 Messschieber BS,0.0000,0.0000,0.0000,35.8000,35.8000
2025-07-24,5236,MR3,MR3 Messuhren BS,0.0000,0.0000,7.7000,23.1000,30.8000
2025-07-24,5237,MR9,MR9 Elektro BS,0.0000,0.0000,0.0000,7.7000,7.7000
2025-07-24,5238,MR8,MR8 Temperatur BS,0.0000,0.0000,0.0000,15.4000,15.4000
2025-07-24,5239,MR5,MR5 Bügelmesss. BS,0.0000,0.0000,7.7000,30.8000,38.5000
2025-07-24,5240,AV,Arbeitsvorbereit. BS,0.0000,7.7000,20.4000,52.2000,80.3000
2025-07-24,5900,Qualifizierung,Qualifizierung,0.0000,0.0000,0.0000,7.7000,7.7000
2025-07-25,5211,MR11,MR11 Koordinatenm BS,0.0000,0.0000,7.7000,7.7000,15.4000
2025-07-25,5222,WE,WE BS,0.0000,0.0000,15.4000,46.2000,61.6000
2025-07-25,5223,WA,WA BS,0.0000,0.0000,7.7000,7.7000,15.4000
2025-07-25,5225,Packplatz,PP,0.0000,0.0000,6.0000,23.1000,29.1000
2025-07-25,5230,Springer,Prüfer BS,0.0000,0.0000,0.0000,7.7000,7.7000
2025-07-25,5231,MR1,MR1 Endmaße BS,0.0000,0.0000,0.0000,29.1000,29.1000
2025-07-25,5232,MR7,MR7 Lehren BS,0.0000,0.0000,11.7000,46.2000,57.9000
2025-07-25,5233,MR4,MR4 Lohnmessung BS,0.0000,0.0000,0.0000,7.7000,7.7000
2025-07-25,5234,MR2,MR2 Drehmoment BS,0.0000,0.0000,0.0000,38.5000,38.5000
2025-07-25,5235,MR6,MR6 Messschieber BS,0.0000,0.0000,0.0000,35.8000,35.8000
2025-07-25,5236,MR3,MR3 Messuhren BS,0.0000,0.0000,7.7000,23.1000,30.8000
2025-07-25,5237,MR9,MR9 Elektro BS,0.0000,0.0000,0.0000,7.7000,7.7000
2025-07-25,5238,MR8,MR8 Temperatur BS,0.0000,0.0000,0.0000,15.4000,15.4000
2025-07-25,5239,MR5,MR5 Bügelmesss. BS,0.0000,0.0000,7.7000,30.8000,38.5000
2025-07-25,5240,AV,Arbeitsvorbereit. BS,0.0000,7.7000,20.4000,52.2000,80.3000
2025-07-25,5900,Qualifizierung,Qualifizierung,0.0000,0.0000,0.0000,7.7000,7.7000
2025-07-28,5211,MR11,MR11 Koordinatenm BS,0.0000,0.0000,0.0000,7.7000,7.7000
2025-07-28,5222,WE,WE BS,0.0000,0.0000,15.4000,46.2000,61.6000
2025-07-28,5223,WA,WA BS,0.0000,0.0000,7.7000,21.4000,29.1000
2025-07-28,5225,Packplatz,PP,0.0000,0.0000,6.0000,23.1000,29.1000
2025-07-28,5230,Springer,Prüfer BS,0.0000,0.0000,0.0000,7.7000,7.7000
2025-07-28,5231,MR1,MR1 Endmaße BS,0.0000,0.0000,0.0000,29.1000,29.1000
2025-07-28,5232,MR7,MR7 Lehren BS,0.0000,0.0000,4.0000,46.2000,50.2000
2025-07-28,5233,MR4,MR4 Lohnmessung BS,0.0000,0.0000,0.0000,7.7000,7.7000
2025-07-28,5234,MR2,MR2 Drehmoment BS,0.0000,0.0000,0.0000,38.5000,38.5000
2025-07-28,5235,MR6,MR6 Messschieber BS,0.0000,0.0000,7.7000,28.1000,35.8000
2025-07-28,5236,MR3,MR3 Messuhren BS,0.0000,0.0000,7.7000,23.1000,30.8000
2025-07-28,5237,MR9,MR9 Elektro BS,0.0000,0.0000,0.0000,7.7000,7.7000
2025-07-28,5238,MR8,MR8 Temperatur BS,0.0000,0.0000,0.0000,15.4000,15.4000
2025-07-28,5239,MR5,MR5 Bügelmesss. BS,0.0000,0.0000,15.4000,7.7000,23.1000
2025-07-28,5240,AV,Arbeitsvorbereit. BS,0.0000,7.7000,12.7000,59.9000,80.3000
2025-07-28,5900,Qualifizierung,Qualifizierung,0.0000,0.0000,0.0000,7.7000,7.7000
2025-07-29,5211,MR11,MR11 Koordinatenm BS,0.0000,0.0000,0.0000,7.7000,7.7000
2025-07-29,5222,WE,WE BS,0.0000,0.0000,15.4000,46.2000,61.6000
2025-07-29,5223,WA,WA BS,0.0000,0.0000,7.7000,21.4000,29.1000
2025-07-29,5225,Packplatz,PP,0.0000,0.0000,6.0000,23.1000,29.1000
2025-07-29,5230,Springer,Prüfer BS,0.0000,0.0000,0.0000,7.7000,7.7000
2025-07-29,5231,MR1,MR1 Endmaße BS,0.0000,0.0000,0.0000,29.1000,29.1000
2025-07-29,5232,MR7,MR7 Lehren BS,0.0000,0.0000,4.0000,53.9000,57.9000
2025-07-29,5233,MR4,MR4 Lohnmessung BS,0.0000,0.0000,0.0000,7.7000,7.7000
2025-07-29,5234,MR2,MR2 Drehmoment BS,0.0000,0.0000,0.0000,38.5000,38.5000
2025-07-29,5235,MR6,MR6 Messschieber BS,0.0000,0.0000,7.7000,28.1000,35.8000
2025-07-29,5236,MR3,MR3 Messuhren BS,0.0000,0.0000,7.7000,23.1000,30.8000
2025-07-29,5237,MR9,MR9 Elektro BS,0.0000,0.0000,0.0000,7.7000,7.7000
2025-07-29,5238,MR8,MR8 Temperatur BS,0.0000,0.0000,0.0000,15.4000,15.4000
2025-07-29,5239,MR5,MR5 Bügelmesss. BS,0.0000,0.0000,15.4000,23.1000,38.5000
2025-07-29,5240,AV,Arbeitsvorbereit. BS,0.0000,7.7000,12.7000,59.9000,80.3000
2025-07-29,5900,Qualifizierung,Qualifizierung,0.0000,0.0000,0.0000,7.7000,7.7000
2025-07-30,5211,MR11,MR11 Koordinatenm BS,0.0000,0.0000,0.0000,7.7000,7.7000
2025-07-30,5222,WE,WE BS,0.0000,0.0000,15.4000,46.2000,61.6000
2025-07-30,5223,WA,WA BS,0.0000,0.0000,7.7000,21.4000,29.1000
2025-07-30,5225,Packplatz,PP,0.0000,0.0000,6.0000,23.1000,29.1000
2025-07-30,5230,Springer,Prüfer BS,0.0000,0.0000,0.0000,7.7000,7.7000
2025-07-30,5231,MR1,MR1 Endmaße BS,0.0000,0.0000,0.0000,29.1000,29.1000
2025-07-30,5232,MR7,MR7 Lehren BS,0.0000,7.7000,4.0000,46.2000,57.9000
2025-07-30,5233,MR4,MR4 Lohnmessung BS,0.0000,0.0000,0.0000,7.7000,7.7000
2025-07-30,5234,MR2,MR2 Drehmoment BS,7.7000,0.0000,0.0000,30.8000,38.5000
2025-07-30,5235,MR6,MR6 Messschieber BS,0.0000,0.0000,7.7000,28.1000,35.8000
2025-07-30,5236,MR3,MR3 Messuhren BS,7.7000,0.0000,7.7000,15.4000,30.8000
2025-07-30,5237,MR9,MR9 Elektro BS,0.0000,0.0000,0.0000,7.7000,7.7000
2025-07-30,5238,MR8,MR8 Temperatur BS,0.0000,0.0000,0.0000,15.4000,15.4000
2025-07-30,5239,MR5,MR5 Bügelmesss. BS,0.0000,7.7000,7.7000,23.1000,38.5000
2025-07-30,5240,AV,Arbeitsvorbereit. BS,0.0000,7.7000,7.7000,59.9000,75.3000
2025-07-30,5900,Qualifizierung,Qualifizierung,0.0000,0.0000,0.0000,7.7000,7.7000
2025-07-31,5211,MR11,MR11 Koordinatenm BS,0.0000,0.0000,0.0000,7.7000,7.7000
2025-07-31,5222,WE,WE BS,0.0000,0.0000,15.4000,46.2000,61.6000
2025-07-31,5223,WA,WA BS,0.0000,0.0000,7.7000,15.4000,23.1000
2025-07-31,5225,Packplatz,PP,0.0000,0.0000,6.0000,23.1000,29.1000
2025-07-31,5230,Springer,Prüfer BS,0.0000,0.0000,0.0000,7.7000,7.7000
2025-07-31,5231,MR1,MR1 Endmaße BS,0.0000,0.0000,0.0000,29.1000,29.1000
2025-07-31,5232,MR7,MR7 Lehren BS,0.0000,0.0000,4.0000,53.9000,57.9000
2025-07-31,5233,MR4,MR4 Lohnmessung BS,0.0000,0.0000,0.0000,7.7000,7.7000
2025-07-31,5234,MR2,MR2 Drehmoment BS,7.7000,0.0000,0.0000,30.8000,38.5000
2025-07-31,5235,MR6,MR6 Messschieber BS,0.0000,0.0000,7.7000,28.1000,35.8000
2025-07-31,5236,MR3,MR3 Messuhren BS,7.7000,0.0000,7.7000,15.4000,30.8000
2025-07-31,5237,MR9,MR9 Elektro BS,0.0000,0.0000,0.0000,7.7000,7.7000
2025-07-31,5238,MR8,MR8 Temperatur BS,0.0000,0.0000,0.0000,15.4000,15.4000
2025-07-31,5239,MR5,MR5 Bügelmesss. BS,0.0000,7.7000,7.7000,23.1000,38.5000
2025-07-31,5240,AV,Arbeitsvorbereit. BS,0.0000,7.7000,20.4000,52.2000,80.3000
2025-07-31,5900,Qualifizierung,Qualifizierung,0.0000,0.0000,0.0000,7.7000,7.7000
2025-08-01,5211,MR11,MR11 Koordinatenm BS,0.0000,0.0000,0.0000,7.7000,7.7000
2025-08-01,5222,WE,WE BS,0.0000,7.7000,15.4000,38.5000,61.6000
2025-08-01,5223,WA,WA BS,0.0000,0.0000,7.7000,7.7000,15.4000
2025-08-01,5225,Packplatz,PP,0.0000,0.0000,6.0000,23.1000,29.1000
2025-08-01,5230,Springer,Prüfer BS,0.0000,0.0000,0.0000,7.7000,7.7000
2025-08-01,5231,MR1,MR1 Endmaße BS,0.0000,0.0000,0.0000,29.1000,29.1000
2025-08-01,5232,MR7,MR7 Lehren BS,0.0000,7.7000,4.0000,46.2000,57.9000
2025-08-01,5233,MR4,MR4 Lohnmessung BS,0.0000,0.0000,0.0000,7.7000,7.7000
2025-08-01,5234,MR2,MR2 Drehmoment BS,0.0000,0.0000,0.0000,30.8000,30.8000
2025-08-01,5235,MR6,MR6 Messschieber BS,0.0000,0.0000,7.7000,28.1000,35.8000
2025-08-01,5236,MR3,MR3 Messuhren BS,7.7000,0.0000,7.7000,15.4000,30.8000
2025-08-01,5237,MR9,MR9 Elektro BS,0.0000,0.0000,0.0000,7.7000,7.7000
2025-08-01,5238,MR8,MR8 Temperatur BS,0.0000,0.0000,0.0000,15.4000,15.4000
2025-08-01,5239,MR5,MR5 Bügelmesss. BS,0.0000,7.7000,7.7000,23.1000,38.5000
2025-08-01,5240,AV,Arbeitsvorbereit. BS,0.0000,7.7000,12.7000,59.9000,80.3000
2025-08-01,5900,Qualifizierung,Qualifizierung,0.0000,0.0000,0.0000,7.7000,7.7000
2025-08-04,5211,MR11,MR11 Koordinatenm BS,0.0000,0.0000,7.7000,7.7000,15.4000
2025-08-04,5222,WE,WE BS,0.0000,0.0000,15.4000,46.2000,61.6000
2025-08-04,5223,WA,WA BS,0.0000,0.0000,0.0000,29.1000,29.1000
2025-08-04,5225,Packplatz,PP,0.0000,0.0000,7.7000,21.4000,29.1000
2025-08-04,5230,Springer,Prüfer BS,0.0000,0.0000,7.7000,7.7000,15.4000
2025-08-04,5231,MR1,MR1 Endmaße BS,0.0000,0.0000,7.7000,21.4000,29.1000
2025-08-04,5232,MR7,MR7 Lehren BS,0.0000,0.0000,4.0000,61.6000,65.6000
2025-08-04,5233,MR4,MR4 Lohnmessung BS,0.0000,0.0000,0.0000,7.7000,7.7000
2025-08-04,5234,MR2,MR2 Drehmoment BS,0.0000,0.0000,7.7000,30.8000,38.5000
2025-08-04,5235,MR6,MR6 Messschieber BS,0.0000,0.0000,7.7000,28.1000,35.8000
2025-08-04,5236,MR3,MR3 Messuhren BS,0.0000,0.0000,15.4000,15.4000,30.8000
2025-08-04,5237,MR9,MR9 Elektro BS,0.0000,0.0000,0.0000,7.7000,7.7000
2025-08-04,5238,MR8,MR8 Temperatur BS,0.0000,0.0000,0.0000,15.4000,15.4000
2025-08-04,5239,MR5,MR5 Bügelmesss. BS,0.0000,0.0000,23.1000,7.7000,30.8000
2025-08-04,5240,AV,Arbeitsvorbereit. BS,0.0000,0.0000,20.4000,52.2000,72.6000
2025-08-04,5900,Qualifizierung,Qualifizierung,0.0000,0.0000,0.0000,7.7000,7.7000
2025-08-05,5211,MR11,MR11 Koordinatenm BS,0.0000,0.0000,7.7000,7.7000,15.4000
2025-08-05,5222,WE,WE BS,0.0000,0.0000,15.4000,46.2000,61.6000
2025-08-05,5223,WA,WA BS,0.0000,7.7000,0.0000,21.4000,29.1000
2025-08-05,5225,Packplatz,PP,0.0000,0.0000,7.7000,21.4000,29.1000
2025-08-05,5230,Springer,Prüfer BS,0.0000,0.0000,7.7000,0.0000,7.7000
2025-08-05,5231,MR1,MR1 Endmaße BS,0.0000,0.0000,7.7000,21.4000,29.1000
2025-08-05,5232,MR7,MR7 Lehren BS,0.0000,7.7000,4.0000,53.9000,65.6000
2025-08-05,5233,MR4,MR4 Lohnmessung BS,0.0000,0.0000,0.0000,7.7000,7.7000
2025-08-05,5234,MR2,MR2 Drehmoment BS,0.0000,0.0000,7.7000,30.8000,38.5000
2025-08-05,5235,MR6,MR6 Messschieber BS,0.0000,0.0000,7.7000,28.1000,35.8000
2025-08-05,5236,MR3,MR3 Messuhren BS,0.0000,0.0000,15.4000,15.4000,30.8000
2025-08-05,5237,MR9,MR9 Elektro BS,0.0000,0.0000,0.0000,7.7000,7.7000
2025-08-05,5238,MR8,MR8 Temperatur BS,0.0000,0.0000,0.0000,15.4000,15.4000
2025-08-05,5239,MR5,MR5 Bügelmesss. BS,0.0000,7.7000,15.4000,15.4000,38.5000
2025-08-05,5240,AV,Arbeitsvorbereit. BS,0.0000,0.0000,20.4000,52.2000,72.6000
2025-08-05,5900,Qualifizierung,Qualifizierung,0.0000,0.0000,0.0000,7.7000,7.7000
2025-08-06,5211,MR11,MR11 Koordinatenm BS,0.0000,0.0000,7.7000,7.7000,15.4000
2025-08-06,5222,WE,WE BS,0.0000,0.0000,15.4000,46.2000,61.6000
2025-08-06,5223,WA,WA BS,0.0000,7.7000,0.0000,21.4000,29.1000
2025-08-06,5225,Packplatz,PP,0.0000,0.0000,7.7000,21.4000,29.1000
2025-08-06,5230,Springer,Prüfer BS,0.0000,0.0000,7.7000,0.0000,7.7000
2025-08-06,5231,MR1,MR1 Endmaße BS,0.0000,0.0000,7.7000,21.4000,29.1000
2025-08-06,5232,MR7,MR7 Lehren BS,0.0000,7.7000,4.0000,53.9000,65.6000
2025-08-06,5233,MR4,MR4 Lohnmessung BS,0.0000,0.0000,0.0000,7.7000,7.7000
2025-08-06,5234,MR2,MR2 Drehmoment BS,0.0000,0.0000,7.7000,30.8000,38.5000
2025-08-06,5235,MR6,MR6 Messschieber BS,0.0000,0.0000,7.7000,28.1000,35.8000
2025-08-06,5236,MR3,MR3 Messuhren BS,0.0000,0.0000,15.4000,15.4000,30.8000
2025-08-06,5237,MR9,MR9 Elektro BS,0.0000,0.0000,0.0000,7.7000,7.7000
2025-08-06,5238,MR8,MR8 Temperatur BS,0.0000,0.0000,0.0000,15.4000,15.4000
2025-08-06,5239,MR5,MR5 Bügelmesss. BS,0.0000,7.7000,15.4000,15.4000,38.5000
2025-08-06,5240,AV,Arbeitsvorbereit. BS,0.0000,0.0000,15.4000,52.2000,67.6000
2025-08-06,5900,Qualifizierung,Qualifizierung,0.0000,0.0000,0.0000,7.7000,7.7000
2025-08-07,5211,MR11,MR11 Koordinatenm BS,0.0000,0.0000,7.7000,7.7000,15.4000
2025-08-07,5222,WE,WE BS,7.7000,0.0000,15.4000,38.5000,61.6000
2025-08-07,5223,WA,WA BS,0.0000,7.7000,0.0000,15.4000,23.1000
2025-08-07,5225,Packplatz,PP,0.0000,0.0000,7.7000,21.4000,29.1000
2025-08-07,5230,Springer,Prüfer BS,0.0000,0.0000,7.7000,0.0000,7.7000
2025-08-07,5231,MR1,MR1 Endmaße BS,0.0000,0.0000,7.7000,21.4000,29.1000
2025-08-07,5232,MR7,MR7 Lehren BS,0.0000,7.7000,0.0000,57.9000,65.6000
2025-08-07,5233,MR4,MR4 Lohnmessung BS,0.0000,0.0000,0.0000,7.7000,7.7000
2025-08-07,5234,MR2,MR2 Drehmoment BS,0.0000,0.0000,7.7000,30.8000,38.5000
2025-08-07,5235,MR6,MR6 Messschieber BS,0.0000,0.0000,7.7000,28.1000,35.8000
2025-08-07,5236,MR3,MR3 Messuhren BS,0.0000,0.0000,15.4000,15.4000,30.8000
2025-08-07,5237,MR9,MR9 Elektro BS,0.0000,0.0000,0.0000,7.7000,7.7000
2025-08-07,5238,MR8,MR8 Temperatur BS,0.0000,0.0000,0.0000,15.4000,15.4000
2025-08-07,5239,MR5,MR5 Bügelmesss. BS,0.0000,15.4000,15.4000,7.7000,38.5000
2025-08-07,5240,AV,Arbeitsvorbereit. BS,0.0000,0.0000,35.8000,36.8000,72.6000
2025-08-07,5900,Qualifizierung,Qualifizierung,0.0000,0.0000,0.0000,7.7000,7.7000
2025-08-08,5211,MR11,MR11 Koordinatenm BS,0.0000,0.0000,7.7000,7.7000,15.4000
2025-08-08,5222,WE,WE BS,0.0000,0.0000,23.1000,38.5000,61.6000
2025-08-08,5223,WA,WA BS,0.0000,0.0000,0.0000,15.4000,15.4000
2025-08-08,5225,Packplatz,PP,0.0000,0.0000,7.7000,21.4000,29.1000
2025-08-08,5230,Springer,Prüfer BS,0.0000,0.0000,7.7000,0.0000,7.7000
2025-08-08,5231,MR1,MR1 Endmaße BS,0.0000,0.0000,7.7000,21.4000,29.1000
2025-08-08,5232,MR7,MR7 Lehren BS,0.0000,7.7000,0.0000,57.9000,65.6000
2025-08-08,5233,MR4,MR4 Lohnmessung BS,0.0000,0.0000,0.0000,7.7000,7.7000
2025-08-08,5234,MR2,MR2 Drehmoment BS,0.0000,0.0000,7.7000,30.8000,38.5000
2025-08-08,5235,MR6,MR6 Messschieber BS,0.0000,0.0000,7.7000,28.1000,35.8000
2025-08-08,5236,MR3,MR3 Messuhren BS,0.0000,0.0000,15.4000,15.4000,30.8000
2025-08-08,5237,MR9,MR9 Elektro BS,0.0000,0.0000,0.0000,7.7000,7.7000
2025-08-08,5238,MR8,MR8 Temperatur BS,0.0000,0.0000,0.0000,15.4000,15.4000
2025-08-08,5239,MR5,MR5 Bügelmesss. BS,0.0000,15.4000,15.4000,7.7000,38.5000
2025-08-08,5240,AV,Arbeitsvorbereit. BS,0.0000,0.0000,20.4000,44.5000,64.9000
2025-08-08,5900,Qualifizierung,Qualifizierung,0.0000,0.0000,0.0000,7.7000,7.7000
2025-08-11,5211,MR11,MR11 Koordinatenm BS,0.0000,0.0000,0.0000,15.4000,15.4000
2025-08-11,5222,WE,WE BS,0.0000,0.0000,7.7000,53.9000,61.6000
2025-08-11,5223,WA,WA BS,0.0000,0.0000,0.0000,29.1000,29.1000
2025-08-11,5225,Packplatz,PP,0.0000,0.0000,7.7000,21.4000,29.1000
2025-08-11,5230,Springer,Prüfer BS,0.0000,0.0000,7.7000,0.0000,7.7000
2025-08-11,5231,MR1,MR1 Endmaße BS,0.0000,0.0000,13.7000,15.4000,29.1000
2025-08-11,5232,MR7,MR7 Lehren BS,0.0000,0.0000,7.7000,53.9000,61.6000
2025-08-11,5233,MR4,MR4 Lohnmessung BS,0.0000,0.0000,7.7000,,7.7000
2025-08-11,5234,MR2,MR2 Drehmoment BS,0.0000,0.0000,15.4000,23.1000,38.5000
2025-08-11,5235,MR6,MR6 Messschieber BS,0.0000,0.0000,15.4000,20.4000,35.8000
2025-08-11,5236,MR3,MR3 Messuhren BS,0.0000,0.0000,15.4000,15.4000,30.8000
2025-08-11,5237,MR9,MR9 Elektro BS,0.0000,0.0000,0.0000,7.7000,7.7000
2025-08-11,5238,MR8,MR8 Temperatur BS,0.0000,0.0000,0.0000,15.4000,15.4000
2025-08-11,5239,MR5,MR5 Bügelmesss. BS,0.0000,7.7000,0.0000,23.1000,30.8000
2025-08-11,5240,AV,Arbeitsvorbereit. BS,0.0000,0.0000,15.4000,57.2000,72.6000
2025-08-11,5900,Qualifizierung,Qualifizierung,0.0000,0.0000,0.0000,7.7000,7.7000
2025-08-12,5211,MR11,MR11 Koordinatenm BS,0.0000,0.0000,0.0000,15.4000,15.4000
2025-08-12,5222,WE,WE BS,0.0000,0.0000,7.7000,53.9000,61.6000
2025-08-12,5223,WA,WA BS,0.0000,0.0000,0.0000,29.1000,29.1000
2025-08-12,5225,Packplatz,PP,0.0000,0.0000,7.7000,21.4000,29.1000
2025-08-12,5230,Springer,Prüfer BS,0.0000,0.0000,7.7000,0.0000,7.7000
2025-08-12,5231,MR1,MR1 Endmaße BS,0.0000,0.0000,13.7000,15.4000,29.1000
2025-08-12,5232,MR7,MR7 Lehren BS,0.0000,0.0000,7.7000,57.9000,65.6000
2025-08-12,5233,MR4,MR4 Lohnmessung BS,0.0000,0.0000,7.7000,,7.7000
2025-08-12,5234,MR2,MR2 Drehmoment BS,0.0000,0.0000,15.4000,23.1000,38.5000
2025-08-12,5235,MR6,MR6 Messschieber BS,0.0000,0.0000,15.4000,20.4000,35.8000
2025-08-12,5236,MR3,MR3 Messuhren BS,0.0000,0.0000,15.4000,15.4000,30.8000
2025-08-12,5237,MR9,MR9 Elektro BS,0.0000,0.0000,0.0000,7.7000,7.7000
2025-08-12,5238,MR8,MR8 Temperatur BS,0.0000,0.0000,0.0000,15.4000,15.4000
2025-08-12,5239,MR5,MR5 Bügelmesss. BS,0.0000,7.7000,0.0000,30.8000,38.5000
2025-08-12,5240,AV,Arbeitsvorbereit. BS,0.0000,0.0000,7.7000,64.9000,72.6000
2025-08-12,5900,Qualifizierung,Qualifizierung,0.0000,0.0000,0.0000,7.7000,7.7000
2025-08-13,5211,MR11,MR11 Koordinatenm BS,0.0000,0.0000,0.0000,15.4000,15.4000
2025-08-13,5222,WE,WE BS,0.0000,0.0000,7.7000,53.9000,61.6000
2025-08-13,5223,WA,WA BS,0.0000,0.0000,0.0000,29.1000,29.1000
2025-08-13,5225,Packplatz,PP,0.0000,0.0000,7.7000,21.4000,29.1000
2025-08-13,5230,Springer,Prüfer BS,0.0000,0.0000,7.7000,0.0000,7.7000
2025-08-13,5231,MR1,MR1 Endmaße BS,0.0000,0.0000,13.7000,15.4000,29.1000
2025-08-13,5232,MR7,MR7 Lehren BS,0.0000,0.0000,7.7000,57.9000,65.6000
2025-08-13,5233,MR4,MR4 Lohnmessung BS,0.0000,0.0000,7.7000,,7.7000
2025-08-13,5234,MR2,MR2 Drehmoment BS,0.0000,0.0000,15.4000,23.1000,38.5000
2025-08-13,5235,MR6,MR6 Messschieber BS,0.0000,0.0000,15.4000,20.4000,35.8000
2025-08-13,5236,MR3,MR3 Messuhren BS,0.0000,0.0000,15.4000,15.4000,30.8000
2025-08-13,5237,MR9,MR9 Elektro BS,0.0000,0.0000,0.0000,7.7000,7.7000
2025-08-13,5238,MR8,MR8 Temperatur BS,0.0000,0.0000,0.0000,15.4000,15.4000
2025-08-13,5239,MR5,MR5 Bügelmesss. BS,0.0000,7.7000,0.0000,30.8000,38.5000
2025-08-13,5240,AV,Arbeitsvorbereit. BS,0.0000,0.0000,7.7000,59.9000,67.6000
2025-08-13,5900,Qualifizierung,Qualifizierung,0.0000,0.0000,0.0000,7.7000,7.7000
2025-08-14,5211,MR11,MR11 Koordinatenm BS,0.0000,0.0000,0.0000,19.4000,19.4000
2025-08-14,5222,WE,WE BS,0.0000,0.0000,7.7000,53.9000,61.6000
2025-08-14,5223,WA,WA BS,0.0000,0.0000,0.0000,23.1000,23.1000
2025-08-14,5225,Packplatz,PP,0.0000,0.0000,7.7000,21.4000,29.1000
2025-08-14,5230,Springer,Prüfer BS,0.0000,0.0000,7.7000,0.0000,7.7000
2025-08-14,5231,MR1,MR1 Endmaße BS,0.0000,0.0000,13.7000,15.4000,29.1000
2025-08-14,5232,MR7,MR7 Lehren BS,0.0000,0.0000,7.7000,53.9000,61.6000
2025-08-14,5233,MR4,MR4 Lohnmessung BS,0.0000,0.0000,7.7000,,7.7000
2025-08-14,5234,MR2,MR2 Drehmoment BS,0.0000,0.0000,15.4000,23.1000,38.5000
2025-08-14,5235,MR6,MR6 Messschieber BS,0.0000,0.0000,15.4000,12.7000,28.1000
2025-08-14,5236,MR3,MR3 Messuhren BS,0.0000,0.0000,15.4000,23.1000,38.5000
2025-08-14,5237,MR9,MR9 Elektro BS,0.0000,0.0000,0.0000,15.4000,15.4000
2025-08-14,5238,MR8,MR8 Temperatur BS,0.0000,0.0000,0.0000,7.7000,7.7000
2025-08-14,5239,MR5,MR5 Bügelmesss. BS,0.0000,23.1000,0.0000,15.4000,38.5000
2025-08-14,5240,AV,Arbeitsvorbereit. BS,0.0000,13.7000,7.7000,51.2000,72.6000
2025-08-14,5900,Qualifizierung,Qualifizierung,0.0000,0.0000,0.0000,7.7000,7.7000
2025-08-15,5211,MR11,MR11 Koordinatenm BS,0.0000,0.0000,0.0000,19.4000,19.4000
2025-08-15,5222,WE,WE BS,0.0000,0.0000,7.7000,46.2000,53.9000
2025-08-15,5223,WA,WA BS,0.0000,0.0000,0.0000,15.4000,15.4000
2025-08-15,5225,Packplatz,PP,0.0000,0.0000,7.7000,21.4000,29.1000
2025-08-15,5230,Springer,Prüfer BS,0.0000,0.0000,7.7000,0.0000,7.7000
2025-08-15,5231,MR1,MR1 Endmaße BS,0.0000,0.0000,13.7000,15.4000,29.1000
2025-08-15,5232,MR7,MR7 Lehren BS,0.0000,0.0000,7.7000,53.9000,61.6000
2025-08-15,5233,MR4,MR4 Lohnmessung BS,0.0000,0.0000,7.7000,,7.7000
2025-08-15,5234,MR2,MR2 Drehmoment BS,0.0000,0.0000,15.4000,23.1000,38.5000
2025-08-15,5235,MR6,MR6 Messschieber BS,0.0000,0.0000,15.4000,12.7000,28.1000
2025-08-15,5236,MR3,MR3 Messuhren BS,0.0000,0.0000,15.4000,23.1000,38.5000
2025-08-15,5237,MR9,MR9 Elektro BS,0.0000,0.0000,0.0000,15.4000,15.4000
2025-08-15,5238,MR8,MR8 Temperatur BS,0.0000,0.0000,0.0000,7.7000,7.7000
2025-08-15,5239,MR5,MR5 Bügelmesss. BS,0.0000,23.1000,7.7000,7.7000,38.5000
2025-08-15,5240,AV,Arbeitsvorbereit. BS,0.0000,6.0000,7.7000,58.9000,72.6000
2025-08-15,5900,Qualifizierung,Qualifizierung,0.0000,0.0000,0.0000,7.7000,7.7000
2025-08-18,5211,MR11,MR11 Koordinatenm BS,0.0000,0.0000,0.0000,7.7000,7.7000
2025-08-18,5222,WE,WE BS,0.0000,0.0000,7.7000,53.9000,61.6000
2025-08-18,5223,WA,WA BS,0.0000,0.0000,7.7000,21.4000,29.1000
2025-08-18,5225,Packplatz,PP,0.0000,0.0000,7.7000,21.4000,29.1000
2025-08-18,5230,Springer,Prüfer BS,0.0000,0.0000,0.0000,7.7000,7.7000
2025-08-18,5231,MR1,MR1 Endmaße BS,0.0000,0.0000,13.7000,15.4000,29.1000
2025-08-18,5232,MR7,MR7 Lehren BS,0.0000,0.0000,15.4000,46.2000,61.6000
2025-08-18,5233,MR4,MR4 Lohnmessung BS,0.0000,0.0000,7.7000,,7.7000
2025-08-18,5234,MR2,MR2 Drehmoment BS,0.0000,0.0000,7.7000,30.8000,38.5000
2025-08-18,5235,MR6,MR6 Messschieber BS,0.0000,0.0000,12.7000,15.4000,28.1000
2025-08-18,5236,MR3,MR3 Messuhren BS,0.0000,0.0000,7.7000,30.8000,38.5000
2025-08-18,5237,MR9,MR9 Elektro BS,0.0000,0.0000,7.7000,7.7000,15.4000
2025-08-18,5238,MR8,MR8 Temperatur BS,0.0000,0.0000,0.0000,7.7000,7.7000
2025-08-18,5239,MR5,MR5 Bügelmesss. BS,0.0000,15.4000,0.0000,15.4000,30.8000
2025-08-18,5240,AV,Arbeitsvorbereit. BS,0.0000,7.7000,13.7000,51.2000,72.6000
2025-08-18,5900,Qualifizierung,Qualifizierung,0.0000,0.0000,0.0000,11.7000,11.7000
2025-08-19,5211,MR11,MR11 Koordinatenm BS,0.0000,0.0000,0.0000,15.4000,15.4000
2025-08-19,5222,WE,WE BS,0.0000,0.0000,7.7000,53.9000,61.6000
2025-08-19,5223,WA,WA BS,0.0000,7.7000,7.7000,13.7000,29.1000
2025-08-19,5225,Packplatz,PP,0.0000,0.0000,7.7000,21.4000,29.1000
2025-08-19,5230,Springer,Prüfer BS,0.0000,0.0000,0.0000,7.7000,7.7000
2025-08-19,5231,MR1,MR1 Endmaße BS,0.0000,0.0000,13.7000,15.4000,29.1000
2025-08-19,5232,MR7,MR7 Lehren BS,0.0000,0.0000,15.4000,46.2000,61.6000
2025-08-19,5233,MR4,MR4 Lohnmessung BS,0.0000,0.0000,7.7000,,7.7000
2025-08-19,5234,MR2,MR2 Drehmoment BS,0.0000,0.0000,7.7000,30.8000,38.5000
2025-08-19,5235,MR6,MR6 Messschieber BS,0.0000,0.0000,12.7000,15.4000,28.1000
2025-08-19,5236,MR3,MR3 Messuhren BS,0.0000,0.0000,7.7000,30.8000,38.5000
2025-08-19,5237,MR9,MR9 Elektro BS,0.0000,0.0000,7.7000,7.7000,15.4000
2025-08-19,5238,MR8,MR8 Temperatur BS,0.0000,0.0000,0.0000,7.7000,7.7000
2025-08-19,5239,MR5,MR5 Bügelmesss. BS,0.0000,23.1000,0.0000,15.4000,38.5000
2025-08-19,5240,AV,Arbeitsvorbereit. BS,0.0000,15.4000,13.7000,43.5000,72.6000
2025-08-19,5900,Qualifizierung,Qualifizierung,0.0000,0.0000,0.0000,11.7000,11.7000
2025-08-20,5211,MR11,MR11 Koordinatenm BS,0.0000,0.0000,0.0000,15.4000,15.4000
2025-08-20,5222,WE,WE BS,0.0000,0.0000,7.7000,53.9000,61.6000
2025-08-20,5223,WA,WA BS,0.0000,0.0000,7.7000,21.4000,29.1000
2025-08-20,5225,Packplatz,PP,0.0000,0.0000,7.7000,21.4000,29.1000
2025-08-20,5230,Springer,Prüfer BS,0.0000,0.0000,0.0000,7.7000,7.7000
2025-08-20,5231,MR1,MR1 Endmaße BS,0.0000,0.0000,13.7000,15.4000,29.1000
2025-08-20,5232,MR7,MR7 Lehren BS,0.0000,0.0000,15.4000,46.2000,61.6000
2025-08-20,5233,MR4,MR4 Lohnmessung BS,0.0000,0.0000,7.7000,,7.7000
2025-08-20,5234,MR2,MR2 Drehmoment BS,0.0000,0.0000,7.7000,30.8000,38.5000
2025-08-20,5235,MR6,MR6 Messschieber BS,0.0000,0.0000,12.7000,15.4000,28.1000
2025-08-20,5236,MR3,MR3 Messuhren BS,0.0000,0.0000,0.0000,38.5000,38.5000
2025-08-20,5237,MR9,MR9 Elektro BS,0.0000,0.0000,7.7000,7.7000,15.4000
2025-08-20,5238,MR8,MR8 Temperatur BS,0.0000,0.0000,0.0000,7.7000,7.7000
2025-08-20,5239,MR5,MR5 Bügelmesss. BS,0.0000,23.1000,0.0000,15.4000,38.5000
2025-08-20,5240,AV,Arbeitsvorbereit. BS,0.0000,7.7000,13.7000,46.2000,67.6000
2025-08-20,5900,Qualifizierung,Qualifizierung,0.0000,0.0000,7.7000,4.0000,11.7000
2025-08-21,5211,MR11,MR11 Koordinatenm BS,0.0000,0.0000,0.0000,15.4000,15.4000
2025-08-21,5222,WE,WE BS,0.0000,0.0000,7.7000,53.9000,61.6000
2025-08-21,5223,WA,WA BS,0.0000,0.0000,7.7000,15.4000,23.1000
2025-08-21,5225,Packplatz,PP,0.0000,0.0000,7.7000,21.4000,29.1000
2025-08-21,5230,Springer,Prüfer BS,0.0000,0.0000,0.0000,7.7000,7.7000
2025-08-21,5231,MR1,MR1 Endmaße BS,0.0000,0.0000,13.7000,15.4000,29.1000
2025-08-21,5232,MR7,MR7 Lehren BS,0.0000,0.0000,15.4000,46.2000,61.6000
2025-08-21,5233,MR4,MR4 Lohnmessung BS,0.0000,0.0000,7.7000,,7.7000
2025-08-21,5234,MR2,MR2 Drehmoment BS,0.0000,0.0000,7.7000,30.8000,38.5000
2025-08-21,5235,MR6,MR6 Messschieber BS,0.0000,0.0000,12.7000,15.4000,28.1000
2025-08-21,5236,MR3,MR3 Messuhren BS,0.0000,0.0000,0.0000,38.5000,38.5000
2025-08-21,5237,MR9,MR9 Elektro BS,0.0000,0.0000,7.7000,7.7000,15.4000
2025-08-21,5238,MR8,MR8 Temperatur BS,0.0000,0.0000,0.0000,7.7000,7.7000
2025-08-21,5239,MR5,MR5 Bügelmesss. BS,0.0000,15.4000,7.7000,15.4000,38.5000
2025-08-21,5240,AV,Arbeitsvorbereit. BS,0.0000,0.0000,21.4000,51.2000,72.6000
2025-08-21,5900,Qualifizierung,Qualifizierung,0.0000,0.0000,0.0000,11.7000,11.7000
2025-08-22,5211,MR11,MR11 Koordinatenm BS,0.0000,0.0000,0.0000,15.4000,15.4000
2025-08-22,5222,WE,WE BS,0.0000,0.0000,7.7000,53.9000,61.6000
2025-08-22,5223,WA,WA BS,0.0000,0.0000,0.0000,15.4000,15.4000
2025-08-22,5225,Packplatz,PP,0.0000,0.0000,7.7000,21.4000,29.1000
2025-08-22,5230,Springer,Prüfer BS,0.0000,0.0000,0.0000,7.7000,7.7000
2025-08-22,5231,MR1,MR1 Endmaße BS,0.0000,0.0000,13.7000,15.4000,29.1000
2025-08-22,5232,MR7,MR7 Lehren BS,0.0000,0.0000,15.4000,46.2000,61.6000
2025-08-22,5233,MR4,MR4 Lohnmessung BS,0.0000,0.0000,7.7000,,7.7000
2025-08-22,5234,MR2,MR2 Drehmoment BS,0.0000,0.0000,15.4000,23.1000,38.5000
2025-08-22,5235,MR6,MR6 Messschieber BS,0.0000,0.0000,12.7000,15.4000,28.1000
2025-08-22,5236,MR3,MR3 Messuhren BS,0.0000,0.0000,0.0000,38.5000,38.5000
2025-08-22,5237,MR9,MR9 Elektro BS,0.0000,0.0000,7.7000,7.7000,15.4000
2025-08-22,5238,MR8,MR8 Temperatur BS,0.0000,0.0000,0.0000,7.7000,7.7000
2025-08-22,5239,MR5,MR5 Bügelmesss. BS,0.0000,15.4000,7.7000,15.4000,38.5000
2025-08-22,5240,AV,Arbeitsvorbereit. BS,0.0000,0.0000,21.4000,51.2000,72.6000
2025-08-22,5900,Qualifizierung,Qualifizierung,0.0000,0.0000,0.0000,11.7000,11.7000
2025-08-25,5211,MR11,MR11 Koordinatenm BS,0.0000,0.0000,0.0000,15.4000,15.4000
2025-08-25,5222,WE,WE BS,0.0000,0.0000,0.0000,61.6000,61.6000
2025-08-25,5223,WA,WA BS,0.0000,0.0000,13.7000,15.4000,29.1000
2025-08-25,5225,Packplatz,PP,0.0000,0.0000,0.0000,29.1000,29.1000
2025-08-25,5230,Springer,Prüfer BS,0.0000,0.0000,0.0000,7.7000,7.7000
2025-08-25,5231,MR1,MR1 Endmaße BS,0.0000,0.0000,13.7000,15.4000,29.1000
2025-08-25,5232,MR7,MR7 Lehren BS,0.0000,0.0000,7.7000,53.9000,61.6000
2025-08-25,5233,MR4,MR4 Lohnmessung BS,0.0000,0.0000,7.7000,,7.7000
2025-08-25,5234,MR2,MR2 Drehmoment BS,0.0000,0.0000,15.4000,23.1000,38.5000
2025-08-25,5235,MR6,MR6 Messschieber BS,0.0000,0.0000,5.0000,23.1000,28.1000
2025-08-25,5236,MR3,MR3 Messuhren BS,0.0000,0.0000,0.0000,30.8000,30.8000
2025-08-25,5237,MR9,MR9 Elektro BS,0.0000,0.0000,0.0000,15.4000,15.4000
2025-08-25,5238,MR8,MR8 Temperatur BS,0.0000,0.0000,7.7000,0.0000,7.7000
2025-08-25,5239,MR5,MR5 Bügelmesss. BS,0.0000,7.7000,0.0000,23.1000,30.8000
2025-08-25,5240,AV,Arbeitsvorbereit. BS,0.0000,0.0000,7.7000,64.9000,72.6000
2025-08-25,5900,Qualifizierung,Qualifizierung,0.0000,0.0000,7.7000,4.0000,11.7000
2025-08-26,5211,MR11,MR11 Koordinatenm BS,0.0000,7.7000,0.0000,7.7000,15.4000
2025-08-26,5222,WE,WE BS,0.0000,0.0000,0.0000,61.6000,61.6000
2025-08-26,5223,WA,WA BS,0.0000,7.7000,13.7000,7.7000,29.1000
2025-08-26,5225,Packplatz,PP,0.0000,0.0000,0.0000,29.1000,29.1000
2025-08-26,5230,Springer,Prüfer BS,0.0000,0.0000,0.0000,7.7000,7.7000
2025-08-26,5231,MR1,MR1 Endmaße BS,0.0000,0.0000,6.0000,23.1000,29.1000
2025-08-26,5232,MR7,MR7 Lehren BS,0.0000,0.0000,7.7000,53.9000,61.6000
2025-08-26,5233,MR4,MR4 Lohnmessung BS,0.0000,0.0000,7.7000,,7.7000
2025-08-26,5234,MR2,MR2 Drehmoment BS,0.0000,0.0000,7.7000,30.8000,38.5000
2025-08-26,5235,MR6,MR6 Messschieber BS,0.0000,0.0000,5.0000,23.1000,28.1000
2025-08-26,5236,MR3,MR3 Messuhren BS,0.0000,7.7000,7.7000,23.1000,38.5000
2025-08-26,5237,MR9,MR9 Elektro BS,0.0000,0.0000,0.0000,15.4000,15.4000
2025-08-26,5238,MR8,MR8 Temperatur BS,0.0000,0.0000,7.7000,0.0000,7.7000
2025-08-26,5239,MR5,MR5 Bügelmesss. BS,0.0000,7.7000,0.0000,30.8000,38.5000
2025-08-26,5240,AV,Arbeitsvorbereit. BS,0.0000,0.0000,23.1000,57.2000,80.3000
2025-08-26,5900,Qualifizierung,Qualifizierung,0.0000,0.0000,0.0000,11.7000,11.7000
2025-08-27,5211,MR11,MR11 Koordinatenm BS,0.0000,7.7000,0.0000,7.7000,15.4000
2025-08-27,5222,WE,WE BS,0.0000,0.0000,0.0000,61.6000,61.6000
2025-08-27,5223,WA,WA BS,0.0000,7.7000,13.7000,7.7000,29.1000
2025-08-27,5225,Packplatz,PP,0.0000,0.0000,6.0000,23.1000,29.1000
2025-08-27,5230,Springer,Prüfer BS,0.0000,0.0000,0.0000,7.7000,7.7000
2025-08-27,5231,MR1,MR1 Endmaße BS,0.0000,0.0000,6.0000,23.1000,29.1000
2025-08-27,5232,MR7,MR7 Lehren BS,0.0000,0.0000,7.7000,53.9000,61.6000
2025-08-27,5233,MR4,MR4 Lohnmessung BS,0.0000,0.0000,7.7000,,7.7000
2025-08-27,5234,MR2,MR2 Drehmoment BS,0.0000,7.7000,7.7000,23.1000,38.5000
2025-08-27,5235,MR6,MR6 Messschieber BS,0.0000,0.0000,5.0000,23.1000,28.1000
2025-08-27,5236,MR3,MR3 Messuhren BS,0.0000,7.7000,7.7000,23.1000,38.5000
2025-08-27,5237,MR9,MR9 Elektro BS,0.0000,0.0000,0.0000,7.7000,7.7000
2025-08-27,5238,MR8,MR8 Temperatur BS,0.0000,0.0000,7.7000,0.0000,7.7000
2025-08-27,5239,MR5,MR5 Bügelmesss. BS,0.0000,7.7000,0.0000,30.8000,38.5000
2025-08-27,5240,AV,Arbeitsvorbereit. BS,0.0000,0.0000,15.4000,59.9000,75.3000
2025-08-27,5900,Qualifizierung,Qualifizierung,0.0000,0.0000,0.0000,11.7000,11.7000
2025-08-28,5211,MR11,MR11 Koordinatenm BS,0.0000,7.7000,0.0000,7.7000,15.4000
2025-08-28,5222,WE,WE BS,0.0000,0.0000,0.0000,61.6000,61.6000
2025-08-28,5223,WA,WA BS,0.0000,0.0000,7.7000,15.4000,23.1000
2025-08-28,5225,Packplatz,PP,0.0000,0.0000,0.0000,29.1000,29.1000
2025-08-28,5230,Springer,Prüfer BS,0.0000,0.0000,0.0000,7.7000,7.7000
2025-08-28,5231,MR1,MR1 Endmaße BS,0.0000,0.0000,6.0000,23.1000,29.1000
2025-08-28,5232,MR7,MR7 Lehren BS,0.0000,0.0000,7.7000,53.9000,61.6000
2025-08-28,5233,MR4,MR4 Lohnmessung BS,0.0000,0.0000,7.7000,,7.7000
2025-08-28,5234,MR2,MR2 Drehmoment BS,0.0000,7.7000,7.7000,23.1000,38.5000
2025-08-28,5235,MR6,MR6 Messschieber BS,0.0000,0.0000,5.0000,23.1000,28.1000
2025-08-28,5236,MR3,MR3 Messuhren BS,0.0000,7.7000,7.7000,23.1000,38.5000
2025-08-28,5237,MR9,MR9 Elektro BS,0.0000,0.0000,0.0000,7.7000,7.7000
2025-08-28,5238,MR8,MR8 Temperatur BS,0.0000,0.0000,7.7000,0.0000,7.7000
2025-08-28,5239,MR5,MR5 Bügelmesss. BS,0.0000,7.7000,0.0000,30.8000,38.5000
2025-08-28,5240,AV,Arbeitsvorbereit. BS,0.0000,0.0000,23.1000,57.2000,80.3000
2025-08-28,5900,Qualifizierung,Qualifizierung,0.0000,0.0000,0.0000,11.7000,11.7000
2025-08-29,5211,MR11,MR11 Koordinatenm BS,0.0000,7.7000,0.0000,7.7000,15.4000
2025-08-29,5222,WE,WE BS,0.0000,0.0000,0.0000,61.6000,61.6000
2025-08-29,5223,WA,WA BS,0.0000,0.0000,0.0000,15.4000,15.4000
2025-08-29,5225,Packplatz,PP,0.0000,0.0000,0.0000,29.1000,29.1000
2025-08-29,5230,Springer,Prüfer BS,0.0000,0.0000,0.0000,7.7000,7.7000
2025-08-29,5231,MR1,MR1 Endmaße BS,0.0000,0.0000,6.0000,23.1000,29.1000
2025-08-29,5232,MR7,MR7 Lehren BS,0.0000,0.0000,7.7000,53.9000,61.6000
2025-08-29,5233,MR4,MR4 Lohnmessung BS,0.0000,0.0000,7.7000,,7.7000
2025-08-29,5234,MR2,MR2 Drehmoment BS,0.0000,7.7000,7.7000,23.1000,38.5000
2025-08-29,5235,MR6,MR6 Messschieber BS,0.0000,0.0000,5.0000,23.1000,28.1000
2025-08-29,5236,MR3,MR3 Messuhren BS,0.0000,7.7000,7.7000,23.1000,38.5000
2025-08-29,5237,MR9,MR9 Elektro BS,0.0000,0.0000,0.0000,7.7000,7.7000
2025-08-29,5238,MR8,MR8 Temperatur BS,0.0000,0.0000,7.7000,0.0000,7.7000
2025-08-29,5239,MR5,MR5 Bügelmesss. BS,0.0000,7.7000,0.0000,30.8000,38.5000
2025-08-29,5240,AV,Arbeitsvorbereit. BS,0.0000,0.0000,23.1000,57.2000,80.3000
2025-08-29,5900,Qualifizierung,Qualifizierung,0.0000,0.0000,0.0000,11.7000,11.7000
2025-09-01,5211,MR11,MR11 Koordinatenm BS,0.0000,0.0000,7.7000,11.7000,19.4000
2025-09-01,5222,WE,WE BS,0.0000,0.0000,7.7000,53.9000,61.6000
2025-09-01,5223,WA,WA BS,0.0000,0.0000,6.0000,23.1000,29.1000
2025-09-01,5225,Packplatz,PP,0.0000,0.0000,0.0000,29.1000,29.1000
2025-09-01,5230,Springer,Prüfer BS,0.0000,0.0000,0.0000,15.4000,15.4000
2025-09-01,5231,MR1,MR1 Endmaße BS,0.0000,0.0000,0.0000,29.1000,29.1000
2025-09-01,5232,MR7,MR7 Lehren BS,0.0000,0.0000,7.7000,53.9000,61.6000
2025-09-01,5233,MR4,MR4 Lohnmessung BS,0.0000,0.0000,0.0000,7.7000,7.7000
2025-09-01,5234,MR2,MR2 Drehmoment BS,0.0000,0.0000,7.7000,23.1000,30.8000
2025-09-01,5235,MR6,MR6 Messschieber BS,0.0000,0.0000,0.0000,28.1000,28.1000
2025-09-01,5236,MR3,MR3 Messuhren BS,0.0000,0.0000,0.0000,30.8000,30.8000
2025-09-01,5237,MR9,MR9 Elektro BS,0.0000,0.0000,0.0000,15.4000,15.4000
2025-09-01,5238,MR8,MR8 Temperatur BS,0.0000,0.0000,7.7000,0.0000,7.7000
2025-09-01,5239,MR5,MR5 Bügelmesss. BS,0.0000,0.0000,0.0000,38.5000,38.5000
2025-09-01,5240,AV,Arbeitsvorbereit. BS,0.0000,0.0000,7.7000,57.2000,64.9000
2025-09-01,5900,Qualifizierung,Qualifizierung,0.0000,0.0000,0.0000,7.7000,7.7000
2025-09-02,5211,MR11,MR11 Koordinatenm BS,0.0000,0.0000,7.7000,11.7000,19.4000
2025-09-02,5222,WE,WE BS,0.0000,7.7000,7.7000,46.2000,61.6000
2025-09-02,5223,WA,WA BS,0.0000,0.0000,6.0000,23.1000,29.1000
2025-09-02,5225,Packplatz,PP,0.0000,0.0000,0.0000,29.1000,29.1000
2025-09-02,5230,Springer,Prüfer BS,0.0000,0.0000,0.0000,7.7000,7.7000
2025-09-02,5231,MR1,MR1 Endmaße BS,0.0000,0.0000,0.0000,29.1000,29.1000
2025-09-02,5232,MR7,MR7 Lehren BS,0.0000,0.0000,7.7000,53.9000,61.6000
2025-09-02,5233,MR4,MR4 Lohnmessung BS,0.0000,0.0000,0.0000,7.7000,7.7000
2025-09-02,5234,MR2,MR2 Drehmoment BS,0.0000,0.0000,7.7000,23.1000,30.8000
2025-09-02,5235,MR6,MR6 Messschieber BS,0.0000,0.0000,0.0000,28.1000,28.1000
2025-09-02,5236,MR3,MR3 Messuhren BS,0.0000,7.7000,0.0000,23.1000,30.8000
2025-09-02,5237,MR9,MR9 Elektro BS,0.0000,0.0000,0.0000,15.4000,15.4000
2025-09-02,5238,MR8,MR8 Temperatur BS,0.0000,0.0000,7.7000,0.0000,7.7000
2025-09-02,5239,MR5,MR5 Bügelmesss. BS,0.0000,0.0000,0.0000,46.2000,46.2000
2025-09-02,5240,AV,Arbeitsvorbereit. BS,0.0000,0.0000,7.7000,64.9000,72.6000
2025-09-02,5900,Qualifizierung,Qualifizierung,0.0000,0.0000,0.0000,7.7000,7.7000
2025-09-03,5211,MR11,MR11 Koordinatenm BS,0.0000,0.0000,7.7000,11.7000,19.4000
2025-09-03,5222,WE,WE BS,0.0000,0.0000,7.7000,53.9000,61.6000
2025-09-03,5223,WA,WA BS,0.0000,0.0000,6.0000,23.1000,29.1000
2025-09-03,5225,Packplatz,PP,0.0000,0.0000,0.0000,29.1000,29.1000
2025-09-03,5230,Springer,Prüfer BS,0.0000,0.0000,0.0000,7.7000,7.7000
2025-09-03,5231,MR1,MR1 Endmaße BS,0.0000,0.0000,0.0000,29.1000,29.1000
2025-09-03,5232,MR7,MR7 Lehren BS,0.0000,0.0000,7.7000,53.9000,61.6000
2025-09-03,5233,MR4,MR4 Lohnmessung BS,0.0000,0.0000,0.0000,7.7000,7.7000
2025-09-03,5234,MR2,MR2 Drehmoment BS,0.0000,0.0000,7.7000,30.8000,38.5000
2025-09-03,5235,MR6,MR6 Messschieber BS,0.0000,0.0000,0.0000,28.1000,28.1000
2025-09-03,5236,MR3,MR3 Messuhren BS,0.0000,7.7000,0.0000,23.1000,30.8000
2025-09-03,5237,MR9,MR9 Elektro BS,0.0000,0.0000,0.0000,15.4000,15.4000
2025-09-03,5238,MR8,MR8 Temperatur BS,0.0000,0.0000,7.7000,0.0000,7.7000
2025-09-03,5239,MR5,MR5 Bügelmesss. BS,0.0000,0.0000,0.0000,46.2000,46.2000
2025-09-03,5240,AV,Arbeitsvorbereit. BS,0.0000,0.0000,7.7000,59.9000,67.6000
2025-09-03,5900,Qualifizierung,Qualifizierung,0.0000,0.0000,0.0000,7.7000,7.7000
2025-09-04,5211,MR11,MR11 Koordinatenm BS,0.0000,0.0000,11.7000,7.7000,19.4000
2025-09-04,5222,WE,WE BS,0.0000,0.0000,7.7000,53.9000,61.6000
2025-09-04,5223,WA,WA BS,0.0000,0.0000,0.0000,23.1000,23.1000
2025-09-04,5225,Packplatz,PP,0.0000,0.0000,0.0000,29.1000,29.1000
2025-09-04,5230,Springer,Prüfer BS,0.0000,0.0000,0.0000,7.7000,7.7000
2025-09-04,5231,MR1,MR1 Endmaße BS,0.0000,0.0000,0.0000,29.1000,29.1000
2025-09-04,5232,MR7,MR7 Lehren BS,0.0000,0.0000,7.7000,53.9000,61.6000
2025-09-04,5233,MR4,MR4 Lohnmessung BS,0.0000,0.0000,0.0000,7.7000,7.7000
2025-09-04,5234,MR2,MR2 Drehmoment BS,0.0000,0.0000,7.7000,30.8000,38.5000
2025-09-04,5235,MR6,MR6 Messschieber BS,0.0000,0.0000,0.0000,28.1000,28.1000
2025-09-04,5236,MR3,MR3 Messuhren BS,0.0000,7.7000,0.0000,23.1000,30.8000
2025-09-04,5237,MR9,MR9 Elektro BS,0.0000,0.0000,0.0000,15.4000,15.4000
2025-09-04,5238,MR8,MR8 Temperatur BS,0.0000,0.0000,7.7000,0.0000,7.7000
2025-09-04,5239,MR5,MR5 Bügelmesss. BS,0.0000,0.0000,0.0000,46.2000,46.2000
2025-09-04,5240,AV,Arbeitsvorbereit. BS,0.0000,0.0000,7.7000,64.9000,72.6000
2025-09-04,5900,Qualifizierung,Qualifizierung,0.0000,0.0000,0.0000,7.7000,7.7000
2025-09-05,5211,MR11,MR11 Koordinatenm BS,0.0000,0.0000,11.7000,7.7000,19.4000
2025-09-05,5222,WE,WE BS,0.0000,0.0000,7.7000,53.9000,61.6000
2025-09-05,5223,WA,WA BS,0.0000,0.0000,0.0000,15.4000,15.4000
2025-09-05,5225,Packplatz,PP,0.0000,0.0000,0.0000,29.1000,29.1000
2025-09-05,5230,Springer,Prüfer BS,0.0000,0.0000,0.0000,7.7000,7.7000
2025-09-05,5231,MR1,MR1 Endmaße BS,0.0000,0.0000,0.0000,29.1000,29.1000
2025-09-05,5232,MR7,MR7 Lehren BS,0.0000,0.0000,7.7000,53.9000,61.6000
2025-09-05,5233,MR4,MR4 Lohnmessung BS,0.0000,0.0000,0.0000,7.7000,7.7000
2025-09-05,5234,MR2,MR2 Drehmoment BS,0.0000,0.0000,7.7000,30.8000,38.5000
2025-09-05,5235,MR6,MR6 Messschieber BS,0.0000,0.0000,0.0000,28.1000,28.1000
2025-09-05,5236,MR3,MR3 Messuhren BS,0.0000,7.7000,0.0000,23.1000,30.8000
2025-09-05,5237,MR9,MR9 Elektro BS,0.0000,0.0000,0.0000,15.4000,15.4000
2025-09-05,5238,MR8,MR8 Temperatur BS,0.0000,0.0000,7.7000,0.0000,7.7000
2025-09-05,5239,MR5,MR5 Bügelmesss. BS,0.0000,0.0000,7.7000,38.5000,46.2000
2025-09-05,5240,AV,Arbeitsvorbereit. BS,0.0000,0.0000,7.7000,64.9000,72.6000
2025-09-05,5900,Qualifizierung,Qualifizierung,0.0000,0.0000,0.0000,7.7000,7.7000
2025-09-08,5211,MR11,MR11 Koordinatenm BS,0.0000,0.0000,7.7000,11.7000,19.4000
2025-09-08,5222,WE,WE BS,0.0000,0.0000,0.0000,61.6000,61.6000
2025-09-08,5223,WA,WA BS,0.0000,0.0000,6.0000,23.1000,29.1000
2025-09-08,5225,Packplatz,PP,0.0000,0.0000,0.0000,29.1000,29.1000
2025-09-08,5230,Springer,Prüfer BS,0.0000,0.0000,0.0000,7.7000,7.7000
2025-09-08,5231,MR1,MR1 Endmaße BS,0.0000,0.0000,0.0000,29.1000,29.1000
2025-09-08,5232,MR7,MR7 Lehren BS,7.7000,0.0000,7.7000,46.2000,61.6000
2025-09-08,5233,MR4,MR4 Lohnmessung BS,0.0000,0.0000,0.0000,7.7000,7.7000
2025-09-08,5234,MR2,MR2 Drehmoment BS,0.0000,0.0000,0.0000,38.5000,38.5000
2025-09-08,5235,MR6,MR6 Messschieber BS,0.0000,0.0000,0.0000,28.1000,28.1000
2025-09-08,5236,MR3,MR3 Messuhren BS,0.0000,0.0000,0.0000,30.8000,30.8000
2025-09-08,5237,MR9,MR9 Elektro BS,0.0000,0.0000,0.0000,15.4000,15.4000
2025-09-08,5238,MR8,MR8 Temperatur BS,0.0000,0.0000,7.7000,0.0000,7.7000
2025-09-08,5239,MR5,MR5 Bügelmesss. BS,0.0000,0.0000,0.0000,38.5000,38.5000
2025-09-08,5240,AV,Arbeitsvorbereit. BS,0.0000,0.0000,7.7000,64.9000,72.6000
2025-09-08,5900,Qualifizierung,Qualifizierung,0.0000,0.0000,0.0000,7.7000,7.7000
2025-09-09,5211,MR11,MR11 Koordinatenm BS,0.0000,0.0000,7.7000,11.7000,19.4000
2025-09-09,5222,WE,WE BS,0.0000,0.0000,0.0000,61.6000,61.6000
2025-09-09,5223,WA,WA BS,0.0000,0.0000,6.0000,23.1000,29.1000
2025-09-09,5225,Packplatz,PP,0.0000,0.0000,0.0000,29.1000,29.1000
2025-09-09,5230,Springer,Prüfer BS,0.0000,0.0000,0.0000,7.7000,7.7000
2025-09-09,5231,MR1,MR1 Endmaße BS,0.0000,0.0000,0.0000,29.1000,29.1000
2025-09-09,5232,MR7,MR7 Lehren BS,7.7000,0.0000,7.7000,46.2000,61.6000
2025-09-09,5233,MR4,MR4 Lohnmessung BS,0.0000,0.0000,0.0000,7.7000,7.7000
2025-09-09,5234,MR2,MR2 Drehmoment BS,0.0000,0.0000,0.0000,38.5000,38.5000
2025-09-09,5235,MR6,MR6 Messschieber BS,0.0000,0.0000,0.0000,28.1000,28.1000
2025-09-09,5236,MR3,MR3 Messuhren BS,0.0000,0.0000,0.0000,30.8000,30.8000
2025-09-09,5237,MR9,MR9 Elektro BS,0.0000,0.0000,0.0000,15.4000,15.4000
2025-09-09,5238,MR8,MR8 Temperatur BS,0.0000,0.0000,7.7000,0.0000,7.7000
2025-09-09,5239,MR5,MR5 Bügelmesss. BS,0.0000,0.0000,7.7000,38.5000,46.2000
2025-09-09,5240,AV,Arbeitsvorbereit. BS,0.0000,0.0000,7.7000,64.9000,72.6000
2025-09-09,5900,Qualifizierung,Qualifizierung,0.0000,0.0000,0.0000,7.7000,7.7000
2025-09-10,5211,MR11,MR11 Koordinatenm BS,0.0000,0.0000,7.7000,11.7000,19.4000
2025-09-10,5222,WE,WE BS,0.0000,0.0000,0.0000,61.6000,61.6000
2025-09-10,5223,WA,WA BS,0.0000,0.0000,6.0000,23.1000,29.1000
2025-09-10,5225,Packplatz,PP,0.0000,0.0000,0.0000,29.1000,29.1000
2025-09-10,5230,Springer,Prüfer BS,0.0000,0.0000,0.0000,7.7000,7.7000
2025-09-10,5231,MR1,MR1 Endmaße BS,0.0000,0.0000,0.0000,29.1000,29.1000
2025-09-10,5232,MR7,MR7 Lehren BS,7.7000,0.0000,7.7000,46.2000,61.6000
2025-09-10,5233,MR4,MR4 Lohnmessung BS,0.0000,0.0000,0.0000,7.7000,7.7000
2025-09-10,5234,MR2,MR2 Drehmoment BS,0.0000,0.0000,0.0000,38.5000,38.5000
2025-09-10,5235,MR6,MR6 Messschieber BS,0.0000,0.0000,0.0000,28.1000,28.1000
2025-09-10,5236,MR3,MR3 Messuhren BS,0.0000,0.0000,0.0000,30.8000,30.8000
2025-09-10,5237,MR9,MR9 Elektro BS,0.0000,0.0000,0.0000,15.4000,15.4000
2025-09-10,5238,MR8,MR8 Temperatur BS,0.0000,0.0000,7.7000,0.0000,7.7000
2025-09-10,5239,MR5,MR5 Bügelmesss. BS,0.0000,0.0000,7.7000,38.5000,46.2000
2025-09-10,5240,AV,Arbeitsvorbereit. BS,0.0000,0.0000,7.7000,59.9000,67.6000
2025-09-10,5900,Qualifizierung,Qualifizierung,0.0000,0.0000,0.0000,7.7000,7.7000
2025-09-11,5211,MR11,MR11 Koordinatenm BS,0.0000,4.0000,7.7000,7.7000,19.4000
2025-09-11,5222,WE,WE BS,0.0000,7.7000,0.0000,53.9000,61.6000
2025-09-11,5223,WA,WA BS,0.0000,0.0000,7.7000,15.4000,23.1000
2025-09-11,5225,Packplatz,PP,0.0000,7.7000,0.0000,21.4000,29.1000
2025-09-11,5230,Springer,Prüfer BS,0.0000,0.0000,0.0000,7.7000,7.7000
2025-09-11,5231,MR1,MR1 Endmaße BS,0.0000,0.0000,0.0000,29.1000,29.1000
2025-09-11,5232,MR7,MR7 Lehren BS,7.7000,0.0000,7.7000,46.2000,61.6000
2025-09-11,5233,MR4,MR4 Lohnmessung BS,0.0000,0.0000,0.0000,7.7000,7.7000
2025-09-11,5234,MR2,MR2 Drehmoment BS,0.0000,7.7000,0.0000,30.8000,38.5000
2025-09-11,5235,MR6,MR6 Messschieber BS,0.0000,7.7000,0.0000,20.4000,28.1000
2025-09-11,5236,MR3,MR3 Messuhren BS,0.0000,0.0000,0.0000,23.1000,23.1000
2025-09-11,5237,MR9,MR9 Elektro BS,0.0000,0.0000,0.0000,15.4000,15.4000
2025-09-11,5238,MR8,MR8 Temperatur BS,0.0000,0.0000,7.7000,0.0000,7.7000
2025-09-11,5239,MR5,MR5 Bügelmesss. BS,0.0000,0.0000,7.7000,30.8000,38.5000
2025-09-11,5240,AV,Arbeitsvorbereit. BS,0.0000,7.7000,7.7000,57.2000,72.6000
2025-09-11,5900,Qualifizierung,Qualifizierung,0.0000,0.0000,0.0000,15.4000,15.4000
2025-09-12,5211,MR11,MR11 Koordinatenm BS,0.0000,4.0000,7.7000,7.7000,19.4000
2025-09-12,5222,WE,WE BS,0.0000,7.7000,0.0000,53.9000,61.6000
2025-09-12,5223,WA,WA BS,0.0000,0.0000,0.0000,15.4000,15.4000
2025-09-12,5225,Packplatz,PP,0.0000,7.7000,0.0000,21.4000,29.1000
2025-09-12,5230,Springer,Prüfer BS,0.0000,0.0000,0.0000,7.7000,7.7000
2025-09-12,5231,MR1,MR1 Endmaße BS,0.0000,0.0000,7.7000,21.4000,29.1000
2025-09-12,5232,MR7,MR7 Lehren BS,7.7000,7.7000,15.4000,30.8000,61.6000
2025-09-12,5233,MR4,MR4 Lohnmessung BS,0.0000,0.0000,0.0000,7.7000,7.7000
2025-09-12,5234,MR2,MR2 Drehmoment BS,0.0000,7.7000,0.0000,30.8000,38.5000
2025-09-12,5235,MR6,MR6 Messschieber BS,0.0000,15.4000,0.0000,12.7000,28.1000
2025-09-12,5236,MR3,MR3 Messuhren BS,0.0000,0.0000,7.7000,23.1000,30.8000
2025-09-12,5237,MR9,MR9 Elektro BS,0.0000,0.0000,0.0000,15.4000,15.4000
2025-09-12,5238,MR8,MR8 Temperatur BS,0.0000,0.0000,7.7000,0.0000,7.7000
2025-09-12,5239,MR5,MR5 Bügelmesss. BS,0.0000,0.0000,7.7000,23.1000,30.8000
2025-09-12,5240,AV,Arbeitsvorbereit. BS,0.0000,15.4000,7.7000,36.8000,59.9000
2025-09-12,5900,Qualifizierung,Qualifizierung,0.0000,0.0000,0.0000,15.4000,15.4000
2025-09-15,5211,MR11,MR11 Koordinatenm BS,0.0000,0.0000,7.7000,11.7000,19.4000
2025-09-15,5222,WE,WE BS,0.0000,0.0000,0.0000,61.6000,61.6000
2025-09-15,5223,WA,WA BS,0.0000,0.0000,0.0000,29.1000,29.1000
2025-09-15,5225,Packplatz,PP,0.0000,0.0000,0.0000,29.1000,29.1000
2025-09-15,5230,Springer,Prüfer BS,0.0000,0.0000,0.0000,7.7000,7.7000
2025-09-15,5231,MR1,MR1 Endmaße BS,0.0000,0.0000,15.4000,13.7000,29.1000
2025-09-15,5232,MR7,MR7 Lehren BS,0.0000,0.0000,15.4000,46.2000,61.6000
2025-09-15,5233,MR4,MR4 Lohnmessung BS,0.0000,0.0000,0.0000,7.7000,7.7000
2025-09-15,5234,MR2,MR2 Drehmoment BS,0.0000,0.0000,0.0000,38.5000,38.5000
2025-09-15,5235,MR6,MR6 Messschieber BS,0.0000,0.0000,0.0000,28.1000,28.1000
2025-09-15,5236,MR3,MR3 Messuhren BS,0.0000,0.0000,7.7000,23.1000,30.8000
2025-09-15,5237,MR9,MR9 Elektro BS,0.0000,0.0000,0.0000,15.4000,15.4000
2025-09-15,5238,MR8,MR8 Temperatur BS,0.0000,0.0000,0.0000,7.7000,7.7000
2025-09-15,5239,MR5,MR5 Bügelmesss. BS,0.0000,0.0000,0.0000,23.1000,23.1000
2025-09-15,5240,AV,Arbeitsvorbereit. BS,0.0000,7.7000,13.7000,51.2000,72.6000
2025-09-15,5900,Qualifizierung,Qualifizierung,0.0000,0.0000,0.0000,15.4000,15.4000
2025-09-16,5211,MR11,MR11 Koordinatenm BS,0.0000,0.0000,7.7000,11.7000,19.4000
2025-09-16,5222,WE,WE BS,0.0000,0.0000,0.0000,61.6000,61.6000
2025-09-16,5223,WA,WA BS,0.0000,7.7000,0.0000,21.4000,29.1000
2025-09-16,5225,Packplatz,PP,0.0000,13.7000,0.0000,15.4000,29.1000
2025-09-16,5230,Springer,Prüfer BS,0.0000,0.0000,0.0000,7.7000,7.7000
2025-09-16,5231,MR1,MR1 Endmaße BS,0.0000,0.0000,15.4000,13.7000,29.1000
2025-09-16,5232,MR7,MR7 Lehren BS,0.0000,0.0000,15.4000,46.2000,61.6000
2025-09-16,5233,MR4,MR4 Lohnmessung BS,0.0000,0.0000,0.0000,7.7000,7.7000
2025-09-16,5234,MR2,MR2 Drehmoment BS,0.0000,0.0000,0.0000,38.5000,38.5000
2025-09-16,5235,MR6,MR6 Messschieber BS,0.0000,0.0000,0.0000,28.1000,28.1000
2025-09-16,5236,MR3,MR3 Messuhren BS,0.0000,0.0000,7.7000,23.1000,30.8000
2025-09-16,5237,MR9,MR9 Elektro BS,0.0000,0.0000,0.0000,15.4000,15.4000
2025-09-16,5238,MR8,MR8 Temperatur BS,0.0000,0.0000,0.0000,7.7000,7.7000
2025-09-16,5239,MR5,MR5 Bügelmesss. BS,0.0000,0.0000,0.0000,30.8000,30.8000
2025-09-16,5240,AV,Arbeitsvorbereit. BS,0.0000,7.7000,13.7000,43.5000,64.9000
2025-09-16,5900,Qualifizierung,Qualifizierung,0.0000,0.0000,0.0000,15.4000,15.4000
2025-09-17,5211,MR11,MR11 Koordinatenm BS,0.0000,0.0000,0.0000,19.4000,19.4000
2025-09-17,5222,WE,WE BS,0.0000,0.0000,0.0000,61.6000,61.6000
2025-09-17,5223,WA,WA BS,0.0000,0.0000,0.0000,29.1000,29.1000
2025-09-17,5225,Packplatz,PP,0.0000,13.7000,0.0000,15.4000,29.1000
2025-09-17,5230,Springer,Prüfer BS,0.0000,0.0000,0.0000,7.7000,7.7000
2025-09-17,5231,MR1,MR1 Endmaße BS,0.0000,0.0000,15.4000,13.7000,29.1000
2025-09-17,5232,MR7,MR7 Lehren BS,0.0000,7.7000,15.4000,38.5000,61.6000
2025-09-17,5233,MR4,MR4 Lohnmessung BS,0.0000,0.0000,0.0000,7.7000,7.7000
2025-09-17,5234,MR2,MR2 Drehmoment BS,0.0000,0.0000,0.0000,38.5000,38.5000
2025-09-17,5235,MR6,MR6 Messschieber BS,0.0000,0.0000,0.0000,28.1000,28.1000
2025-09-17,5236,MR3,MR3 Messuhren BS,0.0000,0.0000,7.7000,23.1000,30.8000
2025-09-17,5237,MR9,MR9 Elektro BS,0.0000,0.0000,0.0000,15.4000,15.4000
2025-09-17,5238,MR8,MR8 Temperatur BS,0.0000,0.0000,0.0000,7.7000,7.7000
2025-09-17,5239,MR5,MR5 Bügelmesss. BS,0.0000,0.0000,0.0000,30.8000,30.8000
2025-09-17,5240,AV,Arbeitsvorbereit. BS,0.0000,7.7000,13.7000,46.2000,67.6000
2025-09-17,5900,Qualifizierung,Qualifizierung,0.0000,0.0000,0.0000,15.4000,15.4000
2025-09-18,5211,MR11,MR11 Koordinatenm BS,0.0000,0.0000,0.0000,19.4000,19.4000
2025-09-18,5222,WE,WE BS,0.0000,0.0000,0.0000,61.6000,61.6000
2025-09-18,5223,WA,WA BS,0.0000,0.0000,0.0000,23.1000,23.1000
2025-09-18,5225,Packplatz,PP,0.0000,7.7000,0.0000,21.4000,29.1000
2025-09-18,5230,Springer,Prüfer BS,0.0000,0.0000,0.0000,7.7000,7.7000
2025-09-18,5231,MR1,MR1 Endmaße BS,0.0000,0.0000,15.4000,13.7000,29.1000
2025-09-18,5232,MR7,MR7 Lehren BS,0.0000,7.7000,15.4000,38.5000,61.6000
2025-09-18,5233,MR4,MR4 Lohnmessung BS,0.0000,0.0000,0.0000,7.7000,7.7000
2025-09-18,5234,MR2,MR2 Drehmoment BS,0.0000,0.0000,0.0000,38.5000,38.5000
2025-09-18,5235,MR6,MR6 Messschieber BS,0.0000,0.0000,0.0000,28.1000,28.1000
2025-09-18,5236,MR3,MR3 Messuhren BS,0.0000,0.0000,7.7000,23.1000,30.8000
2025-09-18,5237,MR9,MR9 Elektro BS,0.0000,0.0000,0.0000,15.4000,15.4000
2025-09-18,5238,MR8,MR8 Temperatur BS,0.0000,0.0000,0.0000,7.7000,7.7000
2025-09-18,5239,MR5,MR5 Bügelmesss. BS,0.0000,0.0000,0.0000,30.8000,30.8000
2025-09-18,5240,AV,Arbeitsvorbereit. BS,0.0000,0.0000,13.7000,58.9000,72.6000
2025-09-18,5900,Qualifizierung,Qualifizierung,0.0000,0.0000,0.0000,15.4000,15.4000
2025-09-19,5211,MR11,MR11 Koordinatenm BS,0.0000,0.0000,0.0000,15.4000,15.4000
2025-09-19,5222,WE,WE BS,0.0000,0.0000,0.0000,53.9000,53.9000
2025-09-19,5223,WA,WA BS,0.0000,0.0000,0.0000,15.4000,15.4000
2025-09-19,5225,Packplatz,PP,0.0000,7.7000,0.0000,21.4000,29.1000
2025-09-19,5230,Springer,Prüfer BS,0.0000,0.0000,0.0000,7.7000,7.7000
2025-09-19,5231,MR1,MR1 Endmaße BS,0.0000,0.0000,15.4000,13.7000,29.1000
2025-09-19,5232,MR7,MR7 Lehren BS,0.0000,15.4000,15.4000,30.8000,61.6000
2025-09-19,5233,MR4,MR4 Lohnmessung BS,0.0000,0.0000,0.0000,7.7000,7.7000
2025-09-19,5234,MR2,MR2 Drehmoment BS,0.0000,0.0000,7.7000,30.8000,38.5000
2025-09-19,5235,MR6,MR6 Messschieber BS,0.0000,0.0000,0.0000,28.1000,28.1000
2025-09-19,5236,MR3,MR3 Messuhren BS,0.0000,0.0000,7.7000,15.4000,23.1000
2025-09-19,5237,MR9,MR9 Elektro BS,0.0000,0.0000,0.0000,15.4000,15.4000
2025-09-19,5238,MR8,MR8 Temperatur BS,0.0000,0.0000,0.0000,7.7000,7.7000
2025-09-19,5239,MR5,MR5 Bügelmesss. BS,0.0000,0.0000,7.7000,23.1000,30.8000
2025-09-19,5240,AV,Arbeitsvorbereit. BS,0.0000,7.7000,13.7000,51.2000,72.6000
2025-09-19,5900,Qualifizierung,Qualifizierung,0.0000,0.0000,0.0000,15.4000,15.4000
2025-09-22,5211,MR11,MR11 Koordinatenm BS,0.0000,0.0000,0.0000,19.4000,19.4000
2025-09-22,5222,WE,WE BS,0.0000,0.0000,7.7000,46.2000,53.9000
2025-09-22,5223,WA,WA BS,0.0000,0.0000,0.0000,21.4000,21.4000
2025-09-22,5225,Packplatz,PP,0.0000,7.7000,0.0000,21.4000,29.1000
2025-09-22,5230,Springer,Prüfer BS,0.0000,0.0000,0.0000,7.7000,7.7000
2025-09-22,5231,MR1,MR1 Endmaße BS,0.0000,0.0000,7.7000,21.4000,29.1000
2025-09-22,5232,MR7,MR7 Lehren BS,0.0000,0.0000,15.4000,46.2000,61.6000
2025-09-22,5233,MR4,MR4 Lohnmessung BS,0.0000,0.0000,0.0000,7.7000,7.7000
2025-09-22,5234,MR2,MR2 Drehmoment BS,0.0000,0.0000,7.7000,30.8000,38.5000
2025-09-22,5235,MR6,MR6 Messschieber BS,0.0000,0.0000,0.0000,28.1000,28.1000
2025-09-22,5236,MR3,MR3 Messuhren BS,0.0000,0.0000,7.7000,23.1000,30.8000
2025-09-22,5237,MR9,MR9 Elektro BS,0.0000,0.0000,7.7000,7.7000,15.4000
2025-09-22,5238,MR8,MR8 Temperatur BS,0.0000,0.0000,0.0000,7.7000,7.7000
2025-09-22,5239,MR5,MR5 Bügelmesss. BS,0.0000,0.0000,7.7000,23.1000,30.8000
2025-09-22,5240,AV,Arbeitsvorbereit. BS,0.0000,0.0000,13.7000,58.9000,72.6000
2025-09-22,5900,Qualifizierung,Qualifizierung,0.0000,0.0000,0.0000,15.4000,15.4000
2025-09-23,5211,MR11,MR11 Koordinatenm BS,0.0000,4.0000,0.0000,15.4000,19.4000
2025-09-23,5222,WE,WE BS,0.0000,0.0000,7.7000,46.2000,53.9000
2025-09-23,5223,WA,WA BS,0.0000,7.7000,7.7000,13.7000,29.1000
2025-09-23,5225,Packplatz,PP,0.0000,0.0000,0.0000,29.1000,29.1000
2025-09-23,5230,Springer,Prüfer BS,0.0000,0.0000,0.0000,7.7000,7.7000
2025-09-23,5231,MR1,MR1 Endmaße BS,0.0000,0.0000,7.7000,21.4000,29.1000
2025-09-23,5232,MR7,MR7 Lehren BS,0.0000,0.0000,15.4000,46.2000,61.6000
2025-09-23,5233,MR4,MR4 Lohnmessung BS,0.0000,0.0000,0.0000,7.7000,7.7000
2025-09-23,5234,MR2,MR2 Drehmoment BS,0.0000,0.0000,7.7000,30.8000,38.5000
2025-09-23,5235,MR6,MR6 Messschieber BS,0.0000,0.0000,0.0000,28.1000,28.1000
2025-09-23,5236,MR3,MR3 Messuhren BS,0.0000,0.0000,7.7000,23.1000,30.8000
2025-09-23,5237,MR9,MR9 Elektro BS,0.0000,0.0000,7.7000,7.7000,15.4000
2025-09-23,5238,MR8,MR8 Temperatur BS,0.0000,0.0000,0.0000,7.7000,7.7000
2025-09-23,5239,MR5,MR5 Bügelmesss. BS,0.0000,0.0000,7.7000,30.8000,38.5000
2025-09-23,5240,AV,Arbeitsvorbereit. BS,0.0000,0.0000,21.4000,51.2000,72.6000
2025-09-23,5900,Qualifizierung,Qualifizierung,0.0000,0.0000,0.0000,15.4000,15.4000
2025-09-24,5211,MR11,MR11 Koordinatenm BS,0.0000,4.0000,0.0000,15.4000,19.4000
2025-09-24,5222,WE,WE BS,0.0000,0.0000,7.7000,46.2000,53.9000
2025-09-24,5223,WA,WA BS,0.0000,0.0000,0.0000,29.1000,29.1000
2025-09-24,5225,Packplatz,PP,0.0000,0.0000,0.0000,29.1000,29.1000
2025-09-24,5230,Springer,Prüfer BS,0.0000,0.0000,0.0000,7.7000,7.7000
2025-09-24,5231,MR1,MR1 Endmaße BS,0.0000,0.0000,7.7000,21.4000,29.1000
2025-09-24,5232,MR7,MR7 Lehren BS,0.0000,0.0000,23.1000,38.5000,61.6000
2025-09-24,5233,MR4,MR4 Lohnmessung BS,0.0000,0.0000,0.0000,7.7000,7.7000
2025-09-24,5234,MR2,MR2 Drehmoment BS,0.0000,0.0000,7.7000,30.8000,38.5000
2025-09-24,5235,MR6,MR6 Messschieber BS,0.0000,0.0000,0.0000,28.1000,28.1000
2025-09-24,5236,MR3,MR3 Messuhren BS,0.0000,0.0000,15.4000,15.4000,30.8000
2025-09-24,5237,MR9,MR9 Elektro BS,0.0000,0.0000,7.7000,7.7000,15.4000
2025-09-24,5238,MR8,MR8 Temperatur BS,0.0000,0.0000,0.0000,7.7000,7.7000
2025-09-24,5239,MR5,MR5 Bügelmesss. BS,0.0000,0.0000,7.7000,30.8000,38.5000
2025-09-24,5240,AV,Arbeitsvorbereit. BS,0.0000,0.0000,13.7000,53.9000,67.6000
2025-09-24,5900,Qualifizierung,Qualifizierung,0.0000,0.0000,0.0000,15.4000,15.4000
2025-09-25,5211,MR11,MR11 Koordinatenm BS,0.0000,4.0000,0.0000,15.4000,19.4000
2025-09-25,5222,WE,WE BS,0.0000,0.0000,7.7000,46.2000,53.9000
2025-09-25,5223,WA,WA BS,0.0000,0.0000,0.0000,23.1000,23.1000
2025-09-25,5225,Packplatz,PP,0.0000,0.0000,0.0000,21.4000,21.4000
2025-09-25,5230,Springer,Prüfer BS,0.0000,0.0000,0.0000,7.7000,7.7000
2025-09-25,5231,MR1,MR1 Endmaße BS,0.0000,0.0000,7.7000,21.4000,29.1000
2025-09-25,5232,MR7,MR7 Lehren BS,0.0000,0.0000,30.8000,30.8000,61.6000
2025-09-25,5233,MR4,MR4 Lohnmessung BS,0.0000,0.0000,0.0000,7.7000,7.7000
2025-09-25,5234,MR2,MR2 Drehmoment BS,0.0000,0.0000,7.7000,30.8000,38.5000
2025-09-25,5235,MR6,MR6 Messschieber BS,0.0000,0.0000,0.0000,28.1000,28.1000
2025-09-25,5236,MR3,MR3 Messuhren BS,0.0000,0.0000,15.4000,15.4000,30.8000
2025-09-25,5237,MR9,MR9 Elektro BS,0.0000,0.0000,7.7000,7.7000,15.4000
2025-09-25,5238,MR8,MR8 Temperatur BS,0.0000,0.0000,0.0000,7.7000,7.7000
2025-09-25,5239,MR5,MR5 Bügelmesss. BS,0.0000,0.0000,7.7000,30.8000,38.5000
2025-09-25,5240,AV,Arbeitsvorbereit. BS,0.0000,0.0000,13.7000,58.9000,72.6000
2025-09-25,5900,Qualifizierung,Qualifizierung,0.0000,0.0000,0.0000,15.4000,15.4000
2025-09-26,5211,MR11,MR11 Koordinatenm BS,0.0000,4.0000,0.0000,15.4000,19.4000
2025-09-26,5222,WE,WE BS,0.0000,0.0000,7.7000,46.2000,53.9000
2025-09-26,5223,WA,WA BS,0.0000,0.0000,0.0000,15.4000,15.4000
2025-09-26,5225,Packplatz,PP,0.0000,0.0000,0.0000,29.1000,29.1000
2025-09-26,5230,Springer,Prüfer BS,0.0000,0.0000,0.0000,7.7000,7.7000
2025-09-26,5231,MR1,MR1 Endmaße BS,0.0000,0.0000,7.7000,21.4000,29.1000
2025-09-26,5232,MR7,MR7 Lehren BS,0.0000,0.0000,23.1000,30.8000,53.9000
2025-09-26,5233,MR4,MR4 Lohnmessung BS,0.0000,0.0000,0.0000,7.7000,7.7000
2025-09-26,5234,MR2,MR2 Drehmoment BS,0.0000,0.0000,7.7000,30.8000,38.5000
2025-09-26,5235,MR6,MR6 Messschieber BS,0.0000,0.0000,0.0000,28.1000,28.1000
2025-09-26,5236,MR3,MR3 Messuhren BS,0.0000,0.0000,15.4000,15.4000,30.8000
2025-09-26,5237,MR9,MR9 Elektro BS,0.0000,0.0000,7.7000,7.7000,15.4000
2025-09-26,5238,MR8,MR8 Temperatur BS,0.0000,0.0000,0.0000,7.7000,7.7000
2025-09-26,5239,MR5,MR5 Bügelmesss. BS,0.0000,0.0000,7.7000,30.8000,38.5000
2025-09-26,5240,AV,Arbeitsvorbereit. BS,0.0000,7.7000,13.7000,51.2000,72.6000
2025-09-26,5900,Qualifizierung,Qualifizierung,0.0000,0.0000,0.0000,15.4000,15.4000
2025-09-29,5211,MR11,MR11 Koordinatenm BS,0.0000,4.0000,0.0000,15.4000,19.4000
2025-09-29,5222,WE,WE BS,0.0000,15.4000,15.4000,30.8000,61.6000
2025-09-29,5223,WA,WA BS,0.0000,0.0000,0.0000,29.1000,29.1000
2025-09-29,5225,Packplatz,PP,0.0000,0.0000,0.0000,29.1000,29.1000
2025-09-29,5230,Springer,Prüfer BS,0.0000,0.0000,0.0000,7.7000,7.7000
2025-09-29,5231,MR1,MR1 Endmaße BS,0.0000,0.0000,7.7000,21.4000,29.1000
2025-09-29,5232,MR7,MR7 Lehren BS,0.0000,0.0000,23.1000,30.8000,53.9000
2025-09-29,5233,MR4,MR4 Lohnmessung BS,0.0000,0.0000,0.0000,7.7000,7.7000
2025-09-29,5234,MR2,MR2 Drehmoment BS,0.0000,0.0000,0.0000,30.8000,30.8000
2025-09-29,5235,MR6,MR6 Messschieber BS,0.0000,0.0000,0.0000,28.1000,28.1000
2025-09-29,5236,MR3,MR3 Messuhren BS,0.0000,0.0000,15.4000,15.4000,30.8000
2025-09-29,5237,MR9,MR9 Elektro BS,0.0000,0.0000,7.7000,7.7000,15.4000
2025-09-29,5238,MR8,MR8 Temperatur BS,0.0000,0.0000,0.0000,7.7000,7.7000
2025-09-29,5239,MR5,MR5 Bügelmesss. BS,0.0000,0.0000,15.4000,15.4000,30.8000
2025-09-29,5240,AV,Arbeitsvorbereit. BS,0.0000,6.0000,15.4000,51.2000,72.6000
2025-09-29,5900,Qualifizierung,Qualifizierung,0.0000,0.0000,0.0000,15.4000,15.4000
2025-09-30,5211,MR11,MR11 Koordinatenm BS,0.0000,11.7000,0.0000,7.7000,19.4000
2025-09-30,5222,WE,WE BS,0.0000,0.0000,15.4000,46.2000,61.6000
2025-09-30,5223,WA,WA BS,0.0000,0.0000,0.0000,29.1000,29.1000
2025-09-30,5225,Packplatz,PP,0.0000,0.0000,0.0000,29.1000,29.1000
2025-09-30,5230,Springer,Prüfer BS,0.0000,0.0000,0.0000,7.7000,7.7000
2025-09-30,5231,MR1,MR1 Endmaße BS,0.0000,0.0000,0.0000,29.1000,29.1000
2025-09-30,5232,MR7,MR7 Lehren BS,0.0000,0.0000,15.4000,46.2000,61.6000
2025-09-30,5233,MR4,MR4 Lohnmessung BS,0.0000,0.0000,0.0000,7.7000,7.7000
2025-09-30,5234,MR2,MR2 Drehmoment BS,0.0000,0.0000,0.0000,38.5000,38.5000
2025-09-30,5235,MR6,MR6 Messschieber BS,0.0000,0.0000,0.0000,28.1000,28.1000
2025-09-30,5236,MR3,MR3 Messuhren BS,0.0000,0.0000,15.4000,15.4000,30.8000
2025-09-30,5237,MR9,MR9 Elektro BS,0.0000,0.0000,7.7000,7.7000,15.4000
2025-09-30,5238,MR8,MR8 Temperatur BS,0.0000,0.0000,0.0000,7.7000,7.7000
2025-09-30,5239,MR5,MR5 Bügelmesss. BS,0.0000,0.0000,7.7000,30.8000,38.5000
2025-09-30,5240,AV,Arbeitsvorbereit. BS,0.0000,6.0000,7.7000,58.9000,72.6000
2025-09-30,5900,Qualifizierung,Qualifizierung,0.0000,0.0000,0.0000,15.4000,15.4000
2025-10-01,5211,MR11,MR11 Koordinatenm BS,0.0000,4.0000,0.0000,15.4000,19.4000
2025-10-01,5222,WE,WE BS,0.0000,7.7000,15.4000,38.5000,61.6000
2025-10-01,5223,WA,WA BS,0.0000,0.0000,6.0000,23.1000,29.1000
2025-10-01,5225,Packplatz,PP,0.0000,0.0000,0.0000,29.1000,29.1000
2025-10-01,5230,Springer,Prüfer BS,0.0000,0.0000,0.0000,7.7000,7.7000
2025-10-01,5231,MR1,MR1 Endmaße BS,0.0000,0.0000,0.0000,29.1000,29.1000
2025-10-01,5232,MR7,MR7 Lehren BS,0.0000,0.0000,15.4000,38.5000,53.9000
2025-10-01,5233,MR4,MR4 Lohnmessung BS,0.0000,0.0000,0.0000,7.7000,7.7000
2025-10-01,5234,MR2,MR2 Drehmoment BS,0.0000,0.0000,0.0000,46.2000,46.2000
2025-10-01,5235,MR6,MR6 Messschieber BS,0.0000,0.0000,0.0000,28.1000,28.1000
2025-10-01,5236,MR3,MR3 Messuhren BS,0.0000,0.0000,7.7000,23.1000,30.8000
2025-10-01,5237,MR9,MR9 Elektro BS,0.0000,0.0000,0.0000,7.7000,7.7000
2025-10-01,5238,MR8,MR8 Temperatur BS,0.0000,0.0000,0.0000,7.7000,7.7000
2025-10-01,5239,MR5,MR5 Bügelmesss. BS,0.0000,0.0000,7.7000,30.8000,38.5000
2025-10-01,5240,AV,Arbeitsvorbereit. BS,0.0000,6.0000,7.7000,53.9000,67.6000
2025-10-01,5900,Qualifizierung,Qualifizierung,0.0000,0.0000,0.0000,15.4000,15.4000
2025-10-02,5211,MR11,MR11 Koordinatenm BS,0.0000,4.0000,0.0000,15.4000,19.4000
2025-10-02,5222,WE,WE BS,0.0000,7.7000,15.4000,38.5000,61.6000
2025-10-02,5223,WA,WA BS,0.0000,0.0000,0.0000,23.1000,23.1000
2025-10-02,5225,Packplatz,PP,0.0000,0.0000,0.0000,29.1000,29.1000
2025-10-02,5230,Springer,Prüfer BS,0.0000,0.0000,0.0000,0.0000,0.0000
2025-10-02,5231,MR1,MR1 Endmaße BS,0.0000,0.0000,0.0000,29.1000,29.1000
2025-10-02,5232,MR7,MR7 Lehren BS,0.0000,0.0000,15.4000,38.5000,53.9000
2025-10-02,5233,MR4,MR4 Lohnmessung BS,0.0000,0.0000,0.0000,7.7000,7.7000
2025-10-02,5234,MR2,MR2 Drehmoment BS,0.0000,0.0000,0.0000,46.2000,46.2000
2025-10-02,5235,MR6,MR6 Messschieber BS,0.0000,0.0000,0.0000,28.1000,28.1000
2025-10-02,5236,MR3,MR3 Messuhren BS,0.0000,0.0000,7.7000,23.1000,30.8000
2025-10-02,5237,MR9,MR9 Elektro BS,0.0000,0.0000,0.0000,7.7000,7.7000
2025-10-02,5238,MR8,MR8 Temperatur BS,0.0000,0.0000,0.0000,7.7000,7.7000
2025-10-02,5239,MR5,MR5 Bügelmesss. BS,0.0000,0.0000,7.7000,30.8000,38.5000
2025-10-02,5240,AV,Arbeitsvorbereit. BS,0.0000,6.0000,7.7000,58.9000,72.6000
2025-10-02,5900,Qualifizierung,Qualifizierung,0.0000,0.0000,0.0000,15.4000,15.4000
2025-10-06,5211,MR11,MR11 Koordinatenm BS,0.0000,0.0000,0.0000,19.4000,19.4000
2025-10-06,5222,WE,WE BS,0.0000,0.0000,15.4000,46.2000,61.6000
2025-10-06,5223,WA,WA BS,0.0000,0.0000,0.0000,29.1000,29.1000
2025-10-06,5225,Packplatz,PP,0.0000,0.0000,0.0000,29.1000,29.1000
2025-10-06,5230,Springer,Prüfer BS,0.0000,0.0000,0.0000,7.7000,7.7000
2025-10-06,5231,MR1,MR1 Endmaße BS,0.0000,0.0000,0.0000,29.1000,29.1000
2025-10-06,5232,MR7,MR7 Lehren BS,0.0000,0.0000,30.8000,30.8000,61.6000
2025-10-06,5233,MR4,MR4 Lohnmessung BS,0.0000,0.0000,0.0000,7.7000,7.7000
2025-10-06,5234,MR2,MR2 Drehmoment BS,0.0000,0.0000,7.7000,30.8000,38.5000
2025-10-06,5235,MR6,MR6 Messschieber BS,0.0000,0.0000,0.0000,28.1000,28.1000
2025-10-06,5236,MR3,MR3 Messuhren BS,0.0000,0.0000,0.0000,30.8000,30.8000
2025-10-06,5237,MR9,MR9 Elektro BS,0.0000,0.0000,0.0000,15.4000,15.4000
2025-10-06,5238,MR8,MR8 Temperatur BS,0.0000,0.0000,0.0000,7.7000,7.7000
2025-10-06,5239,MR5,MR5 Bügelmesss. BS,0.0000,0.0000,15.4000,23.1000,38.5000
2025-10-06,5240,AV,Arbeitsvorbereit. BS,0.0000,6.0000,0.0000,58.9000,64.9000
2025-10-06,5900,Qualifizierung,Qualifizierung,0.0000,0.0000,7.7000,0.0000,7.7000
2025-10-07,5211,MR11,MR11 Koordinatenm BS,0.0000,4.0000,0.0000,15.4000,19.4000
2025-10-07,5222,WE,WE BS,0.0000,7.7000,15.4000,38.5000,61.6000
2025-10-07,5223,WA,WA BS,0.0000,0.0000,0.0000,29.1000,29.1000
2025-10-07,5225,Packplatz,PP,0.0000,0.0000,0.0000,29.1000,29.1000
2025-10-07,5230,Springer,Prüfer BS,0.0000,0.0000,0.0000,7.7000,7.7000
2025-10-07,5231,MR1,MR1 Endmaße BS,0.0000,0.0000,0.0000,29.1000,29.1000
2025-10-07,5232,MR7,MR7 Lehren BS,0.0000,0.0000,15.4000,46.2000,61.6000
2025-10-07,5233,MR4,MR4 Lohnmessung BS,0.0000,0.0000,0.0000,7.7000,7.7000
2025-10-07,5234,MR2,MR2 Drehmoment BS,0.0000,0.0000,15.4000,23.1000,38.5000
2025-10-07,5235,MR6,MR6 Messschieber BS,0.0000,0.0000,0.0000,28.1000,28.1000
2025-10-07,5236,MR3,MR3 Messuhren BS,0.0000,0.0000,0.0000,30.8000,30.8000
2025-10-07,5237,MR9,MR9 Elektro BS,0.0000,0.0000,0.0000,15.4000,15.4000
2025-10-07,5238,MR8,MR8 Temperatur BS,0.0000,0.0000,0.0000,7.7000,7.7000
2025-10-07,5239,MR5,MR5 Bügelmesss. BS,0.0000,0.0000,15.4000,30.8000,46.2000
2025-10-07,5240,AV,Arbeitsvorbereit. BS,0.0000,6.0000,0.0000,66.6000,72.6000
2025-10-07,5900,Qualifizierung,Qualifizierung,0.0000,0.0000,7.7000,0.0000,7.7000
2025-10-08,5211,MR11,MR11 Koordinatenm BS,0.0000,4.0000,0.0000,15.4000,19.4000
2025-10-08,5222,WE,WE BS,0.0000,7.7000,15.4000,38.5000,61.6000
2025-10-08,5223,WA,WA BS,0.0000,0.0000,0.0000,29.1000,29.1000
2025-10-08,5225,Packplatz,PP,0.0000,0.0000,0.0000,29.1000,29.1000
2025-10-08,5230,Springer,Prüfer BS,0.0000,0.0000,0.0000,7.7000,7.7000
2025-10-08,5231,MR1,MR1 Endmaße BS,0.0000,0.0000,0.0000,29.1000,29.1000
2025-10-08,5232,MR7,MR7 Lehren BS,0.0000,0.0000,15.4000,46.2000,61.6000
2025-10-08,5233,MR4,MR4 Lohnmessung BS,0.0000,0.0000,0.0000,7.7000,7.7000
2025-10-08,5234,MR2,MR2 Drehmoment BS,0.0000,0.0000,7.7000,38.5000,46.2000
2025-10-08,5235,MR6,MR6 Messschieber BS,0.0000,0.0000,0.0000,28.1000,28.1000
2025-10-08,5236,MR3,MR3 Messuhren BS,0.0000,0.0000,0.0000,30.8000,30.8000
2025-10-08,5237,MR9,MR9 Elektro BS,0.0000,0.0000,0.0000,15.4000,15.4000
2025-10-08,5238,MR8,MR8 Temperatur BS,0.0000,0.0000,0.0000,7.7000,7.7000
2025-10-08,5239,MR5,MR5 Bügelmesss. BS,0.0000,0.0000,15.4000,30.8000,46.2000
2025-10-08,5240,AV,Arbeitsvorbereit. BS,0.0000,6.0000,0.0000,61.6000,67.6000
2025-10-08,5900,Qualifizierung,Qualifizierung,0.0000,0.0000,7.7000,0.0000,7.7000
2025-10-09,5211,MR11,MR11 Koordinatenm BS,0.0000,4.0000,0.0000,15.4000,19.4000
2025-10-09,5222,WE,WE BS,0.0000,0.0000,15.4000,46.2000,61.6000
2025-10-09,5223,WA,WA BS,0.0000,0.0000,0.0000,23.1000,23.1000
2025-10-09,5225,Packplatz,PP,0.0000,0.0000,0.0000,29.1000,29.1000
2025-10-09,5230,Springer,Prüfer BS,0.0000,0.0000,0.0000,7.7000,7.7000
2025-10-09,5231,MR1,MR1 Endmaße BS,0.0000,0.0000,0.0000,29.1000,29.1000
2025-10-09,5232,MR7,MR7 Lehren BS,0.0000,0.0000,15.4000,46.2000,61.6000
2025-10-09,5233,MR4,MR4 Lohnmessung BS,0.0000,0.0000,0.0000,7.7000,7.7000
2025-10-09,5234,MR2,MR2 Drehmoment BS,0.0000,0.0000,7.7000,38.5000,46.2000
2025-10-09,5235,MR6,MR6 Messschieber BS,0.0000,0.0000,0.0000,28.1000,28.1000
2025-10-09,5236,MR3,MR3 Messuhren BS,0.0000,0.0000,0.0000,30.8000,30.8000
2025-10-09,5237,MR9,MR9 Elektro BS,0.0000,0.0000,0.0000,15.4000,15.4000
2025-10-09,5238,MR8,MR8 Temperatur BS,0.0000,0.0000,0.0000,7.7000,7.7000
2025-10-09,5239,MR5,MR5 Bügelmesss. BS,0.0000,0.0000,15.4000,30.8000,46.2000
2025-10-09,5240,AV,Arbeitsvorbereit. BS,0.0000,6.0000,0.0000,66.6000,72.6000
2025-10-09,5900,Qualifizierung,Qualifizierung,0.0000,0.0000,7.7000,0.0000,7.7000
2025-10-10,5211,MR11,MR11 Koordinatenm BS,0.0000,4.0000,0.0000,15.4000,19.4000
2025-10-10,5222,WE,WE BS,0.0000,0.0000,7.7000,46.2000,53.9000
2025-10-10,5223,WA,WA BS,0.0000,0.0000,0.0000,15.4000,15.4000
2025-10-10,5225,Packplatz,PP,6.0000,0.0000,0.0000,23.1000,29.1000
2025-10-10,5230,Springer,Prüfer BS,0.0000,0.0000,0.0000,7.7000,7.7000
2025-10-10,5231,MR1,MR1 Endmaße BS,0.0000,0.0000,0.0000,29.1000,29.1000
2025-10-10,5232,MR7,MR7 Lehren BS,0.0000,0.0000,23.1000,38.5000,61.6000
2025-10-10,5233,MR4,MR4 Lohnmessung BS,0.0000,0.0000,0.0000,7.7000,7.7000
2025-10-10,5234,MR2,MR2 Drehmoment BS,0.0000,0.0000,7.7000,38.5000,46.2000
2025-10-10,5235,MR6,MR6 Messschieber BS,0.0000,0.0000,0.0000,15.4000,15.4000
2025-10-10,5236,MR3,MR3 Messuhren BS,0.0000,0.0000,0.0000,30.8000,30.8000
2025-10-10,5237,MR9,MR9 Elektro BS,0.0000,0.0000,0.0000,15.4000,15.4000
2025-10-10,5238,MR8,MR8 Temperatur BS,0.0000,0.0000,0.0000,7.7000,7.7000
2025-10-10,5239,MR5,MR5 Bügelmesss. BS,0.0000,7.7000,15.4000,23.1000,46.2000
2025-10-10,5240,AV,Arbeitsvorbereit. BS,0.0000,13.7000,7.7000,51.2000,72.6000
2025-10-10,5900,Qualifizierung,Qualifizierung,0.0000,0.0000,7.7000,0.0000,7.7000
2025-10-13,5211,MR11,MR11 Koordinatenm BS,0.0000,0.0000,7.7000,11.7000,19.4000
2025-10-13,5222,WE,WE BS,0.0000,0.0000,15.4000,46.2000,61.6000
2025-10-13,5223,WA,WA BS,0.0000,0.0000,7.7000,21.4000,29.1000
2025-10-13,5225,Packplatz,PP,6.0000,0.0000,0.0000,23.1000,29.1000
2025-10-13,5230,Springer,Prüfer BS,0.0000,0.0000,0.0000,7.7000,7.7000
2025-10-13,5231,MR1,MR1 Endmaße BS,0.0000,0.0000,7.7000,21.4000,29.1000
2025-10-13,5232,MR7,MR7 Lehren BS,0.0000,7.7000,7.7000,46.2000,61.6000
2025-10-13,5233,MR4,MR4 Lohnmessung BS,0.0000,0.0000,0.0000,7.7000,7.7000
2025-10-13,5234,MR2,MR2 Drehmoment BS,0.0000,0.0000,7.7000,38.5000,46.2000
2025-10-13,5235,MR6,MR6 Messschieber BS,0.0000,0.0000,0.0000,28.1000,28.1000
2025-10-13,5236,MR3,MR3 Messuhren BS,0.0000,0.0000,0.0000,30.8000,30.8000
2025-10-13,5237,MR9,MR9 Elektro BS,0.0000,0.0000,0.0000,15.4000,15.4000
2025-10-13,5238,MR8,MR8 Temperatur BS,0.0000,0.0000,0.0000,0.0000,0.0000
2025-10-13,5239,MR5,MR5 Bügelmesss. BS,0.0000,0.0000,15.4000,23.1000,38.5000
2025-10-13,5240,AV,Arbeitsvorbereit. BS,0.0000,13.7000,5.0000,53.9000,72.6000
2025-10-13,5900,Qualifizierung,Qualifizierung,0.0000,0.0000,0.0000,7.7000,7.7000
2025-10-14,5211,MR11,MR11 Koordinatenm BS,0.0000,0.0000,0.0000,19.4000,19.4000
2025-10-14,5222,WE,WE BS,0.0000,7.7000,15.4000,38.5000,61.6000
2025-10-14,5223,WA,WA BS,0.0000,0.0000,7.7000,21.4000,29.1000
2025-10-14,5225,Packplatz,PP,6.0000,0.0000,0.0000,23.1000,29.1000
2025-10-14,5230,Springer,Prüfer BS,0.0000,0.0000,0.0000,7.7000,7.7000
2025-10-14,5231,MR1,MR1 Endmaße BS,0.0000,6.0000,0.0000,23.1000,29.1000
2025-10-14,5232,MR7,MR7 Lehren BS,0.0000,7.7000,7.7000,38.5000,53.9000
2025-10-14,5233,MR4,MR4 Lohnmessung BS,0.0000,0.0000,0.0000,7.7000,7.7000
2025-10-14,5234,MR2,MR2 Drehmoment BS,0.0000,0.0000,7.7000,38.5000,46.2000
2025-10-14,5235,MR6,MR6 Messschieber BS,0.0000,0.0000,0.0000,28.1000,28.1000
2025-10-14,5236,MR3,MR3 Messuhren BS,0.0000,0.0000,0.0000,30.8000,30.8000
2025-10-14,5237,MR9,MR9 Elektro BS,0.0000,0.0000,0.0000,15.4000,15.4000
2025-10-14,5238,MR8,MR8 Temperatur BS,0.0000,0.0000,0.0000,7.7000,7.7000
2025-10-14,5239,MR5,MR5 Bügelmesss. BS,0.0000,7.7000,15.4000,23.1000,46.2000
2025-10-14,5240,AV,Arbeitsvorbereit. BS,0.0000,13.7000,5.0000,53.9000,72.6000
2025-10-14,5900,Qualifizierung,Qualifizierung,0.0000,0.0000,0.0000,7.7000,7.7000
2025-10-15,5211,MR11,MR11 Koordinatenm BS,0.0000,0.0000,0.0000,19.4000,19.4000
2025-10-15,5222,WE,WE BS,0.0000,7.7000,15.4000,38.5000,61.6000
2025-10-15,5223,WA,WA BS,0.0000,0.0000,15.4000,13.7000,29.1000
2025-10-15,5225,Packplatz,PP,0.0000,0.0000,6.0000,23.1000,29.1000
2025-10-15,5230,Springer,Prüfer BS,0.0000,0.0000,0.0000,7.7000,7.7000
2025-10-15,5231,MR1,MR1 Endmaße BS,0.0000,6.0000,0.0000,23.1000,29.1000
2025-10-15,5232,MR7,MR7 Lehren BS,0.0000,0.0000,7.7000,53.9000,61.6000
2025-10-15,5233,MR4,MR4 Lohnmessung BS,0.0000,0.0000,0.0000,7.7000,7.7000
2025-10-15,5234,MR2,MR2 Drehmoment BS,0.0000,0.0000,7.7000,38.5000,46.2000
2025-10-15,5235,MR6,MR6 Messschieber BS,0.0000,0.0000,0.0000,28.1000,28.1000
2025-10-15,5236,MR3,MR3 Messuhren BS,0.0000,0.0000,0.0000,30.8000,30.8000
2025-10-15,5237,MR9,MR9 Elektro BS,0.0000,7.7000,0.0000,7.7000,15.4000
2025-10-15,5238,MR8,MR8 Temperatur BS,0.0000,0.0000,0.0000,7.7000,7.7000
2025-10-15,5239,MR5,MR5 Bügelmesss. BS,0.0000,15.4000,7.7000,23.1000,46.2000
2025-10-15,5240,AV,Arbeitsvorbereit. BS,0.0000,13.7000,0.0000,53.9000,67.6000
2025-10-15,5900,Qualifizierung,Qualifizierung,0.0000,0.0000,0.0000,7.7000,7.7000
2025-10-16,5211,MR11,MR11 Koordinatenm BS,0.0000,0.0000,0.0000,19.4000,19.4000
2025-10-16,5222,WE,WE BS,0.0000,7.7000,15.4000,38.5000,61.6000
2025-10-16,5223,WA,WA BS,0.0000,0.0000,15.4000,7.7000,23.1000
2025-10-16,5225,Packplatz,PP,0.0000,0.0000,0.0000,29.1000,29.1000
2025-10-16,5230,Springer,Prüfer BS,0.0000,0.0000,0.0000,7.7000,7.7000
2025-10-16,5231,MR1,MR1 Endmaße BS,0.0000,6.0000,0.0000,23.1000,29.1000
2025-10-16,5232,MR7,MR7 Lehren BS,0.0000,0.0000,7.7000,53.9000,61.6000
2025-10-16,5233,MR4,MR4 Lohnmessung BS,0.0000,0.0000,0.0000,7.7000,7.7000
2025-10-16,5234,MR2,MR2 Drehmoment BS,0.0000,0.0000,7.7000,38.5000,46.2000
2025-10-16,5235,MR6,MR6 Messschieber BS,0.0000,0.0000,0.0000,28.1000,28.1000
2025-10-16,5236,MR3,MR3 Messuhren BS,0.0000,0.0000,0.0000,30.8000,30.8000
2025-10-16,5237,MR9,MR9 Elektro BS,0.0000,0.0000,0.0000,15.4000,15.4000
2025-10-16,5238,MR8,MR8 Temperatur BS,0.0000,0.0000,0.0000,7.7000,7.7000
2025-10-16,5239,MR5,MR5 Bügelmesss. BS,0.0000,7.7000,7.7000,23.1000,38.5000
2025-10-16,5240,AV,Arbeitsvorbereit. BS,0.0000,6.0000,12.7000,53.9000,72.6000
2025-10-16,5900,Qualifizierung,Qualifizierung,0.0000,0.0000,0.0000,7.7000,7.7000
2025-10-17,5211,MR11,MR11 Koordinatenm BS,0.0000,0.0000,0.0000,19.4000,19.4000
2025-10-17,5222,WE,WE BS,0.0000,7.7000,15.4000,38.5000,61.6000
2025-10-17,5223,WA,WA BS,0.0000,0.0000,7.7000,7.7000,15.4000
2025-10-17,5225,Packplatz,PP,0.0000,0.0000,0.0000,29.1000,29.1000
2025-10-17,5230,Springer,Prüfer BS,0.0000,0.0000,0.0000,7.7000,7.7000
2025-10-17,5231,MR1,MR1 Endmaße BS,0.0000,6.0000,0.0000,23.1000,29.1000
2025-10-17,5232,MR7,MR7 Lehren BS,0.0000,0.0000,7.7000,53.9000,61.6000
2025-10-17,5233,MR4,MR4 Lohnmessung BS,0.0000,0.0000,0.0000,7.7000,7.7000
2025-10-17,5234,MR2,MR2 Drehmoment BS,0.0000,0.0000,7.7000,38.5000,46.2000
2025-10-17,5235,MR6,MR6 Messschieber BS,0.0000,0.0000,0.0000,23.1000,23.1000
2025-10-17,5236,MR3,MR3 Messuhren BS,0.0000,0.0000,0.0000,30.8000,30.8000
2025-10-17,5237,MR9,MR9 Elektro BS,0.0000,0.0000,0.0000,15.4000,15.4000
2025-10-17,5238,MR8,MR8 Temperatur BS,0.0000,0.0000,0.0000,7.7000,7.7000
2025-10-17,5239,MR5,MR5 Bügelmesss. BS,0.0000,15.4000,0.0000,23.1000,38.5000
2025-10-17,5240,AV,Arbeitsvorbereit. BS,0.0000,13.7000,20.4000,38.5000,72.6000
2025-10-17,5900,Qualifizierung,Qualifizierung,0.0000,0.0000,0.0000,7.7000,7.7000
2025-10-20,5211,MR11,MR11 Koordinatenm BS,0.0000,0.0000,11.7000,7.7000,19.4000
2025-10-20,5222,WE,WE BS,0.0000,0.0000,7.7000,53.9000,61.6000
2025-10-20,5223,WA,WA BS,0.0000,7.7000,7.7000,13.7000,29.1000
2025-10-20,5225,Packplatz,PP,0.0000,7.7000,0.0000,21.4000,29.1000
2025-10-20,5230,Springer,Prüfer BS,0.0000,0.0000,0.0000,7.7000,7.7000
2025-10-20,5231,MR1,MR1 Endmaße BS,0.0000,6.0000,0.0000,23.1000,29.1000
2025-10-20,5232,MR7,MR7 Lehren BS,0.0000,0.0000,7.7000,53.9000,61.6000
2025-10-20,5233,MR4,MR4 Lohnmessung BS,0.0000,0.0000,0.0000,7.7000,7.7000
2025-10-20,5234,MR2,MR2 Drehmoment BS,7.7000,0.0000,0.0000,38.5000,46.2000
2025-10-20,5235,MR6,MR6 Messschieber BS,7.7000,0.0000,7.7000,12.7000,28.1000
2025-10-20,5236,MR3,MR3 Messuhren BS,0.0000,7.7000,0.0000,23.1000,30.8000
2025-10-20,5237,MR9,MR9 Elektro BS,0.0000,0.0000,0.0000,15.4000,15.4000
2025-10-20,5238,MR8,MR8 Temperatur BS,0.0000,0.0000,0.0000,7.7000,7.7000
2025-10-20,5239,MR5,MR5 Bügelmesss. BS,0.0000,7.7000,23.1000,7.7000,38.5000
2025-10-20,5240,AV,Arbeitsvorbereit. BS,0.0000,13.7000,7.7000,51.2000,72.6000
2025-10-20,5900,Qualifizierung,Qualifizierung,0.0000,0.0000,0.0000,7.7000,7.7000
2025-10-21,5211,MR11,MR11 Koordinatenm BS,0.0000,0.0000,11.7000,0.0000,11.7000
2025-10-21,5222,WE,WE BS,0.0000,0.0000,7.7000,53.9000,61.6000
2025-10-21,5223,WA,WA BS,0.0000,7.7000,7.7000,13.7000,29.1000
2025-10-21,5225,Packplatz,PP,0.0000,7.7000,0.0000,21.4000,29.1000
2025-10-21,5230,Springer,Prüfer BS,0.0000,0.0000,0.0000,7.7000,7.7000
2025-10-21,5231,MR1,MR1 Endmaße BS,0.0000,13.7000,0.0000,15.4000,29.1000
2025-10-21,5232,MR7,MR7 Lehren BS,0.0000,0.0000,7.7000,53.9000,61.6000
2025-10-21,5233,MR4,MR4 Lohnmessung BS,0.0000,0.0000,0.0000,7.7000,7.7000
2025-10-21,5234,MR2,MR2 Drehmoment BS,7.7000,0.0000,0.0000,38.5000,46.2000
2025-10-21,5235,MR6,MR6 Messschieber BS,0.0000,0.0000,0.0000,28.1000,28.1000
2025-10-21,5236,MR3,MR3 Messuhren BS,0.0000,7.7000,0.0000,23.1000,30.8000
2025-10-21,5237,MR9,MR9 Elektro BS,0.0000,0.0000,0.0000,15.4000,15.4000
2025-10-21,5238,MR8,MR8 Temperatur BS,0.0000,0.0000,0.0000,7.7000,7.7000
2025-10-21,5239,MR5,MR5 Bügelmesss. BS,0.0000,15.4000,15.4000,7.7000,38.5000
2025-10-21,5240,AV,Arbeitsvorbereit. BS,0.0000,13.7000,0.0000,51.2000,64.9000
2025-10-21,5900,Qualifizierung,Qualifizierung,0.0000,0.0000,0.0000,7.7000,7.7000
2025-10-22,5211,MR11,MR11 Koordinatenm BS,0.0000,0.0000,11.7000,7.7000,19.4000
2025-10-22,5222,WE,WE BS,0.0000,0.0000,7.7000,53.9000,61.6000
2025-10-22,5223,WA,WA BS,0.0000,7.7000,7.7000,13.7000,29.1000
2025-10-22,5225,Packplatz,PP,0.0000,0.0000,0.0000,29.1000,29.1000
2025-10-22,5230,Springer,Prüfer BS,0.0000,0.0000,0.0000,7.7000,7.7000
2025-10-22,5231,MR1,MR1 Endmaße BS,0.0000,13.7000,0.0000,15.4000,29.1000
2025-10-22,5232,MR7,MR7 Lehren BS,0.0000,0.0000,7.7000,53.9000,61.6000
2025-10-22,5233,MR4,MR4 Lohnmessung BS,0.0000,0.0000,0.0000,7.7000,7.7000
2025-10-22,5234,MR2,MR2 Drehmoment BS,7.7000,0.0000,0.0000,38.5000,46.2000
2025-10-22,5235,MR6,MR6 Messschieber BS,0.0000,0.0000,0.0000,20.4000,20.4000
2025-10-22,5236,MR3,MR3 Messuhren BS,0.0000,7.7000,0.0000,15.4000,23.1000
2025-10-22,5237,MR9,MR9 Elektro BS,0.0000,0.0000,0.0000,15.4000,15.4000
2025-10-22,5238,MR8,MR8 Temperatur BS,0.0000,0.0000,0.0000,7.7000,7.7000
2025-10-22,5239,MR5,MR5 Bügelmesss. BS,0.0000,7.7000,23.1000,15.4000,46.2000
2025-10-22,5240,AV,Arbeitsvorbereit. BS,0.0000,13.7000,0.0000,46.2000,59.9000
2025-10-22,5900,Qualifizierung,Qualifizierung,0.0000,0.0000,0.0000,7.7000,7.7000
2025-10-23,5211,MR11,MR11 Koordinatenm BS,0.0000,0.0000,11.7000,7.7000,19.4000
2025-10-23,5222,WE,WE BS,0.0000,0.0000,7.7000,53.9000,61.6000
2025-10-23,5223,WA,WA BS,0.0000,7.7000,7.7000,7.7000,23.1000
2025-10-23,5225,Packplatz,PP,0.0000,0.0000,0.0000,29.1000,29.1000
2025-10-23,5230,Springer,Prüfer BS,0.0000,0.0000,0.0000,7.7000,7.7000
2025-10-23,5231,MR1,MR1 Endmaße BS,0.0000,7.7000,0.0000,21.4000,29.1000
2025-10-23,5232,MR7,MR7 Lehren BS,0.0000,7.7000,7.7000,46.2000,61.6000
2025-10-23,5233,MR4,MR4 Lohnmessung BS,0.0000,0.0000,0.0000,7.7000,7.7000
2025-10-23,5234,MR2,MR2 Drehmoment BS,7.7000,0.0000,0.0000,38.5000,46.2000
2025-10-23,5235,MR6,MR6 Messschieber BS,0.0000,0.0000,0.0000,20.4000,20.4000
2025-10-23,5236,MR3,MR3 Messuhren BS,0.0000,7.7000,0.0000,23.1000,30.8000
2025-10-23,5237,MR9,MR9 Elektro BS,0.0000,0.0000,0.0000,15.4000,15.4000
2025-10-23,5238,MR8,MR8 Temperatur BS,0.0000,0.0000,0.0000,7.7000,7.7000
2025-10-23,5239,MR5,MR5 Bügelmesss. BS,0.0000,7.7000,15.4000,23.1000,46.2000
2025-10-23,5240,AV,Arbeitsvorbereit. BS,0.0000,21.4000,0.0000,51.2000,72.6000
2025-10-23,5900,Qualifizierung,Qualifizierung,0.0000,0.0000,0.0000,7.7000,7.7000
2025-10-24,5211,MR11,MR11 Koordinatenm BS,0.0000,0.0000,11.7000,7.7000,19.4000
2025-10-24,5222,WE,WE BS,0.0000,0.0000,15.4000,46.2000,61.6000
2025-10-24,5223,WA,WA BS,0.0000,0.0000,7.7000,7.7000,15.4000
2025-10-24,5225,Packplatz,PP,0.0000,0.0000,0.0000,29.1000,29.1000
2025-10-24,5230,Springer,Prüfer BS,0.0000,0.0000,0.0000,7.7000,7.7000
2025-10-24,5231,MR1,MR1 Endmaße BS,0.0000,7.7000,0.0000,15.4000,23.1000
2025-10-24,5232,MR7,MR7 Lehren BS,0.0000,15.4000,15.4000,30.8000,61.6000
2025-10-24,5233,MR4,MR4 Lohnmessung BS,0.0000,0.0000,0.0000,7.7000,7.7000
2025-10-24,5234,MR2,MR2 Drehmoment BS,0.0000,0.0000,0.0000,38.5000,38.5000
2025-10-24,5235,MR6,MR6 Messschieber BS,7.7000,0.0000,5.0000,15.4000,28.1000
2025-10-24,5236,MR3,MR3 Messuhren BS,0.0000,7.7000,0.0000,23.1000,30.8000
2025-10-24,5237,MR9,MR9 Elektro BS,0.0000,0.0000,0.0000,15.4000,15.4000
2025-10-24,5238,MR8,MR8 Temperatur BS,0.0000,0.0000,0.0000,7.7000,7.7000
2025-10-24,5239,MR5,MR5 Bügelmesss. BS,0.0000,7.7000,15.4000,23.1000,46.2000
2025-10-24,5240,AV,Arbeitsvorbereit. BS,0.0000,13.7000,0.0000,58.9000,72.6000
2025-10-24,5900,Qualifizierung,Qualifizierung,0.0000,0.0000,0.0000,7.7000,7.7000
2025-10-27,5211,MR11,MR11 Koordinatenm BS,0.0000,0.0000,4.0000,15.4000,19.4000
2025-10-27,5222,WE,WE BS,0.0000,0.0000,7.7000,53.9000,61.6000
2025-10-27,5223,WA,WA BS,0.0000,0.0000,0.0000,29.1000,29.1000
2025-10-27,5225,Packplatz,PP,0.0000,0.0000,0.0000,29.1000,29.1000
2025-10-27,5230,Springer,Prüfer BS,0.0000,0.0000,7.7000,0.0000,7.7000
2025-10-27,5231,MR1,MR1 Endmaße BS,0.0000,0.0000,6.0000,23.1000,29.1000
2025-10-27,5232,MR7,MR7 Lehren BS,0.0000,7.7000,7.7000,46.2000,61.6000
2025-10-27,5233,MR4,MR4 Lohnmessung BS,0.0000,0.0000,7.7000,,7.7000
2025-10-27,5234,MR2,MR2 Drehmoment BS,0.0000,0.0000,0.0000,46.2000,46.2000
2025-10-27,5235,MR6,MR6 Messschieber BS,0.0000,0.0000,5.0000,23.1000,28.1000
2025-10-27,5236,MR3,MR3 Messuhren BS,0.0000,0.0000,0.0000,30.8000,30.8000
2025-10-27,5237,MR9,MR9 Elektro BS,0.0000,0.0000,7.7000,7.7000,15.4000
2025-10-27,5238,MR8,MR8 Temperatur BS,0.0000,0.0000,0.0000,7.7000,7.7000
2025-10-27,5239,MR5,MR5 Bügelmesss. BS,0.0000,0.0000,0.0000,38.5000,38.5000
2025-10-27,5240,AV,Arbeitsvorbereit. BS,0.0000,6.0000,7.7000,58.9000,72.6000
2025-10-27,5900,Qualifizierung,Qualifizierung,0.0000,0.0000,0.0000,7.7000,7.7000
2025-10-28,5211,MR11,MR11 Koordinatenm BS,0.0000,0.0000,4.0000,15.4000,19.4000
2025-10-28,5222,WE,WE BS,0.0000,0.0000,7.7000,53.9000,61.6000
2025-10-28,5223,WA,WA BS,0.0000,0.0000,0.0000,21.4000,21.4000
2025-10-28,5225,Packplatz,PP,0.0000,0.0000,0.0000,29.1000,29.1000
2025-10-28,5230,Springer,Prüfer BS,0.0000,0.0000,7.7000,0.0000,7.7000
2025-10-28,5231,MR1,MR1 Endmaße BS,0.0000,0.0000,6.0000,23.1000,29.1000
2025-10-28,5232,MR7,MR7 Lehren BS,0.0000,15.4000,0.0000,46.2000,61.6000
2025-10-28,5233,MR4,MR4 Lohnmessung BS,0.0000,0.0000,7.7000,,7.7000
2025-10-28,5234,MR2,MR2 Drehmoment BS,0.0000,0.0000,0.0000,46.2000,46.2000
2025-10-28,5235,MR6,MR6 Messschieber BS,0.0000,0.0000,5.0000,23.1000,28.1000
2025-10-28,5236,MR3,MR3 Messuhren BS,0.0000,0.0000,0.0000,30.8000,30.8000
2025-10-28,5237,MR9,MR9 Elektro BS,0.0000,0.0000,7.7000,7.7000,15.4000
2025-10-28,5238,MR8,MR8 Temperatur BS,0.0000,0.0000,0.0000,7.7000,7.7000
2025-10-28,5239,MR5,MR5 Bügelmesss. BS,0.0000,0.0000,0.0000,46.2000,46.2000
2025-10-28,5240,AV,Arbeitsvorbereit. BS,0.0000,13.7000,15.4000,43.5000,72.6000
2025-10-28,5900,Qualifizierung,Qualifizierung,0.0000,0.0000,0.0000,7.7000,7.7000
2025-10-29,5211,MR11,MR11 Koordinatenm BS,0.0000,0.0000,4.0000,15.4000,19.4000
2025-10-29,5222,WE,WE BS,0.0000,0.0000,7.7000,53.9000,61.6000
2025-10-29,5223,WA,WA BS,0.0000,7.7000,0.0000,21.4000,29.1000
2025-10-29,5225,Packplatz,PP,0.0000,0.0000,0.0000,29.1000,29.1000
2025-10-29,5230,Springer,Prüfer BS,0.0000,0.0000,7.7000,0.0000,7.7000
2025-10-29,5231,MR1,MR1 Endmaße BS,0.0000,0.0000,6.0000,23.1000,29.1000
2025-10-29,5232,MR7,MR7 Lehren BS,0.0000,15.4000,0.0000,38.5000,53.9000
2025-10-29,5233,MR4,MR4 Lohnmessung BS,0.0000,0.0000,7.7000,,7.7000
2025-10-29,5234,MR2,MR2 Drehmoment BS,0.0000,0.0000,0.0000,46.2000,46.2000
2025-10-29,5235,MR6,MR6 Messschieber BS,0.0000,0.0000,5.0000,23.1000,28.1000
2025-10-29,5236,MR3,MR3 Messuhren BS,0.0000,0.0000,0.0000,30.8000,30.8000
2025-10-29,5237,MR9,MR9 Elektro BS,0.0000,0.0000,7.7000,7.7000,15.4000
2025-10-29,5238,MR8,MR8 Temperatur BS,0.0000,0.0000,0.0000,7.7000,7.7000
2025-10-29,5239,MR5,MR5 Bügelmesss. BS,0.0000,0.0000,0.0000,46.2000,46.2000
2025-10-29,5240,AV,Arbeitsvorbereit. BS,0.0000,13.7000,7.7000,46.2000,67.6000
2025-10-29,5900,Qualifizierung,Qualifizierung,0.0000,0.0000,0.0000,7.7000,7.7000
2025-10-30,5211,MR11,MR11 Koordinatenm BS,0.0000,0.0000,4.0000,15.4000,19.4000
2025-10-30,5222,WE,WE BS,0.0000,0.0000,7.7000,53.9000,61.6000
2025-10-30,5223,WA,WA BS,0.0000,0.0000,0.0000,23.1000,23.1000
2025-10-30,5225,Packplatz,PP,0.0000,0.0000,0.0000,29.1000,29.1000
2025-10-30,5230,Springer,Prüfer BS,0.0000,0.0000,7.7000,0.0000,7.7000
2025-10-30,5231,MR1,MR1 Endmaße BS,0.0000,0.0000,6.0000,23.1000,29.1000
2025-10-30,5232,MR7,MR7 Lehren BS,0.0000,15.4000,7.7000,30.8000,53.9000
2025-10-30,5233,MR4,MR4 Lohnmessung BS,0.0000,0.0000,7.7000,,7.7000
2025-10-30,5234,MR2,MR2 Drehmoment BS,0.0000,0.0000,0.0000,46.2000,46.2000
2025-10-30,5235,MR6,MR6 Messschieber BS,0.0000,0.0000,12.7000,15.4000,28.1000
2025-10-30,5236,MR3,MR3 Messuhren BS,0.0000,0.0000,0.0000,23.1000,23.1000
2025-10-30,5237,MR9,MR9 Elektro BS,0.0000,0.0000,7.7000,7.7000,15.4000
2025-10-30,5238,MR8,MR8 Temperatur BS,0.0000,0.0000,0.0000,7.7000,7.7000
2025-10-30,5239,MR5,MR5 Bügelmesss. BS,0.0000,7.7000,7.7000,30.8000,46.2000
2025-10-30,5240,AV,Arbeitsvorbereit. BS,0.0000,6.0000,7.7000,51.2000,64.9000
2025-10-30,5900,Qualifizierung,Qualifizierung,0.0000,0.0000,0.0000,7.7000,7.7000
2025-11-03,5211,MR11,MR11 Koordinatenm BS,0.0000,0.0000,4.0000,15.4000,19.4000
2025-11-03,5222,WE,WE BS,0.0000,0.0000,7.7000,53.9000,61.6000
2025-11-03,5223,WA,WA BS,0.0000,0.0000,0.0000,29.1000,29.1000
2025-11-03,5225,Packplatz,PP,0.0000,0.0000,6.0000,23.1000,29.1000
2025-11-03,5230,Springer,Prüfer BS,0.0000,0.0000,0.0000,7.7000,7.7000
2025-11-03,5231,MR1,MR1 Endmaße BS,0.0000,0.0000,0.0000,29.1000,29.1000
2025-11-03,5232,MR7,MR7 Lehren BS,0.0000,0.0000,0.0000,61.6000,61.6000
2025-11-03,5233,MR4,MR4 Lohnmessung BS,0.0000,0.0000,0.0000,7.7000,7.7000
2025-11-03,5234,MR2,MR2 Drehmoment BS,0.0000,0.0000,0.0000,46.2000,46.2000
2025-11-03,5235,MR6,MR6 Messschieber BS,0.0000,0.0000,0.0000,20.4000,20.4000
2025-11-03,5236,MR3,MR3 Messuhren BS,0.0000,0.0000,0.0000,23.1000,23.1000
2025-11-03,5237,MR9,MR9 Elektro BS,0.0000,0.0000,0.0000,15.4000,15.4000
2025-11-03,5238,MR8,MR8 Temperatur BS,0.0000,0.0000,7.7000,0.0000,7.7000
2025-11-03,5239,MR5,MR5 Bügelmesss. BS,0.0000,0.0000,7.7000,30.8000,38.5000
2025-11-03,5240,AV,Arbeitsvorbereit. BS,0.0000,6.0000,23.1000,43.5000,72.6000
2025-11-03,5900,Qualifizierung,Qualifizierung,0.0000,0.0000,0.0000,7.7000,7.7000
2025-11-04,5211,MR11,MR11 Koordinatenm BS,0.0000,0.0000,0.0000,19.4000,19.4000
2025-11-04,5222,WE,WE BS,0.0000,0.0000,7.7000,53.9000,61.6000
2025-11-04,5223,WA,WA BS,0.0000,0.0000,0.0000,29.1000,29.1000
2025-11-04,5225,Packplatz,PP,0.0000,0.0000,6.0000,23.1000,29.1000
2025-11-04,5230,Springer,Prüfer BS,0.0000,0.0000,0.0000,7.7000,7.7000
2025-11-04,5231,MR1,MR1 Endmaße BS,0.0000,0.0000,0.0000,29.1000,29.1000
2025-11-04,5232,MR7,MR7 Lehren BS,0.0000,7.7000,0.0000,53.9000,61.6000
2025-11-04,5233,MR4,MR4 Lohnmessung BS,0.0000,0.0000,0.0000,7.7000,7.7000
2025-11-04,5234,MR2,MR2 Drehmoment BS,0.0000,7.7000,0.0000,38.5000,46.2000
2025-11-04,5235,MR6,MR6 Messschieber BS,0.0000,0.0000,0.0000,28.1000,28.1000
2025-11-04,5236,MR3,MR3 Messuhren BS,0.0000,0.0000,7.7000,23.1000,30.8000
2025-11-04,5237,MR9,MR9 Elektro BS,0.0000,0.0000,0.0000,15.4000,15.4000
2025-11-04,5238,MR8,MR8 Temperatur BS,0.0000,0.0000,0.0000,7.7000,7.7000
2025-11-04,5239,MR5,MR5 Bügelmesss. BS,0.0000,0.0000,7.7000,38.5000,46.2000
2025-11-04,5240,AV,Arbeitsvorbereit. BS,0.0000,6.0000,23.1000,43.5000,72.6000
2025-11-04,5900,Qualifizierung,Qualifizierung,0.0000,0.0000,0.0000,7.7000,7.7000
2025-11-05,5211,MR11,MR11 Koordinatenm BS,0.0000,0.0000,0.0000,19.4000,19.4000
2025-11-05,5222,WE,WE BS,0.0000,0.0000,7.7000,53.9000,61.6000
2025-11-05,5223,WA,WA BS,0.0000,0.0000,0.0000,29.1000,29.1000
2025-11-05,5225,Packplatz,PP,0.0000,0.0000,6.0000,23.1000,29.1000
2025-11-05,5230,Springer,Prüfer BS,0.0000,0.0000,0.0000,7.7000,7.7000
2025-11-05,5231,MR1,MR1 Endmaße BS,0.0000,0.0000,0.0000,29.1000,29.1000
2025-11-05,5232,MR7,MR7 Lehren BS,0.0000,7.7000,0.0000,53.9000,61.6000
2025-11-05,5233,MR4,MR4 Lohnmessung BS,0.0000,0.0000,0.0000,7.7000,7.7000
2025-11-05,5234,MR2,MR2 Drehmoment BS,0.0000,7.7000,0.0000,38.5000,46.2000
2025-11-05,5235,MR6,MR6 Messschieber BS,0.0000,0.0000,0.0000,28.1000,28.1000
2025-11-05,5236,MR3,MR3 Messuhren BS,0.0000,0.0000,7.7000,23.1000,30.8000
2025-11-05,5237,MR9,MR9 Elektro BS,0.0000,0.0000,0.0000,15.4000,15.4000
2025-11-05,5238,MR8,MR8 Temperatur BS,0.0000,0.0000,0.0000,7.7000,7.7000
2025-11-05,5239,MR5,MR5 Bügelmesss. BS,0.0000,0.0000,7.7000,38.5000,46.2000
2025-11-05,5240,AV,Arbeitsvorbereit. BS,0.0000,6.0000,23.1000,38.5000,67.6000
2025-11-05,5900,Qualifizierung,Qualifizierung,0.0000,0.0000,0.0000,7.7000,7.7000
2025-11-06,5211,MR11,MR11 Koordinatenm BS,0.0000,0.0000,0.0000,19.4000,19.4000
2025-11-06,5222,WE,WE BS,0.0000,7.7000,7.7000,46.2000,61.6000
2025-11-06,5223,WA,WA BS,0.0000,0.0000,0.0000,23.1000,23.1000
2025-11-06,5225,Packplatz,PP,0.0000,0.0000,0.0000,29.1000,29.1000
2025-11-06,5230,Springer,Prüfer BS,0.0000,0.0000,0.0000,7.7000,7.7000
2025-11-06,5231,MR1,MR1 Endmaße BS,0.0000,0.0000,0.0000,29.1000,29.1000
2025-11-06,5232,MR7,MR7 Lehren BS,0.0000,7.7000,7.7000,46.2000,61.6000
2025-11-06,5233,MR4,MR4 Lohnmessung BS,0.0000,0.0000,0.0000,7.7000,7.7000
2025-11-06,5234,MR2,MR2 Drehmoment BS,0.0000,7.7000,0.0000,38.5000,46.2000
2025-11-06,5235,MR6,MR6 Messschieber BS,0.0000,0.0000,0.0000,28.1000,28.1000
2025-11-06,5236,MR3,MR3 Messuhren BS,0.0000,0.0000,7.7000,23.1000,30.8000
2025-11-06,5237,MR9,MR9 Elektro BS,0.0000,0.0000,0.0000,15.4000,15.4000
2025-11-06,5238,MR8,MR8 Temperatur BS,0.0000,0.0000,0.0000,7.7000,7.7000
2025-11-06,5239,MR5,MR5 Bügelmesss. BS,0.0000,0.0000,15.4000,30.8000,46.2000
2025-11-06,5240,AV,Arbeitsvorbereit. BS,0.0000,6.0000,23.1000,43.5000,72.6000
2025-11-06,5900,Qualifizierung,Qualifizierung,0.0000,0.0000,0.0000,7.7000,7.7000
2025-11-07,5211,MR11,MR11 Koordinatenm BS,0.0000,0.0000,0.0000,19.4000,19.4000
2025-11-07,5222,WE,WE BS,0.0000,7.7000,7.7000,46.2000,61.6000
2025-11-07,5223,WA,WA BS,0.0000,0.0000,0.0000,15.4000,15.4000
2025-11-07,5225,Packplatz,PP,0.0000,0.0000,0.0000,29.1000,29.1000
2025-11-07,5230,Springer,Prüfer BS,0.0000,0.0000,0.0000,7.7000,7.7000
2025-11-07,5231,MR1,MR1 Endmaße BS,0.0000,0.0000,0.0000,29.1000,29.1000
2025-11-07,5232,MR7,MR7 Lehren BS,0.0000,7.7000,7.7000,46.2000,61.6000
2025-11-07,5233,MR4,MR4 Lohnmessung BS,0.0000,0.0000,0.0000,7.7000,7.7000
2025-11-07,5234,MR2,MR2 Drehmoment BS,0.0000,7.7000,0.0000,38.5000,46.2000
2025-11-07,5235,MR6,MR6 Messschieber BS,0.0000,0.0000,0.0000,28.1000,28.1000
2025-11-07,5236,MR3,MR3 Messuhren BS,0.0000,0.0000,0.0000,30.8000,30.8000
2025-11-07,5237,MR9,MR9 Elektro BS,0.0000,0.0000,0.0000,15.4000,15.4000
2025-11-07,5238,MR8,MR8 Temperatur BS,0.0000,0.0000,0.0000,7.7000,7.7000
2025-11-07,5239,MR5,MR5 Bügelmesss. BS,0.0000,0.0000,15.4000,23.1000,38.5000
2025-11-07,5240,AV,Arbeitsvorbereit. BS,0.0000,6.0000,23.1000,43.5000,72.6000
2025-11-07,5900,Qualifizierung,Qualifizierung,0.0000,0.0000,0.0000,7.7000,7.7000
2025-11-10,5211,MR11,MR11 Koordinatenm BS,0.0000,0.0000,0.0000,19.4000,19.4000
2025-11-10,5222,WE,WE BS,0.0000,7.7000,0.0000,53.9000,61.6000
2025-11-10,5223,WA,WA BS,0.0000,0.0000,7.7000,21.4000,29.1000
2025-11-10,5225,Packplatz,PP,0.0000,0.0000,0.0000,29.1000,29.1000
2025-11-10,5230,Springer,Prüfer BS,0.0000,0.0000,0.0000,7.7000,7.7000
2025-11-10,5231,MR1,MR1 Endmaße BS,0.0000,0.0000,0.0000,29.1000,29.1000
2025-11-10,5232,MR7,MR7 Lehren BS,30.8000,0.0000,0.0000,30.8000,61.6000
2025-11-10,5233,MR4,MR4 Lohnmessung BS,0.0000,0.0000,0.0000,7.7000,7.7000
2025-11-10,5234,MR2,MR2 Drehmoment BS,0.0000,0.0000,0.0000,46.2000,46.2000
2025-11-10,5235,MR6,MR6 Messschieber BS,0.0000,0.0000,7.7000,20.4000,28.1000
2025-11-10,5236,MR3,MR3 Messuhren BS,0.0000,0.0000,0.0000,30.8000,30.8000
2025-11-10,5237,MR9,MR9 Elektro BS,7.7000,0.0000,0.0000,7.7000,15.4000
2025-11-10,5238,MR8,MR8 Temperatur BS,0.0000,0.0000,0.0000,7.7000,7.7000
2025-11-10,5239,MR5,MR5 Bügelmesss. BS,0.0000,0.0000,7.7000,30.8000,38.5000
2025-11-10,5240,AV,Arbeitsvorbereit. BS,0.0000,0.0000,15.4000,57.2000,72.6000
2025-11-10,5900,Qualifizierung,Qualifizierung,0.0000,0.0000,0.0000,7.7000,7.7000
2025-11-11,5211,MR11,MR11 Koordinatenm BS,0.0000,0.0000,0.0000,19.4000,19.4000
2025-11-11,5222,WE,WE BS,0.0000,7.7000,7.7000,46.2000,61.6000
2025-11-11,5223,WA,WA BS,0.0000,0.0000,7.7000,21.4000,29.1000
2025-11-11,5225,Packplatz,PP,0.0000,0.0000,0.0000,29.1000,29.1000
2025-11-11,5230,Springer,Prüfer BS,0.0000,0.0000,0.0000,7.7000,7.7000
2025-11-11,5231,MR1,MR1 Endmaße BS,0.0000,0.0000,0.0000,29.1000,29.1000
2025-11-11,5232,MR7,MR7 Lehren BS,0.0000,7.7000,0.0000,53.9000,61.6000
2025-11-11,5233,MR4,MR4 Lohnmessung BS,0.0000,0.0000,0.0000,7.7000,7.7000
2025-11-11,5234,MR2,MR2 Drehmoment BS,0.0000,0.0000,0.0000,46.2000,46.2000
2025-11-11,5235,MR6,MR6 Messschieber BS,0.0000,0.0000,7.7000,20.4000,28.1000
2025-11-11,5236,MR3,MR3 Messuhren BS,0.0000,0.0000,0.0000,30.8000,30.8000
2025-11-11,5237,MR9,MR9 Elektro BS,0.0000,0.0000,0.0000,15.4000,15.4000
2025-11-11,5238,MR8,MR8 Temperatur BS,0.0000,0.0000,0.0000,7.7000,7.7000
2025-11-11,5239,MR5,MR5 Bügelmesss. BS,0.0000,0.0000,0.0000,46.2000,46.2000
2025-11-11,5240,AV,Arbeitsvorbereit. BS,0.0000,7.7000,7.7000,57.2000,72.6000
2025-11-11,5900,Qualifizierung,Qualifizierung,0.0000,0.0000,0.0000,7.7000,7.7000
2025-11-12,5211,MR11,MR11 Koordinatenm BS,0.0000,0.0000,4.0000,15.4000,19.4000
2025-11-12,5222,WE,WE BS,0.0000,7.7000,7.7000,46.2000,61.6000
2025-11-12,5223,WA,WA BS,0.0000,0.0000,7.7000,21.4000,29.1000
2025-11-12,5225,Packplatz,PP,0.0000,0.0000,0.0000,29.1000,29.1000
2025-11-12,5230,Springer,Prüfer BS,0.0000,0.0000,0.0000,7.7000,7.7000
2025-11-12,5231,MR1,MR1 Endmaße BS,0.0000,0.0000,0.0000,29.1000,29.1000
2025-11-12,5232,MR7,MR7 Lehren BS,0.0000,7.7000,0.0000,53.9000,61.6000
2025-11-12,5233,MR4,MR4 Lohnmessung BS,0.0000,0.0000,0.0000,7.7000,7.7000
2025-11-12,5234,MR2,MR2 Drehmoment BS,0.0000,0.0000,0.0000,38.5000,38.5000
2025-11-12,5235,MR6,MR6 Messschieber BS,0.0000,0.0000,7.7000,20.4000,28.1000
2025-11-12,5236,MR3,MR3 Messuhren BS,0.0000,0.0000,7.7000,23.1000,30.8000
2025-11-12,5237,MR9,MR9 Elektro BS,0.0000,0.0000,0.0000,15.4000,15.4000
2025-11-12,5238,MR8,MR8 Temperatur BS,0.0000,0.0000,0.0000,7.7000,7.7000
2025-11-12,5239,MR5,MR5 Bügelmesss. BS,0.0000,0.0000,0.0000,46.2000,46.2000
2025-11-12,5240,AV,Arbeitsvorbereit. BS,0.0000,0.0000,7.7000,59.9000,67.6000
2025-11-12,5900,Qualifizierung,Qualifizierung,0.0000,0.0000,0.0000,15.4000,15.4000
2025-11-13,5211,MR11,MR11 Koordinatenm BS,0.0000,0.0000,0.0000,19.4000,19.4000
2025-11-13,5222,WE,WE BS,0.0000,0.0000,0.0000,61.6000,61.6000
2025-11-13,5223,WA,WA BS,0.0000,0.0000,7.7000,15.4000,23.1000
2025-11-13,5225,Packplatz,PP,0.0000,0.0000,0.0000,29.1000,29.1000
2025-11-13,5230,Springer,Prüfer BS,0.0000,0.0000,0.0000,7.7000,7.7000
2025-11-13,5231,MR1,MR1 Endmaße BS,0.0000,0.0000,0.0000,29.1000,29.1000
2025-11-13,5232,MR7,MR7 Lehren BS,0.0000,7.7000,0.0000,53.9000,61.6000
2025-11-13,5233,MR4,MR4 Lohnmessung BS,0.0000,0.0000,0.0000,7.7000,7.7000
2025-11-13,5234,MR2,MR2 Drehmoment BS,0.0000,0.0000,0.0000,38.5000,38.5000
2025-11-13,5235,MR6,MR6 Messschieber BS,0.0000,0.0000,7.7000,20.4000,28.1000
2025-11-13,5236,MR3,MR3 Messuhren BS,0.0000,7.7000,7.7000,15.4000,30.8000
2025-11-13,5237,MR9,MR9 Elektro BS,0.0000,0.0000,0.0000,15.4000,15.4000
2025-11-13,5238,MR8,MR8 Temperatur BS,0.0000,0.0000,0.0000,7.7000,7.7000
2025-11-13,5239,MR5,MR5 Bügelmesss. BS,0.0000,0.0000,0.0000,46.2000,46.2000
2025-11-13,5240,AV,Arbeitsvorbereit. BS,0.0000,0.0000,7.7000,64.9000,72.6000
2025-11-13,5900,Qualifizierung,Qualifizierung,0.0000,0.0000,0.0000,15.4000,15.4000
2025-11-14,5211,MR11,MR11 Koordinatenm BS,0.0000,0.0000,0.0000,19.4000,19.4000
2025-11-14,5222,WE,WE BS,0.0000,0.0000,7.7000,53.9000,61.6000
2025-11-14,5223,WA,WA BS,0.0000,0.0000,7.7000,7.7000,15.4000
2025-11-14,5225,Packplatz,PP,0.0000,0.0000,0.0000,29.1000,29.1000
2025-11-14,5230,Springer,Prüfer BS,0.0000,0.0000,0.0000,7.7000,7.7000
2025-11-14,5231,MR1,MR1 Endmaße BS,0.0000,0.0000,0.0000,29.1000,29.1000
2025-11-14,5232,MR7,MR7 Lehren BS,0.0000,7.7000,0.0000,53.9000,61.6000
2025-11-14,5233,MR4,MR4 Lohnmessung BS,0.0000,0.0000,0.0000,7.7000,7.7000
2025-11-14,5234,MR2,MR2 Drehmoment BS,0.0000,0.0000,0.0000,38.5000,38.5000
2025-11-14,5235,MR6,MR6 Messschieber BS,0.0000,0.0000,7.7000,20.4000,28.1000
2025-11-14,5236,MR3,MR3 Messuhren BS,0.0000,7.7000,7.7000,15.4000,30.8000
2025-11-14,5237,MR9,MR9 Elektro BS,0.0000,0.0000,0.0000,15.4000,15.4000
2025-11-14,5238,MR8,MR8 Temperatur BS,0.0000,0.0000,0.0000,7.7000,7.7000
2025-11-14,5239,MR5,MR5 Bügelmesss. BS,0.0000,0.0000,0.0000,38.5000,38.5000
2025-11-14,5240,AV,Arbeitsvorbereit. BS,0.0000,0.0000,7.7000,64.9000,72.6000
2025-11-14,5900,Qualifizierung,Qualifizierung,0.0000,0.0000,0.0000,15.4000,15.4000
2025-11-17,5211,MR11,MR11 Koordinatenm BS,0.0000,0.0000,0.0000,19.4000,19.4000
2025-11-17,5222,WE,WE BS,0.0000,7.7000,15.4000,30.8000,53.9000
2025-11-17,5223,WA,WA BS,0.0000,0.0000,7.7000,21.4000,29.1000
2025-11-17,5225,Packplatz,PP,0.0000,6.0000,0.0000,23.1000,29.1000
2025-11-17,5230,Springer,Prüfer BS,0.0000,0.0000,0.0000,7.7000,7.7000
2025-11-17,5231,MR1,MR1 Endmaße BS,0.0000,0.0000,0.0000,29.1000,29.1000
2025-11-17,5232,MR7,MR7 Lehren BS,0.0000,7.7000,0.0000,53.9000,61.6000
2025-11-17,5233,MR4,MR4 Lohnmessung BS,0.0000,0.0000,0.0000,7.7000,7.7000
2025-11-17,5234,MR2,MR2 Drehmoment BS,0.0000,0.0000,7.7000,30.8000,38.5000
2025-11-17,5235,MR6,MR6 Messschieber BS,0.0000,0.0000,0.0000,35.8000,35.8000
2025-11-17,5236,MR3,MR3 Messuhren BS,0.0000,0.0000,7.7000,15.4000,23.1000
2025-11-17,5237,MR9,MR9 Elektro BS,0.0000,7.7000,0.0000,7.7000,15.4000
2025-11-17,5238,MR8,MR8 Temperatur BS,0.0000,0.0000,0.0000,7.7000,7.7000
2025-11-17,5239,MR5,MR5 Bügelmesss. BS,0.0000,0.0000,0.0000,30.8000,30.8000
2025-11-17,5240,AV,Arbeitsvorbereit. BS,0.0000,5.0000,7.7000,59.9000,72.6000
2025-11-17,5900,Qualifizierung,Qualifizierung,0.0000,0.0000,0.0000,15.4000,15.4000
2025-11-18,5211,MR11,MR11 Koordinatenm BS,0.0000,0.0000,0.0000,15.4000,15.4000
2025-11-18,5222,WE,WE BS,0.0000,0.0000,7.7000,53.9000,61.6000
2025-11-18,5223,WA,WA BS,0.0000,0.0000,7.7000,21.4000,29.1000
2025-11-18,5225,Packplatz,PP,0.0000,13.7000,0.0000,15.4000,29.1000
2025-11-18,5230,Springer,Prüfer BS,0.0000,0.0000,0.0000,7.7000,7.7000
2025-11-18,5231,MR1,MR1 Endmaße BS,0.0000,0.0000,0.0000,29.1000,29.1000
2025-11-18,5232,MR7,MR7 Lehren BS,0.0000,7.7000,0.0000,46.2000,53.9000
2025-11-18,5233,MR4,MR4 Lohnmessung BS,0.0000,0.0000,0.0000,7.7000,7.7000
2025-11-18,5234,MR2,MR2 Drehmoment BS,0.0000,0.0000,7.7000,30.8000,38.5000
2025-11-18,5235,MR6,MR6 Messschieber BS,0.0000,0.0000,0.0000,35.8000,35.8000
2025-11-18,5236,MR3,MR3 Messuhren BS,0.0000,0.0000,7.7000,15.4000,23.1000
2025-11-18,5237,MR9,MR9 Elektro BS,0.0000,7.7000,0.0000,7.7000,15.4000
2025-11-18,5238,MR8,MR8 Temperatur BS,0.0000,0.0000,0.0000,7.7000,7.7000
2025-11-18,5239,MR5,MR5 Bügelmesss. BS,0.0000,0.0000,0.0000,38.5000,38.5000
2025-11-18,5240,AV,Arbeitsvorbereit. BS,0.0000,5.0000,7.7000,59.9000,72.6000
2025-11-18,5900,Qualifizierung,Qualifizierung,0.0000,0.0000,0.0000,15.4000,15.4000
2025-11-19,5211,MR11,MR11 Koordinatenm BS,0.0000,0.0000,0.0000,15.4000,15.4000
2025-11-19,5222,WE,WE BS,0.0000,0.0000,7.7000,53.9000,61.6000
2025-11-19,5223,WA,WA BS,0.0000,0.0000,7.7000,21.4000,29.1000
2025-11-19,5225,Packplatz,PP,0.0000,7.7000,0.0000,21.4000,29.1000
2025-11-19,5230,Springer,Prüfer BS,0.0000,0.0000,0.0000,7.7000,7.7000
2025-11-19,5231,MR1,MR1 Endmaße BS,0.0000,0.0000,7.7000,21.4000,29.1000
2025-11-19,5232,MR7,MR7 Lehren BS,0.0000,15.4000,0.0000,46.2000,61.6000
2025-11-19,5233,MR4,MR4 Lohnmessung BS,0.0000,0.0000,0.0000,7.7000,7.7000
2025-11-19,5234,MR2,MR2 Drehmoment BS,0.0000,0.0000,7.7000,30.8000,38.5000
2025-11-19,5235,MR6,MR6 Messschieber BS,0.0000,0.0000,0.0000,35.8000,35.8000
2025-11-19,5236,MR3,MR3 Messuhren BS,0.0000,0.0000,15.4000,7.7000,23.1000
2025-11-19,5237,MR9,MR9 Elektro BS,0.0000,7.7000,0.0000,7.7000,15.4000
2025-11-19,5238,MR8,MR8 Temperatur BS,0.0000,0.0000,0.0000,7.7000,7.7000
2025-11-19,5239,MR5,MR5 Bügelmesss. BS,0.0000,0.0000,0.0000,38.5000,38.5000
2025-11-19,5240,AV,Arbeitsvorbereit. BS,0.0000,0.0000,7.7000,59.9000,67.6000
2025-11-19,5900,Qualifizierung,Qualifizierung,0.0000,0.0000,7.7000,7.7000,15.4000
2025-11-20,5211,MR11,MR11 Koordinatenm BS,0.0000,0.0000,0.0000,19.4000,19.4000
2025-11-20,5222,WE,WE BS,0.0000,0.0000,7.7000,53.9000,61.6000
2025-11-20,5223,WA,WA BS,0.0000,7.7000,7.7000,7.7000,23.1000
2025-11-20,5225,Packplatz,PP,0.0000,7.7000,0.0000,21.4000,29.1000
2025-11-20,5230,Springer,Prüfer BS,0.0000,0.0000,0.0000,7.7000,7.7000
2025-11-20,5231,MR1,MR1 Endmaße BS,0.0000,0.0000,7.7000,13.7000,21.4000
2025-11-20,5232,MR7,MR7 Lehren BS,0.0000,15.4000,0.0000,61.6000,77.0000
2025-11-20,5233,MR4,MR4 Lohnmessung BS,0.0000,0.0000,0.0000,7.7000,7.7000
2025-11-20,5234,MR2,MR2 Drehmoment BS,0.0000,0.0000,7.7000,23.1000,30.8000
2025-11-20,5235,MR6,MR6 Messschieber BS,0.0000,0.0000,0.0000,35.8000,35.8000
2025-11-20,5236,MR3,MR3 Messuhren BS,0.0000,0.0000,15.4000,15.4000,30.8000
2025-11-20,5237,MR9,MR9 Elektro BS,0.0000,7.7000,0.0000,7.7000,15.4000
2025-11-20,5238,MR8,MR8 Temperatur BS,0.0000,0.0000,0.0000,7.7000,7.7000
2025-11-20,5239,MR5,MR5 Bügelmesss. BS,0.0000,0.0000,0.0000,30.8000,30.8000
2025-11-20,5240,AV,Arbeitsvorbereit. BS,0.0000,0.0000,15.4000,57.2000,72.6000
2025-11-20,5900,Qualifizierung,Qualifizierung,0.0000,0.0000,15.4000,0.0000,15.4000
2025-11-21,5211,MR11,MR11 Koordinatenm BS,0.0000,4.0000,0.0000,15.4000,19.4000
2025-11-21,5222,WE,WE BS,0.0000,0.0000,7.7000,53.9000,61.6000
2025-11-21,5223,WA,WA BS,0.0000,0.0000,7.7000,7.7000,15.4000
2025-11-21,5225,Packplatz,PP,0.0000,7.7000,0.0000,21.4000,29.1000
2025-11-21,5230,Springer,Prüfer BS,0.0000,0.0000,0.0000,7.7000,7.7000
2025-11-21,5231,MR1,MR1 Endmaße BS,0.0000,0.0000,7.7000,13.7000,21.4000
2025-11-21,5232,MR7,MR7 Lehren BS,0.0000,15.4000,0.0000,61.6000,77.0000
2025-11-21,5233,MR4,MR4 Lohnmessung BS,0.0000,0.0000,0.0000,7.7000,7.7000
2025-11-21,5234,MR2,MR2 Drehmoment BS,0.0000,0.0000,7.7000,23.1000,30.8000
2025-11-21,5235,MR6,MR6 Messschieber BS,0.0000,5.0000,0.0000,30.8000,35.8000
2025-11-21,5236,MR3,MR3 Messuhren BS,0.0000,0.0000,15.4000,15.4000,30.8000
2025-11-21,5237,MR9,MR9 Elektro BS,0.0000,7.7000,0.0000,7.7000,15.4000
2025-11-21,5238,MR8,MR8 Temperatur BS,0.0000,0.0000,0.0000,7.7000,7.7000
2025-11-21,5239,MR5,MR5 Bügelmesss. BS,0.0000,0.0000,0.0000,30.8000,30.8000
2025-11-21,5240,AV,Arbeitsvorbereit. BS,0.0000,0.0000,15.4000,57.2000,72.6000
2025-11-21,5900,Qualifizierung,Qualifizierung,0.0000,0.0000,15.4000,0.0000,15.4000
2025-11-24,5211,MR11,MR11 Koordinatenm BS,0.0000,0.0000,0.0000,19.4000,19.4000
2025-11-24,5222,WE,WE BS,0.0000,0.0000,0.0000,61.6000,61.6000
2025-11-24,5223,WA,WA BS,0.0000,0.0000,0.0000,21.4000,21.4000
2025-11-24,5225,Packplatz,PP,0.0000,0.0000,0.0000,29.1000,29.1000
2025-11-24,5230,Springer,Prüfer BS,0.0000,0.0000,0.0000,7.7000,7.7000
2025-11-24,5231,MR1,MR1 Endmaße BS,0.0000,0.0000,7.7000,13.7000,21.4000
2025-11-24,5232,MR7,MR7 Lehren BS,0.0000,7.7000,0.0000,61.6000,69.3000
2025-11-24,5233,MR4,MR4 Lohnmessung BS,0.0000,0.0000,0.0000,7.7000,7.7000
2025-11-24,5234,MR2,MR2 Drehmoment BS,7.7000,0.0000,0.0000,15.4000,23.1000
2025-11-24,5235,MR6,MR6 Messschieber BS,0.0000,0.0000,0.0000,35.8000,35.8000
2025-11-24,5236,MR3,MR3 Messuhren BS,0.0000,0.0000,15.4000,15.4000,30.8000
2025-11-24,5237,MR9,MR9 Elektro BS,0.0000,7.7000,0.0000,7.7000,15.4000
2025-11-24,5238,MR8,MR8 Temperatur BS,0.0000,0.0000,0.0000,7.7000,7.7000
2025-11-24,5239,MR5,MR5 Bügelmesss. BS,0.0000,0.0000,0.0000,30.8000,30.8000
2025-11-24,5240,AV,Arbeitsvorbereit. BS,0.0000,0.0000,6.0000,66.6000,72.6000
2025-11-24,5900,Qualifizierung,Qualifizierung,0.0000,0.0000,7.7000,7.7000,15.4000
2025-11-25,5211,MR11,MR11 Koordinatenm BS,0.0000,0.0000,0.0000,19.4000,19.4000
2025-11-25,5222,WE,WE BS,0.0000,0.0000,0.0000,61.6000,61.6000
2025-11-25,5223,WA,WA BS,0.0000,0.0000,0.0000,21.4000,21.4000
2025-11-25,5225,Packplatz,PP,0.0000,0.0000,0.0000,29.1000,29.1000
2025-11-25,5230,Springer,Prüfer BS,0.0000,0.0000,0.0000,7.7000,7.7000
2025-11-25,5231,MR1,MR1 Endmaße BS,0.0000,0.0000,0.0000,21.4000,21.4000
2025-11-25,5232,MR7,MR7 Lehren BS,0.0000,15.4000,0.0000,61.6000,77.0000
2025-11-25,5233,MR4,MR4 Lohnmessung BS,0.0000,0.0000,0.0000,7.7000,7.7000
2025-11-25,5234,MR2,MR2 Drehmoment BS,7.7000,0.0000,0.0000,15.4000,23.1000
2025-11-25,5235,MR6,MR6 Messschieber BS,0.0000,0.0000,0.0000,35.8000,35.8000
2025-11-25,5236,MR3,MR3 Messuhren BS,0.0000,0.0000,7.7000,23.1000,30.8000
2025-11-25,5237,MR9,MR9 Elektro BS,0.0000,7.7000,0.0000,7.7000,15.4000
2025-11-25,5238,MR8,MR8 Temperatur BS,0.0000,0.0000,0.0000,7.7000,7.7000
2025-11-25,5239,MR5,MR5 Bügelmesss. BS,0.0000,0.0000,7.7000,23.1000,30.8000
2025-11-25,5240,AV,Arbeitsvorbereit. BS,0.0000,0.0000,6.0000,66.6000,72.6000
2025-11-25,5900,Qualifizierung,Qualifizierung,0.0000,0.0000,0.0000,15.4000,15.4000
2025-11-26,5211,MR11,MR11 Koordinatenm BS,0.0000,0.0000,0.0000,19.4000,19.4000
2025-11-26,5222,WE,WE BS,0.0000,0.0000,0.0000,61.6000,61.6000
2025-11-26,5223,WA,WA BS,0.0000,0.0000,0.0000,21.4000,21.4000
2025-11-26,5225,Packplatz,PP,0.0000,0.0000,0.0000,29.1000,29.1000
2025-11-26,5230,Springer,Prüfer BS,0.0000,0.0000,0.0000,7.7000,7.7000
2025-11-26,5231,MR1,MR1 Endmaße BS,0.0000,0.0000,0.0000,21.4000,21.4000
2025-11-26,5232,MR7,MR7 Lehren BS,0.0000,15.4000,7.7000,53.9000,77.0000
2025-11-26,5233,MR4,MR4 Lohnmessung BS,0.0000,0.0000,0.0000,7.7000,7.7000
2025-11-26,5234,MR2,MR2 Drehmoment BS,7.7000,0.0000,0.0000,23.1000,30.8000
2025-11-26,5235,MR6,MR6 Messschieber BS,0.0000,0.0000,0.0000,35.8000,35.8000
2025-11-26,5236,MR3,MR3 Messuhren BS,0.0000,0.0000,0.0000,23.1000,23.1000
2025-11-26,5237,MR9,MR9 Elektro BS,0.0000,7.7000,0.0000,7.7000,15.4000
2025-11-26,5238,MR8,MR8 Temperatur BS,0.0000,0.0000,0.0000,7.7000,7.7000
2025-11-26,5239,MR5,MR5 Bügelmesss. BS,0.0000,0.0000,0.0000,30.8000,30.8000
2025-11-26,5240,AV,Arbeitsvorbereit. BS,0.0000,0.0000,0.0000,59.9000,59.9000
2025-11-26,5900,Qualifizierung,Qualifizierung,0.0000,0.0000,0.0000,15.4000,15.4000
2025-11-27,5211,MR11,MR11 Koordinatenm BS,0.0000,0.0000,0.0000,19.4000,19.4000
2025-11-27,5222,WE,WE BS,0.0000,0.0000,0.0000,61.6000,61.6000
2025-11-27,5223,WA,WA BS,0.0000,0.0000,0.0000,15.4000,15.4000
2025-11-27,5225,Packplatz,PP,0.0000,0.0000,0.0000,29.1000,29.1000
2025-11-27,5230,Springer,Prüfer BS,0.0000,0.0000,7.7000,0.0000,7.7000
2025-11-27,5231,MR1,MR1 Endmaße BS,0.0000,0.0000,0.0000,21.4000,21.4000
2025-11-27,5232,MR7,MR7 Lehren BS,0.0000,15.4000,7.7000,53.9000,77.0000
2025-11-27,5233,MR4,MR4 Lohnmessung BS,0.0000,0.0000,0.0000,7.7000,7.7000
2025-11-27,5234,MR2,MR2 Drehmoment BS,0.0000,0.0000,0.0000,30.8000,30.8000
2025-11-27,5235,MR6,MR6 Messschieber BS,0.0000,0.0000,0.0000,35.8000,35.8000
2025-11-27,5236,MR3,MR3 Messuhren BS,0.0000,0.0000,0.0000,23.1000,23.1000
2025-11-27,5237,MR9,MR9 Elektro BS,0.0000,7.7000,0.0000,7.7000,15.4000
2025-11-27,5238,MR8,MR8 Temperatur BS,0.0000,0.0000,0.0000,7.7000,7.7000
2025-11-27,5239,MR5,MR5 Bügelmesss. BS,0.0000,0.0000,0.0000,30.8000,30.8000
2025-11-27,5240,AV,Arbeitsvorbereit. BS,0.0000,0.0000,0.0000,72.6000,72.6000
2025-11-27,5900,Qualifizierung,Qualifizierung,0.0000,0.0000,0.0000,15.4000,15.4000
2025-11-28,5211,MR11,MR11 Koordinatenm BS,0.0000,0.0000,0.0000,19.4000,19.4000
2025-11-28,5222,WE,WE BS,0.0000,0.0000,0.0000,61.6000,61.6000
2025-11-28,5223,WA,WA BS,0.0000,0.0000,0.0000,7.7000,7.7000
2025-11-28,5225,Packplatz,PP,0.0000,0.0000,0.0000,29.1000,29.1000
2025-11-28,5230,Springer,Prüfer BS,0.0000,0.0000,7.7000,0.0000,7.7000
2025-11-28,5231,MR1,MR1 Endmaße BS,0.0000,0.0000,0.0000,21.4000,21.4000
2025-11-28,5232,MR7,MR7 Lehren BS,0.0000,15.4000,23.1000,38.5000,77.0000
2025-11-28,5233,MR4,MR4 Lohnmessung BS,0.0000,0.0000,0.0000,7.7000,7.7000
2025-11-28,5234,MR2,MR2 Drehmoment BS,0.0000,0.0000,0.0000,38.5000,38.5000
2025-11-28,5235,MR6,MR6 Messschieber BS,0.0000,0.0000,7.7000,28.1000,35.8000
2025-11-28,5236,MR3,MR3 Messuhren BS,0.0000,0.0000,0.0000,23.1000,23.1000
2025-11-28,5237,MR9,MR9 Elektro BS,0.0000,7.7000,0.0000,7.7000,15.4000
2025-11-28,5238,MR8,MR8 Temperatur BS,0.0000,0.0000,0.0000,0.0000,0.0000
2025-11-28,5239,MR5,MR5 Bügelmesss. BS,0.0000,0.0000,0.0000,30.8000,30.8000
2025-11-28,5240,AV,Arbeitsvorbereit. BS,0.0000,0.0000,0.0000,72.6000,72.6000
2025-11-28,5900,Qualifizierung,Qualifizierung,0.0000,0.0000,0.0000,15.4000,15.4000
2025-12-01,5211,MR11,MR11 Koordinatenm BS,0.0000,7.7000,0.0000,11.7000,19.4000
2025-12-01,5222,WE,WE BS,0.0000,0.0000,0.0000,61.6000,61.6000
2025-12-01,5223,WA,WA BS,0.0000,0.0000,0.0000,23.1000,23.1000
2025-12-01,5225,Packplatz,PP,0.0000,0.0000,0.0000,29.1000,29.1000
2025-12-01,5230,Springer,Prüfer BS,0.0000,0.0000,0.0000,7.7000,7.7000
2025-12-01,5231,MR1,MR1 Endmaße BS,0.0000,0.0000,7.7000,13.7000,21.4000
2025-12-01,5232,MR7,MR7 Lehren BS,0.0000,15.4000,15.4000,38.5000,69.3000
2025-12-01,5233,MR4,MR4 Lohnmessung BS,0.0000,0.0000,0.0000,7.7000,7.7000
2025-12-01,5234,MR2,MR2 Drehmoment BS,15.4000,0.0000,0.0000,23.1000,38.5000
2025-12-01,5235,MR6,MR6 Messschieber BS,0.0000,0.0000,0.0000,35.8000,35.8000
2025-12-01,5236,MR3,MR3 Messuhren BS,0.0000,0.0000,0.0000,23.1000,23.1000
2025-12-01,5237,MR9,MR9 Elektro BS,0.0000,7.7000,0.0000,7.7000,15.4000
2025-12-01,5238,MR8,MR8 Temperatur BS,0.0000,0.0000,0.0000,7.7000,7.7000
2025-12-01,5239,MR5,MR5 Bügelmesss. BS,0.0000,0.0000,0.0000,38.5000,38.5000
2025-12-01,5240,AV,Arbeitsvorbereit. BS,0.0000,0.0000,0.0000,67.6000,67.6000
2025-12-01,5900,Qualifizierung,Qualifizierung,0.0000,0.0000,0.0000,15.4000,15.4000
2025-12-02,5211,MR11,MR11 Koordinatenm BS,0.0000,7.7000,0.0000,11.7000,19.4000
2025-12-02,5222,WE,WE BS,0.0000,0.0000,0.0000,61.6000,61.6000
2025-12-02,5223,WA,WA BS,0.0000,0.0000,0.0000,23.1000,23.1000
2025-12-02,5225,Packplatz,PP,0.0000,0.0000,0.0000,29.1000,29.1000
2025-12-02,5230,Springer,Prüfer BS,0.0000,0.0000,0.0000,7.7000,7.7000
2025-12-02,5231,MR1,MR1 Endmaße BS,0.0000,0.0000,7.7000,13.7000,21.4000
2025-12-02,5232,MR7,MR7 Lehren BS,0.0000,15.4000,15.4000,46.2000,77.0000
2025-12-02,5233,MR4,MR4 Lohnmessung BS,0.0000,0.0000,0.0000,7.7000,7.7000
2025-12-02,5234,MR2,MR2 Drehmoment BS,15.4000,0.0000,0.0000,23.1000,38.5000
2025-12-02,5235,MR6,MR6 Messschieber BS,0.0000,0.0000,0.0000,35.8000,35.8000
2025-12-02,5236,MR3,MR3 Messuhren BS,0.0000,0.0000,0.0000,23.1000,23.1000
2025-12-02,5237,MR9,MR9 Elektro BS,0.0000,7.7000,0.0000,7.7000,15.4000
2025-12-02,5238,MR8,MR8 Temperatur BS,0.0000,0.0000,0.0000,7.7000,7.7000
2025-12-02,5239,MR5,MR5 Bügelmesss. BS,0.0000,0.0000,0.0000,38.5000,38.5000
2025-12-02,5240,AV,Arbeitsvorbereit. BS,0.0000,7.7000,0.0000,64.9000,72.6000
2025-12-02,5900,Qualifizierung,Qualifizierung,0.0000,0.0000,0.0000,15.4000,15.4000
2025-12-03,5211,MR11,MR11 Koordinatenm BS,0.0000,0.0000,0.0000,19.4000,19.4000
2025-12-03,5222,WE,WE BS,0.0000,0.0000,0.0000,61.6000,61.6000
2025-12-03,5223,WA,WA BS,0.0000,0.0000,0.0000,23.1000,23.1000
2025-12-03,5225,Packplatz,PP,0.0000,7.7000,0.0000,21.4000,29.1000
2025-12-03,5230,Springer,Prüfer BS,0.0000,0.0000,0.0000,7.7000,7.7000
2025-12-03,5231,MR1,MR1 Endmaße BS,0.0000,0.0000,0.0000,21.4000,21.4000
2025-12-03,5232,MR7,MR7 Lehren BS,0.0000,15.4000,0.0000,53.9000,69.3000
2025-12-03,5233,MR4,MR4 Lohnmessung BS,0.0000,0.0000,0.0000,7.7000,7.7000
2025-12-03,5234,MR2,MR2 Drehmoment BS,15.4000,0.0000,0.0000,23.1000,38.5000
2025-12-03,5235,MR6,MR6 Messschieber BS,0.0000,0.0000,0.0000,35.8000,35.8000
2025-12-03,5236,MR3,MR3 Messuhren BS,0.0000,0.0000,0.0000,23.1000,23.1000
2025-12-03,5237,MR9,MR9 Elektro BS,0.0000,7.7000,0.0000,7.7000,15.4000
2025-12-03,5238,MR8,MR8 Temperatur BS,0.0000,0.0000,0.0000,7.7000,7.7000
2025-12-03,5239,MR5,MR5 Bügelmesss. BS,0.0000,0.0000,0.0000,30.8000,30.8000
2025-12-03,5240,AV,Arbeitsvorbereit. BS,0.0000,7.7000,0.0000,59.9000,67.6000
2025-12-03,5900,Qualifizierung,Qualifizierung,0.0000,0.0000,0.0000,15.4000,15.4000
2025-12-04,5211,MR11,MR11 Koordinatenm BS,0.0000,0.0000,7.7000,11.7000,19.4000
2025-12-04,5222,WE,WE BS,7.7000,0.0000,0.0000,53.9000,61.6000
2025-12-04,5223,WA,WA BS,0.0000,0.0000,0.0000,23.1000,23.1000
2025-12-04,5225,Packplatz,PP,0.0000,7.7000,0.0000,21.4000,29.1000
2025-12-04,5230,Springer,Prüfer BS,0.0000,0.0000,0.0000,7.7000,7.7000
2025-12-04,5231,MR1,MR1 Endmaße BS,0.0000,0.0000,0.0000,21.4000,21.4000
2025-12-04,5232,MR7,MR7 Lehren BS,0.0000,23.1000,0.0000,46.2000,69.3000
2025-12-04,5233,MR4,MR4 Lohnmessung BS,0.0000,0.0000,0.0000,7.7000,7.7000
2025-12-04,5234,MR2,MR2 Drehmoment BS,7.7000,0.0000,0.0000,30.8000,38.5000
2025-12-04,5235,MR6,MR6 Messschieber BS,0.0000,0.0000,0.0000,35.8000,35.8000
2025-12-04,5236,MR3,MR3 Messuhren BS,0.0000,7.7000,0.0000,15.4000,23.1000
2025-12-04,5237,MR9,MR9 Elektro BS,0.0000,7.7000,0.0000,7.7000,15.4000
2025-12-04,5238,MR8,MR8 Temperatur BS,0.0000,0.0000,0.0000,7.7000,7.7000
2025-12-04,5239,MR5,MR5 Bügelmesss. BS,0.0000,0.0000,0.0000,38.5000,38.5000
2025-12-04,5240,AV,Arbeitsvorbereit. BS,0.0000,7.7000,6.0000,58.9000,72.6000
2025-12-04,5900,Qualifizierung,Qualifizierung,0.0000,0.0000,0.0000,15.4000,15.4000
2025-12-05,5211,MR11,MR11 Koordinatenm BS,0.0000,0.0000,0.0000,19.4000,19.4000
2025-12-05,5222,WE,WE BS,7.7000,0.0000,7.7000,46.2000,61.6000
2025-12-05,5223,WA,WA BS,0.0000,0.0000,0.0000,15.4000,15.4000
2025-12-05,5225,Packplatz,PP,0.0000,7.7000,0.0000,21.4000,29.1000
2025-12-05,5230,Springer,Prüfer BS,0.0000,0.0000,0.0000,7.7000,7.7000
2025-12-05,5231,MR1,MR1 Endmaße BS,0.0000,0.0000,0.0000,21.4000,21.4000
2025-12-05,5232,MR7,MR7 Lehren BS,0.0000,15.4000,0.0000,61.6000,77.0000
2025-12-05,5233,MR4,MR4 Lohnmessung BS,0.0000,0.0000,0.0000,7.7000,7.7000
2025-12-05,5234,MR2,MR2 Drehmoment BS,7.7000,0.0000,0.0000,30.8000,38.5000
2025-12-05,5235,MR6,MR6 Messschieber BS,0.0000,0.0000,0.0000,35.8000,35.8000
2025-12-05,5236,MR3,MR3 Messuhren BS,0.0000,7.7000,0.0000,15.4000,23.1000
2025-12-05,5237,MR9,MR9 Elektro BS,0.0000,7.7000,7.7000,0.0000,15.4000
2025-12-05,5238,MR8,MR8 Temperatur BS,0.0000,0.0000,0.0000,7.7000,7.7000
2025-12-05,5239,MR5,MR5 Bügelmesss. BS,0.0000,0.0000,0.0000,30.8000,30.8000
2025-12-05,5240,AV,Arbeitsvorbereit. BS,0.0000,7.7000,6.0000,58.9000,72.6000
2025-12-05,5900,Qualifizierung,Qualifizierung,0.0000,0.0000,0.0000,15.4000,15.4000
2025-12-08,5211,MR11,MR11 Koordinatenm BS,0.0000,0.0000,7.7000,7.7000,15.4000
2025-12-08,5222,WE,WE BS,0.0000,0.0000,7.7000,53.9000,61.6000
2025-12-08,5223,WA,WA BS,0.0000,0.0000,0.0000,23.1000,23.1000
2025-12-08,5225,Packplatz,PP,0.0000,7.7000,0.0000,21.4000,29.1000
2025-12-08,5230,Springer,Prüfer BS,0.0000,0.0000,7.7000,0.0000,7.7000
2025-12-08,5231,MR1,MR1 Endmaße BS,0.0000,0.0000,0.0000,21.4000,21.4000
2025-12-08,5232,MR7,MR7 Lehren BS,0.0000,7.7000,0.0000,53.9000,61.6000
2025-12-08,5233,MR4,MR4 Lohnmessung BS,0.0000,0.0000,0.0000,7.7000,7.7000
2025-12-08,5234,MR2,MR2 Drehmoment BS,0.0000,7.7000,0.0000,30.8000,38.5000
2025-12-08,5235,MR6,MR6 Messschieber BS,0.0000,0.0000,0.0000,35.8000,35.8000
2025-12-08,5236,MR3,MR3 Messuhren BS,0.0000,0.0000,0.0000,30.8000,30.8000
2025-12-08,5237,MR9,MR9 Elektro BS,0.0000,0.0000,0.0000,15.4000,15.4000
2025-12-08,5238,MR8,MR8 Temperatur BS,0.0000,0.0000,0.0000,7.7000,7.7000
2025-12-08,5239,MR5,MR5 Bügelmesss. BS,0.0000,0.0000,0.0000,38.5000,38.5000
2025-12-08,5240,AV,Arbeitsvorbereit. BS,0.0000,0.0000,6.0000,66.6000,72.6000
2025-12-08,5900,Qualifizierung,Qualifizierung,0.0000,0.0000,0.0000,15.4000,15.4000
2025-12-09,5211,MR11,MR11 Koordinatenm BS,15.4000,0.0000,0.0000,4.0000,19.4000
2025-12-09,5222,WE,WE BS,23.1000,0.0000,0.0000,38.5000,61.6000
2025-12-09,5223,WA,WA BS,7.7000,0.0000,0.0000,15.4000,23.1000
2025-12-09,5225,Packplatz,PP,0.0000,7.7000,0.0000,21.4000,29.1000
2025-12-09,5230,Springer,Prüfer BS,0.0000,0.0000,0.0000,0.0000,0.0000
2025-12-09,5231,MR1,MR1 Endmaße BS,7.7000,0.0000,0.0000,13.7000,21.4000
2025-12-09,5232,MR7,MR7 Lehren BS,0.0000,7.7000,0.0000,46.2000,53.9000
2025-12-09,5233,MR4,MR4 Lohnmessung BS,0.0000,0.0000,0.0000,7.7000,7.7000
2025-12-09,5234,MR2,MR2 Drehmoment BS,0.0000,7.7000,0.0000,30.8000,38.5000
2025-12-09,5235,MR6,MR6 Messschieber BS,20.4000,0.0000,0.0000,15.4000,35.8000
2025-12-09,5236,MR3,MR3 Messuhren BS,7.7000,0.0000,0.0000,23.1000,30.8000
2025-12-09,5237,MR9,MR9 Elektro BS,0.0000,0.0000,0.0000,15.4000,15.4000
2025-12-09,5238,MR8,MR8 Temperatur BS,0.0000,0.0000,0.0000,7.7000,7.7000
2025-12-09,5239,MR5,MR5 Bügelmesss. BS,0.0000,0.0000,0.0000,38.5000,38.5000
2025-12-09,5240,AV,Arbeitsvorbereit. BS,7.7000,15.4000,0.0000,49.5000,72.6000
2025-12-09,5900,Qualifizierung,Qualifizierung,0.0000,0.0000,0.0000,15.4000,15.4000
2025-12-10,5211,MR11,MR11 Koordinatenm BS,0.0000,0.0000,0.0000,19.4000,19.4000
2025-12-10,5222,WE,WE BS,0.0000,0.0000,0.0000,53.9000,53.9000
2025-12-10,5223,WA,WA BS,0.0000,0.0000,0.0000,23.1000,23.1000
2025-12-10,5225,Packplatz,PP,0.0000,15.4000,0.0000,13.7000,29.1000
2025-12-10,5230,Springer,Prüfer BS,0.0000,0.0000,7.7000,0.0000,7.7000
2025-12-10,5231,MR1,MR1 Endmaße BS,0.0000,0.0000,0.0000,21.4000,21.4000
2025-12-10,5232,MR7,MR7 Lehren BS,0.0000,7.7000,0.0000,46.2000,53.9000
2025-12-10,5233,MR4,MR4 Lohnmessung BS,0.0000,0.0000,0.0000,7.7000,7.7000
2025-12-10,5234,MR2,MR2 Drehmoment BS,0.0000,0.0000,0.0000,38.5000,38.5000
2025-12-10,5235,MR6,MR6 Messschieber BS,0.0000,0.0000,0.0000,35.8000,35.8000
2025-12-10,5236,MR3,MR3 Messuhren BS,0.0000,0.0000,0.0000,30.8000,30.8000
2025-12-10,5237,MR9,MR9 Elektro BS,0.0000,0.0000,0.0000,15.4000,15.4000
2025-12-10,5238,MR8,MR8 Temperatur BS,0.0000,0.0000,0.0000,7.7000,7.7000
2025-12-10,5239,MR5,MR5 Bügelmesss. BS,0.0000,0.0000,0.0000,38.5000,38.5000
2025-12-10,5240,AV,Arbeitsvorbereit. BS,0.0000,23.1000,0.0000,44.5000,67.6000
2025-12-10,5900,Qualifizierung,Qualifizierung,0.0000,0.0000,0.0000,15.4000,15.4000
2025-12-11,5211,MR11,MR11 Koordinatenm BS,0.0000,0.0000,0.0000,19.4000,19.4000
2025-12-11,5222,WE,WE BS,0.0000,0.0000,0.0000,61.6000,61.6000
2025-12-11,5223,WA,WA BS,0.0000,0.0000,0.0000,23.1000,23.1000
2025-12-11,5225,Packplatz,PP,0.0000,0.0000,0.0000,29.1000,29.1000
2025-12-11,5230,Springer,Prüfer BS,0.0000,0.0000,7.7000,0.0000,7.7000
2025-12-11,5231,MR1,MR1 Endmaße BS,0.0000,0.0000,0.0000,21.4000,21.4000
2025-12-11,5232,MR7,MR7 Lehren BS,0.0000,7.7000,0.0000,53.9000,61.6000
2025-12-11,5233,MR4,MR4 Lohnmessung BS,0.0000,0.0000,0.0000,7.7000,7.7000
2025-12-11,5234,MR2,MR2 Drehmoment BS,0.0000,0.0000,0.0000,38.5000,38.5000
2025-12-11,5235,MR6,MR6 Messschieber BS,0.0000,0.0000,0.0000,35.8000,35.8000
2025-12-11,5236,MR3,MR3 Messuhren BS,0.0000,0.0000,0.0000,30.8000,30.8000
2025-12-11,5237,MR9,MR9 Elektro BS,0.0000,0.0000,0.0000,15.4000,15.4000
2025-12-11,5238,MR8,MR8 Temperatur BS,0.0000,0.0000,0.0000,7.7000,7.7000
2025-12-11,5239,MR5,MR5 Bügelmesss. BS,0.0000,0.0000,0.0000,38.5000,38.5000
2025-12-11,5240,AV,Arbeitsvorbereit. BS,0.0000,7.7000,0.0000,64.9000,72.6000
2025-12-11,5900,Qualifizierung,Qualifizierung,0.0000,0.0000,0.0000,15.4000,15.4000
2025-12-12,5211,MR11,MR11 Koordinatenm BS,0.0000,0.0000,0.0000,19.4000,19.4000
2025-12-12,5222,WE,WE BS,0.0000,0.0000,0.0000,61.6000,61.6000
2025-12-12,5223,WA,WA BS,0.0000,0.0000,0.0000,15.4000,15.4000
2025-12-12,5225,Packplatz,PP,0.0000,0.0000,0.0000,29.1000,29.1000
2025-12-12,5230,Springer,Prüfer BS,0.0000,0.0000,7.7000,0.0000,7.7000
2025-12-12,5231,MR1,MR1 Endmaße BS,0.0000,0.0000,0.0000,21.4000,21.4000
2025-12-12,5232,MR7,MR7 Lehren BS,0.0000,7.7000,0.0000,53.9000,61.6000
2025-12-12,5233,MR4,MR4 Lohnmessung BS,0.0000,0.0000,0.0000,7.7000,7.7000
2025-12-12,5234,MR2,MR2 Drehmoment BS,0.0000,7.7000,0.0000,30.8000,38.5000
2025-12-12,5235,MR6,MR6 Messschieber BS,0.0000,0.0000,7.7000,28.1000,35.8000
2025-12-12,5236,MR3,MR3 Messuhren BS,0.0000,7.7000,7.7000,15.4000,30.8000
2025-12-12,5237,MR9,MR9 Elektro BS,0.0000,0.0000,0.0000,15.4000,15.4000
2025-12-12,5238,MR8,MR8 Temperatur BS,0.0000,0.0000,0.0000,7.7000,7.7000
2025-12-12,5239,MR5,MR5 Bügelmesss. BS,0.0000,0.0000,7.7000,23.1000,30.8000
2025-12-12,5240,AV,Arbeitsvorbereit. BS,0.0000,7.7000,0.0000,64.9000,72.6000
2025-12-12,5900,Qualifizierung,Qualifizierung,0.0000,0.0000,0.0000,15.4000,15.4000
2025-12-15,5211,MR11,MR11 Koordinatenm BS,0.0000,0.0000,0.0000,15.4000,15.4000
2025-12-15,5222,WE,WE BS,0.0000,7.7000,0.0000,53.9000,61.6000
2025-12-15,5223,WA,WA BS,0.0000,7.7000,0.0000,15.4000,23.1000
2025-12-15,5225,Packplatz,PP,0.0000,0.0000,0.0000,29.1000,29.1000
2025-12-15,5230,Springer,Prüfer BS,0.0000,0.0000,0.0000,7.7000,7.7000
2025-12-15,5231,MR1,MR1 Endmaße BS,0.0000,0.0000,0.0000,21.4000,21.4000
2025-12-15,5232,MR7,MR7 Lehren BS,0.0000,15.4000,0.0000,46.2000,61.6000
2025-12-15,5233,MR4,MR4 Lohnmessung BS,0.0000,0.0000,0.0000,7.7000,7.7000
2025-12-15,5234,MR2,MR2 Drehmoment BS,7.7000,0.0000,0.0000,30.8000,38.5000
2025-12-15,5235,MR6,MR6 Messschieber BS,0.0000,0.0000,7.7000,28.1000,35.8000
2025-12-15,5236,MR3,MR3 Messuhren BS,0.0000,0.0000,0.0000,23.1000,23.1000
2025-12-15,5237,MR9,MR9 Elektro BS,0.0000,0.0000,0.0000,15.4000,15.4000
2025-12-15,5238,MR8,MR8 Temperatur BS,0.0000,0.0000,0.0000,7.7000,7.7000
2025-12-15,5239,MR5,MR5 Bügelmesss. BS,0.0000,0.0000,15.4000,23.1000,38.5000
2025-12-15,5240,AV,Arbeitsvorbereit. BS,0.0000,0.0000,0.0000,64.9000,64.9000
2025-12-15,5900,Qualifizierung,Qualifizierung,0.0000,0.0000,0.0000,15.4000,15.4000
2025-12-16,5211,MR11,MR11 Koordinatenm BS,0.0000,0.0000,0.0000,19.4000,19.4000
2025-12-16,5222,WE,WE BS,0.0000,0.0000,0.0000,61.6000,61.6000
2025-12-16,5223,WA,WA BS,0.0000,7.7000,0.0000,15.4000,23.1000
2025-12-16,5225,Packplatz,PP,0.0000,0.0000,0.0000,29.1000,29.1000
2025-12-16,5230,Springer,Prüfer BS,0.0000,0.0000,0.0000,7.7000,7.7000
2025-12-16,5231,MR1,MR1 Endmaße BS,0.0000,0.0000,0.0000,21.4000,21.4000
2025-12-16,5232,MR7,MR7 Lehren BS,0.0000,15.4000,0.0000,53.9000,69.3000
2025-12-16,5233,MR4,MR4 Lohnmessung BS,0.0000,0.0000,0.0000,7.7000,7.7000
2025-12-16,5234,MR2,MR2 Drehmoment BS,7.7000,0.0000,0.0000,30.8000,38.5000
2025-12-16,5235,MR6,MR6 Messschieber BS,0.0000,0.0000,0.0000,35.8000,35.8000
2025-12-16,5236,MR3,MR3 Messuhren BS,0.0000,0.0000,0.0000,23.1000,23.1000
2025-12-16,5237,MR9,MR9 Elektro BS,0.0000,0.0000,0.0000,15.4000,15.4000
2025-12-16,5238,MR8,MR8 Temperatur BS,0.0000,0.0000,0.0000,7.7000,7.7000
2025-12-16,5239,MR5,MR5 Bügelmesss. BS,0.0000,0.0000,7.7000,30.8000,38.5000
2025-12-16,5240,AV,Arbeitsvorbereit. BS,0.0000,6.0000,0.0000,58.9000,64.9000
2025-12-16,5900,Qualifizierung,Qualifizierung,0.0000,0.0000,0.0000,15.4000,15.4000
2025-12-17,5211,MR11,MR11 Koordinatenm BS,0.0000,0.0000,0.0000,15.4000,15.4000
2025-12-17,5222,WE,WE BS,0.0000,0.0000,0.0000,61.6000,61.6000
2025-12-17,5223,WA,WA BS,0.0000,7.7000,0.0000,15.4000,23.1000
2025-12-17,5225,Packplatz,PP,0.0000,0.0000,0.0000,29.1000,29.1000
2025-12-17,5230,Springer,Prüfer BS,0.0000,0.0000,0.0000,7.7000,7.7000
2025-12-17,5231,MR1,MR1 Endmaße BS,0.0000,0.0000,0.0000,21.4000,21.4000
2025-12-17,5232,MR7,MR7 Lehren BS,0.0000,15.4000,7.7000,46.2000,69.3000
2025-12-17,5233,MR4,MR4 Lohnmessung BS,0.0000,0.0000,0.0000,7.7000,7.7000
2025-12-17,5234,MR2,MR2 Drehmoment BS,7.7000,0.0000,0.0000,30.8000,38.5000
2025-12-17,5235,MR6,MR6 Messschieber BS,0.0000,0.0000,0.0000,35.8000,35.8000
2025-12-17,5236,MR3,MR3 Messuhren BS,0.0000,0.0000,0.0000,15.4000,15.4000
2025-12-17,5237,MR9,MR9 Elektro BS,0.0000,0.0000,7.7000,7.7000,15.4000
2025-12-17,5238,MR8,MR8 Temperatur BS,0.0000,0.0000,0.0000,7.7000,7.7000
2025-12-17,5239,MR5,MR5 Bügelmesss. BS,0.0000,0.0000,7.7000,30.8000,38.5000
2025-12-17,5240,AV,Arbeitsvorbereit. BS,0.0000,6.0000,7.7000,53.9000,67.6000
2025-12-17,5900,Qualifizierung,Qualifizierung,0.0000,0.0000,0.0000,15.4000,15.4000
2025-12-18,5211,MR11,MR11 Koordinatenm BS,0.0000,0.0000,0.0000,15.4000,15.4000
2025-12-18,5222,WE,WE BS,0.0000,0.0000,0.0000,61.6000,61.6000
2025-12-18,5223,WA,WA BS,0.0000,7.7000,0.0000,15.4000,23.1000
2025-12-18,5225,Packplatz,PP,0.0000,0.0000,0.0000,29.1000,29.1000
2025-12-18,5230,Springer,Prüfer BS,0.0000,0.0000,0.0000,7.7000,7.7000
2025-12-18,5231,MR1,MR1 Endmaße BS,0.0000,0.0000,0.0000,21.4000,21.4000
2025-12-18,5232,MR7,MR7 Lehren BS,0.0000,15.4000,23.1000,30.8000,69.3000
2025-12-18,5233,MR4,MR4 Lohnmessung BS,0.0000,0.0000,0.0000,7.7000,7.7000
2025-12-18,5234,MR2,MR2 Drehmoment BS,7.7000,0.0000,0.0000,23.1000,30.8000
2025-12-18,5235,MR6,MR6 Messschieber BS,0.0000,0.0000,7.7000,28.1000,35.8000
2025-12-18,5236,MR3,MR3 Messuhren BS,0.0000,0.0000,7.7000,23.1000,30.8000
2025-12-18,5237,MR9,MR9 Elektro BS,0.0000,0.0000,7.7000,7.7000,15.4000
2025-12-18,5238,MR8,MR8 Temperatur BS,0.0000,0.0000,7.7000,,7.7000
2025-12-18,5239,MR5,MR5 Bügelmesss. BS,0.0000,0.0000,7.7000,30.8000,38.5000
2025-12-18,5240,AV,Arbeitsvorbereit. BS,0.0000,6.0000,7.7000,58.9000,72.6000
2025-12-18,5900,Qualifizierung,Qualifizierung,0.0000,0.0000,0.0000,15.4000,15.4000
2025-12-19,5211,MR11,MR11 Koordinatenm BS,0.0000,0.0000,0.0000,15.4000,15.4000
2025-12-19,5222,WE,WE BS,0.0000,0.0000,0.0000,61.6000,61.6000
2025-12-19,5223,WA,WA BS,0.0000,0.0000,0.0000,15.4000,15.4000
2025-12-19,5225,Packplatz,PP,0.0000,0.0000,0.0000,29.1000,29.1000
2025-12-19,5230,Springer,Prüfer BS,0.0000,0.0000,0.0000,7.7000,7.7000
2025-12-19,5231,MR1,MR1 Endmaße BS,0.0000,0.0000,0.0000,21.4000,21.4000
2025-12-19,5232,MR7,MR7 Lehren BS,0.0000,15.4000,23.1000,38.5000,77.0000
2025-12-19,5233,MR4,MR4 Lohnmessung BS,0.0000,0.0000,0.0000,7.7000,7.7000
2025-12-19,5234,MR2,MR2 Drehmoment BS,0.0000,0.0000,0.0000,15.4000,15.4000
2025-12-19,5235,MR6,MR6 Messschieber BS,0.0000,0.0000,0.0000,35.8000,35.8000
2025-12-19,5236,MR3,MR3 Messuhren BS,0.0000,0.0000,7.7000,15.4000,23.1000
2025-12-19,5237,MR9,MR9 Elektro BS,0.0000,0.0000,7.7000,7.7000,15.4000
2025-12-19,5238,MR8,MR8 Temperatur BS,0.0000,0.0000,7.7000,,7.7000
2025-12-19,5239,MR5,MR5 Bügelmesss. BS,0.0000,0.0000,15.4000,23.1000,38.5000
2025-12-19,5240,AV,Arbeitsvorbereit. BS,0.0000,6.0000,23.1000,35.8000,64.9000
2025-12-19,5900,Qualifizierung,Qualifizierung,0.0000,0.0000,0.0000,15.4000,15.4000
2025-12-22,5211,MR11,MR11 Koordinatenm BS,0.0000,0.0000,19.4000,0.0000,19.4000
2025-12-22,5222,WE,WE BS,0.0000,0.0000,15.4000,38.5000,53.9000
2025-12-22,5223,WA,WA BS,0.0000,0.0000,0.0000,15.4000,15.4000
2025-12-22,5225,Packplatz,PP,0.0000,0.0000,7.7000,21.4000,29.1000
2025-12-22,5230,Springer,Prüfer BS,0.0000,7.7000,0.0000,7.7000,15.4000
2025-12-22,5231,MR1,MR1 Endmaße BS,0.0000,0.0000,6.0000,15.4000,21.4000
2025-12-22,5232,MR7,MR7 Lehren BS,0.0000,7.7000,46.2000,15.4000,69.3000
2025-12-22,5233,MR4,MR4 Lohnmessung BS,0.0000,0.0000,7.7000,,7.7000
2025-12-22,5234,MR2,MR2 Drehmoment BS,0.0000,0.0000,23.1000,15.4000,38.5000
2025-12-22,5235,MR6,MR6 Messschieber BS,0.0000,0.0000,12.7000,15.4000,28.1000
2025-12-22,5236,MR3,MR3 Messuhren BS,0.0000,0.0000,15.4000,7.7000,23.1000
2025-12-22,5237,MR9,MR9 Elektro BS,0.0000,0.0000,7.7000,7.7000,15.4000
2025-12-22,5238,MR8,MR8 Temperatur BS,0.0000,0.0000,7.7000,,7.7000
2025-12-22,5239,MR5,MR5 Bügelmesss. BS,0.0000,0.0000,23.1000,15.4000,38.5000
2025-12-22,5240,AV,Arbeitsvorbereit. BS,0.0000,6.0000,28.1000,30.8000,64.9000
2025-12-22,5900,Qualifizierung,Qualifizierung,0.0000,0.0000,7.7000,7.7000,15.4000
2025-12-23,5211,MR11,MR11 Koordinatenm BS,0.0000,0.0000,19.4000,0.0000,19.4000
2025-12-23,5222,WE,WE BS,0.0000,0.0000,15.4000,38.5000,53.9000
2025-12-23,5223,WA,WA BS,0.0000,0.0000,0.0000,15.4000,15.4000
2025-12-23,5225,Packplatz,PP,0.0000,0.0000,7.7000,21.4000,29.1000
2025-12-23,5230,Springer,Prüfer BS,0.0000,7.7000,0.0000,7.7000,15.4000
2025-12-23,5231,MR1,MR1 Endmaße BS,0.0000,0.0000,6.0000,15.4000,21.4000
2025-12-23,5232,MR7,MR7 Lehren BS,0.0000,7.7000,53.9000,15.4000,77.0000
2025-12-23,5233,MR4,MR4 Lohnmessung BS,0.0000,0.0000,7.7000,,7.7000
2025-12-23,5234,MR2,MR2 Drehmoment BS,0.0000,0.0000,23.1000,15.4000,38.5000
2025-12-23,5235,MR6,MR6 Messschieber BS,0.0000,0.0000,12.7000,15.4000,28.1000
2025-12-23,5236,MR3,MR3 Messuhren BS,7.7000,0.0000,7.7000,7.7000,23.1000
2025-12-23,5237,MR9,MR9 Elektro BS,0.0000,0.0000,7.7000,7.7000,15.4000
2025-12-23,5238,MR8,MR8 Temperatur BS,0.0000,0.0000,7.7000,,7.7000
2025-12-23,5239,MR5,MR5 Bügelmesss. BS,0.0000,0.0000,23.1000,7.7000,30.8000
2025-12-23,5240,AV,Arbeitsvorbereit. BS,0.0000,6.0000,35.8000,23.1000,64.9000
2025-12-23,5900,Qualifizierung,Qualifizierung,0.0000,0.0000,7.7000,7.7000,15.4000
2025-12-29,5211,MR11,MR11 Koordinatenm BS,0.0000,0.0000,19.4000,,19.4000
2025-12-29,5222,WE,WE BS,0.0000,0.0000,61.6000,,61.6000
2025-12-29,5223,WA,WA BS,0.0000,0.0000,23.1000,,23.1000
2025-12-29,5225,Packplatz,PP,0.0000,0.0000,29.1000,,29.1000
2025-12-29,5230,Springer,Prüfer BS,0.0000,7.7000,7.7000,0.0000,15.4000
2025-12-29,5231,MR1,MR1 Endmaße BS,0.0000,0.0000,21.4000,,21.4000
2025-12-29,5232,MR7,MR7 Lehren BS,0.0000,0.0000,69.3000,,69.3000
2025-12-29,5233,MR4,MR4 Lohnmessung BS,0.0000,0.0000,7.7000,,7.7000
2025-12-29,5234,MR2,MR2 Drehmoment BS,0.0000,0.0000,38.5000,,38.5000
2025-12-29,5235,MR6,MR6 Messschieber BS,0.0000,0.0000,35.8000,,35.8000
2025-12-29,5236,MR3,MR3 Messuhren BS,0.0000,0.0000,23.1000,,23.1000
2025-12-29,5237,MR9,MR9 Elektro BS,0.0000,0.0000,15.4000,,15.4000
2025-12-29,5238,MR8,MR8 Temperatur BS,0.0000,0.0000,7.7000,,7.7000
2025-12-29,5239,MR5,MR5 Bügelmesss. BS,0.0000,0.0000,30.8000,0.0000,30.8000
2025-12-29,5240,AV,Arbeitsvorbereit. BS,0.0000,0.0000,72.6000,,72.6000
2025-12-29,5900,Qualifizierung,Qualifizierung,0.0000,0.0000,15.4000,,15.4000
2025-12-30,5211,MR11,MR11 Koordinatenm BS,0.0000,0.0000,19.4000,,19.4000
2025-12-30,5222,WE,WE BS,0.0000,0.0000,61.6000,,61.6000
2025-12-30,5223,WA,WA BS,0.0000,0.0000,23.1000,,23.1000
2025-12-30,5225,Packplatz,PP,0.0000,0.0000,29.1000,,29.1000
2025-12-30,5230,Springer,Prüfer BS,0.0000,7.7000,7.7000,0.0000,15.4000
2025-12-30,5231,MR1,MR1 Endmaße BS,0.0000,0.0000,21.4000,,21.4000
2025-12-30,5232,MR7,MR7 Lehren BS,0.0000,0.0000,77.0000,,77.0000
2025-12-30,5233,MR4,MR4 Lohnmessung BS,0.0000,0.0000,7.7000,,7.7000
2025-12-30,5234,MR2,MR2 Drehmoment BS,0.0000,0.0000,38.5000,,38.5000
2025-12-30,5235,MR6,MR6 Messschieber BS,0.0000,0.0000,35.8000,,35.8000
2025-12-30,5236,MR3,MR3 Messuhren BS,0.0000,0.0000,23.1000,,23.1000
2025-12-30,5237,MR9,MR9 Elektro BS,0.0000,0.0000,15.4000,,15.4000
2025-12-30,5238,MR8,MR8 Temperatur BS,0.0000,0.0000,7.7000,,7.7000
2025-12-30,5239,MR5,MR5 Bügelmesss. BS,0.0000,0.0000,30.8000,0.0000,30.8000
2025-12-30,5240,AV,Arbeitsvorbereit. BS,0.0000,0.0000,72.6000,,72.6000
2025-12-30,5900,Qualifizierung,Qualifizierung,0.0000,0.0000,15.4000,,15.4000
2026-01-02,5211,MR11,MR11 Koordinatenm BS,0.0000,0.0000,19.4000,,19.4000
2026-01-02,5222,WE,WE BS,0.0000,0.0000,53.9000,,53.9000
2026-01-02,5223,WA,WA BS,0.0000,0.0000,15.4000,,15.4000
2026-01-02,5225,Packplatz,PP,0.0000,0.0000,29.1000,,29.1000
2026-01-02,5230,Springer,Prüfer BS,0.0000,0.0000,7.7000,,7.7000
2026-01-02,5231,MR1,MR1 Endmaße BS,0.0000,0.0000,21.4000,,21.4000
2026-01-02,5232,MR7,MR7 Lehren BS,0.0000,0.0000,69.3000,,69.3000
2026-01-02,5233,MR4,MR4 Lohnmessung BS,0.0000,0.0000,7.7000,,7.7000
2026-01-02,5234,MR2,MR2 Drehmoment BS,0.0000,7.7000,30.8000,,38.5000
2026-01-02,5235,MR6,MR6 Messschieber BS,0.0000,0.0000,35.8000,,35.8000
2026-01-02,5236,MR3,MR3 Messuhren BS,0.0000,0.0000,23.1000,,23.1000
2026-01-02,5237,MR9,MR9 Elektro BS,0.0000,0.0000,23.1000,,23.1000
2026-01-02,5238,MR8,MR8 Temperatur BS,0.0000,0.0000,7.7000,,7.7000
2026-01-02,5239,MR5,MR5 Bügelmesss. BS,0.0000,0.0000,30.8000,0.0000,30.8000
2026-01-02,5240,AV,Arbeitsvorbereit. BS,0.0000,0.0000,72.6000,,72.6000
2026-01-02,5900,Qualifizierung,Qualifizierung,0.0000,0.0000,15.4000,,15.4000
2026-01-05,5211,MR11,MR11 Koordinatenm BS,0.0000,0.0000,0.0000,19.4000,19.4000
2026-01-05,5222,WE,WE BS,0.0000,0.0000,0.0000,61.6000,61.6000
2026-01-05,5223,WA,WA BS,0.0000,0.0000,7.7000,15.4000,23.1000
2026-01-05,5225,Packplatz,PP,0.0000,0.0000,13.7000,15.4000,29.1000
2026-01-05,5230,Springer,Prüfer BS,0.0000,0.0000,0.0000,7.7000,7.7000
2026-01-05,5231,MR1,MR1 Endmaße BS,0.0000,0.0000,0.0000,21.4000,21.4000
2026-01-05,5232,MR7,MR7 Lehren BS,0.0000,0.0000,0.0000,61.6000,61.6000
2026-01-05,5233,MR4,MR4 Lohnmessung BS,0.0000,0.0000,0.0000,7.7000,7.7000
2026-01-05,5234,MR2,MR2 Drehmoment BS,0.0000,0.0000,15.4000,23.1000,38.5000
2026-01-05,5235,MR6,MR6 Messschieber BS,0.0000,0.0000,7.7000,28.1000,35.8000
2026-01-05,5236,MR3,MR3 Messuhren BS,0.0000,0.0000,0.0000,23.1000,23.1000
2026-01-05,5237,MR9,MR9 Elektro BS,0.0000,0.0000,0.0000,23.1000,23.1000
2026-01-05,5238,MR8,MR8 Temperatur BS,0.0000,0.0000,0.0000,7.7000,7.7000
2026-01-05,5239,MR5,MR5 Bügelmesss. BS,0.0000,0.0000,0.0000,30.8000,30.8000
2026-01-05,5240,AV,Arbeitsvorbereit. BS,0.0000,0.0000,23.1000,49.5000,72.6000
2026-01-05,5900,Qualifizierung,Qualifizierung,0.0000,0.0000,0.0000,15.4000,15.4000
2026-01-06,5211,MR11,MR11 Koordinatenm BS,0.0000,0.0000,0.0000,19.4000,19.4000
2026-01-06,5222,WE,WE BS,0.0000,0.0000,0.0000,61.6000,61.6000
2026-01-06,5223,WA,WA BS,0.0000,0.0000,7.7000,15.4000,23.1000
2026-01-06,5225,Packplatz,PP,0.0000,0.0000,13.7000,15.4000,29.1000
2026-01-06,5230,Springer,Prüfer BS,0.0000,0.0000,0.0000,7.7000,7.7000
2026-01-06,5231,MR1,MR1 Endmaße BS,0.0000,0.0000,0.0000,21.4000,21.4000
2026-01-06,5232,MR7,MR7 Lehren BS,0.0000,0.0000,0.0000,61.6000,61.6000
2026-01-06,5233,MR4,MR4 Lohnmessung BS,0.0000,0.0000,0.0000,7.7000,7.7000
2026-01-06,5234,MR2,MR2 Drehmoment BS,0.0000,0.0000,7.7000,30.8000,38.5000
2026-01-06,5235,MR6,MR6 Messschieber BS,0.0000,0.0000,7.7000,28.1000,35.8000
2026-01-06,5236,MR3,MR3 Messuhren BS,0.0000,0.0000,0.0000,23.1000,23.1000
2026-01-06,5237,MR9,MR9 Elektro BS,0.0000,0.0000,0.0000,23.1000,23.1000
2026-01-06,5238,MR8,MR8 Temperatur BS,0.0000,0.0000,0.0000,7.7000,7.7000
2026-01-06,5239,MR5,MR5 Bügelmesss. BS,0.0000,0.0000,0.0000,30.8000,30.8000
2026-01-06,5240,AV,Arbeitsvorbereit. BS,0.0000,0.0000,15.4000,57.2000,72.6000
2026-01-06,5900,Qualifizierung,Qualifizierung,0.0000,0.0000,0.0000,15.4000,15.4000
2026-01-07,5211,MR11,MR11 Koordinatenm BS,0.0000,0.0000,0.0000,19.4000,19.4000
2026-01-07,5222,WE,WE BS,0.0000,0.0000,0.0000,61.6000,61.6000
2026-01-07,5223,WA,WA BS,0.0000,0.0000,7.7000,15.4000,23.1000
2026-01-07,5225,Packplatz,PP,0.0000,0.0000,7.7000,21.4000,29.1000
2026-01-07,5230,Springer,Prüfer BS,0.0000,0.0000,0.0000,7.7000,7.7000
2026-01-07,5231,MR1,MR1 Endmaße BS,0.0000,0.0000,0.0000,21.4000,21.4000
2026-01-07,5232,MR7,MR7 Lehren BS,0.0000,0.0000,0.0000,61.6000,61.6000
2026-01-07,5233,MR4,MR4 Lohnmessung BS,0.0000,0.0000,0.0000,7.7000,7.7000
2026-01-07,5234,MR2,MR2 Drehmoment BS,0.0000,0.0000,7.7000,30.8000,38.5000
2026-01-07,5235,MR6,MR6 Messschieber BS,0.0000,0.0000,7.7000,28.1000,35.8000
2026-01-07,5236,MR3,MR3 Messuhren BS,0.0000,0.0000,0.0000,23.1000,23.1000
2026-01-07,5237,MR9,MR9 Elektro BS,0.0000,0.0000,0.0000,23.1000,23.1000
2026-01-07,5238,MR8,MR8 Temperatur BS,0.0000,0.0000,0.0000,7.7000,7.7000
2026-01-07,5239,MR5,MR5 Bügelmesss. BS,0.0000,0.0000,0.0000,30.8000,30.8000
2026-01-07,5240,AV,Arbeitsvorbereit. BS,0.0000,0.0000,7.7000,59.9000,67.6000
2026-01-07,5900,Qualifizierung,Qualifizierung,0.0000,0.0000,0.0000,15.4000,15.4000
2026-01-08,5211,MR11,MR11 Koordinatenm BS,0.0000,0.0000,0.0000,19.4000,19.4000
2026-01-08,5222,WE,WE BS,0.0000,0.0000,0.0000,61.6000,61.6000
2026-01-08,5223,WA,WA BS,0.0000,0.0000,7.7000,15.4000,23.1000
2026-01-08,5225,Packplatz,PP,0.0000,0.0000,7.7000,21.4000,29.1000
2026-01-08,5230,Springer,Prüfer BS,0.0000,0.0000,0.0000,7.7000,7.7000
2026-01-08,5231,MR1,MR1 Endmaße BS,0.0000,0.0000,0.0000,21.4000,21.4000
2026-01-08,5232,MR7,MR7 Lehren BS,0.0000,0.0000,0.0000,61.6000,61.6000
2026-01-08,5233,MR4,MR4 Lohnmessung BS,0.0000,0.0000,0.0000,7.7000,7.7000
2026-01-08,5234,MR2,MR2 Drehmoment BS,0.0000,0.0000,0.0000,38.5000,38.5000
2026-01-08,5235,MR6,MR6 Messschieber BS,0.0000,0.0000,7.7000,28.1000,35.8000
2026-01-08,5236,MR3,MR3 Messuhren BS,0.0000,0.0000,0.0000,23.1000,23.1000
2026-01-08,5237,MR9,MR9 Elektro BS,0.0000,0.0000,0.0000,23.1000,23.1000
2026-01-08,5238,MR8,MR8 Temperatur BS,0.0000,0.0000,0.0000,7.7000,7.7000
2026-01-08,5239,MR5,MR5 Bügelmesss. BS,0.0000,0.0000,0.0000,30.8000,30.8000
2026-01-08,5240,AV,Arbeitsvorbereit. BS,0.0000,0.0000,7.7000,64.9000,72.6000
2026-01-08,5900,Qualifizierung,Qualifizierung,0.0000,0.0000,0.0000,15.4000,15.4000
2026-01-09,5211,MR11,MR11 Koordinatenm BS,0.0000,0.0000,0.0000,19.4000,19.4000
2026-01-09,5222,WE,WE BS,0.0000,0.0000,0.0000,61.6000,61.6000
2026-01-09,5223,WA,WA BS,0.0000,0.0000,7.7000,7.7000,15.4000
2026-01-09,5225,Packplatz,PP,0.0000,0.0000,7.7000,21.4000,29.1000
2026-01-09,5230,Springer,Prüfer BS,0.0000,0.0000,0.0000,7.7000,7.7000
2026-01-09,5231,MR1,MR1 Endmaße BS,0.0000,0.0000,0.0000,21.4000,21.4000
2026-01-09,5232,MR7,MR7 Lehren BS,0.0000,0.0000,7.7000,53.9000,61.6000
2026-01-09,5233,MR4,MR4 Lohnmessung BS,0.0000,0.0000,0.0000,7.7000,7.7000
2026-01-09,5234,MR2,MR2 Drehmoment BS,0.0000,0.0000,0.0000,38.5000,38.5000
2026-01-09,5235,MR6,MR6 Messschieber BS,0.0000,0.0000,12.7000,23.1000,35.8000
2026-01-09,5236,MR3,MR3 Messuhren BS,0.0000,0.0000,7.7000,15.4000,23.1000
2026-01-09,5237,MR9,MR9 Elektro BS,0.0000,0.0000,0.0000,23.1000,23.1000
2026-01-09,5238,MR8,MR8 Temperatur BS,0.0000,0.0000,0.0000,7.7000,7.7000
2026-01-09,5239,MR5,MR5 Bügelmesss. BS,0.0000,0.0000,0.0000,30.8000,30.8000
2026-01-09,5240,AV,Arbeitsvorbereit. BS,0.0000,0.0000,7.7000,64.9000,72.6000
2026-01-09,5900,Qualifizierung,Qualifizierung,0.0000,0.0000,0.0000,15.4000,15.4000
2026-01-12,5211,MR11,MR11 Koordinatenm BS,0.0000,0.0000,0.0000,19.4000,19.4000
2026-01-12,5222,WE,WE BS,0.0000,0.0000,0.0000,61.6000,61.6000
2026-01-12,5223,WA,WA BS,0.0000,0.0000,0.0000,23.1000,23.1000
2026-01-12,5225,Packplatz,PP,0.0000,0.0000,0.0000,29.1000,29.1000
2026-01-12,5230,Springer,Prüfer BS,0.0000,0.0000,0.0000,7.7000,7.7000
2026-01-12,5231,MR1,MR1 Endmaße BS,0.0000,0.0000,0.0000,21.4000,21.4000
2026-01-12,5232,MR7,MR7 Lehren BS,0.0000,0.0000,0.0000,69.3000,69.3000
2026-01-12,5233,MR4,MR4 Lohnmessung BS,0.0000,0.0000,0.0000,7.7000,7.7000
2026-01-12,5234,MR2,MR2 Drehmoment BS,0.0000,0.0000,0.0000,38.5000,38.5000
2026-01-12,5235,MR6,MR6 Messschieber BS,0.0000,0.0000,0.0000,35.8000,35.8000
2026-01-12,5236,MR3,MR3 Messuhren BS,0.0000,0.0000,0.0000,23.1000,23.1000
2026-01-12,5237,MR9,MR9 Elektro BS,0.0000,0.0000,0.0000,23.1000,23.1000
2026-01-12,5238,MR8,MR8 Temperatur BS,0.0000,0.0000,0.0000,7.7000,7.7000
2026-01-12,5239,MR5,MR5 Bügelmesss. BS,0.0000,0.0000,0.0000,30.8000,30.8000
2026-01-12,5240,AV,Arbeitsvorbereit. BS,0.0000,0.0000,7.7000,64.9000,72.6000
2026-01-12,5900,Qualifizierung,Qualifizierung,0.0000,0.0000,0.0000,15.4000,15.4000
2026-01-13,5211,MR11,MR11 Koordinatenm BS,0.0000,0.0000,0.0000,19.4000,19.4000
2026-01-13,5222,WE,WE BS,0.0000,0.0000,0.0000,61.6000,61.6000
2026-01-13,5223,WA,WA BS,0.0000,0.0000,0.0000,23.1000,23.1000
2026-01-13,5225,Packplatz,PP,0.0000,0.0000,0.0000,29.1000,29.1000
2026-01-13,5230,Springer,Prüfer BS,0.0000,0.0000,0.0000,7.7000,7.7000
2026-01-13,5231,MR1,MR1 Endmaße BS,0.0000,0.0000,0.0000,21.4000,21.4000
2026-01-13,5232,MR7,MR7 Lehren BS,0.0000,0.0000,0.0000,69.3000,69.3000
2026-01-13,5233,MR4,MR4 Lohnmessung BS,0.0000,0.0000,0.0000,7.7000,7.7000
2026-01-13,5234,MR2,MR2 Drehmoment BS,0.0000,0.0000,0.0000,38.5000,38.5000
2026-01-13,5235,MR6,MR6 Messschieber BS,0.0000,0.0000,0.0000,35.8000,35.8000
2026-01-13,5236,MR3,MR3 Messuhren BS,0.0000,0.0000,0.0000,23.1000,23.1000
2026-01-13,5237,MR9,MR9 Elektro BS,0.0000,0.0000,0.0000,23.1000,23.1000
2026-01-13,5238,MR8,MR8 Temperatur BS,0.0000,0.0000,0.0000,7.7000,7.7000
2026-01-13,5239,MR5,MR5 Bügelmesss. BS,0.0000,0.0000,0.0000,30.8000,30.8000
2026-01-13,5240,AV,Arbeitsvorbereit. BS,0.0000,0.0000,0.0000,72.6000,72.6000
2026-01-13,5900,Qualifizierung,Qualifizierung,0.0000,0.0000,0.0000,15.4000,15.4000
2026-01-14,5211,MR11,MR11 Koordinatenm BS,0.0000,0.0000,0.0000,19.4000,19.4000
2026-01-14,5222,WE,WE BS,0.0000,0.0000,0.0000,61.6000,61.6000
2026-01-14,5223,WA,WA BS,0.0000,0.0000,0.0000,23.1000,23.1000
2026-01-14,5225,Packplatz,PP,0.0000,0.0000,0.0000,29.1000,29.1000
2026-01-14,5230,Springer,Prüfer BS,0.0000,0.0000,0.0000,7.7000,7.7000
2026-01-14,5231,MR1,MR1 Endmaße BS,0.0000,0.0000,0.0000,21.4000,21.4000
2026-01-14,5232,MR7,MR7 Lehren BS,0.0000,0.0000,0.0000,69.3000,69.3000
2026-01-14,5233,MR4,MR4 Lohnmessung BS,0.0000,0.0000,0.0000,7.7000,7.7000
2026-01-14,5234,MR2,MR2 Drehmoment BS,0.0000,0.0000,0.0000,38.5000,38.5000
2026-01-14,5235,MR6,MR6 Messschieber BS,0.0000,0.0000,0.0000,35.8000,35.8000
2026-01-14,5236,MR3,MR3 Messuhren BS,0.0000,0.0000,0.0000,23.1000,23.1000
2026-01-14,5237,MR9,MR9 Elektro BS,0.0000,0.0000,0.0000,23.1000,23.1000
2026-01-14,5238,MR8,MR8 Temperatur BS,0.0000,0.0000,0.0000,7.7000,7.7000
2026-01-14,5239,MR5,MR5 Bügelmesss. BS,0.0000,0.0000,0.0000,30.8000,30.8000
2026-01-14,5240,AV,Arbeitsvorbereit. BS,0.0000,0.0000,0.0000,67.6000,67.6000
2026-01-14,5900,Qualifizierung,Qualifizierung,0.0000,0.0000,0.0000,15.4000,15.4000
2026-01-15,5211,MR11,MR11 Koordinatenm BS,0.0000,0.0000,0.0000,19.4000,19.4000
2026-01-15,5222,WE,WE BS,0.0000,0.0000,7.7000,53.9000,61.6000
2026-01-15,5223,WA,WA BS,0.0000,0.0000,0.0000,23.1000,23.1000
2026-01-15,5225,Packplatz,PP,0.0000,0.0000,0.0000,29.1000,29.1000
2026-01-15,5230,Springer,Prüfer BS,0.0000,0.0000,0.0000,7.7000,7.7000
2026-01-15,5231,MR1,MR1 Endmaße BS,0.0000,0.0000,0.0000,21.4000,21.4000
2026-01-15,5232,MR7,MR7 Lehren BS,0.0000,0.0000,0.0000,69.3000,69.3000
2026-01-15,5233,MR4,MR4 Lohnmessung BS,0.0000,0.0000,0.0000,7.7000,7.7000
2026-01-15,5234,MR2,MR2 Drehmoment BS,0.0000,0.0000,0.0000,38.5000,38.5000
2026-01-15,5235,MR6,MR6 Messschieber BS,0.0000,0.0000,0.0000,35.8000,35.8000
2026-01-15,5236,MR3,MR3 Messuhren BS,0.0000,0.0000,0.0000,23.1000,23.1000
2026-01-15,5237,MR9,MR9 Elektro BS,0.0000,0.0000,0.0000,23.1000,23.1000
2026-01-15,5238,MR8,MR8 Temperatur BS,0.0000,0.0000,0.0000,7.7000,7.7000
2026-01-15,5239,MR5,MR5 Bügelmesss. BS,0.0000,0.0000,0.0000,30.8000,30.8000
2026-01-15,5240,AV,Arbeitsvorbereit. BS,0.0000,0.0000,0.0000,72.6000,72.6000
2026-01-15,5900,Qualifizierung,Qualifizierung,0.0000,0.0000,0.0000,15.4000,15.4000
2026-01-16,5211,MR11,MR11 Koordinatenm BS,0.0000,0.0000,0.0000,19.4000,19.4000
2026-01-16,5222,WE,WE BS,0.0000,0.0000,7.7000,53.9000,61.6000
2026-01-16,5223,WA,WA BS,0.0000,0.0000,0.0000,15.4000,15.4000
2026-01-16,5225,Packplatz,PP,0.0000,0.0000,0.0000,29.1000,29.1000
2026-01-16,5230,Springer,Prüfer BS,0.0000,0.0000,0.0000,7.7000,7.7000
2026-01-16,5231,MR1,MR1 Endmaße BS,0.0000,0.0000,0.0000,21.4000,21.4000
2026-01-16,5232,MR7,MR7 Lehren BS,0.0000,0.0000,0.0000,69.3000,69.3000
2026-01-16,5233,MR4,MR4 Lohnmessung BS,0.0000,0.0000,0.0000,7.7000,7.7000
2026-01-16,5234,MR2,MR2 Drehmoment BS,0.0000,0.0000,0.0000,38.5000,38.5000
2026-01-16,5235,MR6,MR6 Messschieber BS,0.0000,0.0000,0.0000,35.8000,35.8000
2026-01-16,5236,MR3,MR3 Messuhren BS,0.0000,0.0000,7.7000,15.4000,23.1000
2026-01-16,5237,MR9,MR9 Elektro BS,0.0000,0.0000,0.0000,23.1000,23.1000
2026-01-16,5238,MR8,MR8 Temperatur BS,0.0000,0.0000,0.0000,7.7000,7.7000
2026-01-16,5239,MR5,MR5 Bügelmesss. BS,0.0000,0.0000,0.0000,30.8000,30.8000
2026-01-16,5240,AV,Arbeitsvorbereit. BS,0.0000,0.0000,0.0000,72.6000,72.6000
2026-01-16,5900,Qualifizierung,Qualifizierung,0.0000,0.0000,0.0000,15.4000,15.4000
2026-01-19,5211,MR11,MR11 Koordinatenm BS,0.0000,0.0000,0.0000,19.3000,19.3000
2026-01-19,5220,WE/WA,WE/WA BS,0.0000,15.3000,0.0000,90.5000,105.8000
2026-01-19,5231,MR1,MR1 Endmaße BS,0.0000,0.0000,0.0000,29.0200,29.0200
2026-01-19,5232,MR7,MR7 Lehren BS,0.0000,7.7000,0.0000,53.8000,61.5000
2026-01-19,5233,MR4,MR4 Lohnmessung BS,0.0000,0.0000,0.0000,7.6000,7.6000
2026-01-19,5234,MR2,MR2 Drehmoment BS,0.0000,0.0000,0.0000,46.1000,46.1000
2026-01-19,5235,MR6,MR6 Messschieber BS,0.0000,0.0000,4.9300,30.8000,35.7300
2026-01-19,5236,MR3,MR3 Messuhren BS,0.0000,0.0000,0.0000,23.1000,23.1000
2026-01-19,5237,MR9,MR9 Elektro BS,0.0000,0.0000,0.0000,30.7000,30.7000
2026-01-19,5238,MR8,MR8 Temperatur BS,0.0000,7.7000,0.0000,,7.7000
2026-01-19,5239,MR5,MR5 Bügelmesss. BS,0.0000,0.0000,0.0000,30.6000,30.6000
2026-01-19,5240,AV,Arbeitsvorbereit. BS,0.0000,7.7000,0.0000,64.7200,72.4200
2026-01-19,5900,Qualifizierung,Qualifizierung,0.0000,0.0000,0.0000,7.7000,7.7000
2026-01-20,5211,MR11,MR11 Koordinatenm BS,0.0000,0.0000,0.0000,19.3000,19.3000
2026-01-20,5220,WE/WA,WE/WA BS,0.0000,15.3000,0.0000,90.5000,105.8000
2026-01-20,5231,MR1,MR1 Endmaße BS,0.0000,0.0000,0.0000,29.0200,29.0200
2026-01-20,5232,MR7,MR7 Lehren BS,0.0000,0.0000,0.0000,61.5000,61.5000
2026-01-20,5233,MR4,MR4 Lohnmessung BS,0.0000,0.0000,0.0000,7.6000,7.6000
2026-01-20,5234,MR2,MR2 Drehmoment BS,0.0000,0.0000,0.0000,46.1000,46.1000
2026-01-20,5235,MR6,MR6 Messschieber BS,0.0000,0.0000,0.0000,35.7300,35.7300
2026-01-20,5236,MR3,MR3 Messuhren BS,0.0000,0.0000,0.0000,23.1000,23.1000
2026-01-20,5237,MR9,MR9 Elektro BS,0.0000,0.0000,0.0000,30.7000,30.7000
2026-01-20,5238,MR8,MR8 Temperatur BS,0.0000,7.7000,0.0000,,7.7000
2026-01-20,5239,MR5,MR5 Bügelmesss. BS,0.0000,0.0000,0.0000,30.6000,30.6000
2026-01-20,5240,AV,Arbeitsvorbereit. BS,0.0000,7.7000,0.0000,64.7200,72.4200
2026-01-20,5900,Qualifizierung,Qualifizierung,0.0000,0.0000,0.0000,7.7000,7.7000
2026-01-21,5211,MR11,MR11 Koordinatenm BS,0.0000,0.0000,0.0000,19.3000,19.3000
2026-01-21,5220,WE/WA,WE/WA BS,0.0000,15.3000,0.0000,90.5000,105.8000
2026-01-21,5231,MR1,MR1 Endmaße BS,0.0000,0.0000,0.0000,29.0200,29.0200
2026-01-21,5232,MR7,MR7 Lehren BS,0.0000,0.0000,0.0000,61.5000,61.5000
2026-01-21,5233,MR4,MR4 Lohnmessung BS,0.0000,0.0000,0.0000,7.6000,7.6000
2026-01-21,5234,MR2,MR2 Drehmoment BS,0.0000,0.0000,0.0000,46.1000,46.1000
2026-01-21,5235,MR6,MR6 Messschieber BS,0.0000,0.0000,0.0000,35.7300,35.7300
2026-01-21,5236,MR3,MR3 Messuhren BS,0.0000,0.0000,0.0000,23.1000,23.1000
2026-01-21,5237,MR9,MR9 Elektro BS,0.0000,0.0000,0.0000,30.7000,30.7000
2026-01-21,5238,MR8,MR8 Temperatur BS,0.0000,7.7000,0.0000,,7.7000
2026-01-21,5239,MR5,MR5 Bügelmesss. BS,0.0000,0.0000,0.0000,30.6000,30.6000
2026-01-21,5240,AV,Arbeitsvorbereit. BS,0.0000,7.7000,0.0000,59.7200,67.4200
2026-01-21,5900,Qualifizierung,Qualifizierung,0.0000,0.0000,0.0000,7.7000,7.7000
2026-01-22,5211,MR11,MR11 Koordinatenm BS,0.0000,0.0000,0.0000,19.3000,19.3000
2026-01-22,5220,WE/WA,WE/WA BS,0.0000,0.0000,7.7000,98.1000,105.8000
2026-01-22,5231,MR1,MR1 Endmaße BS,0.0000,0.0000,0.0000,29.0200,29.0200
2026-01-22,5232,MR7,MR7 Lehren BS,0.0000,7.7000,0.0000,53.8000,61.5000
2026-01-22,5233,MR4,MR4 Lohnmessung BS,0.0000,0.0000,0.0000,7.6000,7.6000
2026-01-22,5234,MR2,MR2 Drehmoment BS,0.0000,7.7000,0.0000,38.4000,46.1000
2026-01-22,5235,MR6,MR6 Messschieber BS,0.0000,0.0000,0.0000,35.7300,35.7300
2026-01-22,5236,MR3,MR3 Messuhren BS,0.0000,0.0000,0.0000,23.1000,23.1000
2026-01-22,5237,MR9,MR9 Elektro BS,0.0000,0.0000,0.0000,30.7000,30.7000
2026-01-22,5238,MR8,MR8 Temperatur BS,0.0000,7.7000,0.0000,,7.7000
2026-01-22,5239,MR5,MR5 Bügelmesss. BS,0.0000,0.0000,0.0000,30.6000,30.6000
2026-01-22,5240,AV,Arbeitsvorbereit. BS,0.0000,7.7000,0.0000,64.7200,72.4200
2026-01-22,5900,Qualifizierung,Qualifizierung,0.0000,0.0000,0.0000,7.7000,7.7000
2026-01-23,5211,MR11,MR11 Koordinatenm BS,0.0000,0.0000,0.0000,19.3000,19.3000
2026-01-23,5220,WE/WA,WE/WA BS,0.0000,7.7000,0.0000,90.5000,98.2000
2026-01-23,5231,MR1,MR1 Endmaße BS,0.0000,0.0000,0.0000,29.0300,29.0300
2026-01-23,5232,MR7,MR7 Lehren BS,0.0000,7.7000,0.0000,53.8000,61.5000
2026-01-23,5233,MR4,MR4 Lohnmessung BS,0.0000,0.0000,0.0000,7.6000,7.6000
2026-01-23,5234,MR2,MR2 Drehmoment BS,0.0000,7.7000,0.0000,38.4000,46.1000
2026-01-23,5235,MR6,MR6 Messschieber BS,0.0000,0.0000,0.0000,35.7500,35.7500
2026-01-23,5236,MR3,MR3 Messuhren BS,0.0000,0.0000,0.0000,23.1000,23.1000
2026-01-23,5237,MR9,MR9 Elektro BS,0.0000,0.0000,0.0000,30.7000,30.7000
2026-01-23,5238,MR8,MR8 Temperatur BS,0.0000,7.7000,0.0000,,7.7000
2026-01-23,5239,MR5,MR5 Bügelmesss. BS,0.0000,0.0000,0.0000,30.6000,30.6000
2026-01-23,5240,AV,Arbeitsvorbereit. BS,0.0000,7.7000,0.0000,64.7300,72.4300
2026-01-23,5900,Qualifizierung,Qualifizierung,0.0000,0.0000,7.7000,,7.7000
2026-01-26,5211,MR11,MR11 Koordinatenm BS,0.0000,0.0000,0.0000,19.3000,19.3000
2026-01-26,5220,WE/WA,WE/WA BS,0.0000,7.7000,7.7000,90.4000,105.8000
2026-01-26,5231,MR1,MR1 Endmaße BS,0.0000,0.0000,0.0000,29.0200,29.0200
2026-01-26,5232,MR7,MR7 Lehren BS,0.0000,0.0000,0.0000,61.5000,61.5000
2026-01-26,5233,MR4,MR4 Lohnmessung BS,0.0000,0.0000,0.0000,7.6000,7.6000
2026-01-26,5234,MR2,MR2 Drehmoment BS,0.0000,0.0000,0.0000,46.1000,46.1000
2026-01-26,5235,MR6,MR6 Messschieber BS,0.0000,0.0000,0.0000,35.7300,35.7300
2026-01-26,5236,MR3,MR3 Messuhren BS,0.0000,0.0000,0.0000,23.1000,23.1000
2026-01-26,5237,MR9,MR9 Elektro BS,0.0000,0.0000,0.0000,30.7000,30.7000
2026-01-26,5238,MR8,MR8 Temperatur BS,0.0000,7.7000,0.0000,,7.7000
2026-01-26,5239,MR5,MR5 Bügelmesss. BS,0.0000,0.0000,0.0000,30.6000,30.6000
2026-01-26,5240,AV,Arbeitsvorbereit. BS,0.0000,0.0000,0.0000,72.4200,72.4200
2026-01-26,5900,Qualifizierung,Qualifizierung,0.0000,0.0000,0.0000,7.7000,7.7000
2026-01-27,5211,MR11,MR11 Koordinatenm BS,0.0000,0.0000,0.0000,19.3000,19.3000
2026-01-27,5222,WE,WE BS,0.0000,7.7000,7.7000,46.1000,61.5000
2026-01-27,5223,WA,WA BS,0.0000,0.0000,0.0000,15.2000,15.2000
2026-01-27,5225,Packplatz,PP,0.0000,0.0000,0.0000,29.1000,29.1000
2026-01-27,5231,MR1,MR1 Endmaße BS,0.0000,0.0000,0.0000,29.0200,29.0200
2026-01-27,5232,MR7,MR7 Lehren BS,0.0000,7.7000,0.0000,53.8000,61.5000
2026-01-27,5233,MR4,MR4 Lohnmessung BS,0.0000,0.0000,0.0000,7.6000,7.6000
2026-01-27,5234,MR2,MR2 Drehmoment BS,0.0000,0.0000,0.0000,46.1000,46.1000
2026-01-27,5235,MR6,MR6 Messschieber BS,0.0000,0.0000,0.0000,35.7300,35.7300
2026-01-27,5236,MR3,MR3 Messuhren BS,0.0000,0.0000,0.0000,23.1000,23.1000
2026-01-27,5237,MR9,MR9 Elektro BS,0.0000,0.0000,0.0000,30.7000,30.7000
2026-01-27,5238,MR8,MR8 Temperatur BS,0.0000,7.7000,0.0000,,7.7000
2026-01-27,5239,MR5,MR5 Bügelmesss. BS,0.0000,0.0000,0.0000,30.6000,30.6000
2026-01-27,5240,AV,Arbeitsvorbereit. BS,0.0000,7.7000,0.0000,64.7200,72.4200
2026-01-27,5900,Qualifizierung,Qualifizierung,0.0000,0.0000,0.0000,7.7000,7.7000
2026-01-28,5211,MR11,MR11 Koordinatenm BS,0.0000,0.0000,0.0000,19.3000,19.3000
2026-01-28,5222,WE,WE BS,0.0000,7.7000,7.7000,46.1000,61.5000
2026-01-28,5223,WA,WA BS,0.0000,0.0000,0.0000,15.2000,15.2000
2026-01-28,5225,Packplatz,PP,0.0000,0.0000,0.0000,29.1000,29.1000
2026-01-28,5231,MR1,MR1 Endmaße BS,0.0000,0.0000,0.0000,29.0200,29.0200
2026-01-28,5232,MR7,MR7 Lehren BS,0.0000,7.7000,0.0000,53.8000,61.5000
2026-01-28,5233,MR4,MR4 Lohnmessung BS,0.0000,0.0000,0.0000,7.6000,7.6000
2026-01-28,5234,MR2,MR2 Drehmoment BS,0.0000,0.0000,0.0000,46.1000,46.1000
2026-01-28,5235,MR6,MR6 Messschieber BS,0.0000,0.0000,0.0000,35.7300,35.7300
2026-01-28,5236,MR3,MR3 Messuhren BS,0.0000,0.0000,0.0000,23.1000,23.1000
2026-01-28,5237,MR9,MR9 Elektro BS,0.0000,0.0000,0.0000,30.7000,30.7000
2026-01-28,5238,MR8,MR8 Temperatur BS,0.0000,7.7000,0.0000,,7.7000
2026-01-28,5239,MR5,MR5 Bügelmesss. BS,0.0000,0.0000,0.0000,30.6000,30.6000
2026-01-28,5240,AV,Arbeitsvorbereit. BS,0.0000,0.0000,0.0000,67.4200,67.4200
2026-01-28,5900,Qualifizierung,Qualifizierung,0.0000,0.0000,0.0000,7.7000,7.7000
2026-01-29,5211,MR11,MR11 Koordinatenm BS,0.0000,0.0000,0.0000,19.3000,19.3000
2026-01-29,5222,WE,WE BS,0.0000,7.7000,7.7000,46.1000,61.5000
2026-01-29,5223,WA,WA BS,0.0000,0.0000,0.0000,15.2000,15.2000
2026-01-29,5225,Packplatz,PP,0.0000,0.0000,7.7000,21.4000,29.1000
2026-01-29,5231,MR1,MR1 Endmaße BS,0.0000,0.0000,0.0000,29.0200,29.0200
2026-01-29,5232,MR7,MR7 Lehren BS,0.0000,7.7000,0.0000,53.8000,61.5000
2026-01-29,5233,MR4,MR4 Lohnmessung BS,0.0000,0.0000,0.0000,7.6000,7.6000
2026-01-29,5234,MR2,MR2 Drehmoment BS,0.0000,0.0000,0.0000,46.1000,46.1000
2026-01-29,5235,MR6,MR6 Messschieber BS,0.0000,0.0000,0.0000,35.7300,35.7300
2026-01-29,5236,MR3,MR3 Messuhren BS,0.0000,0.0000,0.0000,23.1000,23.1000
2026-01-29,5237,MR9,MR9 Elektro BS,0.0000,0.0000,0.0000,30.7000,30.7000
2026-01-29,5238,MR8,MR8 Temperatur BS,0.0000,7.7000,0.0000,,7.7000
2026-01-29,5239,MR5,MR5 Bügelmesss. BS,0.0000,7.6000,0.0000,23.0000,30.6000
2026-01-29,5240,AV,Arbeitsvorbereit. BS,0.0000,0.0000,7.7000,64.7200,72.4200
2026-01-29,5900,Qualifizierung,Qualifizierung,0.0000,0.0000,0.0000,7.7000,7.7000
2026-01-30,5211,MR11,MR11 Koordinatenm BS,0.0000,0.0000,4.0000,15.3000,19.3000
2026-01-30,5222,WE,WE BS,0.0000,7.7000,7.7000,46.1000,61.5000
2026-01-30,5223,WA,WA BS,0.0000,0.0000,0.0000,7.6000,7.6000
2026-01-30,5225,Packplatz,PP,0.0000,0.0000,0.0000,29.1000,29.1000
2026-01-30,5231,MR1,MR1 Endmaße BS,0.0000,0.0000,0.0000,21.3300,21.3300
2026-01-30,5232,MR7,MR7 Lehren BS,0.0000,7.7000,0.0000,53.8000,61.5000
2026-01-30,5233,MR4,MR4 Lohnmessung BS,0.0000,0.0000,0.0000,7.6000,7.6000
2026-01-30,5234,MR2,MR2 Drehmoment BS,0.0000,0.0000,0.0000,46.1000,46.1000
2026-01-30,5235,MR6,MR6 Messschieber BS,0.0000,0.0000,4.9500,30.8000,35.7500
2026-01-30,5236,MR3,MR3 Messuhren BS,0.0000,0.0000,0.0000,23.1000,23.1000
2026-01-30,5237,MR9,MR9 Elektro BS,0.0000,0.0000,0.0000,30.7000,30.7000
2026-01-30,5238,MR8,MR8 Temperatur BS,0.0000,7.7000,0.0000,,7.7000
2026-01-30,5239,MR5,MR5 Bügelmesss. BS,0.0000,7.6000,0.0000,23.0000,30.6000
2026-01-30,5240,AV,Arbeitsvorbereit. BS,0.0000,0.0000,7.7000,64.7300,72.4300
2026-01-30,5900,Qualifizierung,Qualifizierung,0.0000,0.0000,0.0000,7.7000,7.7000
2026-02-02,5211,MR11,MR11 Koordinatenm BS,0.0000,0.0000,7.7000,11.6000,19.3000
2026-02-02,5222,WE,WE BS,0.0000,0.0000,7.7000,53.8000,61.5000
2026-02-02,5223,WA,WA BS,0.0000,0.0000,0.0000,15.2000,15.2000
2026-02-02,5225,Packplatz,PP,0.0000,0.0000,0.0000,29.1000,29.1000
2026-02-02,5231,MR1,MR1 Endmaße BS,0.0000,0.0000,0.0000,29.0200,29.0200
2026-02-02,5232,MR7,MR7 Lehren BS,0.0000,0.0000,0.0000,61.5000,61.5000
2026-02-02,5233,MR4,MR4 Lohnmessung BS,0.0000,0.0000,0.0000,7.6000,7.6000
2026-02-02,5234,MR2,MR2 Drehmoment BS,0.0000,0.0000,0.0000,46.1000,46.1000
2026-02-02,5235,MR6,MR6 Messschieber BS,0.0000,0.0000,0.0000,30.8000,30.8000
2026-02-02,5236,MR3,MR3 Messuhren BS,0.0000,0.0000,0.0000,23.1000,23.1000
2026-02-02,5237,MR9,MR9 Elektro BS,0.0000,0.0000,0.0000,30.7000,30.7000
2026-02-02,5238,MR8,MR8 Temperatur BS,0.0000,7.7000,0.0000,,7.7000
2026-02-02,5239,MR5,MR5 Bügelmesss. BS,0.0000,0.0000,0.0000,30.6000,30.6000
2026-02-02,5240,AV,Arbeitsvorbereit. BS,0.0000,0.0000,0.0000,72.4200,72.4200
2026-02-02,5900,Qualifizierung,Qualifizierung,0.0000,0.0000,0.0000,7.7000,7.7000
2026-02-03,5211,MR11,MR11 Koordinatenm BS,0.0000,0.0000,7.7000,11.6000,19.3000
2026-02-03,5222,WE,WE BS,0.0000,0.0000,0.0000,61.5000,61.5000
2026-02-03,5223,WA,WA BS,0.0000,0.0000,0.0000,15.2000,15.2000
2026-02-03,5225,Packplatz,PP,0.0000,6.0000,7.7000,15.4000,29.1000
2026-02-03,5231,MR1,MR1 Endmaße BS,0.0000,0.0000,0.0000,29.0200,29.0200
2026-02-03,5232,MR7,MR7 Lehren BS,0.0000,0.0000,0.0000,61.5000,61.5000
2026-02-03,5233,MR4,MR4 Lohnmessung BS,0.0000,0.0000,0.0000,7.6000,7.6000
2026-02-03,5234,MR2,MR2 Drehmoment BS,0.0000,7.7000,0.0000,38.4000,46.1000
2026-02-03,5235,MR6,MR6 Messschieber BS,0.0000,0.0000,0.0000,23.1000,23.1000
2026-02-03,5236,MR3,MR3 Messuhren BS,0.0000,0.0000,7.7000,15.4000,23.1000
2026-02-03,5237,MR9,MR9 Elektro BS,0.0000,0.0000,0.0000,30.7000,30.7000
2026-02-03,5238,MR8,MR8 Temperatur BS,0.0000,7.7000,0.0000,,7.7000
2026-02-03,5239,MR5,MR5 Bügelmesss. BS,0.0000,0.0000,0.0000,38.3000,38.3000
2026-02-03,5240,AV,Arbeitsvorbereit. BS,0.0000,13.6200,0.0000,58.8000,72.4200
2026-02-03,5900,Qualifizierung,Qualifizierung,0.0000,0.0000,0.0000,7.7000,7.7000
2026-02-04,5211,MR11,MR11 Koordinatenm BS,0.0000,0.0000,0.0000,19.3000,19.3000
2026-02-04,5222,WE,WE BS,0.0000,7.7000,0.0000,53.8000,61.5000
2026-02-04,5223,WA,WA BS,0.0000,0.0000,0.0000,15.2000,15.2000
2026-02-04,5225,Packplatz,PP,0.0000,6.0000,0.0000,23.1000,29.1000
2026-02-04,5231,MR1,MR1 Endmaße BS,0.0000,0.0000,0.0000,29.0200,29.0200
2026-02-04,5232,MR7,MR7 Lehren BS,0.0000,7.7000,0.0000,53.8000,61.5000
2026-02-04,5233,MR4,MR4 Lohnmessung BS,0.0000,0.0000,0.0000,7.6000,7.6000
2026-02-04,5234,MR2,MR2 Drehmoment BS,0.0000,7.7000,0.0000,38.4000,46.1000
2026-02-04,5235,MR6,MR6 Messschieber BS,0.0000,0.0000,0.0000,23.1000,23.1000
2026-02-04,5236,MR3,MR3 Messuhren BS,0.0000,0.0000,7.7000,15.4000,23.1000
2026-02-04,5237,MR9,MR9 Elektro BS,0.0000,0.0000,0.0000,30.7000,30.7000
2026-02-04,5238,MR8,MR8 Temperatur BS,0.0000,7.7000,0.0000,,7.7000
2026-02-04,5239,MR5,MR5 Bügelmesss. BS,0.0000,0.0000,0.0000,38.3000,38.3000
2026-02-04,5240,AV,Arbeitsvorbereit. BS,0.0000,21.3200,0.0000,46.1000,67.4200
2026-02-04,5900,Qualifizierung,Qualifizierung,0.0000,0.0000,0.0000,7.7000,7.7000
2026-02-05,5211,MR11,MR11 Koordinatenm BS,0.0000,4.0000,7.7000,7.6000,19.3000
2026-02-05,5222,WE,WE BS,0.0000,7.7000,0.0000,53.8000,61.5000
2026-02-05,5223,WA,WA BS,0.0000,0.0000,0.0000,15.2000,15.2000
2026-02-05,5225,Packplatz,PP,0.0000,6.0000,7.7000,15.4000,29.1000
2026-02-05,5231,MR1,MR1 Endmaße BS,0.0000,0.0000,0.0000,29.0200,29.0200
2026-02-05,5232,MR7,MR7 Lehren BS,0.0000,7.7000,0.0000,53.8000,61.5000
2026-02-05,5233,MR4,MR4 Lohnmessung BS,0.0000,0.0000,0.0000,7.6000,7.6000
2026-02-05,5234,MR2,MR2 Drehmoment BS,0.0000,7.7000,0.0000,38.4000,46.1000
2026-02-05,5235,MR6,MR6 Messschieber BS,0.0000,0.0000,0.0000,23.1000,23.1000
2026-02-05,5236,MR3,MR3 Messuhren BS,0.0000,0.0000,7.7000,15.4000,23.1000
2026-02-05,5237,MR9,MR9 Elektro BS,0.0000,0.0000,0.0000,30.7000,30.7000
2026-02-05,5238,MR8,MR8 Temperatur BS,0.0000,7.7000,0.0000,,7.7000
2026-02-05,5239,MR5,MR5 Bügelmesss. BS,0.0000,0.0000,0.0000,38.3000,38.3000
2026-02-05,5240,AV,Arbeitsvorbereit. BS,0.0000,29.0200,0.0000,43.4000,72.4200
2026-02-05,5900,Qualifizierung,Qualifizierung,0.0000,0.0000,0.0000,7.7000,7.7000
2026-02-06,5211,MR11,MR11 Koordinatenm BS,0.0000,4.0000,0.0000,15.3000,19.3000
2026-02-06,5222,WE,WE BS,0.0000,7.7000,0.0000,53.8000,61.5000
2026-02-06,5223,WA,WA BS,0.0000,0.0000,0.0000,7.6000,7.6000
2026-02-06,5225,Packplatz,PP,0.0000,6.0000,7.7000,15.4000,29.1000
2026-02-06,5231,MR1,MR1 Endmaße BS,0.0000,0.0000,0.0000,29.0300,29.0300
2026-02-06,5232,MR7,MR7 Lehren BS,0.0000,7.7000,0.0000,53.8000,61.5000
2026-02-06,5233,MR4,MR4 Lohnmessung BS,0.0000,0.0000,0.0000,7.6000,7.6000
2026-02-06,5234,MR2,MR2 Drehmoment BS,0.0000,7.7000,7.7000,30.7000,46.1000
2026-02-06,5235,MR6,MR6 Messschieber BS,0.0000,0.0000,0.0000,23.1000,23.1000
2026-02-06,5236,MR3,MR3 Messuhren BS,0.0000,0.0000,7.7000,15.4000,23.1000
2026-02-06,5237,MR9,MR9 Elektro BS,0.0000,0.0000,0.0000,30.7000,30.7000
2026-02-06,5238,MR8,MR8 Temperatur BS,0.0000,7.7000,0.0000,,7.7000
2026-02-06,5239,MR5,MR5 Bügelmesss. BS,0.0000,0.0000,0.0000,38.3000,38.3000
2026-02-06,5240,AV,Arbeitsvorbereit. BS,0.0000,29.0300,0.0000,43.4000,72.4300
2026-02-06,5900,Qualifizierung,Qualifizierung,0.0000,0.0000,0.0000,7.7000,7.7000
2026-02-09,5211,MR11,MR11 Koordinatenm BS,0.0000,0.0000,0.0000,19.3000,19.3000
2026-02-09,5222,WE,WE BS,0.0000,0.0000,0.0000,61.5000,61.5000
2026-02-09,5223,WA,WA BS,0.0000,0.0000,0.0000,15.2000,15.2000
2026-02-09,5225,Packplatz,PP,0.0000,0.0000,0.0000,29.1000,29.1000
2026-02-09,5231,MR1,MR1 Endmaße BS,0.0000,0.0000,0.0000,29.0200,29.0200
2026-02-09,5232,MR7,MR7 Lehren BS,0.0000,0.0000,0.0000,61.5000,61.5000
2026-02-09,5233,MR4,MR4 Lohnmessung BS,0.0000,0.0000,0.0000,7.6000,7.6000
2026-02-09,5234,MR2,MR2 Drehmoment BS,0.0000,0.0000,7.7000,38.4000,46.1000
2026-02-09,5235,MR6,MR6 Messschieber BS,0.0000,0.0000,0.0000,30.8000,30.8000
2026-02-09,5236,MR3,MR3 Messuhren BS,0.0000,0.0000,0.0000,23.1000,23.1000
2026-02-09,5237,MR9,MR9 Elektro BS,0.0000,0.0000,0.0000,30.7000,30.7000
2026-02-09,5238,MR8,MR8 Temperatur BS,0.0000,0.0000,0.0000,7.7000,7.7000
2026-02-09,5239,MR5,MR5 Bügelmesss. BS,0.0000,0.0000,0.0000,30.6000,30.6000
2026-02-09,5240,AV,Arbeitsvorbereit. BS,0.0000,7.7000,0.0000,64.7200,72.4200
2026-02-09,5900,Qualifizierung,Qualifizierung,0.0000,0.0000,0.0000,7.7000,7.7000
2026-02-10,5211,MR11,MR11 Koordinatenm BS,0.0000,0.0000,0.0000,19.3000,19.3000
2026-02-10,5222,WE,WE BS,0.0000,0.0000,0.0000,61.5000,61.5000
2026-02-10,5223,WA,WA BS,0.0000,0.0000,0.0000,15.2000,15.2000
2026-02-10,5225,Packplatz,PP,0.0000,0.0000,0.0000,29.1000,29.1000
2026-02-10,5231,MR1,MR1 Endmaße BS,0.0000,0.0000,0.0000,29.0200,29.0200
2026-02-10,5232,MR7,MR7 Lehren BS,0.0000,0.0000,0.0000,61.5000,61.5000
2026-02-10,5233,MR4,MR4 Lohnmessung BS,0.0000,0.0000,0.0000,7.6000,7.6000
2026-02-10,5234,MR2,MR2 Drehmoment BS,0.0000,0.0000,7.7000,38.4000,46.1000
2026-02-10,5235,MR6,MR6 Messschieber BS,0.0000,0.0000,0.0000,30.8000,30.8000
2026-02-10,5236,MR3,MR3 Messuhren BS,0.0000,0.0000,0.0000,23.1000,23.1000
2026-02-10,5237,MR9,MR9 Elektro BS,0.0000,0.0000,0.0000,30.7000,30.7000
2026-02-10,5238,MR8,MR8 Temperatur BS,0.0000,0.0000,0.0000,7.7000,7.7000
2026-02-10,5239,MR5,MR5 Bügelmesss. BS,0.0000,0.0000,0.0000,30.6000,30.6000
2026-02-10,5240,AV,Arbeitsvorbereit. BS,0.0000,7.7000,0.0000,64.7200,72.4200
2026-02-10,5900,Qualifizierung,Qualifizierung,0.0000,0.0000,0.0000,7.7000,7.7000
2026-02-11,5211,MR11,MR11 Koordinatenm BS,0.0000,4.0000,0.0000,15.3000,19.3000
2026-02-11,5222,WE,WE BS,0.0000,7.7000,0.0000,53.8000,61.5000
2026-02-11,5223,WA,WA BS,0.0000,0.0000,0.0000,15.2000,15.2000
2026-02-11,5225,Packplatz,PP,0.0000,0.0000,0.0000,29.1000,29.1000
2026-02-11,5231,MR1,MR1 Endmaße BS,0.0000,0.0000,0.0000,29.0200,29.0200
2026-02-11,5232,MR7,MR7 Lehren BS,0.0000,0.0000,0.0000,61.5000,61.5000
2026-02-11,5233,MR4,MR4 Lohnmessung BS,0.0000,0.0000,0.0000,7.6000,7.6000
2026-02-11,5234,MR2,MR2 Drehmoment BS,0.0000,0.0000,7.7000,46.1000,53.8000
2026-02-11,5235,MR6,MR6 Messschieber BS,0.0000,0.0000,0.0000,23.1000,23.1000
2026-02-11,5236,MR3,MR3 Messuhren BS,0.0000,0.0000,0.0000,23.1000,23.1000
2026-02-11,5237,MR9,MR9 Elektro BS,0.0000,0.0000,0.0000,23.0000,23.0000
2026-02-11,5238,MR8,MR8 Temperatur BS,0.0000,0.0000,0.0000,15.4000,15.4000
2026-02-11,5239,MR5,MR5 Bügelmesss. BS,0.0000,0.0000,0.0000,30.6000,30.6000
2026-02-11,5240,AV,Arbeitsvorbereit. BS,0.0000,7.7000,0.0000,59.7200,67.4200
2026-02-11,5900,Qualifizierung,Qualifizierung,0.0000,0.0000,0.0000,7.7000,7.7000
2026-02-12,5211,MR11,MR11 Koordinatenm BS,0.0000,4.0000,0.0000,15.3000,19.3000
2026-02-12,5222,WE,WE BS,0.0000,0.0000,0.0000,61.5000,61.5000
2026-02-12,5223,WA,WA BS,0.0000,0.0000,0.0000,15.2000,15.2000
2026-02-12,5225,Packplatz,PP,0.0000,0.0000,0.0000,29.1000,29.1000
2026-02-12,5231,MR1,MR1 Endmaße BS,0.0000,0.0000,0.0000,29.0200,29.0200
2026-02-12,5232,MR7,MR7 Lehren BS,0.0000,0.0000,0.0000,61.5000,61.5000
2026-02-12,5233,MR4,MR4 Lohnmessung BS,0.0000,0.0000,0.0000,7.6000,7.6000
2026-02-12,5234,MR2,MR2 Drehmoment BS,0.0000,0.0000,7.7000,46.1000,53.8000
2026-02-12,5235,MR6,MR6 Messschieber BS,0.0000,0.0000,0.0000,23.1000,23.1000
2026-02-12,5236,MR3,MR3 Messuhren BS,0.0000,0.0000,0.0000,23.1000,23.1000
2026-02-12,5237,MR9,MR9 Elektro BS,0.0000,0.0000,0.0000,23.0000,23.0000
2026-02-12,5238,MR8,MR8 Temperatur BS,0.0000,0.0000,0.0000,15.4000,15.4000
2026-02-12,5239,MR5,MR5 Bügelmesss. BS,0.0000,0.0000,0.0000,30.6000,30.6000
2026-02-12,5240,AV,Arbeitsvorbereit. BS,0.0000,0.0000,0.0000,72.4200,72.4200
2026-02-12,5900,Qualifizierung,Qualifizierung,0.0000,0.0000,0.0000,7.7000,7.7000
2026-02-13,5211,MR11,MR11 Koordinatenm BS,0.0000,11.7000,0.0000,7.6000,19.3000
2026-02-13,5222,WE,WE BS,0.0000,0.0000,0.0000,61.5000,61.5000
2026-02-13,5223,WA,WA BS,0.0000,0.0000,0.0000,7.6000,7.6000
2026-02-13,5225,Packplatz,PP,0.0000,0.0000,0.0000,29.1000,29.1000
2026-02-13,5231,MR1,MR1 Endmaße BS,0.0000,0.0000,0.0000,29.0300,29.0300
2026-02-13,5232,MR7,MR7 Lehren BS,0.0000,0.0000,0.0000,61.5000,61.5000
2026-02-13,5233,MR4,MR4 Lohnmessung BS,0.0000,0.0000,0.0000,7.6000,7.6000
2026-02-13,5234,MR2,MR2 Drehmoment BS,0.0000,0.0000,7.7000,46.1000,53.8000
2026-02-13,5235,MR6,MR6 Messschieber BS,0.0000,0.0000,7.7000,15.4000,23.1000
2026-02-13,5236,MR3,MR3 Messuhren BS,0.0000,0.0000,0.0000,23.1000,23.1000
2026-02-13,5237,MR9,MR9 Elektro BS,0.0000,0.0000,0.0000,23.0000,23.0000
2026-02-13,5238,MR8,MR8 Temperatur BS,0.0000,0.0000,0.0000,15.4000,15.4000
2026-02-13,5239,MR5,MR5 Bügelmesss. BS,0.0000,0.0000,0.0000,30.6000,30.6000
2026-02-13,5240,AV,Arbeitsvorbereit. BS,0.0000,0.0000,0.0000,72.4300,72.4300
2026-02-13,5900,Qualifizierung,Qualifizierung,0.0000,0.0000,0.0000,7.7000,7.7000
2026-02-16,5211,MR11,MR11 Koordinatenm BS,0.0000,0.0000,0.0000,19.3000,19.3000
2026-02-16,5222,WE,WE BS,0.0000,0.0000,0.0000,61.5000,61.5000
2026-02-16,5223,WA,WA BS,0.0000,0.0000,0.0000,15.2000,15.2000
2026-02-16,5225,Packplatz,PP,0.0000,0.0000,0.0000,29.1000,29.1000
2026-02-16,5231,MR1,MR1 Endmaße BS,0.0000,0.0000,0.0000,29.0200,29.0200
2026-02-16,5232,MR7,MR7 Lehren BS,0.0000,0.0000,0.0000,61.5000,61.5000
2026-02-16,5233,MR4,MR4 Lohnmessung BS,0.0000,0.0000,0.0000,7.6000,7.6000
2026-02-16,5234,MR2,MR2 Drehmoment BS,0.0000,0.0000,0.0000,46.1000,46.1000
2026-02-16,5235,MR6,MR6 Messschieber BS,0.0000,0.0000,15.4000,15.4000,30.8000
2026-02-16,5236,MR3,MR3 Messuhren BS,0.0000,0.0000,0.0000,23.1000,23.1000
2026-02-16,5237,MR9,MR9 Elektro BS,0.0000,0.0000,0.0000,23.0000,23.0000
2026-02-16,5238,MR8,MR8 Temperatur BS,0.0000,0.0000,0.0000,15.4000,15.4000
2026-02-16,5239,MR5,MR5 Bügelmesss. BS,0.0000,0.0000,0.0000,30.6000,30.6000
2026-02-16,5240,AV,Arbeitsvorbereit. BS,0.0000,0.0000,0.0000,72.4200,72.4200
2026-02-16,5900,Qualifizierung,Qualifizierung,0.0000,0.0000,0.0000,7.7000,7.7000
2026-02-17,5211,MR11,MR11 Koordinatenm BS,0.0000,0.0000,0.0000,19.3000,19.3000
2026-02-17,5222,WE,WE BS,0.0000,0.0000,0.0000,61.5000,61.5000
2026-02-17,5223,WA,WA BS,0.0000,0.0000,0.0000,15.2000,15.2000
2026-02-17,5225,Packplatz,PP,0.0000,0.0000,0.0000,29.1000,29.1000
2026-02-17,5231,MR1,MR1 Endmaße BS,0.0000,0.0000,0.0000,29.0200,29.0200
2026-02-17,5232,MR7,MR7 Lehren BS,0.0000,0.0000,0.0000,61.5000,61.5000
2026-02-17,5233,MR4,MR4 Lohnmessung BS,0.0000,0.0000,0.0000,7.6000,7.6000
2026-02-17,5234,MR2,MR2 Drehmoment BS,0.0000,0.0000,0.0000,46.1000,46.1000
2026-02-17,5235,MR6,MR6 Messschieber BS,0.0000,0.0000,7.7000,23.1000,30.8000
2026-02-17,5236,MR3,MR3 Messuhren BS,0.0000,7.7000,0.0000,15.4000,23.1000
2026-02-17,5237,MR9,MR9 Elektro BS,0.0000,0.0000,0.0000,23.0000,23.0000
2026-02-17,5238,MR8,MR8 Temperatur BS,0.0000,0.0000,0.0000,15.4000,15.4000
2026-02-17,5239,MR5,MR5 Bügelmesss. BS,0.0000,0.0000,0.0000,30.6000,30.6000
2026-02-17,5240,AV,Arbeitsvorbereit. BS,0.0000,7.7000,0.0000,64.7200,72.4200
2026-02-17,5900,Qualifizierung,Qualifizierung,0.0000,0.0000,0.0000,7.7000,7.7000
2026-02-18,5211,MR11,MR11 Koordinatenm BS,0.0000,7.7000,0.0000,11.6000,19.3000
2026-02-18,5222,WE,WE BS,0.0000,0.0000,0.0000,61.5000,61.5000
2026-02-18,5223,WA,WA BS,0.0000,0.0000,0.0000,15.2000,15.2000
2026-02-18,5225,Packplatz,PP,0.0000,0.0000,0.0000,29.1000,29.1000
2026-02-18,5231,MR1,MR1 Endmaße BS,0.0000,0.0000,0.0000,29.0200,29.0200
2026-02-18,5232,MR7,MR7 Lehren BS,0.0000,0.0000,0.0000,61.5000,61.5000
2026-02-18,5233,MR4,MR4 Lohnmessung BS,0.0000,0.0000,0.0000,7.6000,7.6000
2026-02-18,5234,MR2,MR2 Drehmoment BS,0.0000,0.0000,0.0000,46.1000,46.1000
2026-02-18,5235,MR6,MR6 Messschieber BS,0.0000,0.0000,7.7000,23.1000,30.8000
2026-02-18,5236,MR3,MR3 Messuhren BS,0.0000,0.0000,0.0000,23.1000,23.1000
2026-02-18,5237,MR9,MR9 Elektro BS,0.0000,0.0000,0.0000,23.0000,23.0000
2026-02-18,5238,MR8,MR8 Temperatur BS,0.0000,7.7000,0.0000,7.7000,15.4000
2026-02-18,5239,MR5,MR5 Bügelmesss. BS,0.0000,0.0000,0.0000,30.6000,30.6000
2026-02-18,5240,AV,Arbeitsvorbereit. BS,0.0000,15.4000,0.0000,52.0200,67.4200
2026-02-18,5900,Qualifizierung,Qualifizierung,0.0000,0.0000,0.0000,7.7000,7.7000
2026-02-19,5211,MR11,MR11 Koordinatenm BS,0.0000,7.7000,0.0000,11.6000,19.3000
2026-02-19,5222,WE,WE BS,0.0000,0.0000,0.0000,61.5000,61.5000
2026-02-19,5223,WA,WA BS,0.0000,0.0000,0.0000,15.2000,15.2000
2026-02-19,5225,Packplatz,PP,0.0000,0.0000,0.0000,29.1000,29.1000
2026-02-19,5231,MR1,MR1 Endmaße BS,0.0000,0.0000,0.0000,29.0200,29.0200
2026-02-19,5232,MR7,MR7 Lehren BS,0.0000,0.0000,0.0000,53.8000,53.8000
2026-02-19,5233,MR4,MR4 Lohnmessung BS,0.0000,0.0000,0.0000,7.6000,7.6000
2026-02-19,5234,MR2,MR2 Drehmoment BS,0.0000,0.0000,0.0000,46.1000,46.1000
2026-02-19,5235,MR6,MR6 Messschieber BS,0.0000,0.0000,7.7000,23.1000,30.8000
2026-02-19,5236,MR3,MR3 Messuhren BS,0.0000,0.0000,0.0000,23.1000,23.1000
2026-02-19,5237,MR9,MR9 Elektro BS,0.0000,0.0000,0.0000,23.0000,23.0000
2026-02-19,5238,MR8,MR8 Temperatur BS,0.0000,7.7000,0.0000,7.7000,15.4000
2026-02-19,5239,MR5,MR5 Bügelmesss. BS,0.0000,0.0000,0.0000,30.6000,30.6000
2026-02-19,5240,AV,Arbeitsvorbereit. BS,0.0000,7.7000,0.0000,64.7200,72.4200
2026-02-19,5900,Qualifizierung,Qualifizierung,0.0000,0.0000,0.0000,7.7000,7.7000
2026-02-20,5211,MR11,MR11 Koordinatenm BS,0.0000,7.7000,4.0000,7.6000,19.3000
2026-02-20,5222,WE,WE BS,0.0000,0.0000,0.0000,61.5000,61.5000
2026-02-20,5223,WA,WA BS,0.0000,0.0000,0.0000,7.6000,7.6000
2026-02-20,5225,Packplatz,PP,0.0000,0.0000,7.7000,21.4000,29.1000
2026-02-20,5231,MR1,MR1 Endmaße BS,0.0000,0.0000,0.0000,29.0300,29.0300
2026-02-20,5232,MR7,MR7 Lehren BS,0.0000,0.0000,7.7000,53.8000,61.5000
2026-02-20,5233,MR4,MR4 Lohnmessung BS,0.0000,0.0000,0.0000,7.6000,7.6000
2026-02-20,5234,MR2,MR2 Drehmoment BS,0.0000,0.0000,0.0000,46.1000,46.1000
2026-02-20,5235,MR6,MR6 Messschieber BS,0.0000,7.7000,7.7000,15.4000,30.8000
2026-02-20,5236,MR3,MR3 Messuhren BS,0.0000,0.0000,7.7000,15.4000,23.1000
2026-02-20,5237,MR9,MR9 Elektro BS,0.0000,0.0000,0.0000,23.0000,23.0000
2026-02-20,5238,MR8,MR8 Temperatur BS,0.0000,7.7000,0.0000,7.7000,15.4000
2026-02-20,5239,MR5,MR5 Bügelmesss. BS,0.0000,0.0000,0.0000,30.6000,30.6000
2026-02-20,5240,AV,Arbeitsvorbereit. BS,0.0000,7.7000,0.0000,64.7300,72.4300
2026-02-20,5900,Qualifizierung,Qualifizierung,0.0000,0.0000,0.0000,7.7000,7.7000
2026-02-23,5211,MR11,MR11 Koordinatenm BS,0.0000,0.0000,0.0000,19.3000,19.3000
2026-02-23,5222,WE,WE BS,0.0000,0.0000,0.0000,61.5000,61.5000
2026-02-23,5223,WA,WA BS,0.0000,0.0000,0.0000,15.2000,15.2000
2026-02-23,5225,Packplatz,PP,0.0000,0.0000,0.0000,29.1000,29.1000
2026-02-23,5231,MR1,MR1 Endmaße BS,0.0000,0.0000,0.0000,29.0200,29.0200
2026-02-23,5232,MR7,MR7 Lehren BS,0.0000,0.0000,7.7000,53.8000,61.5000
2026-02-23,5233,MR4,MR4 Lohnmessung BS,0.0000,0.0000,0.0000,7.6000,7.6000
2026-02-23,5234,MR2,MR2 Drehmoment BS,0.0000,0.0000,0.0000,46.1000,46.1000
2026-02-23,5235,MR6,MR6 Messschieber BS,0.0000,0.0000,0.0000,30.8000,30.8000
2026-02-23,5236,MR3,MR3 Messuhren BS,0.0000,0.0000,0.0000,23.1000,23.1000
2026-02-23,5237,MR9,MR9 Elektro BS,0.0000,0.0000,0.0000,23.0000,23.0000
2026-02-23,5238,MR8,MR8 Temperatur BS,0.0000,0.0000,0.0000,15.4000,15.4000
2026-02-23,5239,MR5,MR5 Bügelmesss. BS,0.0000,0.0000,0.0000,30.6000,30.6000
2026-02-23,5240,AV,Arbeitsvorbereit. BS,0.0000,0.0000,7.7000,64.7200,72.4200
2026-02-23,5900,Qualifizierung,Qualifizierung,0.0000,0.0000,0.0000,7.7000,7.7000
2026-02-24,5211,MR11,MR11 Koordinatenm BS,0.0000,0.0000,0.0000,19.3000,19.3000
2026-02-24,5222,WE,WE BS,0.0000,7.7000,0.0000,53.8000,61.5000
2026-02-24,5223,WA,WA BS,0.0000,0.0000,0.0000,15.2000,15.2000
2026-02-24,5225,Packplatz,PP,0.0000,0.0000,0.0000,29.1000,29.1000
2026-02-24,5231,MR1,MR1 Endmaße BS,0.0000,0.0000,0.0000,21.3200,21.3200
2026-02-24,5232,MR7,MR7 Lehren BS,0.0000,0.0000,7.7000,53.8000,61.5000
2026-02-24,5233,MR4,MR4 Lohnmessung BS,0.0000,0.0000,0.0000,7.6000,7.6000
2026-02-24,5234,MR2,MR2 Drehmoment BS,0.0000,0.0000,0.0000,46.1000,46.1000
2026-02-24,5235,MR6,MR6 Messschieber BS,0.0000,0.0000,0.0000,38.5000,38.5000
2026-02-24,5236,MR3,MR3 Messuhren BS,0.0000,0.0000,0.0000,23.1000,23.1000
2026-02-24,5237,MR9,MR9 Elektro BS,0.0000,0.0000,0.0000,23.0000,23.0000
2026-02-24,5238,MR8,MR8 Temperatur BS,0.0000,0.0000,0.0000,15.4000,15.4000
2026-02-24,5239,MR5,MR5 Bügelmesss. BS,0.0000,0.0000,0.0000,30.6000,30.6000
2026-02-24,5240,AV,Arbeitsvorbereit. BS,0.0000,0.0000,0.0000,72.4200,72.4200
2026-02-24,5900,Qualifizierung,Qualifizierung,0.0000,0.0000,0.0000,7.7000,7.7000
2026-02-25,5211,MR11,MR11 Koordinatenm BS,0.0000,0.0000,0.0000,19.3000,19.3000
2026-02-25,5222,WE,WE BS,0.0000,7.7000,0.0000,53.8000,61.5000
2026-02-25,5223,WA,WA BS,0.0000,0.0000,0.0000,15.2000,15.2000
2026-02-25,5225,Packplatz,PP,0.0000,0.0000,7.7000,21.4000,29.1000
2026-02-25,5231,MR1,MR1 Endmaße BS,0.0000,0.0000,0.0000,21.3200,21.3200
2026-02-25,5232,MR7,MR7 Lehren BS,0.0000,7.6000,7.7000,53.9000,69.2000
2026-02-25,5233,MR4,MR4 Lohnmessung BS,0.0000,0.0000,0.0000,7.6000,7.6000
2026-02-25,5234,MR2,MR2 Drehmoment BS,0.0000,0.0000,0.0000,46.1000,46.1000
2026-02-25,5235,MR6,MR6 Messschieber BS,0.0000,0.0000,0.0000,30.8000,30.8000
2026-02-25,5236,MR3,MR3 Messuhren BS,0.0000,0.0000,0.0000,23.1000,23.1000
2026-02-25,5237,MR9,MR9 Elektro BS,0.0000,0.0000,0.0000,23.0000,23.0000
2026-02-25,5238,MR8,MR8 Temperatur BS,0.0000,0.0000,0.0000,15.4000,15.4000
2026-02-25,5239,MR5,MR5 Bügelmesss. BS,0.0000,0.0000,0.0000,30.6000,30.6000
2026-02-25,5240,AV,Arbeitsvorbereit. BS,0.0000,0.0000,0.0000,67.4200,67.4200
2026-02-25,5900,Qualifizierung,Qualifizierung,0.0000,0.0000,0.0000,7.7000,7.7000
2026-02-26,5211,MR11,MR11 Koordinatenm BS,0.0000,0.0000,0.0000,19.3000,19.3000
2026-02-26,5222,WE,WE BS,0.0000,7.7000,0.0000,53.8000,61.5000
2026-02-26,5223,WA,WA BS,0.0000,0.0000,0.0000,15.2000,15.2000
2026-02-26,5225,Packplatz,PP,0.0000,0.0000,0.0000,29.1000,29.1000
2026-02-26,5231,MR1,MR1 Endmaße BS,0.0000,5.9200,0.0000,15.4000,21.3200
2026-02-26,5232,MR7,MR7 Lehren BS,0.0000,7.6000,7.7000,53.9000,69.2000
2026-02-26,5233,MR4,MR4 Lohnmessung BS,0.0000,0.0000,0.0000,7.6000,7.6000
2026-02-26,5234,MR2,MR2 Drehmoment BS,0.0000,0.0000,0.0000,46.1000,46.1000
2026-02-26,5235,MR6,MR6 Messschieber BS,0.0000,0.0000,0.0000,30.8000,30.8000
2026-02-26,5236,MR3,MR3 Messuhren BS,0.0000,0.0000,0.0000,23.1000,23.1000
2026-02-26,5237,MR9,MR9 Elektro BS,0.0000,0.0000,0.0000,23.0000,23.0000
2026-02-26,5238,MR8,MR8 Temperatur BS,0.0000,0.0000,0.0000,15.4000,15.4000
2026-02-26,5239,MR5,MR5 Bügelmesss. BS,0.0000,7.7000,0.0000,22.9000,30.6000
2026-02-26,5240,AV,Arbeitsvorbereit. BS,0.0000,5.9200,0.0000,66.5000,72.4200
2026-02-26,5900,Qualifizierung,Qualifizierung,0.0000,0.0000,0.0000,7.7000,7.7000
2026-02-27,5211,MR11,MR11 Koordinatenm BS,0.0000,0.0000,0.0000,11.7000,11.7000
2026-02-27,5222,WE,WE BS,0.0000,7.7000,0.0000,53.8000,61.5000
2026-02-27,5223,WA,WA BS,0.0000,0.0000,0.0000,7.6000,7.6000
2026-02-27,5225,Packplatz,PP,0.0000,0.0000,7.7000,21.4000,29.1000
2026-02-27,5231,MR1,MR1 Endmaße BS,0.0000,5.9300,0.0000,15.4000,21.3300
2026-02-27,5232,MR7,MR7 Lehren BS,0.0000,7.6000,15.4000,46.2000,69.2000
2026-02-27,5233,MR4,MR4 Lohnmessung BS,0.0000,0.0000,0.0000,7.6000,7.6000
2026-02-27,5234,MR2,MR2 Drehmoment BS,0.0000,0.0000,0.0000,38.4000,38.4000
2026-02-27,5235,MR6,MR6 Messschieber BS,0.0000,0.0000,0.0000,30.8000,30.8000
2026-02-27,5236,MR3,MR3 Messuhren BS,0.0000,0.0000,0.0000,23.1000,23.1000
2026-02-27,5237,MR9,MR9 Elektro BS,0.0000,0.0000,0.0000,23.0000,23.0000
2026-02-27,5238,MR8,MR8 Temperatur BS,0.0000,0.0000,0.0000,15.4000,15.4000
2026-02-27,5239,MR5,MR5 Bügelmesss. BS,0.0000,0.0000,0.0000,30.6000,30.6000
2026-02-27,5240,AV,Arbeitsvorbereit. BS,0.0000,5.9300,7.7000,58.8000,72.4300
2026-02-27,5900,Qualifizierung,Qualifizierung,0.0000,0.0000,0.0000,7.7000,7.7000
2026-03-02,5211,MR11,MR11 Koordinatenm BS,0.0000,0.0000,0.0000,19.3000,19.3000
2026-03-02,5222,WE,WE BS,0.0000,0.0000,7.7000,59.8000,67.5000
2026-03-02,5223,WA,WA BS,0.0000,0.0000,0.0000,15.2000,15.2000
2026-03-02,5225,Packplatz,PP,0.0000,0.0000,0.0000,23.1000,23.1000
2026-03-02,5231,MR1,MR1 Endmaße BS,0.0000,5.9200,0.0000,23.1000,29.0200
2026-03-02,5232,MR7,MR7 Lehren BS,0.0000,0.0000,7.7000,52.1000,59.8000
2026-03-02,5233,MR4,MR4 Lohnmessung BS,0.0000,0.0000,0.0000,7.6000,7.6000
2026-03-02,5234,MR2,MR2 Drehmoment BS,0.0000,0.0000,0.0000,46.1000,46.1000
2026-03-02,5235,MR6,MR6 Messschieber BS,0.0000,0.0000,0.0000,30.8000,30.8000
2026-03-02,5236,MR3,MR3 Messuhren BS,0.0000,0.0000,0.0000,23.1000,23.1000
2026-03-02,5237,MR9,MR9 Elektro BS,0.0000,0.0000,0.0000,30.7000,30.7000
2026-03-02,5238,MR8,MR8 Temperatur BS,0.0000,0.0000,0.0000,7.7000,7.7000
2026-03-02,5239,MR5,MR5 Bügelmesss. BS,0.0000,0.0000,0.0000,30.6000,30.6000
2026-03-02,5240,AV,Arbeitsvorbereit. BS,0.0000,0.0000,0.0000,72.4200,72.4200
2026-03-02,5900,Qualifizierung,Qualifizierung,0.0000,0.0000,0.0000,7.7000,7.7000
2026-03-03,5211,MR11,MR11 Koordinatenm BS,0.0000,0.0000,0.0000,19.3000,19.3000
2026-03-03,5222,WE,WE BS,0.0000,0.0000,0.0000,67.5000,67.5000
2026-03-03,5223,WA,WA BS,0.0000,0.0000,0.0000,15.2000,15.2000
2026-03-03,5225,Packplatz,PP,0.0000,0.0000,0.0000,23.1000,23.1000
2026-03-03,5231,MR1,MR1 Endmaße BS,0.0000,5.9200,0.0000,23.1000,29.0200
2026-03-03,5232,MR7,MR7 Lehren BS,0.0000,0.0000,7.7000,52.1000,59.8000
2026-03-03,5234,MR2,MR2 Drehmoment BS,0.0000,0.0000,0.0000,46.1000,46.1000
2026-03-03,5235,MR6,MR6 Messschieber BS,0.0000,0.0000,0.0000,30.8000,30.8000
2026-03-03,5236,MR3,MR3 Messuhren BS,0.0000,0.0000,0.0000,23.1000,23.1000
2026-03-03,5237,MR9,MR9 Elektro BS,0.0000,0.0000,0.0000,30.7000,30.7000
2026-03-03,5238,MR8,MR8 Temperatur BS,0.0000,0.0000,0.0000,7.7000,7.7000
2026-03-03,5239,MR5,MR5 Bügelmesss. BS,0.0000,0.0000,0.0000,30.6000,30.6000
2026-03-03,5240,AV,Arbeitsvorbereit. BS,0.0000,0.0000,0.0000,72.4200,72.4200
2026-03-03,5900,Qualifizierung,Qualifizierung,0.0000,0.0000,0.0000,7.7000,7.7000
2026-03-04,5211,MR11,MR11 Koordinatenm BS,0.0000,0.0000,0.0000,19.3000,19.3000
2026-03-04,5222,WE,WE BS,0.0000,0.0000,0.0000,67.5000,67.5000
2026-03-04,5223,WA,WA BS,0.0000,0.0000,0.0000,15.2000,15.2000
2026-03-04,5225,Packplatz,PP,0.0000,0.0000,0.0000,23.1000,23.1000
2026-03-04,5231,MR1,MR1 Endmaße BS,0.0000,5.9200,0.0000,23.1000,29.0200
2026-03-04,5232,MR7,MR7 Lehren BS,0.0000,0.0000,7.7000,52.1000,59.8000
2026-03-04,5233,MR4,MR4 Lohnmessung BS,0.0000,0.0000,0.0000,7.6000,7.6000
2026-03-04,5234,MR2,MR2 Drehmoment BS,0.0000,0.0000,0.0000,46.1000,46.1000
2026-03-04,5235,MR6,MR6 Messschieber BS,0.0000,0.0000,0.0000,30.8000,30.8000
2026-03-04,5236,MR3,MR3 Messuhren BS,0.0000,0.0000,0.0000,23.1000,23.1000
2026-03-04,5237,MR9,MR9 Elektro BS,0.0000,0.0000,0.0000,30.7000,30.7000
2026-03-04,5238,MR8,MR8 Temperatur BS,0.0000,0.0000,0.0000,7.7000,7.7000
2026-03-04,5239,MR5,MR5 Bügelmesss. BS,0.0000,0.0000,0.0000,30.6000,30.6000
2026-03-04,5240,AV,Arbeitsvorbereit. BS,0.0000,0.0000,0.0000,67.4200,67.4200
2026-03-04,5900,Qualifizierung,Qualifizierung,0.0000,0.0000,0.0000,7.7000,7.7000
2026-03-05,5211,MR11,MR11 Koordinatenm BS,0.0000,0.0000,0.0000,19.3000,19.3000
2026-03-05,5222,WE,WE BS,0.0000,0.0000,0.0000,67.5000,67.5000
2026-03-05,5223,WA,WA BS,0.0000,0.0000,0.0000,15.2000,15.2000
2026-03-05,5225,Packplatz,PP,0.0000,0.0000,0.0000,23.1000,23.1000
2026-03-05,5231,MR1,MR1 Endmaße BS,0.0000,5.9200,7.7000,15.4000,29.0200
2026-03-05,5232,MR7,MR7 Lehren BS,0.0000,0.0000,7.7000,52.1000,59.8000
2026-03-05,5233,MR4,MR4 Lohnmessung BS,0.0000,0.0000,0.0000,7.6000,7.6000
2026-03-05,5234,MR2,MR2 Drehmoment BS,0.0000,0.0000,0.0000,46.1000,46.1000
2026-03-05,5235,MR6,MR6 Messschieber BS,0.0000,0.0000,0.0000,30.8000,30.8000
2026-03-05,5236,MR3,MR3 Messuhren BS,0.0000,0.0000,0.0000,23.1000,23.1000
2026-03-05,5237,MR9,MR9 Elektro BS,0.0000,0.0000,0.0000,30.7000,30.7000
2026-03-05,5238,MR8,MR8 Temperatur BS,0.0000,0.0000,0.0000,7.7000,7.7000
2026-03-05,5239,MR5,MR5 Bügelmesss. BS,0.0000,0.0000,0.0000,30.6000,30.6000
2026-03-05,5240,AV,Arbeitsvorbereit. BS,0.0000,5.9200,0.0000,66.5000,72.4200
2026-03-05,5900,Qualifizierung,Qualifizierung,0.0000,0.0000,0.0000,7.7000,7.7000
2026-03-06,5211,MR11,MR11 Koordinatenm BS,0.0000,0.0000,0.0000,19.3000,19.3000
2026-03-06,5222,WE,WE BS,0.0000,0.0000,0.0000,67.5000,67.5000
2026-03-06,5223,WA,WA BS,0.0000,0.0000,0.0000,7.6000,7.6000
2026-03-06,5225,Packplatz,PP,7.7000,0.0000,0.0000,15.4000,23.1000
2026-03-06,5231,MR1,MR1 Endmaße BS,0.0000,5.9300,0.0000,23.1000,29.0300
2026-03-06,5232,MR7,MR7 Lehren BS,0.0000,0.0000,15.3000,36.8000,52.1000
2026-03-06,5233,MR4,MR4 Lohnmessung BS,0.0000,0.0000,0.0000,7.6000,7.6000
2026-03-06,5234,MR2,MR2 Drehmoment BS,0.0000,0.0000,0.0000,46.1000,46.1000
2026-03-06,5235,MR6,MR6 Messschieber BS,0.0000,0.0000,0.0000,30.8000,30.8000
2026-03-06,5236,MR3,MR3 Messuhren BS,0.0000,7.7000,0.0000,15.4000,23.1000
2026-03-06,5237,MR9,MR9 Elektro BS,0.0000,0.0000,0.0000,30.7000,30.7000
2026-03-06,5238,MR8,MR8 Temperatur BS,0.0000,0.0000,0.0000,7.7000,7.7000
2026-03-06,5239,MR5,MR5 Bügelmesss. BS,0.0000,0.0000,0.0000,30.6000,30.6000
2026-03-06,5240,AV,Arbeitsvorbereit. BS,0.0000,5.9300,0.0000,66.5000,72.4300
2026-03-06,5900,Qualifizierung,Qualifizierung,0.0000,0.0000,0.0000,7.7000,7.7000
2026-03-09,5211,MR11,MR11 Koordinatenm BS,0.0000,0.0000,0.0000,19.3000,19.3000
2026-03-09,5222,WE,WE BS,0.0000,0.0000,0.0000,67.5000,67.5000
2026-03-09,5223,WA,WA BS,0.0000,0.0000,0.0000,15.2000,15.2000
2026-03-09,5225,Packplatz,PP,7.7000,0.0000,0.0000,15.4000,23.1000
2026-03-09,5231,MR1,MR1 Endmaße BS,0.0000,0.0000,7.7000,21.3200,29.0200
2026-03-09,5232,MR7,MR7 Lehren BS,0.0000,0.0000,7.7000,44.4000,52.1000
2026-03-09,5233,MR4,MR4 Lohnmessung BS,0.0000,0.0000,0.0000,7.6000,7.6000
2026-03-09,5234,MR2,MR2 Drehmoment BS,0.0000,0.0000,0.0000,46.1000,46.1000
2026-03-09,5235,MR6,MR6 Messschieber BS,7.7000,0.0000,0.0000,30.8000,38.5000
2026-03-09,5236,MR3,MR3 Messuhren BS,0.0000,7.7000,7.7000,7.7000,23.1000
2026-03-09,5237,MR9,MR9 Elektro BS,0.0000,0.0000,0.0000,30.7000,30.7000
2026-03-09,5238,MR8,MR8 Temperatur BS,0.0000,0.0000,0.0000,7.7000,7.7000
2026-03-09,5239,MR5,MR5 Bügelmesss. BS,0.0000,0.0000,0.0000,30.6000,30.6000
2026-03-09,5240,AV,Arbeitsvorbereit. BS,0.0000,0.0000,0.0000,72.4200,72.4200
2026-03-09,5900,Qualifizierung,Qualifizierung,0.0000,0.0000,0.0000,7.7000,7.7000
2026-03-10,5211,MR11,MR11 Koordinatenm BS,0.0000,0.0000,0.0000,19.3000,19.3000
2026-03-10,5222,WE,WE BS,0.0000,0.0000,0.0000,67.5000,67.5000
2026-03-10,5223,WA,WA BS,0.0000,0.0000,0.0000,15.2000,15.2000
2026-03-10,5225,Packplatz,PP,0.0000,0.0000,0.0000,23.1000,23.1000
2026-03-10,5231,MR1,MR1 Endmaße BS,0.0000,0.0000,7.7000,21.3200,29.0200
2026-03-10,5232,MR7,MR7 Lehren BS,0.0000,0.0000,7.7000,44.4000,52.1000
2026-03-10,5233,MR4,MR4 Lohnmessung BS,0.0000,0.0000,0.0000,7.6000,7.6000
2026-03-10,5234,MR2,MR2 Drehmoment BS,0.0000,0.0000,0.0000,46.1000,46.1000
2026-03-10,5235,MR6,MR6 Messschieber BS,7.7000,0.0000,0.0000,30.8000,38.5000
2026-03-10,5236,MR3,MR3 Messuhren BS,0.0000,7.7000,7.7000,7.7000,23.1000
2026-03-10,5237,MR9,MR9 Elektro BS,0.0000,0.0000,0.0000,30.7000,30.7000
2026-03-10,5238,MR8,MR8 Temperatur BS,0.0000,0.0000,0.0000,7.7000,7.7000
2026-03-10,5239,MR5,MR5 Bügelmesss. BS,0.0000,0.0000,0.0000,30.6000,30.6000
2026-03-10,5240,AV,Arbeitsvorbereit. BS,0.0000,5.9200,0.0000,66.5000,72.4200
2026-03-10,5900,Qualifizierung,Qualifizierung,0.0000,0.0000,0.0000,7.7000,7.7000
2026-03-11,5211,MR11,MR11 Koordinatenm BS,0.0000,0.0000,0.0000,19.3000,19.3000
2026-03-11,5222,WE,WE BS,0.0000,0.0000,0.0000,67.5000,67.5000
2026-03-11,5223,WA,WA BS,0.0000,0.0000,0.0000,15.2000,15.2000
2026-03-11,5225,Packplatz,PP,0.0000,0.0000,7.7000,15.4000,23.1000
2026-03-11,5231,MR1,MR1 Endmaße BS,0.0000,0.0000,7.7000,21.3200,29.0200
2026-03-11,5232,MR7,MR7 Lehren BS,0.0000,0.0000,7.6000,44.5000,52.1000
2026-03-11,5233,MR4,MR4 Lohnmessung BS,0.0000,0.0000,0.0000,7.6000,7.6000
2026-03-11,5234,MR2,MR2 Drehmoment BS,7.7000,0.0000,0.0000,38.4000,46.1000
2026-03-11,5235,MR6,MR6 Messschieber BS,7.7000,0.0000,0.0000,30.8000,38.5000
2026-03-11,5236,MR3,MR3 Messuhren BS,0.0000,7.7000,7.7000,7.7000,23.1000
2026-03-11,5237,MR9,MR9 Elektro BS,0.0000,0.0000,0.0000,30.7000,30.7000
2026-03-11,5238,MR8,MR8 Temperatur BS,0.0000,0.0000,0.0000,7.7000,7.7000
2026-03-11,5239,MR5,MR5 Bügelmesss. BS,0.0000,0.0000,0.0000,30.6000,30.6000
2026-03-11,5240,AV,Arbeitsvorbereit. BS,0.0000,5.9200,0.0000,61.5000,67.4200
2026-03-11,5900,Qualifizierung,Qualifizierung,0.0000,0.0000,0.0000,7.7000,7.7000
2026-03-12,5211,MR11,MR11 Koordinatenm BS,0.0000,0.0000,0.0000,19.3000,19.3000
2026-03-12,5222,WE,WE BS,0.0000,0.0000,0.0000,67.5000,67.5000
2026-03-12,5223,WA,WA BS,0.0000,0.0000,0.0000,15.2000,15.2000
2026-03-12,5225,Packplatz,PP,0.0000,0.0000,0.0000,23.1000,23.1000
2026-03-12,5231,MR1,MR1 Endmaße BS,0.0000,7.7000,7.7000,13.6200,29.0200
2026-03-12,5232,MR7,MR7 Lehren BS,0.0000,0.0000,0.0000,52.1000,52.1000
2026-03-12,5233,MR4,MR4 Lohnmessung BS,0.0000,0.0000,0.0000,7.6000,7.6000
2026-03-12,5234,MR2,MR2 Drehmoment BS,7.7000,0.0000,0.0000,38.4000,46.1000
2026-03-12,5235,MR6,MR6 Messschieber BS,7.7000,0.0000,0.0000,30.8000,38.5000
2026-03-12,5236,MR3,MR3 Messuhren BS,0.0000,0.0000,7.7000,15.4000,23.1000
2026-03-12,5237,MR9,MR9 Elektro BS,0.0000,0.0000,0.0000,30.7000,30.7000
2026-03-12,5238,MR8,MR8 Temperatur BS,0.0000,0.0000,0.0000,7.7000,7.7000
2026-03-12,5239,MR5,MR5 Bügelmesss. BS,0.0000,0.0000,0.0000,30.6000,30.6000
2026-03-12,5240,AV,Arbeitsvorbereit. BS,0.0000,5.9200,0.0000,66.5000,72.4200
2026-03-12,5900,Qualifizierung,Qualifizierung,0.0000,0.0000,0.0000,7.7000,7.7000
2026-03-13,5211,MR11,MR11 Koordinatenm BS,0.0000,0.0000,0.0000,19.3000,19.3000
2026-03-13,5222,WE,WE BS,0.0000,0.0000,0.0000,67.5000,67.5000
2026-03-13,5223,WA,WA BS,0.0000,0.0000,0.0000,7.6000,7.6000
2026-03-13,5225,Packplatz,PP,0.0000,0.0000,0.0000,23.1000,23.1000
2026-03-13,5231,MR1,MR1 Endmaße BS,0.0000,7.7000,7.7000,13.6300,29.0300
2026-03-13,5232,MR7,MR7 Lehren BS,0.0000,0.0000,7.7000,44.4000,52.1000
2026-03-13,5233,MR4,MR4 Lohnmessung BS,0.0000,0.0000,0.0000,7.6000,7.6000
2026-03-13,5234,MR2,MR2 Drehmoment BS,15.4000,0.0000,0.0000,30.7000,46.1000
2026-03-13,5235,MR6,MR6 Messschieber BS,7.7000,0.0000,0.0000,30.8000,38.5000
2026-03-13,5236,MR3,MR3 Messuhren BS,0.0000,7.7000,7.7000,7.7000,23.1000
2026-03-13,5237,MR9,MR9 Elektro BS,0.0000,0.0000,0.0000,30.7000,30.7000
2026-03-13,5238,MR8,MR8 Temperatur BS,0.0000,0.0000,0.0000,7.7000,7.7000
2026-03-13,5239,MR5,MR5 Bügelmesss. BS,0.0000,0.0000,0.0000,30.6000,30.6000
2026-03-13,5240,AV,Arbeitsvorbereit. BS,0.0000,5.9300,0.0000,66.5000,72.4300
2026-03-13,5900,Qualifizierung,Qualifizierung,0.0000,0.0000,0.0000,7.7000,7.7000
2026-03-16,5211,MR11,MR11 Koordinatenm BS,0.0000,0.0000,0.0000,19.3000,19.3000
2026-03-16,5222,WE,WE BS,0.0000,0.0000,7.7000,59.8000,67.5000
2026-03-16,5223,WA,WA BS,0.0000,0.0000,7.6000,7.6000,15.2000
2026-03-16,5225,Packplatz,PP,0.0000,0.0000,0.0000,23.1000,23.1000
2026-03-16,5231,MR1,MR1 Endmaße BS,0.0000,0.0000,7.7000,21.3200,29.0200
2026-03-16,5232,MR7,MR7 Lehren BS,0.0000,0.0000,0.0000,59.8000,59.8000
2026-03-16,5233,MR4,MR4 Lohnmessung BS,0.0000,0.0000,0.0000,7.6000,7.6000
2026-03-16,5234,MR2,MR2 Drehmoment BS,0.0000,0.0000,0.0000,46.1000,46.1000
2026-03-16,5235,MR6,MR6 Messschieber BS,7.7000,0.0000,0.0000,23.1000,30.8000
2026-03-16,5236,MR3,MR3 Messuhren BS,0.0000,0.0000,7.7000,15.4000,23.1000
2026-03-16,5237,MR9,MR9 Elektro BS,0.0000,0.0000,0.0000,30.7000,30.7000
2026-03-16,5238,MR8,MR8 Temperatur BS,0.0000,0.0000,0.0000,7.7000,7.7000
2026-03-16,5239,MR5,MR5 Bügelmesss. BS,0.0000,0.0000,0.0000,30.6000,30.6000
2026-03-16,5240,AV,Arbeitsvorbereit. BS,0.0000,0.0000,0.0000,72.4200,72.4200
2026-03-16,5900,Qualifizierung,Qualifizierung,0.0000,0.0000,0.0000,7.7000,7.7000
2026-03-17,5211,MR11,MR11 Koordinatenm BS,0.0000,0.0000,0.0000,19.3000,19.3000
2026-03-17,5222,WE,WE BS,0.0000,0.0000,0.0000,67.5000,67.5000
2026-03-17,5223,WA,WA BS,0.0000,0.0000,7.6000,7.6000,15.2000
2026-03-17,5225,Packplatz,PP,0.0000,0.0000,0.0000,23.1000,23.1000
2026-03-17,5231,MR1,MR1 Endmaße BS,0.0000,0.0000,0.0000,29.0200,29.0200
2026-03-17,5232,MR7,MR7 Lehren BS,0.0000,0.0000,0.0000,59.8000,59.8000
2026-03-17,5233,MR4,MR4 Lohnmessung BS,0.0000,0.0000,0.0000,7.6000,7.6000
2026-03-17,5234,MR2,MR2 Drehmoment BS,0.0000,0.0000,0.0000,38.4000,38.4000
2026-03-17,5235,MR6,MR6 Messschieber BS,7.7000,0.0000,0.0000,30.8000,38.5000
2026-03-17,5236,MR3,MR3 Messuhren BS,0.0000,0.0000,0.0000,23.1000,23.1000
2026-03-17,5237,MR9,MR9 Elektro BS,0.0000,0.0000,0.0000,30.7000,30.7000
2026-03-17,5239,MR5,MR5 Bügelmesss. BS,0.0000,0.0000,0.0000,30.6000,30.6000
2026-03-17,5240,AV,Arbeitsvorbereit. BS,0.0000,5.9200,0.0000,66.5000,72.4200
2026-03-17,5900,Qualifizierung,Qualifizierung,0.0000,0.0000,0.0000,7.7000,7.7000
2026-03-18,5211,MR11,MR11 Koordinatenm BS,0.0000,0.0000,0.0000,19.3000,19.3000
2026-03-18,5222,WE,WE BS,0.0000,0.0000,0.0000,67.5000,67.5000
2026-03-18,5223,WA,WA BS,0.0000,7.6000,0.0000,7.6000,15.2000
2026-03-18,5225,Packplatz,PP,0.0000,0.0000,0.0000,23.1000,23.1000
2026-03-18,5231,MR1,MR1 Endmaße BS,0.0000,0.0000,0.0000,29.0200,29.0200
2026-03-18,5232,MR7,MR7 Lehren BS,0.0000,0.0000,0.0000,59.8000,59.8000
2026-03-18,5233,MR4,MR4 Lohnmessung BS,0.0000,0.0000,0.0000,7.6000,7.6000
2026-03-18,5234,MR2,MR2 Drehmoment BS,0.0000,0.0000,0.0000,46.1000,46.1000
2026-03-18,5235,MR6,MR6 Messschieber BS,15.4000,0.0000,0.0000,23.1000,38.5000
2026-03-18,5236,MR3,MR3 Messuhren BS,0.0000,0.0000,0.0000,23.1000,23.1000
2026-03-18,5237,MR9,MR9 Elektro BS,0.0000,0.0000,0.0000,30.7000,30.7000
2026-03-18,5239,MR5,MR5 Bügelmesss. BS,0.0000,0.0000,0.0000,30.6000,30.6000
2026-03-18,5240,AV,Arbeitsvorbereit. BS,0.0000,0.0000,0.0000,67.4200,67.4200
2026-03-18,5900,Qualifizierung,Qualifizierung,0.0000,0.0000,0.0000,7.7000,7.7000
2026-03-19,5211,MR11,MR11 Koordinatenm BS,0.0000,0.0000,0.0000,19.3000,19.3000
2026-03-19,5222,WE,WE BS,0.0000,6.0000,0.0000,61.5000,67.5000
2026-03-19,5223,WA,WA BS,0.0000,7.6000,0.0000,7.6000,15.2000
2026-03-19,5225,Packplatz,PP,0.0000,0.0000,0.0000,23.1000,23.1000
2026-03-19,5231,MR1,MR1 Endmaße BS,0.0000,0.0000,0.0000,29.0200,29.0200
2026-03-19,5232,MR7,MR7 Lehren BS,0.0000,0.0000,0.0000,59.8000,59.8000
2026-03-19,5233,MR4,MR4 Lohnmessung BS,0.0000,0.0000,0.0000,7.6000,7.6000
2026-03-19,5234,MR2,MR2 Drehmoment BS,0.0000,0.0000,0.0000,46.1000,46.1000
2026-03-19,5235,MR6,MR6 Messschieber BS,15.4000,0.0000,0.0000,23.1000,38.5000
2026-03-19,5236,MR3,MR3 Messuhren BS,0.0000,0.0000,0.0000,23.1000,23.1000
2026-03-19,5237,MR9,MR9 Elektro BS,0.0000,0.0000,0.0000,30.7000,30.7000
2026-03-19,5239,MR5,MR5 Bügelmesss. BS,0.0000,0.0000,0.0000,30.6000,30.6000
2026-03-19,5240,AV,Arbeitsvorbereit. BS,0.0000,5.9200,7.7000,58.8000,72.4200
2026-03-19,5900,Qualifizierung,Qualifizierung,0.0000,0.0000,0.0000,7.7000,7.7000
2026-03-20,5211,MR11,MR11 Koordinatenm BS,0.0000,0.0000,0.0000,19.3000,19.3000
2026-03-20,5222,WE,WE BS,0.0000,6.0000,7.6000,53.9000,67.5000
2026-03-20,5223,WA,WA BS,0.0000,0.0000,0.0000,7.6000,7.6000
2026-03-20,5225,Packplatz,PP,0.0000,0.0000,7.7000,15.4000,23.1000
2026-03-20,5231,MR1,MR1 Endmaße BS,0.0000,0.0000,0.0000,29.0300,29.0300
2026-03-20,5232,MR7,MR7 Lehren BS,0.0000,0.0000,0.0000,59.8000,59.8000
2026-03-20,5233,MR4,MR4 Lohnmessung BS,0.0000,0.0000,0.0000,7.6000,7.6000
2026-03-20,5234,MR2,MR2 Drehmoment BS,0.0000,0.0000,7.7000,38.4000,46.1000
2026-03-20,5235,MR6,MR6 Messschieber BS,15.4000,0.0000,0.0000,23.1000,38.5000
2026-03-20,5236,MR3,MR3 Messuhren BS,0.0000,0.0000,0.0000,23.1000,23.1000
2026-03-20,5237,MR9,MR9 Elektro BS,0.0000,0.0000,0.0000,30.7000,30.7000
2026-03-20,5239,MR5,MR5 Bügelmesss. BS,0.0000,0.0000,0.0000,30.6000,30.6000
2026-03-20,5240,AV,Arbeitsvorbereit. BS,0.0000,5.9300,7.7000,53.8000,67.4300
2026-03-20,5900,Qualifizierung,Qualifizierung,0.0000,0.0000,0.0000,7.7000,7.7000
2026-03-23,5211,MR11,MR11 Koordinatenm BS,0.0000,0.0000,7.7000,11.6000,19.3000
2026-03-23,5222,WE,WE BS,0.0000,0.0000,15.3000,52.2000,67.5000
2026-03-23,5223,WA,WA BS,0.0000,7.6000,0.0000,7.6000,15.2000
2026-03-23,5225,Packplatz,PP,0.0000,0.0000,7.7000,15.4000,23.1000
2026-03-23,5231,MR1,MR1 Endmaße BS,0.0000,0.0000,7.7000,21.3200,29.0200
2026-03-23,5232,MR7,MR7 Lehren BS,0.0000,0.0000,0.0000,59.8000,59.8000
2026-03-23,5233,MR4,MR4 Lohnmessung BS,0.0000,0.0000,7.6000,,7.6000
2026-03-23,5234,MR2,MR2 Drehmoment BS,0.0000,0.0000,15.4000,30.7000,46.1000
2026-03-23,5235,MR6,MR6 Messschieber BS,0.0000,0.0000,0.0000,38.5000,38.5000
2026-03-23,5236,MR3,MR3 Messuhren BS,0.0000,0.0000,0.0000,23.1000,23.1000
2026-03-23,5237,MR9,MR9 Elektro BS,0.0000,0.0000,0.0000,30.7000,30.7000
2026-03-23,5239,MR5,MR5 Bügelmesss. BS,0.0000,0.0000,7.6000,23.0000,30.6000
2026-03-23,5240,AV,Arbeitsvorbereit. BS,0.0000,5.9200,0.0000,66.5000,72.4200
2026-03-23,5900,Qualifizierung,Qualifizierung,0.0000,0.0000,0.0000,7.7000,7.7000
2026-03-24,5211,MR11,MR11 Koordinatenm BS,0.0000,0.0000,7.7000,11.6000,19.3000
2026-03-24,5222,WE,WE BS,0.0000,0.0000,15.3000,52.2000,67.5000
2026-03-24,5223,WA,WA BS,0.0000,7.6000,0.0000,7.6000,15.2000
2026-03-24,5225,Packplatz,PP,0.0000,0.0000,0.0000,23.1000,23.1000
2026-03-24,5231,MR1,MR1 Endmaße BS,0.0000,0.0000,7.7000,21.3200,29.0200
2026-03-24,5232,MR7,MR7 Lehren BS,0.0000,0.0000,0.0000,53.8000,53.8000
2026-03-24,5233,MR4,MR4 Lohnmessung BS,0.0000,0.0000,0.0000,7.6000,7.6000
2026-03-24,5234,MR2,MR2 Drehmoment BS,0.0000,0.0000,7.7000,38.4000,46.1000
2026-03-24,5235,MR6,MR6 Messschieber BS,0.0000,0.0000,0.0000,23.1000,23.1000
2026-03-24,5236,MR3,MR3 Messuhren BS,0.0000,0.0000,0.0000,23.1000,23.1000
2026-03-24,5237,MR9,MR9 Elektro BS,0.0000,0.0000,0.0000,30.7000,30.7000
2026-03-24,5239,MR5,MR5 Bügelmesss. BS,0.0000,0.0000,7.6000,38.4000,46.0000
2026-03-24,5240,AV,Arbeitsvorbereit. BS,0.0000,5.9200,0.0000,66.5000,72.4200
2026-03-24,5900,Qualifizierung,Qualifizierung,0.0000,0.0000,0.0000,7.7000,7.7000
2026-03-25,5211,MR11,MR11 Koordinatenm BS,0.0000,0.0000,7.7000,11.6000,19.3000
2026-03-25,5222,WE,WE BS,0.0000,0.0000,15.3000,52.2000,67.5000
2026-03-25,5223,WA,WA BS,0.0000,7.6000,0.0000,7.6000,15.2000
2026-03-25,5225,Packplatz,PP,0.0000,0.0000,0.0000,23.1000,23.1000
2026-03-25,5231,MR1,MR1 Endmaße BS,0.0000,0.0000,7.7000,21.3200,29.0200
2026-03-25,5232,MR7,MR7 Lehren BS,0.0000,0.0000,7.7000,46.1000,53.8000
2026-03-25,5233,MR4,MR4 Lohnmessung BS,0.0000,0.0000,0.0000,7.6000,7.6000
2026-03-25,5234,MR2,MR2 Drehmoment BS,0.0000,0.0000,7.7000,38.4000,46.1000
2026-03-25,5235,MR6,MR6 Messschieber BS,0.0000,0.0000,0.0000,23.1000,23.1000
2026-03-25,5236,MR3,MR3 Messuhren BS,0.0000,0.0000,0.0000,23.1000,23.1000
2026-03-25,5237,MR9,MR9 Elektro BS,0.0000,0.0000,0.0000,30.7000,30.7000
2026-03-25,5239,MR5,MR5 Bügelmesss. BS,0.0000,0.0000,7.6000,38.4000,46.0000
2026-03-25,5240,AV,Arbeitsvorbereit. BS,0.0000,5.9200,0.0000,61.5000,67.4200
2026-03-25,5900,Qualifizierung,Qualifizierung,0.0000,0.0000,0.0000,7.7000,7.7000
2026-03-26,5211,MR11,MR11 Koordinatenm BS,0.0000,0.0000,7.7000,11.6000,19.3000
2026-03-26,5222,WE,WE BS,0.0000,0.0000,15.3000,52.2000,67.5000
2026-03-26,5223,WA,WA BS,0.0000,7.6000,0.0000,7.6000,15.2000
2026-03-26,5225,Packplatz,PP,0.0000,0.0000,0.0000,23.1000,23.1000
2026-03-26,5231,MR1,MR1 Endmaße BS,0.0000,0.0000,7.7000,21.3200,29.0200
2026-03-26,5232,MR7,MR7 Lehren BS,0.0000,0.0000,0.0000,53.8000,53.8000
2026-03-26,5233,MR4,MR4 Lohnmessung BS,0.0000,0.0000,0.0000,7.6000,7.6000
2026-03-26,5234,MR2,MR2 Drehmoment BS,0.0000,0.0000,7.7000,38.4000,46.1000
2026-03-26,5235,MR6,MR6 Messschieber BS,0.0000,0.0000,0.0000,23.1000,23.1000
2026-03-26,5236,MR3,MR3 Messuhren BS,0.0000,0.0000,0.0000,23.1000,23.1000
2026-03-26,5237,MR9,MR9 Elektro BS,0.0000,0.0000,0.0000,30.7000,30.7000
2026-03-26,5239,MR5,MR5 Bügelmesss. BS,0.0000,0.0000,7.6000,38.4000,46.0000
2026-03-26,5240,AV,Arbeitsvorbereit. BS,0.0000,10.9200,0.0000,61.5000,72.4200
2026-03-26,5900,Qualifizierung,Qualifizierung,0.0000,0.0000,0.0000,7.7000,7.7000
2026-03-27,5211,MR11,MR11 Koordinatenm BS,0.0000,0.0000,7.7000,11.6000,19.3000
2026-03-27,5222,WE,WE BS,0.0000,0.0000,15.3000,52.2000,67.5000
2026-03-27,5223,WA,WA BS,0.0000,0.0000,0.0000,7.6000,7.6000
2026-03-27,5225,Packplatz,PP,0.0000,0.0000,0.0000,23.1000,23.1000
2026-03-27,5231,MR1,MR1 Endmaße BS,0.0000,0.0000,7.7000,21.3300,29.0300
2026-03-27,5232,MR7,MR7 Lehren BS,0.0000,0.0000,7.7000,46.1000,53.8000
2026-03-27,5233,MR4,MR4 Lohnmessung BS,0.0000,0.0000,0.0000,7.6000,7.6000
2026-03-27,5234,MR2,MR2 Drehmoment BS,0.0000,0.0000,7.7000,38.4000,46.1000
2026-03-27,5235,MR6,MR6 Messschieber BS,0.0000,0.0000,0.0000,23.1000,23.1000
2026-03-27,5236,MR3,MR3 Messuhren BS,0.0000,0.0000,0.0000,23.1000,23.1000
2026-03-27,5237,MR9,MR9 Elektro BS,0.0000,0.0000,7.7000,23.0000,30.7000
2026-03-27,5239,MR5,MR5 Bügelmesss. BS,0.0000,0.0000,7.6000,38.4000,46.0000
2026-03-27,5240,AV,Arbeitsvorbereit. BS,0.0000,5.9300,7.7000,58.8000,72.4300
2026-03-27,5900,Qualifizierung,Qualifizierung,0.0000,0.0000,0.0000,7.7000,7.7000
2026-03-30,5211,MR11,MR11 Koordinatenm BS,0.0000,0.0000,11.6000,7.7000,19.3000
2026-03-30,5222,WE,WE BS,0.0000,0.0000,15.3000,52.2000,67.5000
2026-03-30,5223,WA,WA BS,0.0000,7.6000,0.0000,7.6000,15.2000
2026-03-30,5225,Packplatz,PP,0.0000,0.0000,7.7000,15.4000,23.1000
2026-03-30,5231,MR1,MR1 Endmaße BS,0.0000,0.0000,0.0000,29.0200,29.0200
2026-03-30,5232,MR7,MR7 Lehren BS,0.0000,0.0000,13.7000,46.1000,59.8000
2026-03-30,5233,MR4,MR4 Lohnmessung BS,0.0000,0.0000,0.0000,7.6000,7.6000
2026-03-30,5234,MR2,MR2 Drehmoment BS,0.0000,0.0000,15.4000,30.7000,46.1000
2026-03-30,5235,MR6,MR6 Messschieber BS,0.0000,0.0000,7.7000,15.4000,23.1000
2026-03-30,5236,MR3,MR3 Messuhren BS,0.0000,0.0000,0.0000,23.1000,23.1000
2026-03-30,5237,MR9,MR9 Elektro BS,0.0000,0.0000,0.0000,30.7000,30.7000
2026-03-30,5239,MR5,MR5 Bügelmesss. BS,0.0000,0.0000,7.6000,38.4000,46.0000
2026-03-30,5240,AV,Arbeitsvorbereit. BS,0.0000,5.9200,20.4000,46.1000,72.4200
2026-03-30,5900,Qualifizierung,Qualifizierung,0.0000,0.0000,0.0000,7.7000,7.7000
2026-03-31,5211,MR11,MR11 Koordinatenm BS,0.0000,0.0000,11.6000,7.7000,19.3000
2026-03-31,5222,WE,WE BS,0.0000,0.0000,7.7000,59.8000,67.5000
2026-03-31,5223,WA,WA BS,0.0000,7.6000,0.0000,7.6000,15.2000
2026-03-31,5225,Packplatz,PP,0.0000,0.0000,7.7000,15.4000,23.1000
2026-03-31,5231,MR1,MR1 Endmaße BS,0.0000,0.0000,0.0000,21.3200,21.3200
2026-03-31,5232,MR7,MR7 Lehren BS,0.0000,0.0000,13.7000,53.8000,67.5000
2026-03-31,5233,MR4,MR4 Lohnmessung BS,0.0000,0.0000,0.0000,7.6000,7.6000
2026-03-31,5234,MR2,MR2 Drehmoment BS,0.0000,0.0000,7.7000,38.4000,46.1000
2026-03-31,5235,MR6,MR6 Messschieber BS,0.0000,0.0000,7.7000,15.4000,23.1000
2026-03-31,5236,MR3,MR3 Messuhren BS,0.0000,0.0000,0.0000,23.1000,23.1000
2026-03-31,5237,MR9,MR9 Elektro BS,0.0000,0.0000,0.0000,30.7000,30.7000
2026-03-31,5239,MR5,MR5 Bügelmesss. BS,0.0000,0.0000,7.6000,38.4000,46.0000
2026-03-31,5240,AV,Arbeitsvorbereit. BS,0.0000,5.9200,20.4000,46.1000,72.4200
2026-03-31,5900,Qualifizierung,Qualifizierung,0.0000,0.0000,0.0000,7.7000,7.7000
2026-04-01,5211,MR11,MR11 Koordinatenm BS,0.0000,0.0000,11.6000,7.7000,19.3000
2026-04-01,5222,WE,WE BS,0.0000,0.0000,7.7000,59.8000,67.5000
2026-04-01,5223,WA,WA BS,0.0000,7.6000,7.6000,,15.2000
2026-04-01,5225,Packplatz,PP,0.0000,0.0000,7.7000,15.4000,23.1000
2026-04-01,5231,MR1,MR1 Endmaße BS,0.0000,0.0000,0.0000,21.3200,21.3200
2026-04-01,5232,MR7,MR7 Lehren BS,0.0000,0.0000,13.7000,53.8000,67.5000
2026-04-01,5233,MR4,MR4 Lohnmessung BS,0.0000,0.0000,0.0000,7.6000,7.6000
2026-04-01,5234,MR2,MR2 Drehmoment BS,0.0000,0.0000,7.7000,38.4000,46.1000
2026-04-01,5235,MR6,MR6 Messschieber BS,0.0000,0.0000,7.7000,15.4000,23.1000
2026-04-01,5236,MR3,MR3 Messuhren BS,0.0000,0.0000,0.0000,23.1000,23.1000
2026-04-01,5237,MR9,MR9 Elektro BS,0.0000,0.0000,0.0000,30.7000,30.7000
2026-04-01,5239,MR5,MR5 Bügelmesss. BS,0.0000,0.0000,15.3000,38.4000,53.7000
2026-04-01,5240,AV,Arbeitsvorbereit. BS,0.0000,5.9200,15.4000,46.1000,67.4200
2026-04-02,5211,MR11,MR11 Koordinatenm BS,0.0000,0.0000,11.6000,7.7000,19.3000
2026-04-02,5222,WE,WE BS,0.0000,0.0000,7.7000,59.8000,67.5000
2026-04-02,5223,WA,WA BS,0.0000,7.6000,7.6000,,15.2000
2026-04-02,5225,Packplatz,PP,0.0000,0.0000,7.7000,15.4000,23.1000
2026-04-02,5231,MR1,MR1 Endmaße BS,0.0000,0.0000,0.0000,21.3200,21.3200
2026-04-02,5232,MR7,MR7 Lehren BS,0.0000,0.0000,13.7000,53.8000,67.5000
2026-04-02,5233,MR4,MR4 Lohnmessung BS,0.0000,0.0000,0.0000,7.6000,7.6000
2026-04-02,5234,MR2,MR2 Drehmoment BS,0.0000,0.0000,7.7000,38.4000,46.1000
2026-04-02,5235,MR6,MR6 Messschieber BS,0.0000,0.0000,7.7000,15.4000,23.1000
2026-04-02,5236,MR3,MR3 Messuhren BS,0.0000,0.0000,7.7000,15.4000,23.1000
2026-04-02,5237,MR9,MR9 Elektro BS,0.0000,0.0000,0.0000,30.7000,30.7000
2026-04-02,5239,MR5,MR5 Bügelmesss. BS,0.0000,0.0000,23.0000,30.7000,53.7000
2026-04-02,5240,AV,Arbeitsvorbereit. BS,0.0000,5.9200,20.4000,46.1000,72.4200
2026-04-07,5211,MR11,MR11 Koordinatenm BS,0.0000,0.0000,4.0000,15.3000,19.3000
2026-04-07,5222,WE,WE BS,0.0000,0.0000,6.0000,61.5000,67.5000
2026-04-07,5223,WA,WA BS,0.0000,7.6000,0.0000,7.6000,15.2000
2026-04-07,5225,Packplatz,PP,0.0000,0.0000,0.0000,23.1000,23.1000
2026-04-07,5231,MR1,MR1 Endmaße BS,0.0000,0.0000,5.9200,15.4000,21.3200
2026-04-07,5232,MR7,MR7 Lehren BS,0.0000,0.0000,23.0000,44.5000,67.5000
2026-04-07,5233,MR4,MR4 Lohnmessung BS,0.0000,0.0000,7.6000,,7.6000
2026-04-07,5234,MR2,MR2 Drehmoment BS,0.0000,0.0000,7.7000,38.4000,46.1000
2026-04-07,5235,MR6,MR6 Messschieber BS,0.0000,0.0000,7.7000,23.1000,30.8000
2026-04-07,5236,MR3,MR3 Messuhren BS,0.0000,0.0000,7.7000,15.4000,23.1000
2026-04-07,5237,MR9,MR9 Elektro BS,0.0000,0.0000,7.7000,23.0000,30.7000
2026-04-07,5238,MR8,MR8 Temperatur BS,0.0000,0.0000,0.0000,7.7000,7.7000
2026-04-07,5239,MR5,MR5 Bügelmesss. BS,0.0000,0.0000,7.6000,30.7000,38.3000
2026-04-07,5240,AV,Arbeitsvorbereit. BS,0.0000,0.0000,30.8000,41.6200,72.4200
2026-04-08,5211,MR11,MR11 Koordinatenm BS,0.0000,0.0000,0.0000,19.3000,19.3000
2026-04-08,5222,WE,WE BS,0.0000,0.0000,6.0000,61.5000,67.5000
2026-04-08,5223,WA,WA BS,0.0000,7.6000,0.0000,7.6000,15.2000
2026-04-08,5225,Packplatz,PP,0.0000,0.0000,0.0000,23.1000,23.1000
2026-04-08,5231,MR1,MR1 Endmaße BS,0.0000,0.0000,5.9200,15.4000,21.3200
2026-04-08,5232,MR7,MR7 Lehren BS,0.0000,0.0000,21.3000,46.2000,67.5000
2026-04-08,5233,MR4,MR4 Lohnmessung BS,0.0000,0.0000,7.6000,,7.6000
2026-04-08,5234,MR2,MR2 Drehmoment BS,0.0000,0.0000,0.0000,46.1000,46.1000
2026-04-08,5235,MR6,MR6 Messschieber BS,0.0000,0.0000,7.7000,23.1000,30.8000
2026-04-08,5236,MR3,MR3 Messuhren BS,0.0000,0.0000,7.7000,15.4000,23.1000
2026-04-08,5237,MR9,MR9 Elektro BS,0.0000,0.0000,7.7000,23.0000,30.7000
2026-04-08,5238,MR8,MR8 Temperatur BS,0.0000,0.0000,0.0000,7.7000,7.7000
2026-04-08,5239,MR5,MR5 Bügelmesss. BS,0.0000,0.0000,0.0000,38.3000,38.3000
2026-04-08,5240,AV,Arbeitsvorbereit. BS,0.0000,0.0000,23.1000,38.4000,61.5000
2026-04-09,5211,MR11,MR11 Koordinatenm BS,0.0000,0.0000,0.0000,19.3000,19.3000
2026-04-09,5222,WE,WE BS,0.0000,0.0000,6.0000,61.5000,67.5000
2026-04-09,5223,WA,WA BS,0.0000,7.6000,0.0000,7.6000,15.2000
2026-04-09,5225,Packplatz,PP,0.0000,0.0000,0.0000,23.1000,23.1000
2026-04-09,5231,MR1,MR1 Endmaße BS,0.0000,0.0000,5.9200,15.4000,21.3200
2026-04-09,5232,MR7,MR7 Lehren BS,0.0000,0.0000,15.3000,52.2000,67.5000
2026-04-09,5233,MR4,MR4 Lohnmessung BS,0.0000,0.0000,7.6000,,7.6000
2026-04-09,5234,MR2,MR2 Drehmoment BS,0.0000,7.7000,0.0000,38.4000,46.1000
2026-04-09,5235,MR6,MR6 Messschieber BS,0.0000,0.0000,0.0000,30.8000,30.8000
2026-04-09,5236,MR3,MR3 Messuhren BS,0.0000,0.0000,7.7000,15.4000,23.1000
2026-04-09,5237,MR9,MR9 Elektro BS,0.0000,0.0000,7.7000,23.0000,30.7000
2026-04-09,5238,MR8,MR8 Temperatur BS,0.0000,0.0000,0.0000,7.7000,7.7000
2026-04-09,5239,MR5,MR5 Bügelmesss. BS,0.0000,7.7000,0.0000,30.6000,38.3000
2026-04-09,5240,AV,Arbeitsvorbereit. BS,0.0000,7.7000,23.1000,35.7000,66.5000
2026-04-10,5211,MR11,MR11 Koordinatenm BS,0.0000,0.0000,0.0000,19.3000,19.3000
2026-04-10,5222,WE,WE BS,0.0000,0.0000,13.7000,53.8000,67.5000
2026-04-10,5223,WA,WA BS,0.0000,0.0000,0.0000,7.6000,7.6000
2026-04-10,5225,Packplatz,PP,0.0000,0.0000,7.7000,15.4000,23.1000
2026-04-10,5231,MR1,MR1 Endmaße BS,0.0000,0.0000,5.9300,15.4000,21.3300
2026-04-10,5232,MR7,MR7 Lehren BS,0.0000,7.6000,7.7000,52.2000,67.5000
2026-04-10,5233,MR4,MR4 Lohnmessung BS,0.0000,0.0000,7.6000,,7.6000
2026-04-10,5234,MR2,MR2 Drehmoment BS,0.0000,7.7000,0.0000,38.4000,46.1000
2026-04-10,5235,MR6,MR6 Messschieber BS,0.0000,0.0000,0.0000,30.8000,30.8000
2026-04-10,5236,MR3,MR3 Messuhren BS,0.0000,0.0000,7.7000,15.4000,23.1000
2026-04-10,5237,MR9,MR9 Elektro BS,0.0000,0.0000,7.7000,23.0000,30.7000
2026-04-10,5238,MR8,MR8 Temperatur BS,0.0000,0.0000,0.0000,7.7000,7.7000
2026-04-10,5239,MR5,MR5 Bügelmesss. BS,0.0000,15.3000,0.0000,23.0000,38.3000
2026-04-10,5240,AV,Arbeitsvorbereit. BS,0.0000,7.7000,23.1000,35.7000,66.5000
2026-04-13,5211,MR11,MR11 Koordinatenm BS,0.0000,0.0000,0.0000,19.3000,19.3000
2026-04-13,5222,WE,WE BS,0.0000,0.0000,7.7000,59.8000,67.5000
2026-04-13,5223,WA,WA BS,0.0000,0.0000,0.0000,15.2000,15.2000
2026-04-13,5225,Packplatz,PP,0.0000,0.0000,0.0000,23.1000,23.1000
2026-04-13,5231,MR1,MR1 Endmaße BS,0.0000,0.0000,0.0000,29.0200,29.0200
2026-04-13,5232,MR7,MR7 Lehren BS,0.0000,7.6000,0.0000,52.2000,59.8000
2026-04-13,5233,MR4,MR4 Lohnmessung BS,0.0000,0.0000,0.0000,7.6000,7.6000
2026-04-13,5234,MR2,MR2 Drehmoment BS,0.0000,0.0000,0.0000,46.1000,46.1000
2026-04-13,5235,MR6,MR6 Messschieber BS,0.0000,0.0000,0.0000,30.8000,30.8000
2026-04-13,5236,MR3,MR3 Messuhren BS,0.0000,0.0000,0.0000,23.1000,23.1000
2026-04-13,5237,MR9,MR9 Elektro BS,0.0000,0.0000,0.0000,30.7000,30.7000
2026-04-13,5238,MR8,MR8 Temperatur BS,0.0000,0.0000,0.0000,7.7000,7.7000
2026-04-13,5239,MR5,MR5 Bügelmesss. BS,0.0000,0.0000,0.0000,38.3000,38.3000
2026-04-13,5240,AV,Arbeitsvorbereit. BS,0.0000,0.0000,0.0000,72.4200,72.4200
2026-04-14,5211,MR11,MR11 Koordinatenm BS,0.0000,0.0000,0.0000,19.3000,19.3000
2026-04-14,5222,WE,WE BS,0.0000,0.0000,0.0000,67.5000,67.5000
2026-04-14,5223,WA,WA BS,0.0000,0.0000,0.0000,15.2000,15.2000
2026-04-14,5225,Packplatz,PP,0.0000,0.0000,0.0000,23.1000,23.1000
2026-04-14,5230,Springer,Prüfer BS,0.0000,7.7000,0.0000,,7.7000
2026-04-14,5231,MR1,MR1 Endmaße BS,0.0000,0.0000,0.0000,21.3200,21.3200
2026-04-14,5232,MR7,MR7 Lehren BS,0.0000,7.6000,6.0000,53.9000,67.5000
2026-04-14,5233,MR4,MR4 Lohnmessung BS,0.0000,0.0000,0.0000,7.6000,7.6000
2026-04-14,5234,MR2,MR2 Drehmoment BS,0.0000,0.0000,0.0000,46.1000,46.1000
2026-04-14,5235,MR6,MR6 Messschieber BS,7.7000,0.0000,0.0000,23.1000,30.8000
2026-04-14,5236,MR3,MR3 Messuhren BS,0.0000,0.0000,0.0000,23.1000,23.1000
2026-04-14,5237,MR9,MR9 Elektro BS,0.0000,0.0000,0.0000,30.7000,30.7000
2026-04-14,5239,MR5,MR5 Bügelmesss. BS,0.0000,0.0000,0.0000,38.4000,38.4000
2026-04-14,5240,AV,Arbeitsvorbereit. BS,0.0000,0.0000,0.0000,66.5000,66.5000
2026-04-14,5900,Qualifizierung,Qualifizierung,0.0000,0.0000,0.0000,7.6000,7.6000
2026-04-15,5211,MR11,MR11 Koordinatenm BS,0.0000,0.0000,0.0000,19.3000,19.3000
2026-04-15,5222,WE,WE BS,0.0000,0.0000,0.0000,67.5000,67.5000
2026-04-15,5223,WA,WA BS,0.0000,0.0000,0.0000,15.2000,15.2000
2026-04-15,5225,Packplatz,PP,0.0000,0.0000,0.0000,23.1000,23.1000
2026-04-15,5231,MR1,MR1 Endmaße BS,0.0000,0.0000,0.0000,21.3200,21.3200
2026-04-15,5232,MR7,MR7 Lehren BS,0.0000,13.6000,0.0000,53.9000,67.5000
2026-04-15,5233,MR4,MR4 Lohnmessung BS,0.0000,0.0000,0.0000,7.6000,7.6000
2026-04-15,5234,MR2,MR2 Drehmoment BS,0.0000,7.7000,0.0000,30.7000,38.4000
2026-04-15,5235,MR6,MR6 Messschieber BS,7.7000,7.7000,0.0000,15.4000,30.8000
2026-04-15,5236,MR3,MR3 Messuhren BS,0.0000,0.0000,0.0000,23.1000,23.1000
2026-04-15,5237,MR9,MR9 Elektro BS,0.0000,0.0000,0.0000,30.7000,30.7000
2026-04-15,5239,MR5,MR5 Bügelmesss. BS,0.0000,0.0000,0.0000,38.4000,38.4000
2026-04-15,5240,AV,Arbeitsvorbereit. BS,0.0000,0.0000,0.0000,61.5000,61.5000
2026-04-15,5900,Qualifizierung,Qualifizierung,0.0000,0.0000,0.0000,7.6000,7.6000
2026-04-16,5211,MR11,MR11 Koordinatenm BS,0.0000,0.0000,0.0000,19.3000,19.3000
2026-04-16,5222,WE,WE BS,0.0000,0.0000,0.0000,67.5000,67.5000
2026-04-16,5223,WA,WA BS,0.0000,0.0000,0.0000,15.2000,15.2000
2026-04-16,5225,Packplatz,PP,0.0000,0.0000,0.0000,23.1000,23.1000
2026-04-16,5231,MR1,MR1 Endmaße BS,0.0000,0.0000,0.0000,21.3200,21.3200
2026-04-16,5232,MR7,MR7 Lehren BS,0.0000,15.3000,0.0000,46.2000,61.5000
2026-04-16,5233,MR4,MR4 Lohnmessung BS,0.0000,0.0000,0.0000,7.6000,7.6000
2026-04-16,5234,MR2,MR2 Drehmoment BS,7.7000,7.7000,0.0000,30.7000,46.1000
2026-04-16,5235,MR6,MR6 Messschieber BS,0.0000,7.7000,0.0000,30.8000,38.5000
2026-04-16,5236,MR3,MR3 Messuhren BS,0.0000,7.7000,0.0000,15.4000,23.1000
2026-04-16,5237,MR9,MR9 Elektro BS,0.0000,7.7000,0.0000,23.0000,30.7000
2026-04-16,5239,MR5,MR5 Bügelmesss. BS,0.0000,0.0000,0.0000,38.4000,38.4000
2026-04-16,5240,AV,Arbeitsvorbereit. BS,0.0000,7.7000,0.0000,58.8000,66.5000
2026-04-16,5900,Qualifizierung,Qualifizierung,0.0000,0.0000,0.0000,7.6000,7.6000
2026-04-17,5211,MR11,MR11 Koordinatenm BS,0.0000,0.0000,0.0000,11.7000,11.7000
2026-04-17,5222,WE,WE BS,0.0000,0.0000,23.1000,44.4000,67.5000
2026-04-17,5223,WA,WA BS,0.0000,0.0000,0.0000,7.6000,7.6000
2026-04-17,5225,Packplatz,PP,0.0000,0.0000,0.0000,23.1000,23.1000
2026-04-17,5231,MR1,MR1 Endmaße BS,0.0000,0.0000,0.0000,21.3300,21.3300
2026-04-17,5232,MR7,MR7 Lehren BS,0.0000,15.3000,0.0000,46.2000,61.5000
2026-04-17,5233,MR4,MR4 Lohnmessung BS,0.0000,0.0000,0.0000,7.6000,7.6000
2026-04-17,5234,MR2,MR2 Drehmoment BS,0.0000,7.7000,7.7000,30.7000,46.1000
2026-04-17,5235,MR6,MR6 Messschieber BS,0.0000,7.7000,0.0000,30.8000,38.5000
2026-04-17,5236,MR3,MR3 Messuhren BS,0.0000,7.7000,0.0000,15.4000,23.1000
2026-04-17,5237,MR9,MR9 Elektro BS,0.0000,7.7000,0.0000,23.0000,30.7000
2026-04-17,5239,MR5,MR5 Bügelmesss. BS,0.0000,0.0000,0.0000,38.4000,38.4000
2026-04-17,5240,AV,Arbeitsvorbereit. BS,0.0000,7.7000,0.0000,58.8000,66.5000
2026-04-17,5900,Qualifizierung,Qualifizierung,0.0000,0.0000,0.0000,7.6000,7.6000
2026-04-20,5211,MR11,MR11 Koordinatenm BS,0.0000,0.0000,0.0000,19.3000,19.3000
2026-04-20,5222,WE,WE BS,0.0000,0.0000,15.4000,52.1000,67.5000
2026-04-20,5223,WA,WA BS,0.0000,0.0000,0.0000,15.2000,15.2000
2026-04-20,5225,Packplatz,PP,0.0000,0.0000,0.0000,23.1000,23.1000
2026-04-20,5231,MR1,MR1 Endmaße BS,0.0000,0.0000,0.0000,29.0200,29.0200
2026-04-20,5232,MR7,MR7 Lehren BS,7.7000,7.6000,7.7000,38.5000,61.5000
2026-04-20,5233,MR4,MR4 Lohnmessung BS,0.0000,0.0000,0.0000,7.6000,7.6000
2026-04-20,5234,MR2,MR2 Drehmoment BS,0.0000,0.0000,7.7000,38.4000,46.1000
2026-04-20,5235,MR6,MR6 Messschieber BS,0.0000,7.7000,0.0000,23.1000,30.8000
2026-04-20,5236,MR3,MR3 Messuhren BS,0.0000,0.0000,0.0000,23.1000,23.1000
2026-04-20,5237,MR9,MR9 Elektro BS,0.0000,0.0000,0.0000,30.7000,30.7000
2026-04-20,5238,MR8,MR8 Temperatur BS,0.0000,0.0000,0.0000,7.7000,7.7000
2026-04-20,5239,MR5,MR5 Bügelmesss. BS,0.0000,0.0000,0.0000,38.3000,38.3000
2026-04-20,5240,AV,Arbeitsvorbereit. BS,0.0000,0.0000,7.7000,64.7200,72.4200
2026-04-21,5211,MR11,MR11 Koordinatenm BS,0.0000,0.0000,0.0000,19.3000,19.3000
2026-04-21,5222,WE,WE BS,0.0000,0.0000,7.7000,59.8000,67.5000
2026-04-21,5223,WA,WA BS,0.0000,0.0000,0.0000,15.2000,15.2000
2026-04-21,5225,Packplatz,PP,0.0000,0.0000,0.0000,23.1000,23.1000
2026-04-21,5231,MR1,MR1 Endmaße BS,0.0000,0.0000,0.0000,21.3200,21.3200
2026-04-21,5232,MR7,MR7 Lehren BS,7.7000,7.6000,7.7000,46.2000,69.2000
2026-04-21,5233,MR4,MR4 Lohnmessung BS,0.0000,0.0000,0.0000,7.6000,7.6000
2026-04-21,5234,MR2,MR2 Drehmoment BS,0.0000,0.0000,7.7000,38.4000,46.1000
2026-04-21,5235,MR6,MR6 Messschieber BS,0.0000,7.7000,0.0000,23.0000,30.7000
2026-04-21,5236,MR3,MR3 Messuhren BS,0.0000,0.0000,0.0000,23.1000,23.1000
2026-04-21,5237,MR9,MR9 Elektro BS,0.0000,0.0000,0.0000,30.7000,30.7000
2026-04-21,5238,MR8,MR8 Temperatur BS,0.0000,0.0000,0.0000,7.7000,7.7000
2026-04-21,5239,MR5,MR5 Bügelmesss. BS,0.0000,0.0000,0.0000,38.4000,38.4000
2026-04-21,5240,AV,Arbeitsvorbereit. BS,0.0000,0.0000,0.0000,66.5000,66.5000
2026-04-22,5211,MR11,MR11 Koordinatenm BS,0.0000,4.0000,0.0000,15.3000,19.3000
2026-04-22,5222,WE,WE BS,0.0000,0.0000,7.7000,59.8000,67.5000
2026-04-22,5223,WA,WA BS,0.0000,0.0000,0.0000,15.2000,15.2000
2026-04-22,5225,Packplatz,PP,0.0000,0.0000,0.0000,23.1000,23.1000
2026-04-22,5231,MR1,MR1 Endmaße BS,0.0000,0.0000,0.0000,21.3200,21.3200
2026-04-22,5232,MR7,MR7 Lehren BS,7.7000,7.6000,7.7000,46.2000,69.2000
2026-04-22,5233,MR4,MR4 Lohnmessung BS,0.0000,0.0000,0.0000,7.6000,7.6000
2026-04-22,5234,MR2,MR2 Drehmoment BS,0.0000,7.7000,7.7000,30.7000,46.1000
2026-04-22,5235,MR6,MR6 Messschieber BS,0.0000,7.7000,0.0000,23.0000,30.7000
2026-04-22,5236,MR3,MR3 Messuhren BS,0.0000,0.0000,0.0000,23.1000,23.1000
2026-04-22,5237,MR9,MR9 Elektro BS,0.0000,7.7000,0.0000,23.0000,30.7000
2026-04-22,5238,MR8,MR8 Temperatur BS,0.0000,0.0000,0.0000,7.7000,7.7000
2026-04-22,5239,MR5,MR5 Bügelmesss. BS,0.0000,0.0000,0.0000,38.4000,38.4000
2026-04-22,5240,AV,Arbeitsvorbereit. BS,0.0000,0.0000,0.0000,61.5000,61.5000
2026-04-23,5211,MR11,MR11 Koordinatenm BS,0.0000,0.0000,0.0000,19.3000,19.3000
2026-04-23,5222,WE,WE BS,0.0000,0.0000,7.7000,59.7000,67.4000
2026-04-23,5223,WA,WA BS,0.0000,0.0000,0.0000,15.2000,15.2000
2026-04-23,5225,Packplatz,PP,0.0000,0.0000,0.0000,23.1000,23.1000
2026-04-23,5231,MR1,MR1 Endmaße BS,0.0000,0.0000,0.0000,21.3200,21.3200
2026-04-23,5232,MR7,MR7 Lehren BS,7.7000,7.6000,7.7000,46.2000,69.2000
2026-04-23,5233,MR4,MR4 Lohnmessung BS,0.0000,0.0000,0.0000,7.6000,7.6000
2026-04-23,5234,MR2,MR2 Drehmoment BS,0.0000,7.7000,7.7000,30.7000,46.1000
2026-04-23,5235,MR6,MR6 Messschieber BS,0.0000,7.7000,0.0000,23.0000,30.7000
2026-04-23,5236,MR3,MR3 Messuhren BS,0.0000,0.0000,0.0000,23.1000,23.1000
2026-04-23,5237,MR9,MR9 Elektro BS,0.0000,7.7000,0.0000,23.0000,30.7000
2026-04-23,5238,MR8,MR8 Temperatur BS,0.0000,0.0000,0.0000,7.7000,7.7000
2026-04-23,5239,MR5,MR5 Bügelmesss. BS,0.0000,0.0000,0.0000,38.4000,38.4000
2026-04-23,5240,AV,Arbeitsvorbereit. BS,0.0000,0.0000,0.0000,66.5000,66.5000
2026-04-24,5211,MR11,MR11 Koordinatenm BS,0.0000,0.0000,0.0000,19.3000,19.3000
2026-04-24,5222,WE,WE BS,0.0000,0.0000,7.7000,59.7000,67.4000
2026-04-24,5223,WA,WA BS,0.0000,0.0000,0.0000,7.6000,7.6000
2026-04-24,5225,Packplatz,PP,0.0000,0.0000,0.0000,23.1000,23.1000
2026-04-24,5231,MR1,MR1 Endmaße BS,0.0000,0.0000,0.0000,21.3300,21.3300
2026-04-24,5232,MR7,MR7 Lehren BS,7.7000,7.6000,15.4000,38.5000,69.2000
2026-04-24,5233,MR4,MR4 Lohnmessung BS,0.0000,0.0000,0.0000,7.6000,7.6000
2026-04-24,5234,MR2,MR2 Drehmoment BS,0.0000,7.7000,7.7000,30.7000,46.1000
2026-04-24,5235,MR6,MR6 Messschieber BS,0.0000,7.7000,0.0000,23.0000,30.7000
2026-04-24,5236,MR3,MR3 Messuhren BS,0.0000,7.7000,0.0000,15.4000,23.1000
2026-04-24,5237,MR9,MR9 Elektro BS,0.0000,7.7000,0.0000,23.0000,30.7000
2026-04-24,5238,MR8,MR8 Temperatur BS,0.0000,0.0000,0.0000,7.7000,7.7000
2026-04-24,5239,MR5,MR5 Bügelmesss. BS,0.0000,0.0000,0.0000,30.7000,30.7000
2026-04-24,5240,AV,Arbeitsvorbereit. BS,0.0000,0.0000,0.0000,53.9000,53.9000
2026-04-27,5211,MR11,MR11 Koordinatenm BS,0.0000,0.0000,0.0000,19.3000,19.3000
2026-04-27,5222,WE,WE BS,0.0000,0.0000,15.4000,52.0000,67.4000
2026-04-27,5223,WA,WA BS,0.0000,0.0000,0.0000,15.2000,15.2000
2026-04-27,5225,Packplatz,PP,0.0000,0.0000,7.7000,15.4000,23.1000
2026-04-27,5231,MR1,MR1 Endmaße BS,0.0000,0.0000,7.7000,21.3200,29.0200
2026-04-27,5232,MR7,MR7 Lehren BS,0.0000,7.6000,7.7000,46.2000,61.5000
2026-04-27,5233,MR4,MR4 Lohnmessung BS,0.0000,0.0000,0.0000,7.6000,7.6000
2026-04-27,5234,MR2,MR2 Drehmoment BS,0.0000,0.0000,7.7000,38.4000,46.1000
2026-04-27,5235,MR6,MR6 Messschieber BS,0.0000,7.7000,0.0000,23.1000,30.8000
2026-04-27,5236,MR3,MR3 Messuhren BS,0.0000,0.0000,0.0000,23.1000,23.1000
2026-04-27,5237,MR9,MR9 Elektro BS,0.0000,0.0000,0.0000,30.7000,30.7000
2026-04-27,5238,MR8,MR8 Temperatur BS,0.0000,0.0000,0.0000,7.7000,7.7000
2026-04-27,5239,MR5,MR5 Bügelmesss. BS,0.0000,0.0000,7.7000,30.6000,38.3000
2026-04-27,5240,AV,Arbeitsvorbereit. BS,0.0000,0.0000,0.0000,66.5000,66.5000
2026-04-28,5211,MR11,MR11 Koordinatenm BS,0.0000,0.0000,0.0000,19.3000,19.3000
2026-04-28,5222,WE,WE BS,0.0000,0.0000,15.4000,51.9200,67.3200
2026-04-28,5223,WA,WA BS,0.0000,0.0000,0.0000,15.2000,15.2000
2026-04-28,5225,Packplatz,PP,0.0000,0.0000,7.7000,15.4000,23.1000
2026-04-28,5231,MR1,MR1 Endmaße BS,0.0000,0.0000,0.0000,13.6200,13.6200
2026-04-28,5232,MR7,MR7 Lehren BS,0.0000,7.6000,7.7000,53.9000,69.2000
2026-04-28,5233,MR4,MR4 Lohnmessung BS,0.0000,0.0000,0.0000,7.6000,7.6000
2026-04-28,5234,MR2,MR2 Drehmoment BS,0.0000,0.0000,7.7000,38.4000,46.1000
2026-04-28,5235,MR6,MR6 Messschieber BS,0.0000,0.0000,0.0000,38.4000,38.4000
2026-04-28,5236,MR3,MR3 Messuhren BS,0.0000,0.0000,0.0000,23.1000,23.1000
2026-04-28,5237,MR9,MR9 Elektro BS,0.0000,0.0000,0.0000,30.7000,30.7000
2026-04-28,5239,MR5,MR5 Bügelmesss. BS,0.0000,0.0000,7.7000,30.7000,38.4000
2026-04-28,5240,AV,Arbeitsvorbereit. BS,0.0000,0.0000,0.0000,66.5000,66.5000
2026-04-28,5900,Qualifizierung,Qualifizierung,0.0000,0.0000,0.0000,7.7000,7.7000
2026-04-29,5211,MR11,MR11 Koordinatenm BS,0.0000,0.0000,0.0000,19.3000,19.3000
2026-04-29,5222,WE,WE BS,0.0000,0.0000,23.0000,44.3200,67.3200
2026-04-29,5223,WA,WA BS,0.0000,0.0000,0.0000,15.2000,15.2000
2026-04-29,5225,Packplatz,PP,0.0000,0.0000,7.7000,15.4000,23.1000
2026-04-29,5231,MR1,MR1 Endmaße BS,0.0000,0.0000,0.0000,13.6200,13.6200
2026-04-29,5232,MR7,MR7 Lehren BS,0.0000,7.6000,15.4000,46.2000,69.2000
2026-04-29,5233,MR4,MR4 Lohnmessung BS,0.0000,0.0000,0.0000,7.6000,7.6000
2026-04-29,5234,MR2,MR2 Drehmoment BS,0.0000,0.0000,7.7000,38.4000,46.1000
2026-04-29,5235,MR6,MR6 Messschieber BS,7.7000,0.0000,0.0000,30.7000,38.4000
2026-04-29,5236,MR3,MR3 Messuhren BS,0.0000,7.7000,7.7000,7.7000,23.1000
2026-04-29,5237,MR9,MR9 Elektro BS,0.0000,0.0000,0.0000,30.7000,30.7000
2026-04-29,5239,MR5,MR5 Bügelmesss. BS,0.0000,0.0000,7.7000,30.7000,38.4000
2026-04-29,5240,AV,Arbeitsvorbereit. BS,0.0000,0.0000,0.0000,61.5000,61.5000
2026-04-29,5900,Qualifizierung,Qualifizierung,0.0000,0.0000,0.0000,7.7000,7.7000
2026-04-30,5211,MR11,MR11 Koordinatenm BS,0.0000,0.0000,7.7000,11.6000,19.3000
2026-04-30,5222,WE,WE BS,0.0000,0.0000,23.0000,44.3200,67.3200
2026-04-30,5223,WA,WA BS,0.0000,0.0000,7.6000,7.6000,15.2000
2026-04-30,5225,Packplatz,PP,0.0000,0.0000,7.7000,15.4000,23.1000
2026-04-30,5231,MR1,MR1 Endmaße BS,0.0000,0.0000,0.0000,13.6200,13.6200
2026-04-30,5232,MR7,MR7 Lehren BS,0.0000,7.6000,7.7000,46.2000,61.5000
2026-04-30,5233,MR4,MR4 Lohnmessung BS,0.0000,0.0000,0.0000,7.6000,7.6000
2026-04-30,5234,MR2,MR2 Drehmoment BS,0.0000,0.0000,7.7000,38.4000,46.1000
2026-04-30,5235,MR6,MR6 Messschieber BS,7.7000,7.7000,0.0000,23.0000,38.4000
2026-04-30,5236,MR3,MR3 Messuhren BS,0.0000,7.7000,7.7000,7.7000,23.1000
2026-04-30,5237,MR9,MR9 Elektro BS,0.0000,0.0000,0.0000,30.7000,30.7000
2026-04-30,5239,MR5,MR5 Bügelmesss. BS,0.0000,0.0000,7.7000,30.7000,38.4000
2026-04-30,5240,AV,Arbeitsvorbereit. BS,0.0000,0.0000,0.0000,66.5000,66.5000
2026-05-04,5211,MR11,MR11 Koordinatenm BS,0.0000,0.0000,0.0000,19.3000,19.3000
2026-05-04,5222,WE,WE BS,0.0000,0.0000,15.3000,52.0200,67.3200
2026-05-04,5223,WA,WA BS,0.0000,0.0000,0.0000,15.2000,15.2000
2026-05-04,5225,Packplatz,PP,0.0000,0.0000,7.7000,15.4000,23.1000
2026-05-04,5231,MR1,MR1 Endmaße BS,0.0000,0.0000,0.0000,29.0200,29.0200
2026-05-04,5232,MR7,MR7 Lehren BS,0.0000,7.6000,7.7000,46.2000,61.5000
2026-05-04,5233,MR4,MR4 Lohnmessung BS,0.0000,0.0000,0.0000,7.6000,7.6000
2026-05-04,5234,MR2,MR2 Drehmoment BS,0.0000,0.0000,7.7000,38.4000,46.1000
2026-05-04,5235,MR6,MR6 Messschieber BS,0.0000,0.0000,7.7000,23.1000,30.8000
2026-05-04,5236,MR3,MR3 Messuhren BS,0.0000,0.0000,7.7000,15.4000,23.1000
2026-05-04,5237,MR9,MR9 Elektro BS,0.0000,0.0000,0.0000,30.7000,30.7000
2026-05-04,5238,MR8,MR8 Temperatur BS,0.0000,0.0000,0.0000,7.7000,7.7000
2026-05-04,5239,MR5,MR5 Bügelmesss. BS,0.0000,0.0000,0.0000,38.3000,38.3000
2026-05-04,5240,AV,Arbeitsvorbereit. BS,5.0000,0.0000,0.0000,61.5000,66.5000
2026-05-05,5211,MR11,MR11 Koordinatenm BS,0.0000,0.0000,0.0000,19.3000,19.3000
2026-05-05,5222,WE,WE BS,0.0000,0.0000,15.3000,52.0200,67.3200
2026-05-05,5223,WA,WA BS,0.0000,0.0000,0.0000,15.2000,15.2000
2026-05-05,5225,Packplatz,PP,0.0000,0.0000,7.7000,15.4000,23.1000
2026-05-05,5231,MR1,MR1 Endmaße BS,0.0000,0.0000,0.0000,21.3200,21.3200
2026-05-05,5232,MR7,MR7 Lehren BS,0.0000,7.6000,7.7000,38.5000,53.8000
2026-05-05,5233,MR4,MR4 Lohnmessung BS,0.0000,0.0000,0.0000,7.6000,7.6000
2026-05-05,5234,MR2,MR2 Drehmoment BS,0.0000,0.0000,0.0000,46.1000,46.1000
2026-05-05,5235,MR6,MR6 Messschieber BS,0.0000,0.0000,0.0000,38.4000,38.4000
2026-05-05,5236,MR3,MR3 Messuhren BS,0.0000,0.0000,7.7000,23.1000,30.8000
2026-05-05,5237,MR9,MR9 Elektro BS,0.0000,0.0000,0.0000,30.7000,30.7000
2026-05-05,5239,MR5,MR5 Bügelmesss. BS,0.0000,0.0000,0.0000,38.4000,38.4000
2026-05-05,5240,AV,Arbeitsvorbereit. BS,5.0000,0.0000,7.7000,53.8000,66.5000
2026-05-05,5900,Qualifizierung,Qualifizierung,0.0000,0.0000,0.0000,7.7000,7.7000
2026-05-06,5211,MR11,MR11 Koordinatenm BS,0.0000,0.0000,0.0000,19.3000,19.3000
2026-05-06,5222,WE,WE BS,0.0000,0.0000,15.3000,52.0200,67.3200
2026-05-06,5223,WA,WA BS,0.0000,0.0000,0.0000,15.2000,15.2000
2026-05-06,5225,Packplatz,PP,0.0000,0.0000,7.7000,15.4000,23.1000
2026-05-06,5231,MR1,MR1 Endmaße BS,0.0000,0.0000,0.0000,21.3200,21.3200
2026-05-06,5232,MR7,MR7 Lehren BS,0.0000,7.6000,7.7000,38.5000,53.8000
2026-05-06,5233,MR4,MR4 Lohnmessung BS,0.0000,0.0000,0.0000,7.6000,7.6000
2026-05-06,5234,MR2,MR2 Drehmoment BS,0.0000,7.7000,0.0000,38.4000,46.1000
2026-05-06,5235,MR6,MR6 Messschieber BS,0.0000,0.0000,0.0000,38.4000,38.4000
2026-05-06,5236,MR3,MR3 Messuhren BS,0.0000,7.7000,0.0000,23.1000,30.8000
2026-05-06,5237,MR9,MR9 Elektro BS,0.0000,0.0000,0.0000,30.7000,30.7000
2026-05-06,5239,MR5,MR5 Bügelmesss. BS,0.0000,0.0000,0.0000,38.4000,38.4000
2026-05-06,5240,AV,Arbeitsvorbereit. BS,0.0000,0.0000,0.0000,67.4200,67.4200
2026-05-06,5900,Qualifizierung,Qualifizierung,0.0000,0.0000,0.0000,7.7000,7.7000
2026-05-07,5211,MR11,MR11 Koordinatenm BS,0.0000,0.0000,0.0000,19.3000,19.3000
2026-05-07,5222,WE,WE BS,0.0000,0.0000,7.6000,59.7200,67.3200
2026-05-07,5223,WA,WA BS,0.0000,0.0000,0.0000,15.2000,15.2000
2026-05-07,5225,Packplatz,PP,0.0000,0.0000,7.7000,15.4000,23.1000
2026-05-07,5231,MR1,MR1 Endmaße BS,0.0000,0.0000,0.0000,21.3200,21.3200
2026-05-07,5232,MR7,MR7 Lehren BS,0.0000,7.6000,7.7000,38.5000,53.8000
2026-05-07,5233,MR4,MR4 Lohnmessung BS,0.0000,0.0000,0.0000,7.6000,7.6000
2026-05-07,5234,MR2,MR2 Drehmoment BS,0.0000,7.7000,0.0000,38.4000,46.1000
2026-05-07,5235,MR6,MR6 Messschieber BS,0.0000,0.0000,0.0000,38.4000,38.4000
2026-05-07,5236,MR3,MR3 Messuhren BS,0.0000,7.7000,0.0000,23.1000,30.8000
2026-05-07,5237,MR9,MR9 Elektro BS,0.0000,0.0000,0.0000,30.7000,30.7000
2026-05-07,5239,MR5,MR5 Bügelmesss. BS,0.0000,0.0000,0.0000,38.4000,38.4000
2026-05-07,5240,AV,Arbeitsvorbereit. BS,5.0000,0.0000,0.0000,67.4200,72.4200
2026-05-07,5900,Qualifizierung,Qualifizierung,0.0000,0.0000,0.0000,7.7000,7.7000
2026-05-08,5211,MR11,MR11 Koordinatenm BS,0.0000,0.0000,0.0000,19.3000,19.3000
2026-05-08,5222,WE,WE BS,0.0000,0.0000,7.6000,59.7500,67.3500
2026-05-08,5223,WA,WA BS,0.0000,0.0000,0.0000,7.6000,7.6000
2026-05-08,5225,Packplatz,PP,0.0000,0.0000,7.7000,15.4000,23.1000
2026-05-08,5231,MR1,MR1 Endmaße BS,0.0000,0.0000,0.0000,21.3300,21.3300
2026-05-08,5232,MR7,MR7 Lehren BS,0.0000,15.3000,7.7000,30.8000,53.8000
2026-05-08,5233,MR4,MR4 Lohnmessung BS,0.0000,0.0000,0.0000,7.6000,7.6000
2026-05-08,5234,MR2,MR2 Drehmoment BS,0.0000,7.7000,7.7000,30.7000,46.1000
2026-05-08,5235,MR6,MR6 Messschieber BS,0.0000,0.0000,0.0000,38.4000,38.4000
2026-05-08,5236,MR3,MR3 Messuhren BS,0.0000,7.7000,0.0000,23.1000,30.8000
2026-05-08,5237,MR9,MR9 Elektro BS,0.0000,0.0000,0.0000,30.7000,30.7000
2026-05-08,5239,MR5,MR5 Bügelmesss. BS,0.0000,0.0000,0.0000,38.4000,38.4000
2026-05-08,5240,AV,Arbeitsvorbereit. BS,5.0000,0.0000,7.7000,59.7300,72.4300
2026-05-08,5900,Qualifizierung,Qualifizierung,0.0000,0.0000,0.0000,7.7000,7.7000
2026-05-11,5211,MR11,MR11 Koordinatenm BS,0.0000,0.0000,0.0000,19.3000,19.3000
2026-05-11,5222,WE,WE BS,0.0000,0.0000,0.0000,67.3200,67.3200
2026-05-11,5223,WA,WA BS,0.0000,0.0000,0.0000,15.2000,15.2000
2026-05-11,5225,Packplatz,PP,0.0000,0.0000,7.7000,15.4000,23.1000
2026-05-11,5231,MR1,MR1 Endmaße BS,0.0000,0.0000,0.0000,29.0200,29.0200
2026-05-11,5232,MR7,MR7 Lehren BS,0.0000,7.7000,7.7000,38.4000,53.8000
2026-05-11,5233,MR4,MR4 Lohnmessung BS,0.0000,0.0000,0.0000,7.6000,7.6000
2026-05-11,5234,MR2,MR2 Drehmoment BS,0.0000,7.7000,7.7000,30.7000,46.1000
2026-05-11,5235,MR6,MR6 Messschieber BS,0.0000,0.0000,0.0000,30.8000,30.8000
2026-05-11,5236,MR3,MR3 Messuhren BS,0.0000,0.0000,7.7000,23.1000,30.8000
2026-05-11,5237,MR9,MR9 Elektro BS,0.0000,0.0000,7.6000,23.1000,30.7000
2026-05-11,5238,MR8,MR8 Temperatur BS,0.0000,0.0000,0.0000,7.7000,7.7000
2026-05-11,5239,MR5,MR5 Bügelmesss. BS,0.0000,0.0000,0.0000,38.3000,38.3000
2026-05-11,5240,AV,Arbeitsvorbereit. BS,0.0000,0.0000,7.7000,64.7200,72.4200
2026-05-12,5211,MR11,MR11 Koordinatenm BS,0.0000,0.0000,0.0000,19.3000,19.3000
2026-05-12,5222,WE,WE BS,0.0000,0.0000,7.6000,59.7200,67.3200
2026-05-12,5223,WA,WA BS,0.0000,0.0000,0.0000,15.2000,15.2000
2026-05-12,5225,Packplatz,PP,0.0000,0.0000,7.7000,15.4000,23.1000
2026-05-12,5231,MR1,MR1 Endmaße BS,0.0000,0.0000,0.0000,29.0200,29.0200
2026-05-12,5232,MR7,MR7 Lehren BS,0.0000,7.7000,7.7000,38.4000,53.8000
2026-05-12,5233,MR4,MR4 Lohnmessung BS,0.0000,0.0000,0.0000,7.6000,7.6000
2026-05-12,5234,MR2,MR2 Drehmoment BS,0.0000,0.0000,7.7000,38.4000,46.1000
2026-05-12,5235,MR6,MR6 Messschieber BS,0.0000,0.0000,0.0000,30.8000,30.8000
2026-05-12,5236,MR3,MR3 Messuhren BS,0.0000,0.0000,7.7000,23.1000,30.8000
2026-05-12,5237,MR9,MR9 Elektro BS,0.0000,0.0000,7.6000,23.1000,30.7000
2026-05-12,5238,MR8,MR8 Temperatur BS,0.0000,0.0000,0.0000,7.7000,7.7000
2026-05-12,5239,MR5,MR5 Bügelmesss. BS,0.0000,0.0000,0.0000,38.3000,38.3000
2026-05-12,5240,AV,Arbeitsvorbereit. BS,0.0000,0.0000,7.7000,64.7200,72.4200
2026-05-13,5211,MR11,MR11 Koordinatenm BS,0.0000,0.0000,0.0000,19.3000,19.3000
2026-05-13,5222,WE,WE BS,0.0000,7.7000,0.0000,59.6200,67.3200
2026-05-13,5223,WA,WA BS,0.0000,0.0000,0.0000,15.2000,15.2000
2026-05-13,5225,Packplatz,PP,0.0000,0.0000,7.7000,15.4000,23.1000
2026-05-13,5231,MR1,MR1 Endmaße BS,0.0000,0.0000,0.0000,21.3200,21.3200
2026-05-13,5232,MR7,MR7 Lehren BS,0.0000,7.7000,7.7000,30.7000,46.1000
2026-05-13,5233,MR4,MR4 Lohnmessung BS,0.0000,0.0000,0.0000,7.6000,7.6000
2026-05-13,5234,MR2,MR2 Drehmoment BS,0.0000,0.0000,15.4000,46.1000,61.5000
2026-05-13,5235,MR6,MR6 Messschieber BS,0.0000,0.0000,0.0000,23.0000,23.0000
2026-05-13,5236,MR3,MR3 Messuhren BS,0.0000,0.0000,7.7000,23.1000,30.8000
2026-05-13,5237,MR9,MR9 Elektro BS,0.0000,0.0000,7.6000,23.1000,30.7000
2026-05-13,5239,MR5,MR5 Bügelmesss. BS,0.0000,0.0000,0.0000,38.4000,38.4000
2026-05-13,5240,AV,Arbeitsvorbereit. BS,0.0000,0.0000,7.7000,59.7200,67.4200
2026-05-15,5211,MR11,MR11 Koordinatenm BS,0.0000,0.0000,11.7000,7.6000,19.3000
2026-05-15,5222,WE,WE BS,0.0000,7.7000,29.0500,30.6000,67.3500
2026-05-15,5223,WA,WA BS,0.0000,0.0000,0.0000,7.6000,7.6000
2026-05-15,5225,Packplatz,PP,0.0000,0.0000,7.7000,15.4000,23.1000
2026-05-15,5231,MR1,MR1 Endmaße BS,0.0000,0.0000,13.6300,7.7000,21.3300
2026-05-15,5232,MR7,MR7 Lehren BS,0.0000,7.7000,23.1000,23.0000,53.8000
2026-05-15,5233,MR4,MR4 Lohnmessung BS,0.0000,0.0000,7.6000,,7.6000
2026-05-15,5234,MR2,MR2 Drehmoment BS,0.0000,0.0000,30.8000,30.7000,61.5000
2026-05-15,5235,MR6,MR6 Messschieber BS,0.0000,0.0000,23.0000,7.7000,30.7000
2026-05-15,5236,MR3,MR3 Messuhren BS,0.0000,7.7000,7.7000,15.4000,30.8000
2026-05-15,5237,MR9,MR9 Elektro BS,0.0000,0.0000,15.3000,15.4000,30.7000
2026-05-15,5239,MR5,MR5 Bügelmesss. BS,0.0000,0.0000,15.3000,23.1000,38.4000
2026-05-15,5240,AV,Arbeitsvorbereit. BS,0.0000,0.0000,38.4000,34.0300,72.4300
2026-05-18,5211,MR11,MR11 Koordinatenm BS,0.0000,0.0000,0.0000,19.3000,19.3000
2026-05-18,5222,WE,WE BS,0.0000,7.7000,7.7000,51.9200,67.3200
2026-05-18,5223,WA,WA BS,0.0000,0.0000,0.0000,15.2000,15.2000
2026-05-18,5225,Packplatz,PP,0.0000,0.0000,0.0000,23.1000,23.1000
2026-05-18,5231,MR1,MR1 Endmaße BS,0.0000,0.0000,0.0000,29.0200,29.0200
2026-05-18,5232,MR7,MR7 Lehren BS,0.0000,0.0000,7.7000,53.8000,61.5000
2026-05-18,5233,MR4,MR4 Lohnmessung BS,0.0000,0.0000,0.0000,7.6000,7.6000
2026-05-18,5234,MR2,MR2 Drehmoment BS,0.0000,0.0000,0.0000,46.1000,46.1000
2026-05-18,5235,MR6,MR6 Messschieber BS,0.0000,0.0000,15.4000,15.4000,30.8000
2026-05-18,5236,MR3,MR3 Messuhren BS,0.0000,0.0000,0.0000,23.1000,23.1000
2026-05-18,5237,MR9,MR9 Elektro BS,0.0000,0.0000,7.6000,23.1000,30.7000
2026-05-18,5238,MR8,MR8 Temperatur BS,0.0000,0.0000,0.0000,7.7000,7.7000
2026-05-18,5239,MR5,MR5 Bügelmesss. BS,0.0000,0.0000,7.7000,30.6000,38.3000
2026-05-18,5240,AV,Arbeitsvorbereit. BS,0.0000,0.0000,7.6000,64.8200,72.4200
2026-05-19,5211,MR11,MR11 Koordinatenm BS,0.0000,0.0000,0.0000,19.3000,19.3000
2026-05-19,5222,WE,WE BS,0.0000,0.0000,7.7000,59.6200,67.3200
2026-05-19,5223,WA,WA BS,0.0000,0.0000,0.0000,15.2000,15.2000
2026-05-19,5225,Packplatz,PP,0.0000,0.0000,0.0000,23.1000,23.1000
2026-05-19,5231,MR1,MR1 Endmaße BS,0.0000,0.0000,0.0000,21.3200,21.3200
2026-05-19,5232,MR7,MR7 Lehren BS,0.0000,0.0000,7.7000,46.1000,53.8000
2026-05-19,5233,MR4,MR4 Lohnmessung BS,0.0000,0.0000,0.0000,7.6000,7.6000
2026-05-19,5234,MR2,MR2 Drehmoment BS,7.7000,0.0000,0.0000,38.4000,46.1000
2026-05-19,5235,MR6,MR6 Messschieber BS,0.0000,0.0000,7.7000,30.7000,38.4000
2026-05-19,5236,MR3,MR3 Messuhren BS,0.0000,0.0000,0.0000,30.8000,30.8000
2026-05-19,5237,MR9,MR9 Elektro BS,0.0000,0.0000,7.6000,23.1000,30.7000
2026-05-19,5239,MR5,MR5 Bügelmesss. BS,0.0000,0.0000,7.7000,38.4000,46.1000
2026-05-19,5240,AV,Arbeitsvorbereit. BS,0.0000,0.0000,7.6000,64.8200,72.4200
2026-05-20,5211,MR11,MR11 Koordinatenm BS,0.0000,0.0000,0.0000,19.3000,19.3000
2026-05-20,5222,WE,WE BS,0.0000,15.3000,7.7000,44.3200,67.3200
2026-05-20,5223,WA,WA BS,0.0000,0.0000,0.0000,15.2000,15.2000
2026-05-20,5225,Packplatz,PP,0.0000,0.0000,0.0000,23.1000,23.1000
2026-05-20,5231,MR1,MR1 Endmaße BS,0.0000,0.0000,0.0000,13.6200,13.6200
2026-05-20,5232,MR7,MR7 Lehren BS,0.0000,7.7000,7.7000,46.1000,61.5000
2026-05-20,5233,MR4,MR4 Lohnmessung BS,0.0000,0.0000,0.0000,7.6000,7.6000
2026-05-20,5234,MR2,MR2 Drehmoment BS,7.7000,0.0000,0.0000,30.7000,38.4000
2026-05-20,5235,MR6,MR6 Messschieber BS,0.0000,0.0000,7.7000,30.7000,38.4000
2026-05-20,5236,MR3,MR3 Messuhren BS,0.0000,15.4000,0.0000,15.4000,30.8000
2026-05-20,5237,MR9,MR9 Elektro BS,0.0000,0.0000,7.6000,23.1000,30.7000
2026-05-20,5239,MR5,MR5 Bügelmesss. BS,0.0000,0.0000,7.7000,38.4000,46.1000
2026-05-20,5240,AV,Arbeitsvorbereit. BS,0.0000,0.0000,15.3000,52.1200,67.4200
2026-05-21,5211,MR11,MR11 Koordinatenm BS,0.0000,0.0000,0.0000,19.3000,19.3000
2026-05-21,5222,WE,WE BS,0.0000,7.7000,7.7000,51.9200,67.3200
2026-05-21,5223,WA,WA BS,0.0000,0.0000,0.0000,15.2000,15.2000
2026-05-21,5225,Packplatz,PP,0.0000,0.0000,0.0000,23.1000,23.1000
2026-05-21,5231,MR1,MR1 Endmaße BS,0.0000,0.0000,0.0000,13.6200,13.6200
2026-05-21,5232,MR7,MR7 Lehren BS,0.0000,7.7000,7.7000,46.1000,61.5000
2026-05-21,5233,MR4,MR4 Lohnmessung BS,0.0000,0.0000,0.0000,7.6000,7.6000
2026-05-21,5234,MR2,MR2 Drehmoment BS,0.0000,0.0000,0.0000,46.1000,46.1000
2026-05-21,5235,MR6,MR6 Messschieber BS,0.0000,0.0000,7.7000,30.7000,38.4000
2026-05-21,5236,MR3,MR3 Messuhren BS,0.0000,15.4000,0.0000,15.4000,30.8000
2026-05-21,5237,MR9,MR9 Elektro BS,0.0000,0.0000,7.6000,23.1000,30.7000
2026-05-21,5239,MR5,MR5 Bügelmesss. BS,0.0000,0.0000,7.7000,38.4000,46.1000
2026-05-21,5240,AV,Arbeitsvorbereit. BS,0.0000,0.0000,15.3000,57.1200,72.4200
2026-05-22,5211,MR11,MR11 Koordinatenm BS,0.0000,0.0000,0.0000,19.3000,19.3000
2026-05-22,5222,WE,WE BS,0.0000,7.7000,7.7000,51.9500,67.3500
2026-05-22,5223,WA,WA BS,0.0000,0.0000,0.0000,7.6000,7.6000
2026-05-22,5225,Packplatz,PP,0.0000,0.0000,0.0000,23.1000,23.1000
2026-05-22,5231,MR1,MR1 Endmaße BS,0.0000,0.0000,0.0000,13.6300,13.6300
2026-05-22,5232,MR7,MR7 Lehren BS,0.0000,7.7000,7.7000,30.7000,46.1000
2026-05-22,5233,MR4,MR4 Lohnmessung BS,0.0000,0.0000,0.0000,7.6000,7.6000
2026-05-22,5234,MR2,MR2 Drehmoment BS,0.0000,0.0000,7.7000,38.4000,46.1000
2026-05-22,5235,MR6,MR6 Messschieber BS,0.0000,0.0000,7.7000,30.7000,38.4000
2026-05-22,5236,MR3,MR3 Messuhren BS,0.0000,15.4000,7.7000,7.7000,30.8000
2026-05-22,5237,MR9,MR9 Elektro BS,0.0000,0.0000,7.6000,23.1000,30.7000
2026-05-22,5239,MR5,MR5 Bügelmesss. BS,0.0000,0.0000,7.7000,38.4000,46.1000
2026-05-22,5240,AV,Arbeitsvorbereit. BS,0.0000,0.0000,7.6000,64.8300,72.4300
2026-05-26,5211,MR11,MR11 Koordinatenm BS,0.0000,0.0000,7.6000,11.7000,19.3000
2026-05-26,5222,WE,WE BS,0.0000,0.0000,7.7000,59.6200,67.3200
2026-05-26,5223,WA,WA BS,0.0000,0.0000,0.0000,15.2000,15.2000
2026-05-26,5225,Packplatz,PP,0.0000,0.0000,0.0000,23.1000,23.1000
2026-05-26,5231,MR1,MR1 Endmaße BS,0.0000,0.0000,7.7000,13.6200,21.3200
2026-05-26,5232,MR7,MR7 Lehren BS,0.0000,15.4000,23.1000,30.7000,69.2000
2026-05-26,5233,MR4,MR4 Lohnmessung BS,0.0000,0.0000,0.0000,7.6000,7.6000
2026-05-26,5234,MR2,MR2 Drehmoment BS,7.6000,0.0000,7.7000,30.8000,46.1000
2026-05-26,5235,MR6,MR6 Messschieber BS,0.0000,0.0000,7.7000,30.7000,38.4000
2026-05-26,5236,MR3,MR3 Messuhren BS,0.0000,0.0000,7.7000,15.4000,23.1000
2026-05-26,5237,MR9,MR9 Elektro BS,0.0000,0.0000,0.0000,30.7000,30.7000
2026-05-26,5239,MR5,MR5 Bügelmesss. BS,0.0000,0.0000,0.0000,38.4000,38.4000
2026-05-26,5240,AV,Arbeitsvorbereit. BS,0.0000,0.0000,15.4000,57.0200,72.4200
2026-05-27,5211,MR11,MR11 Koordinatenm BS,0.0000,0.0000,7.6000,7.7000,15.3000
2026-05-27,5222,WE,WE BS,0.0000,7.7000,0.0000,59.6200,67.3200
2026-05-27,5223,WA,WA BS,0.0000,0.0000,0.0000,15.2000,15.2000
2026-05-27,5225,Packplatz,PP,0.0000,0.0000,0.0000,23.1000,23.1000
2026-05-27,5231,MR1,MR1 Endmaße BS,0.0000,0.0000,7.7000,13.6200,21.3200
2026-05-27,5232,MR7,MR7 Lehren BS,0.0000,15.4000,15.4000,42.4000,73.2000
2026-05-27,5233,MR4,MR4 Lohnmessung BS,0.0000,0.0000,0.0000,7.6000,7.6000
2026-05-27,5234,MR2,MR2 Drehmoment BS,7.6000,0.0000,7.7000,30.8000,46.1000
2026-05-27,5235,MR6,MR6 Messschieber BS,0.0000,0.0000,7.7000,30.7000,38.4000
2026-05-27,5236,MR3,MR3 Messuhren BS,0.0000,7.7000,0.0000,15.4000,23.1000
2026-05-27,5237,MR9,MR9 Elektro BS,0.0000,0.0000,0.0000,30.7000,30.7000
2026-05-27,5239,MR5,MR5 Bügelmesss. BS,0.0000,0.0000,0.0000,38.4000,38.4000
2026-05-27,5240,AV,Arbeitsvorbereit. BS,0.0000,0.0000,30.8000,36.6200,67.4200
2026-05-28,5211,MR11,MR11 Koordinatenm BS,0.0000,0.0000,7.6000,7.7000,15.3000
2026-05-28,5222,WE,WE BS,0.0000,7.7000,0.0000,59.6200,67.3200
2026-05-28,5223,WA,WA BS,0.0000,0.0000,0.0000,15.2000,15.2000
2026-05-28,5225,Packplatz,PP,0.0000,0.0000,0.0000,23.1000,23.1000
2026-05-28,5231,MR1,MR1 Endmaße BS,0.0000,0.0000,7.7000,13.6200,21.3200
2026-05-28,5232,MR7,MR7 Lehren BS,0.0000,23.1000,15.4000,34.7000,73.2000
2026-05-28,5233,MR4,MR4 Lohnmessung BS,0.0000,0.0000,0.0000,7.6000,7.6000
2026-05-28,5234,MR2,MR2 Drehmoment BS,7.6000,0.0000,7.7000,30.8000,46.1000
2026-05-28,5235,MR6,MR6 Messschieber BS,0.0000,0.0000,7.7000,30.7000,38.4000
2026-05-28,5236,MR3,MR3 Messuhren BS,0.0000,7.7000,0.0000,15.4000,23.1000
2026-05-28,5237,MR9,MR9 Elektro BS,0.0000,0.0000,0.0000,30.7000,30.7000
2026-05-28,5239,MR5,MR5 Bügelmesss. BS,0.0000,0.0000,0.0000,38.4000,38.4000
2026-05-28,5240,AV,Arbeitsvorbereit. BS,0.0000,0.0000,15.4000,57.0200,72.4200
2026-05-29,5211,MR11,MR11 Koordinatenm BS,0.0000,0.0000,7.6000,7.7000,15.3000
2026-05-29,5222,WE,WE BS,0.0000,7.7000,0.0000,59.6500,67.3500
2026-05-29,5223,WA,WA BS,0.0000,0.0000,0.0000,7.6000,7.6000
2026-05-29,5225,Packplatz,PP,0.0000,0.0000,0.0000,23.1000,23.1000
2026-05-29,5231,MR1,MR1 Endmaße BS,0.0000,7.7000,7.7000,5.9300,21.3300
2026-05-29,5232,MR7,MR7 Lehren BS,0.0000,15.4000,15.4000,42.4000,73.2000
2026-05-29,5233,MR4,MR4 Lohnmessung BS,0.0000,0.0000,0.0000,7.6000,7.6000
2026-05-29,5234,MR2,MR2 Drehmoment BS,0.0000,0.0000,7.7000,30.8000,38.5000
2026-05-29,5235,MR6,MR6 Messschieber BS,0.0000,0.0000,7.7000,30.7000,38.4000
2026-05-29,5236,MR3,MR3 Messuhren BS,0.0000,7.7000,0.0000,15.4000,23.1000
2026-05-29,5237,MR9,MR9 Elektro BS,0.0000,0.0000,0.0000,30.7000,30.7000
2026-05-29,5239,MR5,MR5 Bügelmesss. BS,0.0000,0.0000,0.0000,38.4000,38.4000
2026-05-29,5240,AV,Arbeitsvorbereit. BS,0.0000,0.0000,15.4000,57.0300,72.4300
2026-06-01,5211,MR11,MR11 Koordinatenm BS,0.0000,0.0000,0.0000,19.3000,19.3000
2026-06-01,5222,WE,WE BS,0.0000,7.7000,0.0000,59.6200,67.3200
2026-06-01,5223,WA,WA BS,0.0000,0.0000,7.6000,7.6000,15.2000
2026-06-01,5225,Packplatz,PP,0.0000,0.0000,0.0000,23.1000,23.1000
2026-06-01,5231,MR1,MR1 Endmaße BS,0.0000,7.7000,0.0000,21.3200,29.0200
2026-06-01,5232,MR7,MR7 Lehren BS,0.0000,15.4000,0.0000,38.4000,53.8000
2026-06-01,5233,MR4,MR4 Lohnmessung BS,0.0000,0.0000,0.0000,7.6000,7.6000
2026-06-01,5234,MR2,MR2 Drehmoment BS,0.0000,0.0000,7.6000,30.8000,38.4000
2026-06-01,5235,MR6,MR6 Messschieber BS,0.0000,0.0000,0.0000,30.7000,30.7000
2026-06-01,5236,MR3,MR3 Messuhren BS,0.0000,7.7000,7.7000,15.4000,30.8000
2026-06-01,5237,MR9,MR9 Elektro BS,0.0000,0.0000,0.0000,30.7000,30.7000
2026-06-01,5239,MR5,MR5 Bügelmesss. BS,0.0000,0.0000,0.0000,38.4000,38.4000
2026-06-01,5240,AV,Arbeitsvorbereit. BS,0.0000,0.0000,0.0000,72.4200,72.4200
2026-06-01,5900,Qualifizierung,Qualifizierung,0.0000,0.0000,0.0000,7.7000,7.7000
2026-06-02,5211,MR11,MR11 Koordinatenm BS,0.0000,0.0000,0.0000,19.3000,19.3000
2026-06-02,5222,WE,WE BS,0.0000,7.7000,0.0000,59.6200,67.3200
2026-06-02,5223,WA,WA BS,0.0000,0.0000,7.6000,7.6000,15.2000
2026-06-02,5225,Packplatz,PP,0.0000,0.0000,0.0000,23.1000,23.1000
2026-06-02,5231,MR1,MR1 Endmaße BS,0.0000,7.7000,0.0000,21.3200,29.0200
2026-06-02,5232,MR7,MR7 Lehren BS,0.0000,7.7000,0.0000,46.1000,53.8000
2026-06-02,5233,MR4,MR4 Lohnmessung BS,0.0000,0.0000,0.0000,7.6000,7.6000
2026-06-02,5234,MR2,MR2 Drehmoment BS,0.0000,0.0000,7.6000,30.8000,38.4000
2026-06-02,5235,MR6,MR6 Messschieber BS,0.0000,0.0000,0.0000,30.7000,30.7000
2026-06-02,5236,MR3,MR3 Messuhren BS,0.0000,7.7000,0.0000,23.1000,30.8000
2026-06-02,5237,MR9,MR9 Elektro BS,0.0000,0.0000,0.0000,30.7000,30.7000
2026-06-02,5239,MR5,MR5 Bügelmesss. BS,0.0000,0.0000,0.0000,30.7000,30.7000
2026-06-02,5240,AV,Arbeitsvorbereit. BS,0.0000,0.0000,0.0000,72.4200,72.4200
2026-06-02,5900,Qualifizierung,Qualifizierung,0.0000,0.0000,0.0000,7.7000,7.7000
2026-06-03,5211,MR11,MR11 Koordinatenm BS,0.0000,0.0000,0.0000,15.3000,15.3000
2026-06-03,5222,WE,WE BS,0.0000,7.7000,0.0000,59.6200,67.3200
2026-06-03,5223,WA,WA BS,0.0000,0.0000,7.6000,7.6000,15.2000
2026-06-03,5225,Packplatz,PP,0.0000,0.0000,7.7000,15.4000,23.1000
2026-06-03,5231,MR1,MR1 Endmaße BS,0.0000,7.7000,0.0000,21.3200,29.0200
2026-06-03,5232,MR7,MR7 Lehren BS,0.0000,7.7000,0.0000,50.1000,57.8000
2026-06-03,5233,MR4,MR4 Lohnmessung BS,0.0000,0.0000,0.0000,7.6000,7.6000
2026-06-03,5234,MR2,MR2 Drehmoment BS,0.0000,0.0000,7.6000,30.8000,38.4000
2026-06-03,5235,MR6,MR6 Messschieber BS,0.0000,7.6000,0.0000,23.1000,30.7000
2026-06-03,5236,MR3,MR3 Messuhren BS,0.0000,7.7000,0.0000,23.1000,30.8000
2026-06-03,5237,MR9,MR9 Elektro BS,0.0000,0.0000,0.0000,30.7000,30.7000
2026-06-03,5239,MR5,MR5 Bügelmesss. BS,0.0000,0.0000,0.0000,38.4000,38.4000
2026-06-03,5240,AV,Arbeitsvorbereit. BS,0.0000,0.0000,0.0000,67.4200,67.4200
2026-06-03,5900,Qualifizierung,Qualifizierung,0.0000,0.0000,0.0000,7.7000,7.7000
2026-06-04,5211,MR11,MR11 Koordinatenm BS,0.0000,0.0000,0.0000,15.3000,15.3000
2026-06-04,5222,WE,WE BS,0.0000,7.7000,0.0000,59.6200,67.3200
2026-06-04,5223,WA,WA BS,0.0000,0.0000,7.6000,7.6000,15.2000
2026-06-04,5225,Packplatz,PP,0.0000,0.0000,7.7000,15.4000,23.1000
2026-06-04,5231,MR1,MR1 Endmaße BS,0.0000,7.7000,0.0000,21.3200,29.0200
2026-06-04,5232,MR7,MR7 Lehren BS,0.0000,15.4000,0.0000,42.4000,57.8000
2026-06-04,5233,MR4,MR4 Lohnmessung BS,0.0000,0.0000,0.0000,7.6000,7.6000
2026-06-04,5234,MR2,MR2 Drehmoment BS,0.0000,0.0000,7.6000,30.8000,38.4000
2026-06-04,5235,MR6,MR6 Messschieber BS,0.0000,7.6000,0.0000,23.1000,30.7000
2026-06-04,5236,MR3,MR3 Messuhren BS,0.0000,7.7000,0.0000,23.1000,30.8000
2026-06-04,5237,MR9,MR9 Elektro BS,0.0000,0.0000,0.0000,30.7000,30.7000
2026-06-04,5239,MR5,MR5 Bügelmesss. BS,0.0000,0.0000,0.0000,38.4000,38.4000
2026-06-04,5240,AV,Arbeitsvorbereit. BS,0.0000,0.0000,0.0000,72.4200,72.4200
2026-06-04,5900,Qualifizierung,Qualifizierung,0.0000,0.0000,0.0000,7.7000,7.7000
2026-06-05,5211,MR11,MR11 Koordinatenm BS,0.0000,0.0000,0.0000,15.3000,15.3000
2026-06-05,5222,WE,WE BS,0.0000,7.7000,0.0000,59.6500,67.3500
2026-06-05,5223,WA,WA BS,0.0000,0.0000,0.0000,7.6000,7.6000
2026-06-05,5225,Packplatz,PP,0.0000,0.0000,7.7000,15.4000,23.1000
2026-06-05,5231,MR1,MR1 Endmaße BS,0.0000,7.7000,0.0000,21.3300,29.0300
2026-06-05,5232,MR7,MR7 Lehren BS,0.0000,15.4000,0.0000,42.4000,57.8000
2026-06-05,5233,MR4,MR4 Lohnmessung BS,0.0000,0.0000,0.0000,7.6000,7.6000
2026-06-05,5234,MR2,MR2 Drehmoment BS,0.0000,0.0000,7.6000,30.8000,38.4000
2026-06-05,5235,MR6,MR6 Messschieber BS,0.0000,7.6000,0.0000,23.1000,30.7000
2026-06-05,5236,MR3,MR3 Messuhren BS,0.0000,7.7000,0.0000,23.1000,30.8000
2026-06-05,5237,MR9,MR9 Elektro BS,0.0000,0.0000,0.0000,23.0000,23.0000
2026-06-05,5238,MR8,MR8 Temperatur BS,0.0000,0.0000,0.0000,7.7000,7.7000
2026-06-05,5239,MR5,MR5 Bügelmesss. BS,0.0000,0.0000,7.7000,30.7000,38.4000
2026-06-05,5240,AV,Arbeitsvorbereit. BS,0.0000,0.0000,0.0000,72.4300,72.4300
2026-06-05,5900,Qualifizierung,Qualifizierung,0.0000,0.0000,0.0000,7.7000,7.7000
2026-06-08,5211,MR11,MR11 Koordinatenm BS,0.0000,0.0000,0.0000,15.3000,15.3000
2026-06-08,5222,WE,WE BS,0.0000,7.7000,7.7000,51.9200,67.3200
2026-06-08,5223,WA,WA BS,0.0000,0.0000,7.6000,7.6000,15.2000
2026-06-08,5225,Packplatz,PP,0.0000,0.0000,7.7000,15.4000,23.1000
2026-06-08,5231,MR1,MR1 Endmaße BS,0.0000,7.7000,0.0000,13.6200,21.3200
2026-06-08,5232,MR7,MR7 Lehren BS,0.0000,7.7000,4.0000,46.1000,57.8000
2026-06-08,5233,MR4,MR4 Lohnmessung BS,0.0000,0.0000,0.0000,7.6000,7.6000
2026-06-08,5234,MR2,MR2 Drehmoment BS,0.0000,0.0000,0.0000,38.4000,38.4000
2026-06-08,5235,MR6,MR6 Messschieber BS,0.0000,7.6000,7.7000,23.1000,38.4000
2026-06-08,5236,MR3,MR3 Messuhren BS,0.0000,0.0000,7.7000,23.1000,30.8000
2026-06-08,5237,MR9,MR9 Elektro BS,0.0000,0.0000,0.0000,15.3000,15.3000
2026-06-08,5238,MR8,MR8 Temperatur BS,0.0000,0.0000,7.7000,7.7000,15.4000
2026-06-08,5239,MR5,MR5 Bügelmesss. BS,0.0000,0.0000,15.4000,30.7000,46.1000
2026-06-08,5240,AV,Arbeitsvorbereit. BS,0.0000,0.0000,0.0000,72.4200,72.4200
2026-06-09,5211,MR11,MR11 Koordinatenm BS,0.0000,0.0000,0.0000,15.3000,15.3000
2026-06-09,5222,WE,WE BS,0.0000,7.7000,0.0000,59.6200,67.3200
2026-06-09,5223,WA,WA BS,0.0000,0.0000,7.6000,7.6000,15.2000
2026-06-09,5225,Packplatz,PP,0.0000,0.0000,7.7000,15.4000,23.1000
2026-06-09,5231,MR1,MR1 Endmaße BS,0.0000,0.0000,7.7000,13.6200,21.3200
2026-06-09,5232,MR7,MR7 Lehren BS,0.0000,7.7000,0.0000,50.1000,57.8000
2026-06-09,5233,MR4,MR4 Lohnmessung BS,0.0000,0.0000,0.0000,7.6000,7.6000
2026-06-09,5234,MR2,MR2 Drehmoment BS,0.0000,0.0000,0.0000,38.4000,38.4000
2026-06-09,5235,MR6,MR6 Messschieber BS,0.0000,7.6000,7.7000,23.1000,38.4000
2026-06-09,5236,MR3,MR3 Messuhren BS,0.0000,0.0000,7.7000,23.1000,30.8000
2026-06-09,5237,MR9,MR9 Elektro BS,0.0000,0.0000,0.0000,15.3000,15.3000
2026-06-09,5238,MR8,MR8 Temperatur BS,0.0000,0.0000,7.7000,7.7000,15.4000
2026-06-09,5239,MR5,MR5 Bügelmesss. BS,0.0000,0.0000,15.4000,30.7000,46.1000
2026-06-09,5240,AV,Arbeitsvorbereit. BS,0.0000,0.0000,0.0000,72.4200,72.4200
2026-06-10,5211,MR11,MR11 Koordinatenm BS,0.0000,0.0000,0.0000,15.3000,15.3000
2026-06-10,5222,WE,WE BS,0.0000,7.7000,0.0000,59.6200,67.3200
2026-06-10,5223,WA,WA BS,0.0000,0.0000,7.6000,7.6000,15.2000
2026-06-10,5225,Packplatz,PP,0.0000,0.0000,0.0000,23.1000,23.1000
2026-06-10,5231,MR1,MR1 Endmaße BS,0.0000,0.0000,7.7000,13.6200,21.3200
2026-06-10,5232,MR7,MR7 Lehren BS,0.0000,7.7000,0.0000,50.1000,57.8000
2026-06-10,5233,MR4,MR4 Lohnmessung BS,0.0000,0.0000,0.0000,7.6000,7.6000
2026-06-10,5234,MR2,MR2 Drehmoment BS,0.0000,0.0000,0.0000,38.4000,38.4000
2026-06-10,5235,MR6,MR6 Messschieber BS,0.0000,7.6000,7.7000,23.1000,38.4000
2026-06-10,5236,MR3,MR3 Messuhren BS,0.0000,0.0000,7.7000,23.1000,30.8000
2026-06-10,5237,MR9,MR9 Elektro BS,0.0000,0.0000,0.0000,15.3000,15.3000
2026-06-10,5238,MR8,MR8 Temperatur BS,0.0000,0.0000,7.7000,7.7000,15.4000
2026-06-10,5239,MR5,MR5 Bügelmesss. BS,0.0000,0.0000,7.7000,38.4000,46.1000
2026-06-10,5240,AV,Arbeitsvorbereit. BS,0.0000,0.0000,0.0000,67.4200,67.4200
2026-06-11,5211,MR11,MR11 Koordinatenm BS,0.0000,0.0000,0.0000,15.3000,15.3000
2026-06-11,5222,WE,WE BS,0.0000,7.7000,0.0000,59.6200,67.3200
2026-06-11,5223,WA,WA BS,0.0000,0.0000,7.6000,7.6000,15.2000
2026-06-11,5225,Packplatz,PP,0.0000,0.0000,0.0000,23.1000,23.1000
2026-06-11,5231,MR1,MR1 Endmaße BS,0.0000,0.0000,7.7000,13.6200,21.3200
2026-06-11,5232,MR7,MR7 Lehren BS,0.0000,7.7000,0.0000,50.1000,57.8000
2026-06-11,5233,MR4,MR4 Lohnmessung BS,0.0000,0.0000,0.0000,7.6000,7.6000
2026-06-11,5234,MR2,MR2 Drehmoment BS,0.0000,0.0000,0.0000,38.4000,38.4000
2026-06-11,5235,MR6,MR6 Messschieber BS,0.0000,7.6000,7.7000,23.1000,38.4000
2026-06-11,5236,MR3,MR3 Messuhren BS,0.0000,0.0000,7.7000,23.1000,30.8000
2026-06-11,5237,MR9,MR9 Elektro BS,0.0000,0.0000,0.0000,15.3000,15.3000
2026-06-11,5238,MR8,MR8 Temperatur BS,0.0000,0.0000,7.7000,7.7000,15.4000
2026-06-11,5239,MR5,MR5 Bügelmesss. BS,0.0000,0.0000,7.7000,38.4000,46.1000
2026-06-11,5240,AV,Arbeitsvorbereit. BS,0.0000,0.0000,0.0000,72.4200,72.4200
2026-06-12,5211,MR11,MR11 Koordinatenm BS,0.0000,0.0000,0.0000,15.3000,15.3000
2026-06-12,5222,WE,WE BS,0.0000,7.7000,0.0000,59.6500,67.3500
2026-06-12,5223,WA,WA BS,0.0000,0.0000,0.0000,7.6000,7.6000
2026-06-12,5225,Packplatz,PP,0.0000,0.0000,0.0000,23.1000,23.1000
2026-06-12,5231,MR1,MR1 Endmaße BS,0.0000,0.0000,7.7000,13.6300,21.3300
2026-06-12,5232,MR7,MR7 Lehren BS,0.0000,7.7000,0.0000,50.1000,57.8000
2026-06-12,5233,MR4,MR4 Lohnmessung BS,0.0000,0.0000,0.0000,7.6000,7.6000
2026-06-12,5234,MR2,MR2 Drehmoment BS,0.0000,0.0000,0.0000,38.4000,38.4000
2026-06-12,5235,MR6,MR6 Messschieber BS,0.0000,7.6000,15.4000,15.4000,38.4000
2026-06-12,5236,MR3,MR3 Messuhren BS,0.0000,0.0000,7.7000,23.1000,30.8000
2026-06-12,5237,MR9,MR9 Elektro BS,0.0000,0.0000,0.0000,15.3000,15.3000
2026-06-12,5238,MR8,MR8 Temperatur BS,0.0000,0.0000,7.7000,7.7000,15.4000
2026-06-12,5239,MR5,MR5 Bügelmesss. BS,0.0000,0.0000,15.3000,30.8000,46.1000
2026-06-12,5240,AV,Arbeitsvorbereit. BS,0.0000,0.0000,0.0000,67.4300,67.4300
2026-06-15,5211,MR11,MR11 Koordinatenm BS,0.0000,0.0000,0.0000,15.3000,15.3000
2026-06-15,5222,WE,WE BS,0.0000,0.0000,15.4000,51.9200,67.3200
2026-06-15,5223,WA,WA BS,0.0000,0.0000,0.0000,15.2000,15.2000
2026-06-15,5225,Packplatz,PP,0.0000,0.0000,0.0000,23.1000,23.1000
2026-06-15,5231,MR1,MR1 Endmaße BS,0.0000,0.0000,7.7000,21.3200,29.0200
2026-06-15,5232,MR7,MR7 Lehren BS,0.0000,7.7000,0.0000,50.1000,57.8000
2026-06-15,5233,MR4,MR4 Lohnmessung BS,0.0000,0.0000,0.0000,7.6000,7.6000
2026-06-15,5234,MR2,MR2 Drehmoment BS,7.7000,0.0000,0.0000,30.7000,38.4000
2026-06-15,5235,MR6,MR6 Messschieber BS,0.0000,0.0000,15.4000,15.4000,30.8000
2026-06-15,5236,MR3,MR3 Messuhren BS,0.0000,0.0000,15.4000,15.4000,30.8000
2026-06-15,5237,MR9,MR9 Elektro BS,0.0000,0.0000,7.7000,15.3000,23.0000
2026-06-15,5238,MR8,MR8 Temperatur BS,0.0000,0.0000,0.0000,15.4000,15.4000
2026-06-15,5239,MR5,MR5 Bügelmesss. BS,0.0000,0.0000,7.7000,30.6000,38.3000
2026-06-15,5240,AV,Arbeitsvorbereit. BS,0.0000,7.7000,0.0000,64.7200,72.4200
2026-06-16,5211,MR11,MR11 Koordinatenm BS,0.0000,0.0000,0.0000,15.3000,15.3000
2026-06-16,5222,WE,WE BS,0.0000,0.0000,15.4000,51.9200,67.3200
2026-06-16,5223,WA,WA BS,0.0000,0.0000,0.0000,15.2000,15.2000
2026-06-16,5225,Packplatz,PP,0.0000,0.0000,0.0000,23.1000,23.1000
2026-06-16,5231,MR1,MR1 Endmaße BS,0.0000,0.0000,7.7000,21.3200,29.0200
2026-06-16,5232,MR7,MR7 Lehren BS,0.0000,7.7000,0.0000,50.1000,57.8000
2026-06-16,5233,MR4,MR4 Lohnmessung BS,0.0000,0.0000,0.0000,7.6000,7.6000
2026-06-16,5234,MR2,MR2 Drehmoment BS,7.7000,0.0000,0.0000,30.7000,38.4000
2026-06-16,5235,MR6,MR6 Messschieber BS,0.0000,0.0000,15.4000,15.4000,30.8000
2026-06-16,5236,MR3,MR3 Messuhren BS,0.0000,0.0000,15.4000,15.4000,30.8000
2026-06-16,5237,MR9,MR9 Elektro BS,0.0000,0.0000,7.7000,7.6000,15.3000
2026-06-16,5238,MR8,MR8 Temperatur BS,0.0000,0.0000,0.0000,15.4000,15.4000
2026-06-16,5239,MR5,MR5 Bügelmesss. BS,0.0000,0.0000,7.7000,30.6000,38.3000
2026-06-16,5240,AV,Arbeitsvorbereit. BS,0.0000,7.7000,0.0000,64.7200,72.4200
2026-06-17,5211,MR11,MR11 Koordinatenm BS,0.0000,0.0000,0.0000,15.3000,15.3000
2026-06-17,5222,WE,WE BS,0.0000,7.6000,15.4000,44.3200,67.3200
2026-06-17,5223,WA,WA BS,0.0000,0.0000,0.0000,15.2000,15.2000
2026-06-17,5225,Packplatz,PP,0.0000,0.0000,0.0000,23.1000,23.1000
2026-06-17,5231,MR1,MR1 Endmaße BS,0.0000,0.0000,7.7000,21.3200,29.0200
2026-06-17,5232,MR7,MR7 Lehren BS,0.0000,15.4000,0.0000,38.4000,53.8000
2026-06-17,5233,MR4,MR4 Lohnmessung BS,0.0000,0.0000,0.0000,7.6000,7.6000
2026-06-17,5234,MR2,MR2 Drehmoment BS,0.0000,0.0000,0.0000,38.4000,38.4000
2026-06-17,5235,MR6,MR6 Messschieber BS,0.0000,0.0000,7.7000,23.1000,30.8000
2026-06-17,5236,MR3,MR3 Messuhren BS,0.0000,0.0000,15.4000,15.4000,30.8000
2026-06-17,5237,MR9,MR9 Elektro BS,0.0000,0.0000,7.7000,7.6000,15.3000
2026-06-17,5238,MR8,MR8 Temperatur BS,0.0000,0.0000,0.0000,15.4000,15.4000
2026-06-17,5239,MR5,MR5 Bügelmesss. BS,0.0000,0.0000,7.7000,30.6000,38.3000
2026-06-17,5240,AV,Arbeitsvorbereit. BS,0.0000,7.7000,0.0000,59.7200,67.4200
2026-06-18,5211,MR11,MR11 Koordinatenm BS,0.0000,0.0000,0.0000,15.3000,15.3000
2026-06-18,5222,WE,WE BS,0.0000,0.0000,15.4000,51.9200,67.3200
2026-06-18,5223,WA,WA BS,0.0000,0.0000,0.0000,15.2000,15.2000
2026-06-18,5225,Packplatz,PP,0.0000,0.0000,0.0000,23.1000,23.1000
2026-06-18,5231,MR1,MR1 Endmaße BS,0.0000,0.0000,7.7000,21.3200,29.0200
2026-06-18,5232,MR7,MR7 Lehren BS,0.0000,15.4000,0.0000,42.4000,57.8000
2026-06-18,5233,MR4,MR4 Lohnmessung BS,0.0000,0.0000,0.0000,7.6000,7.6000
2026-06-18,5234,MR2,MR2 Drehmoment BS,0.0000,0.0000,0.0000,38.4000,38.4000
2026-06-18,5235,MR6,MR6 Messschieber BS,0.0000,0.0000,7.7000,23.1000,30.8000
2026-06-18,5236,MR3,MR3 Messuhren BS,0.0000,0.0000,15.4000,15.4000,30.8000
2026-06-18,5237,MR9,MR9 Elektro BS,0.0000,0.0000,7.7000,7.6000,15.3000
2026-06-18,5238,MR8,MR8 Temperatur BS,0.0000,0.0000,0.0000,15.4000,15.4000
2026-06-18,5239,MR5,MR5 Bügelmesss. BS,0.0000,0.0000,7.7000,30.6000,38.3000
2026-06-18,5240,AV,Arbeitsvorbereit. BS,0.0000,7.7000,0.0000,64.7200,72.4200
2026-06-19,5211,MR11,MR11 Koordinatenm BS,0.0000,0.0000,0.0000,15.3000,15.3000
2026-06-19,5222,WE,WE BS,0.0000,0.0000,15.4000,51.9500,67.3500
2026-06-19,5223,WA,WA BS,0.0000,0.0000,0.0000,7.6000,7.6000
2026-06-19,5225,Packplatz,PP,0.0000,0.0000,0.0000,23.1000,23.1000
2026-06-19,5231,MR1,MR1 Endmaße BS,0.0000,0.0000,7.7000,21.3300,29.0300
2026-06-19,5232,MR7,MR7 Lehren BS,0.0000,15.4000,7.7000,34.7000,57.8000
2026-06-19,5233,MR4,MR4 Lohnmessung BS,0.0000,0.0000,0.0000,7.6000,7.6000
2026-06-19,5234,MR2,MR2 Drehmoment BS,0.0000,0.0000,0.0000,38.4000,38.4000
2026-06-19,5235,MR6,MR6 Messschieber BS,0.0000,0.0000,7.7000,23.1000,30.8000
2026-06-19,5236,MR3,MR3 Messuhren BS,0.0000,0.0000,15.4000,15.4000,30.8000
2026-06-19,5237,MR9,MR9 Elektro BS,0.0000,7.6000,7.7000,,15.3000
2026-06-19,5238,MR8,MR8 Temperatur BS,0.0000,0.0000,0.0000,15.4000,15.4000
2026-06-19,5239,MR5,MR5 Bügelmesss. BS,0.0000,0.0000,7.7000,30.6000,38.3000
2026-06-19,5240,AV,Arbeitsvorbereit. BS,0.0000,7.7000,7.7000,57.0300,72.4300
2026-06-22,5211,MR11,MR11 Koordinatenm BS,0.0000,0.0000,0.0000,7.6000,7.6000
2026-06-22,5222,WE,WE BS,0.0000,0.0000,15.4000,51.9200,67.3200
2026-06-22,5223,WA,WA BS,0.0000,0.0000,0.0000,15.2000,15.2000
2026-06-22,5225,Packplatz,PP,0.0000,0.0000,7.7000,15.4000,23.1000
2026-06-22,5231,MR1,MR1 Endmaße BS,0.0000,0.0000,0.0000,21.3200,21.3200
2026-06-22,5232,MR7,MR7 Lehren BS,0.0000,7.7000,7.7000,50.1000,65.5000
2026-06-22,5233,MR4,MR4 Lohnmessung BS,0.0000,0.0000,0.0000,7.6000,7.6000
2026-06-22,5234,MR2,MR2 Drehmoment BS,0.0000,0.0000,7.7000,30.7000,38.4000
2026-06-22,5235,MR6,MR6 Messschieber BS,0.0000,0.0000,15.4000,15.4000,30.8000
2026-06-22,5236,MR3,MR3 Messuhren BS,0.0000,0.0000,7.7000,23.1000,30.8000
2026-06-22,5237,MR9,MR9 Elektro BS,0.0000,0.0000,15.4000,15.3000,30.7000
2026-06-22,5239,MR5,MR5 Bügelmesss. BS,0.0000,0.0000,7.7000,38.3000,46.0000
2026-06-22,5240,AV,Arbeitsvorbereit. BS,0.0000,7.7000,0.0000,64.7200,72.4200
2026-06-23,5211,MR11,MR11 Koordinatenm BS,0.0000,0.0000,0.0000,7.6000,7.6000
2026-06-23,5222,WE,WE BS,0.0000,0.0000,15.4000,51.9200,67.3200
2026-06-23,5223,WA,WA BS,0.0000,0.0000,0.0000,15.2000,15.2000
2026-06-23,5225,Packplatz,PP,0.0000,0.0000,7.7000,15.4000,23.1000
2026-06-23,5231,MR1,MR1 Endmaße BS,0.0000,0.0000,0.0000,21.3200,21.3200
2026-06-23,5232,MR7,MR7 Lehren BS,0.0000,15.4000,7.7000,42.4000,65.5000
2026-06-23,5233,MR4,MR4 Lohnmessung BS,0.0000,0.0000,0.0000,7.6000,7.6000
2026-06-23,5234,MR2,MR2 Drehmoment BS,0.0000,0.0000,7.7000,30.7000,38.4000
2026-06-23,5235,MR6,MR6 Messschieber BS,0.0000,0.0000,15.4000,15.4000,30.8000
2026-06-23,5236,MR3,MR3 Messuhren BS,0.0000,0.0000,7.7000,23.1000,30.8000
2026-06-23,5237,MR9,MR9 Elektro BS,0.0000,0.0000,15.4000,15.3000,30.7000
2026-06-23,5239,MR5,MR5 Bügelmesss. BS,0.0000,0.0000,7.7000,38.3000,46.0000
2026-06-23,5240,AV,Arbeitsvorbereit. BS,0.0000,7.7000,0.0000,59.7200,67.4200
2026-06-24,5211,MR11,MR11 Koordinatenm BS,0.0000,0.0000,0.0000,7.6000,7.6000
2026-06-24,5222,WE,WE BS,0.0000,0.0000,15.4000,51.9200,67.3200
2026-06-24,5223,WA,WA BS,0.0000,0.0000,0.0000,15.2000,15.2000
2026-06-24,5225,Packplatz,PP,0.0000,0.0000,15.4000,7.7000,23.1000
2026-06-24,5231,MR1,MR1 Endmaße BS,0.0000,0.0000,7.7000,21.3200,29.0200
2026-06-24,5232,MR7,MR7 Lehren BS,0.0000,15.4000,7.7000,42.4000,65.5000
2026-06-24,5233,MR4,MR4 Lohnmessung BS,0.0000,0.0000,0.0000,7.6000,7.6000
2026-06-24,5234,MR2,MR2 Drehmoment BS,0.0000,0.0000,7.7000,30.7000,38.4000
2026-06-24,5235,MR6,MR6 Messschieber BS,0.0000,0.0000,7.7000,23.1000,30.8000
2026-06-24,5236,MR3,MR3 Messuhren BS,0.0000,0.0000,7.7000,23.1000,30.8000
2026-06-24,5237,MR9,MR9 Elektro BS,0.0000,0.0000,15.4000,15.3000,30.7000
2026-06-24,5239,MR5,MR5 Bügelmesss. BS,0.0000,0.0000,7.7000,38.3000,46.0000
2026-06-24,5240,AV,Arbeitsvorbereit. BS,0.0000,7.7000,0.0000,59.7200,67.4200
2026-06-25,5211,MR11,MR11 Koordinatenm BS,0.0000,0.0000,0.0000,7.6000,7.6000
2026-06-25,5222,WE,WE BS,0.0000,0.0000,15.4000,51.9200,67.3200
2026-06-25,5223,WA,WA BS,0.0000,0.0000,0.0000,15.2000,15.2000
2026-06-25,5225,Packplatz,PP,0.0000,7.7000,0.0000,15.4000,23.1000
2026-06-25,5231,MR1,MR1 Endmaße BS,0.0000,0.0000,7.7000,21.3200,29.0200
2026-06-25,5232,MR7,MR7 Lehren BS,0.0000,15.4000,7.7000,42.4000,65.5000
2026-06-25,5233,MR4,MR4 Lohnmessung BS,0.0000,0.0000,0.0000,7.6000,7.6000
2026-06-25,5234,MR2,MR2 Drehmoment BS,0.0000,0.0000,7.7000,30.7000,38.4000
2026-06-25,5235,MR6,MR6 Messschieber BS,0.0000,0.0000,7.7000,23.1000,30.8000
2026-06-25,5236,MR3,MR3 Messuhren BS,0.0000,0.0000,7.7000,23.1000,30.8000
2026-06-25,5237,MR9,MR9 Elektro BS,0.0000,0.0000,15.4000,15.3000,30.7000
2026-06-25,5239,MR5,MR5 Bügelmesss. BS,0.0000,0.0000,7.7000,38.3000,46.0000
2026-06-25,5240,AV,Arbeitsvorbereit. BS,0.0000,7.7000,0.0000,64.7200,72.4200
2026-06-26,5211,MR11,MR11 Koordinatenm BS,0.0000,0.0000,0.0000,7.6000,7.6000
2026-06-26,5222,WE,WE BS,0.0000,0.0000,21.3500,46.0000,67.3500
2026-06-26,5223,WA,WA BS,0.0000,0.0000,0.0000,7.6000,7.6000
2026-06-26,5225,Packplatz,PP,0.0000,7.7000,0.0000,15.4000,23.1000
2026-06-26,5231,MR1,MR1 Endmaße BS,0.0000,0.0000,7.7000,21.3300,29.0300
2026-06-26,5232,MR7,MR7 Lehren BS,0.0000,15.4000,7.7000,42.4000,65.5000
2026-06-26,5233,MR4,MR4 Lohnmessung BS,0.0000,0.0000,0.0000,7.6000,7.6000
2026-06-26,5234,MR2,MR2 Drehmoment BS,0.0000,0.0000,7.7000,23.1000,30.8000
2026-06-26,5235,MR6,MR6 Messschieber BS,0.0000,0.0000,7.7000,23.1000,30.8000
2026-06-26,5236,MR3,MR3 Messuhren BS,0.0000,0.0000,15.4000,7.7000,23.1000
2026-06-26,5237,MR9,MR9 Elektro BS,0.0000,0.0000,15.4000,15.3000,30.7000
2026-06-26,5239,MR5,MR5 Bügelmesss. BS,0.0000,0.0000,7.7000,38.3000,46.0000
2026-06-26,5240,AV,Arbeitsvorbereit. BS,0.0000,7.7000,12.7000,52.0300,72.4300
2026-06-29,5211,MR11,MR11 Koordinatenm BS,0.0000,0.0000,0.0000,15.3000,15.3000
2026-06-29,5222,WE,WE BS,0.0000,0.0000,15.4000,51.9200,67.3200
2026-06-29,5223,WA,WA BS,0.0000,0.0000,0.0000,15.2000,15.2000
2026-06-29,5225,Packplatz,PP,0.0000,0.0000,0.0000,23.1000,23.1000
2026-06-29,5231,MR1,MR1 Endmaße BS,0.0000,0.0000,7.7000,21.3200,29.0200
2026-06-29,5232,MR7,MR7 Lehren BS,0.0000,7.7000,7.6000,34.8000,50.1000
2026-06-29,5233,MR4,MR4 Lohnmessung BS,0.0000,0.0000,0.0000,7.6000,7.6000
2026-06-29,5234,MR2,MR2 Drehmoment BS,0.0000,0.0000,7.7000,30.7000,38.4000
2026-06-29,5235,MR6,MR6 Messschieber BS,0.0000,0.0000,0.0000,30.7000,30.7000
2026-06-29,5236,MR3,MR3 Messuhren BS,0.0000,0.0000,0.0000,30.8000,30.8000
2026-06-29,5237,MR9,MR9 Elektro BS,0.0000,0.0000,15.4000,15.3000,30.7000
2026-06-29,5238,MR8,MR8 Temperatur BS,0.0000,0.0000,0.0000,7.7000,7.7000
2026-06-29,5239,MR5,MR5 Bügelmesss. BS,0.0000,0.0000,0.0000,38.4000,38.4000
2026-06-29,5240,AV,Arbeitsvorbereit. BS,0.0000,7.7000,7.7000,57.0200,72.4200
2026-06-30,5211,MR11,MR11 Koordinatenm BS,0.0000,0.0000,0.0000,15.3000,15.3000
2026-06-30,5222,WE,WE BS,0.0000,0.0000,15.4000,51.9200,67.3200
2026-06-30,5223,WA,WA BS,0.0000,0.0000,0.0000,15.2000,15.2000
2026-06-30,5225,Packplatz,PP,0.0000,7.7000,0.0000,15.4000,23.1000
2026-06-30,5231,MR1,MR1 Endmaße BS,0.0000,0.0000,7.7000,21.3200,29.0200
2026-06-30,5232,MR7,MR7 Lehren BS,0.0000,15.4000,7.6000,34.8000,57.8000
2026-06-30,5233,MR4,MR4 Lohnmessung BS,0.0000,0.0000,0.0000,7.6000,7.6000
2026-06-30,5234,MR2,MR2 Drehmoment BS,0.0000,0.0000,7.7000,30.7000,38.4000
2026-06-30,5235,MR6,MR6 Messschieber BS,0.0000,0.0000,0.0000,30.7000,30.7000
2026-06-30,5236,MR3,MR3 Messuhren BS,0.0000,0.0000,0.0000,30.8000,30.8000
2026-06-30,5237,MR9,MR9 Elektro BS,0.0000,0.0000,15.4000,15.3000,30.7000
2026-06-30,5238,MR8,MR8 Temperatur BS,0.0000,0.0000,0.0000,7.7000,7.7000
2026-06-30,5239,MR5,MR5 Bügelmesss. BS,0.0000,0.0000,0.0000,38.4000,38.4000
2026-06-30,5240,AV,Arbeitsvorbereit. BS,0.0000,7.7000,7.7000,57.0200,72.4200
2026-07-01,5211,MR11,MR11 Koordinatenm BS,0.0000,0.0000,0.0000,15.3000,15.3000
2026-07-01,5222,WE,WE BS,0.0000,0.0000,15.4000,51.9200,67.3200
2026-07-01,5223,WA,WA BS,0.0000,0.0000,0.0000,15.2000,15.2000
2026-07-01,5225,Packplatz,PP,0.0000,0.0000,0.0000,23.1000,23.1000
2026-07-01,5231,MR1,MR1 Endmaße BS,0.0000,0.0000,0.0000,21.3200,21.3200
2026-07-01,5232,MR7,MR7 Lehren BS,0.0000,15.4000,7.6000,42.5000,65.5000
2026-07-01,5233,MR4,MR4 Lohnmessung BS,0.0000,0.0000,0.0000,7.6000,7.6000
2026-07-01,5234,MR2,MR2 Drehmoment BS,0.0000,0.0000,7.7000,30.7000,38.4000
2026-07-01,5235,MR6,MR6 Messschieber BS,0.0000,0.0000,0.0000,30.7000,30.7000
2026-07-01,5236,MR3,MR3 Messuhren BS,0.0000,0.0000,0.0000,30.8000,30.8000
2026-07-01,5237,MR9,MR9 Elektro BS,0.0000,0.0000,15.4000,15.3000,30.7000
2026-07-01,5238,MR8,MR8 Temperatur BS,0.0000,0.0000,0.0000,7.7000,7.7000
2026-07-01,5239,MR5,MR5 Bügelmesss. BS,0.0000,0.0000,0.0000,38.4000,38.4000
2026-07-01,5240,AV,Arbeitsvorbereit. BS,0.0000,7.7000,23.1000,36.6200,67.4200
2026-07-02,5211,MR11,MR11 Koordinatenm BS,0.0000,0.0000,0.0000,15.3000,15.3000
2026-07-02,5222,WE,WE BS,0.0000,0.0000,15.4000,51.9200,67.3200
2026-07-02,5223,WA,WA BS,0.0000,0.0000,0.0000,15.2000,15.2000
2026-07-02,5225,Packplatz,PP,0.0000,7.7000,0.0000,15.4000,23.1000
2026-07-02,5231,MR1,MR1 Endmaße BS,0.0000,0.0000,0.0000,21.3200,21.3200
2026-07-02,5232,MR7,MR7 Lehren BS,0.0000,15.4000,7.6000,42.5000,65.5000
2026-07-02,5233,MR4,MR4 Lohnmessung BS,0.0000,0.0000,0.0000,7.6000,7.6000
2026-07-02,5234,MR2,MR2 Drehmoment BS,0.0000,0.0000,15.4000,23.0000,38.4000
2026-07-02,5235,MR6,MR6 Messschieber BS,0.0000,0.0000,0.0000,30.7000,30.7000
2026-07-02,5236,MR3,MR3 Messuhren BS,0.0000,0.0000,0.0000,30.8000,30.8000
2026-07-02,5237,MR9,MR9 Elektro BS,0.0000,0.0000,15.4000,15.3000,30.7000
2026-07-02,5238,MR8,MR8 Temperatur BS,0.0000,0.0000,0.0000,7.7000,7.7000
2026-07-02,5239,MR5,MR5 Bügelmesss. BS,0.0000,0.0000,7.7000,30.7000,38.4000
2026-07-02,5240,AV,Arbeitsvorbereit. BS,0.0000,7.7000,15.4000,49.3200,72.4200
2026-07-03,5211,MR11,MR11 Koordinatenm BS,0.0000,0.0000,0.0000,15.3000,15.3000
2026-07-03,5222,WE,WE BS,5.9500,0.0000,15.4000,46.0000,67.3500
2026-07-03,5223,WA,WA BS,0.0000,0.0000,0.0000,7.6000,7.6000
2026-07-03,5225,Packplatz,PP,0.0000,7.7000,0.0000,15.4000,23.1000
2026-07-03,5231,MR1,MR1 Endmaße BS,0.0000,0.0000,0.0000,21.3300,21.3300
2026-07-03,5232,MR7,MR7 Lehren BS,0.0000,15.4000,7.6000,42.5000,65.5000
2026-07-03,5233,MR4,MR4 Lohnmessung BS,0.0000,0.0000,0.0000,7.6000,7.6000
2026-07-03,5234,MR2,MR2 Drehmoment BS,0.0000,0.0000,15.4000,23.0000,38.4000
2026-07-03,5235,MR6,MR6 Messschieber BS,0.0000,0.0000,0.0000,30.7000,30.7000
2026-07-03,5236,MR3,MR3 Messuhren BS,0.0000,0.0000,0.0000,30.8000,30.8000
2026-07-03,5237,MR9,MR9 Elektro BS,0.0000,0.0000,15.4000,15.3000,30.7000
2026-07-03,5238,MR8,MR8 Temperatur BS,0.0000,0.0000,0.0000,7.7000,7.7000
2026-07-03,5239,MR5,MR5 Bügelmesss. BS,0.0000,0.0000,7.7000,30.7000,38.4000
2026-07-03,5240,AV,Arbeitsvorbereit. BS,0.0000,7.7000,15.4000,49.3300,72.4300
2026-07-06,5211,MR11,MR11 Koordinatenm BS,0.0000,0.0000,0.0000,7.7000,7.7000
2026-07-06,5222,WE,WE BS,0.0000,0.0000,7.7000,59.6200,67.3200
2026-07-06,5223,WA,WA BS,0.0000,0.0000,7.6000,7.6000,15.2000
2026-07-06,5225,Packplatz,PP,0.0000,7.7000,0.0000,15.4000,23.1000
2026-07-06,5231,MR1,MR1 Endmaße BS,0.0000,0.0000,0.0000,21.3200,21.3200
2026-07-06,5232,MR7,MR7 Lehren BS,0.0000,7.7000,7.6000,50.2000,65.5000
2026-07-06,5233,MR4,MR4 Lohnmessung BS,0.0000,0.0000,0.0000,7.6000,7.6000
2026-07-06,5234,MR2,MR2 Drehmoment BS,0.0000,0.0000,23.1000,23.0000,46.1000
2026-07-06,5235,MR6,MR6 Messschieber BS,0.0000,0.0000,7.6000,23.1000,30.7000
2026-07-06,5236,MR3,MR3 Messuhren BS,0.0000,0.0000,0.0000,23.1000,23.1000
2026-07-06,5237,MR9,MR9 Elektro BS,0.0000,0.0000,0.0000,30.7000,30.7000
2026-07-06,5239,MR5,MR5 Bügelmesss. BS,0.0000,0.0000,7.7000,38.4000,46.1000
2026-07-06,5240,AV,Arbeitsvorbereit. BS,0.0000,7.7000,15.3000,41.7200,64.7200
2026-07-07,5211,MR11,MR11 Koordinatenm BS,0.0000,0.0000,0.0000,15.3000,15.3000
2026-07-07,5222,WE,WE BS,0.0000,0.0000,7.7000,59.6200,67.3200
2026-07-07,5223,WA,WA BS,0.0000,0.0000,7.6000,7.6000,15.2000
2026-07-07,5225,Packplatz,PP,0.0000,7.7000,0.0000,15.4000,23.1000
2026-07-07,5231,MR1,MR1 Endmaße BS,0.0000,0.0000,0.0000,21.3200,21.3200
2026-07-07,5232,MR7,MR7 Lehren BS,0.0000,0.0000,7.6000,50.2000,57.8000
2026-07-07,5233,MR4,MR4 Lohnmessung BS,0.0000,0.0000,0.0000,7.6000,7.6000
2026-07-07,5234,MR2,MR2 Drehmoment BS,0.0000,0.0000,15.4000,30.7000,46.1000
2026-07-07,5235,MR6,MR6 Messschieber BS,0.0000,0.0000,7.6000,23.1000,30.7000
2026-07-07,5236,MR3,MR3 Messuhren BS,0.0000,0.0000,0.0000,23.1000,23.1000
2026-07-07,5237,MR9,MR9 Elektro BS,0.0000,0.0000,0.0000,30.7000,30.7000
2026-07-07,5239,MR5,MR5 Bügelmesss. BS,0.0000,0.0000,7.7000,38.4000,46.1000
2026-07-07,5240,AV,Arbeitsvorbereit. BS,0.0000,7.7000,15.3000,49.4200,72.4200
2026-07-08,5211,MR11,MR11 Koordinatenm BS,0.0000,0.0000,0.0000,15.3000,15.3000
2026-07-08,5222,WE,WE BS,0.0000,0.0000,7.7000,59.6200,67.3200
2026-07-08,5223,WA,WA BS,0.0000,7.6000,0.0000,7.6000,15.2000
2026-07-08,5225,Packplatz,PP,0.0000,7.7000,0.0000,15.4000,23.1000
2026-07-08,5231,MR1,MR1 Endmaße BS,0.0000,0.0000,0.0000,21.3200,21.3200
2026-07-08,5232,MR7,MR7 Lehren BS,0.0000,0.0000,7.6000,50.2000,57.8000
2026-07-08,5233,MR4,MR4 Lohnmessung BS,0.0000,0.0000,0.0000,7.6000,7.6000
2026-07-08,5234,MR2,MR2 Drehmoment BS,0.0000,0.0000,7.7000,38.4000,46.1000
2026-07-08,5235,MR6,MR6 Messschieber BS,0.0000,0.0000,7.6000,23.1000,30.7000
2026-07-08,5236,MR3,MR3 Messuhren BS,0.0000,0.0000,0.0000,23.1000,23.1000
2026-07-08,5237,MR9,MR9 Elektro BS,0.0000,0.0000,0.0000,30.7000,30.7000
2026-07-08,5239,MR5,MR5 Bügelmesss. BS,0.0000,0.0000,7.7000,38.4000,46.1000
2026-07-08,5240,AV,Arbeitsvorbereit. BS,0.0000,7.7000,15.3000,44.4200,67.4200
2026-07-09,5211,MR11,MR11 Koordinatenm BS,0.0000,0.0000,0.0000,15.3000,15.3000
2026-07-09,5222,WE,WE BS,0.0000,0.0000,7.7000,59.6200,67.3200
2026-07-09,5223,WA,WA BS,0.0000,7.6000,0.0000,7.6000,15.2000
2026-07-09,5225,Packplatz,PP,0.0000,7.7000,0.0000,15.4000,23.1000
2026-07-09,5231,MR1,MR1 Endmaße BS,0.0000,0.0000,0.0000,21.3200,21.3200
2026-07-09,5232,MR7,MR7 Lehren BS,0.0000,0.0000,7.6000,50.2000,57.8000
2026-07-09,5233,MR4,MR4 Lohnmessung BS,0.0000,0.0000,0.0000,7.6000,7.6000
2026-07-09,5234,MR2,MR2 Drehmoment BS,0.0000,0.0000,7.7000,38.4000,46.1000
2026-07-09,5235,MR6,MR6 Messschieber BS,0.0000,0.0000,7.6000,23.1000,30.7000
2026-07-09,5236,MR3,MR3 Messuhren BS,0.0000,0.0000,0.0000,23.1000,23.1000
2026-07-09,5237,MR9,MR9 Elektro BS,0.0000,0.0000,0.0000,30.7000,30.7000
2026-07-09,5239,MR5,MR5 Bügelmesss. BS,0.0000,0.0000,7.7000,38.4000,46.1000
2026-07-09,5240,AV,Arbeitsvorbereit. BS,0.0000,7.7000,15.3000,49.4200,72.4200
2026-07-10,5211,MR11,MR11 Koordinatenm BS,0.0000,0.0000,0.0000,15.3000,15.3000
2026-07-10,5222,WE,WE BS,0.0000,0.0000,15.4000,51.9500,67.3500
2026-07-10,5223,WA,WA BS,0.0000,7.6000,0.0000,,7.6000
2026-07-10,5225,Packplatz,PP,0.0000,7.7000,0.0000,15.4000,23.1000
2026-07-10,5231,MR1,MR1 Endmaße BS,0.0000,0.0000,0.0000,21.3300,21.3300
2026-07-10,5232,MR7,MR7 Lehren BS,0.0000,0.0000,7.6000,42.5000,50.1000
2026-07-10,5233,MR4,MR4 Lohnmessung BS,0.0000,0.0000,0.0000,7.6000,7.6000
2026-07-10,5234,MR2,MR2 Drehmoment BS,0.0000,7.7000,7.7000,30.7000,46.1000
2026-07-10,5235,MR6,MR6 Messschieber BS,0.0000,0.0000,7.6000,23.1000,30.7000
2026-07-10,5236,MR3,MR3 Messuhren BS,0.0000,0.0000,0.0000,23.1000,23.1000
2026-07-10,5237,MR9,MR9 Elektro BS,0.0000,0.0000,0.0000,30.7000,30.7000
2026-07-10,5239,MR5,MR5 Bügelmesss. BS,0.0000,0.0000,7.7000,38.4000,46.1000
2026-07-10,5240,AV,Arbeitsvorbereit. BS,0.0000,7.7000,15.3000,49.4300,72.4300
2026-07-13,5211,MR11,MR11 Koordinatenm BS,0.0000,0.0000,0.0000,15.3000,15.3000
2026-07-13,5222,WE,WE BS,0.0000,0.0000,13.5200,46.1000,59.6200
2026-07-13,5223,WA,WA BS,0.0000,0.0000,7.6000,7.6000,15.2000
2026-07-13,5225,Packplatz,PP,0.0000,0.0000,0.0000,23.1000,23.1000
2026-07-13,5231,MR1,MR1 Endmaße BS,0.0000,0.0000,0.0000,21.3200,21.3200
2026-07-13,5232,MR7,MR7 Lehren BS,0.0000,0.0000,7.6000,50.2000,57.8000
2026-07-13,5233,MR4,MR4 Lohnmessung BS,0.0000,0.0000,0.0000,7.6000,7.6000
2026-07-13,5234,MR2,MR2 Drehmoment BS,0.0000,0.0000,7.7000,38.4000,46.1000
2026-07-13,5235,MR6,MR6 Messschieber BS,0.0000,0.0000,7.6000,23.1000,30.7000
2026-07-13,5236,MR3,MR3 Messuhren BS,0.0000,0.0000,0.0000,23.1000,23.1000
2026-07-13,5237,MR9,MR9 Elektro BS,0.0000,0.0000,15.3000,15.4000,30.7000
2026-07-13,5239,MR5,MR5 Bügelmesss. BS,0.0000,0.0000,0.0000,38.4000,38.4000
2026-07-13,5240,AV,Arbeitsvorbereit. BS,0.0000,0.0000,15.4000,57.0200,72.4200
2026-07-13,5900,Qualifizierung,Qualifizierung,0.0000,0.0000,0.0000,7.7000,7.7000
2026-07-14,5211,MR11,MR11 Koordinatenm BS,0.0000,0.0000,0.0000,15.3000,15.3000
2026-07-14,5222,WE,WE BS,0.0000,0.0000,13.5200,46.1000,59.6200
2026-07-14,5223,WA,WA BS,0.0000,0.0000,7.6000,7.6000,15.2000
2026-07-14,5225,Packplatz,PP,0.0000,0.0000,0.0000,23.1000,23.1000
2026-07-14,5231,MR1,MR1 Endmaße BS,0.0000,0.0000,0.0000,21.3200,21.3200
2026-07-14,5232,MR7,MR7 Lehren BS,0.0000,0.0000,7.6000,50.2000,57.8000
2026-07-14,5233,MR4,MR4 Lohnmessung BS,0.0000,0.0000,0.0000,7.6000,7.6000
2026-07-14,5234,MR2,MR2 Drehmoment BS,0.0000,0.0000,7.7000,38.4000,46.1000
2026-07-14,5235,MR6,MR6 Messschieber BS,0.0000,0.0000,7.6000,23.1000,30.7000
2026-07-14,5236,MR3,MR3 Messuhren BS,0.0000,0.0000,0.0000,23.1000,23.1000
2026-07-14,5237,MR9,MR9 Elektro BS,0.0000,0.0000,7.7000,23.0000,30.7000
2026-07-14,5239,MR5,MR5 Bügelmesss. BS,0.0000,0.0000,0.0000,38.4000,38.4000
2026-07-14,5240,AV,Arbeitsvorbereit. BS,0.0000,0.0000,15.4000,57.0200,72.4200
2026-07-14,5900,Qualifizierung,Qualifizierung,0.0000,0.0000,0.0000,7.7000,7.7000
2026-07-15,5211,MR11,MR11 Koordinatenm BS,0.0000,0.0000,0.0000,15.3000,15.3000
2026-07-15,5222,WE,WE BS,0.0000,0.0000,21.2200,38.4000,59.6200
2026-07-15,5223,WA,WA BS,0.0000,0.0000,7.6000,7.6000,15.2000
2026-07-15,5225,Packplatz,PP,0.0000,7.7000,0.0000,15.4000,23.1000
2026-07-15,5231,MR1,MR1 Endmaße BS,0.0000,0.0000,0.0000,21.3200,21.3200
2026-07-15,5232,MR7,MR7 Lehren BS,0.0000,7.7000,7.6000,42.5000,57.8000
2026-07-15,5233,MR4,MR4 Lohnmessung BS,0.0000,0.0000,0.0000,7.6000,7.6000
2026-07-15,5234,MR2,MR2 Drehmoment BS,0.0000,0.0000,7.7000,38.4000,46.1000
2026-07-15,5235,MR6,MR6 Messschieber BS,0.0000,0.0000,7.6000,23.1000,30.7000
2026-07-15,5236,MR3,MR3 Messuhren BS,0.0000,0.0000,0.0000,23.1000,23.1000
2026-07-15,5237,MR9,MR9 Elektro BS,0.0000,0.0000,7.7000,23.0000,30.7000
2026-07-15,5239,MR5,MR5 Bügelmesss. BS,0.0000,0.0000,0.0000,38.4000,38.4000
2026-07-15,5240,AV,Arbeitsvorbereit. BS,0.0000,0.0000,23.1000,44.3200,67.4200
2026-07-15,5900,Qualifizierung,Qualifizierung,0.0000,0.0000,0.0000,7.7000,7.7000
2026-07-16,5211,MR11,MR11 Koordinatenm BS,0.0000,0.0000,0.0000,15.3000,15.3000
2026-07-16,5222,WE,WE BS,0.0000,0.0000,13.5200,46.1000,59.6200
2026-07-16,5223,WA,WA BS,0.0000,0.0000,7.6000,7.6000,15.2000
2026-07-16,5225,Packplatz,PP,0.0000,7.7000,0.0000,15.4000,23.1000
2026-07-16,5231,MR1,MR1 Endmaße BS,0.0000,0.0000,0.0000,21.3200,21.3200
2026-07-16,5232,MR7,MR7 Lehren BS,0.0000,7.7000,7.6000,42.5000,57.8000
2026-07-16,5233,MR4,MR4 Lohnmessung BS,0.0000,0.0000,0.0000,7.6000,7.6000
2026-07-16,5234,MR2,MR2 Drehmoment BS,0.0000,7.7000,7.7000,30.7000,46.1000
2026-07-16,5235,MR6,MR6 Messschieber BS,0.0000,0.0000,7.6000,23.1000,30.7000
2026-07-16,5236,MR3,MR3 Messuhren BS,0.0000,0.0000,0.0000,23.1000,23.1000
2026-07-16,5237,MR9,MR9 Elektro BS,0.0000,0.0000,7.7000,23.0000,30.7000
2026-07-16,5239,MR5,MR5 Bügelmesss. BS,0.0000,0.0000,0.0000,38.4000,38.4000
2026-07-16,5240,AV,Arbeitsvorbereit. BS,0.0000,0.0000,15.4000,57.0200,72.4200
2026-07-16,5900,Qualifizierung,Qualifizierung,0.0000,0.0000,0.0000,7.7000,7.7000
2026-07-17,5211,MR11,MR11 Koordinatenm BS,0.0000,0.0000,0.0000,15.3000,15.3000
2026-07-17,5222,WE,WE BS,0.0000,0.0000,13.5500,46.1000,59.6500
2026-07-17,5223,WA,WA BS,0.0000,0.0000,7.6000,,7.6000
2026-07-17,5225,Packplatz,PP,0.0000,7.7000,0.0000,15.4000,23.1000
2026-07-17,5231,MR1,MR1 Endmaße BS,0.0000,0.0000,7.7000,13.6300,21.3300
2026-07-17,5232,MR7,MR7 Lehren BS,0.0000,7.7000,7.6000,42.5000,57.8000
2026-07-17,5233,MR4,MR4 Lohnmessung BS,0.0000,0.0000,0.0000,7.6000,7.6000
2026-07-17,5234,MR2,MR2 Drehmoment BS,0.0000,7.7000,15.4000,23.0000,46.1000
2026-07-17,5235,MR6,MR6 Messschieber BS,0.0000,0.0000,7.6000,23.1000,30.7000
2026-07-17,5236,MR3,MR3 Messuhren BS,0.0000,0.0000,7.7000,15.4000,23.1000
2026-07-17,5237,MR9,MR9 Elektro BS,0.0000,0.0000,7.7000,23.0000,30.7000
2026-07-17,5239,MR5,MR5 Bügelmesss. BS,0.0000,0.0000,0.0000,38.4000,38.4000
2026-07-17,5240,AV,Arbeitsvorbereit. BS,0.0000,0.0000,15.4000,57.0300,72.4300
2026-07-17,5900,Qualifizierung,Qualifizierung,0.0000,0.0000,0.0000,7.7000,7.7000
2026-07-20,5211,MR11,MR11 Koordinatenm BS,0.0000,0.0000,11.7000,7.6000,19.3000
2026-07-20,5222,WE,WE BS,0.0000,0.0000,21.2200,38.4000,59.6200
2026-07-20,5223,WA,WA BS,0.0000,0.0000,0.0000,15.2000,15.2000
2026-07-20,5225,Packplatz,PP,0.0000,7.7000,0.0000,15.4000,23.1000
2026-07-20,5231,MR1,MR1 Endmaße BS,0.0000,0.0000,7.7000,13.6200,21.3200
2026-07-20,5232,MR7,MR7 Lehren BS,0.0000,0.0000,0.0000,53.8000,53.8000
2026-07-20,5233,MR4,MR4 Lohnmessung BS,0.0000,0.0000,0.0000,7.6000,7.6000
2026-07-20,5234,MR2,MR2 Drehmoment BS,0.0000,0.0000,7.7000,38.4000,46.1000
2026-07-20,5235,MR6,MR6 Messschieber BS,0.0000,0.0000,7.7000,30.7000,38.4000
2026-07-20,5236,MR3,MR3 Messuhren BS,0.0000,0.0000,0.0000,15.4000,15.4000
2026-07-20,5237,MR9,MR9 Elektro BS,0.0000,0.0000,0.0000,23.0000,23.0000
2026-07-20,5238,MR8,MR8 Temperatur BS,0.0000,0.0000,0.0000,0.0000,0.0000
2026-07-20,5239,MR5,MR5 Bügelmesss. BS,0.0000,0.0000,0.0000,30.7000,30.7000
2026-07-20,5240,AV,Arbeitsvorbereit. BS,0.0000,0.0000,18.6200,46.1000,64.7200
2026-07-20,5900,Qualifizierung,Qualifizierung,0.0000,0.0000,0.0000,7.7000,7.7000
2026-07-21,5211,MR11,MR11 Koordinatenm BS,0.0000,0.0000,11.7000,7.6000,19.3000
2026-07-21,5222,WE,WE BS,0.0000,0.0000,21.2200,38.4000,59.6200
2026-07-21,5223,WA,WA BS,0.0000,0.0000,0.0000,15.2000,15.2000
2026-07-21,5225,Packplatz,PP,0.0000,7.7000,0.0000,15.4000,23.1000
2026-07-21,5231,MR1,MR1 Endmaße BS,0.0000,0.0000,0.0000,21.3200,21.3200
2026-07-21,5232,MR7,MR7 Lehren BS,0.0000,0.0000,0.0000,53.8000,53.8000
2026-07-21,5233,MR4,MR4 Lohnmessung BS,0.0000,0.0000,0.0000,7.6000,7.6000
2026-07-21,5234,MR2,MR2 Drehmoment BS,0.0000,7.6000,7.7000,38.5000,53.8000
2026-07-21,5235,MR6,MR6 Messschieber BS,0.0000,0.0000,7.7000,30.7000,38.4000
2026-07-21,5236,MR3,MR3 Messuhren BS,0.0000,0.0000,0.0000,23.1000,23.1000
2026-07-21,5237,MR9,MR9 Elektro BS,0.0000,0.0000,0.0000,23.0000,23.0000
2026-07-21,5238,MR8,MR8 Temperatur BS,0.0000,0.0000,0.0000,0.0000,0.0000
2026-07-21,5239,MR5,MR5 Bügelmesss. BS,0.0000,0.0000,0.0000,30.7000,30.7000
2026-07-21,5240,AV,Arbeitsvorbereit. BS,0.0000,0.0000,18.6200,53.8000,72.4200
2026-07-21,5900,Qualifizierung,Qualifizierung,0.0000,0.0000,0.0000,7.7000,7.7000
2026-07-22,5211,MR11,MR11 Koordinatenm BS,0.0000,0.0000,11.7000,7.6000,19.3000
2026-07-22,5222,WE,WE BS,0.0000,0.0000,21.2200,38.4000,59.6200
2026-07-22,5223,WA,WA BS,0.0000,0.0000,0.0000,15.2000,15.2000
2026-07-22,5225,Packplatz,PP,0.0000,7.7000,0.0000,15.4000,23.1000
2026-07-22,5231,MR1,MR1 Endmaße BS,0.0000,0.0000,0.0000,21.3200,21.3200
2026-07-22,5232,MR7,MR7 Lehren BS,0.0000,0.0000,0.0000,53.8000,53.8000
2026-07-22,5233,MR4,MR4 Lohnmessung BS,0.0000,0.0000,0.0000,7.6000,7.6000
2026-07-22,5234,MR2,MR2 Drehmoment BS,0.0000,7.6000,7.7000,38.5000,53.8000
2026-07-22,5235,MR6,MR6 Messschieber BS,0.0000,0.0000,7.7000,30.7000,38.4000
2026-07-22,5236,MR3,MR3 Messuhren BS,0.0000,0.0000,0.0000,23.1000,23.1000
2026-07-22,5237,MR9,MR9 Elektro BS,0.0000,0.0000,0.0000,23.0000,23.0000
2026-07-22,5238,MR8,MR8 Temperatur BS,0.0000,0.0000,0.0000,0.0000,0.0000
2026-07-22,5239,MR5,MR5 Bügelmesss. BS,0.0000,7.7000,0.0000,23.0000,30.7000
2026-07-22,5240,AV,Arbeitsvorbereit. BS,0.0000,0.0000,13.6200,53.8000,67.4200
2026-07-22,5900,Qualifizierung,Qualifizierung,0.0000,0.0000,0.0000,7.7000,7.7000
2026-07-23,5211,MR11,MR11 Koordinatenm BS,0.0000,0.0000,11.7000,7.6000,19.3000
2026-07-23,5222,WE,WE BS,0.0000,0.0000,21.2200,38.4000,59.6200
2026-07-23,5223,WA,WA BS,0.0000,0.0000,0.0000,15.2000,15.2000
2026-07-23,5225,Packplatz,PP,0.0000,7.7000,0.0000,15.4000,23.1000
2026-07-23,5231,MR1,MR1 Endmaße BS,0.0000,0.0000,0.0000,21.3200,21.3200
2026-07-23,5232,MR7,MR7 Lehren BS,0.0000,0.0000,0.0000,53.8000,53.8000
2026-07-23,5233,MR4,MR4 Lohnmessung BS,0.0000,0.0000,0.0000,7.6000,7.6000
2026-07-23,5234,MR2,MR2 Drehmoment BS,0.0000,7.6000,7.7000,38.5000,53.8000
2026-07-23,5235,MR6,MR6 Messschieber BS,0.0000,0.0000,7.7000,30.7000,38.4000
2026-07-23,5236,MR3,MR3 Messuhren BS,0.0000,0.0000,0.0000,23.1000,23.1000
2026-07-23,5237,MR9,MR9 Elektro BS,0.0000,0.0000,0.0000,23.0000,23.0000
2026-07-23,5238,MR8,MR8 Temperatur BS,0.0000,0.0000,0.0000,0.0000,0.0000
2026-07-23,5239,MR5,MR5 Bügelmesss. BS,0.0000,7.7000,0.0000,23.0000,30.7000
2026-07-23,5240,AV,Arbeitsvorbereit. BS,0.0000,0.0000,18.6200,53.8000,72.4200
2026-07-23,5900,Qualifizierung,Qualifizierung,0.0000,0.0000,0.0000,7.7000,7.7000
2026-07-24,5211,MR11,MR11 Koordinatenm BS,0.0000,0.0000,11.7000,0.0000,11.7000
2026-07-24,5222,WE,WE BS,0.0000,0.0000,21.2500,38.4000,59.6500
2026-07-24,5223,WA,WA BS,0.0000,0.0000,0.0000,7.6000,7.6000
2026-07-24,5225,Packplatz,PP,0.0000,7.7000,7.7000,7.7000,23.1000
2026-07-24,5231,MR1,MR1 Endmaße BS,0.0000,0.0000,0.0000,21.3300,21.3300
2026-07-24,5232,MR7,MR7 Lehren BS,0.0000,0.0000,0.0000,53.8000,53.8000
2026-07-24,5233,MR4,MR4 Lohnmessung BS,0.0000,0.0000,0.0000,7.6000,7.6000
2026-07-24,5234,MR2,MR2 Drehmoment BS,0.0000,15.3000,7.7000,30.8000,53.8000
2026-07-24,5235,MR6,MR6 Messschieber BS,0.0000,0.0000,7.7000,30.7000,38.4000
2026-07-24,5236,MR3,MR3 Messuhren BS,0.0000,0.0000,0.0000,23.1000,23.1000
2026-07-24,5237,MR9,MR9 Elektro BS,0.0000,0.0000,0.0000,23.0000,23.0000
2026-07-24,5238,MR8,MR8 Temperatur BS,0.0000,0.0000,0.0000,0.0000,0.0000
2026-07-24,5239,MR5,MR5 Bügelmesss. BS,0.0000,7.7000,0.0000,23.0000,30.7000
2026-07-24,5240,AV,Arbeitsvorbereit. BS,0.0000,0.0000,18.6300,53.8000,72.4300
2026-07-24,5900,Qualifizierung,Qualifizierung,0.0000,0.0000,0.0000,7.7000,7.7000
2026-07-27,5211,MR11,MR11 Koordinatenm BS,0.0000,0.0000,4.0000,7.7000,11.7000
2026-07-27,5222,WE,WE BS,0.0000,0.0000,15.3000,52.0200,67.3200
2026-07-27,5223,WA,WA BS,0.0000,0.0000,0.0000,15.2000,15.2000
2026-07-27,5225,Packplatz,PP,0.0000,0.0000,7.7000,15.4000,23.1000
2026-07-27,5231,MR1,MR1 Endmaße BS,0.0000,0.0000,0.0000,21.3200,21.3200
2026-07-27,5232,MR7,MR7 Lehren BS,0.0000,0.0000,0.0000,53.8000,53.8000
2026-07-27,5233,MR4,MR4 Lohnmessung BS,0.0000,0.0000,0.0000,7.6000,7.6000
2026-07-27,5234,MR2,MR2 Drehmoment BS,0.0000,0.0000,0.0000,46.1000,46.1000
2026-07-27,5235,MR6,MR6 Messschieber BS,0.0000,0.0000,0.0000,23.1000,23.1000
2026-07-27,5236,MR3,MR3 Messuhren BS,0.0000,0.0000,0.0000,23.1000,23.1000
2026-07-27,5237,MR9,MR9 Elektro BS,0.0000,0.0000,0.0000,30.7000,30.7000
2026-07-27,5238,MR8,MR8 Temperatur BS,0.0000,0.0000,0.0000,7.7000,7.7000
2026-07-27,5239,MR5,MR5 Bügelmesss. BS,0.0000,0.0000,7.6000,38.4000,46.0000
2026-07-27,5240,AV,Arbeitsvorbereit. BS,0.0000,0.0000,12.7000,59.7200,72.4200
2026-07-28,5211,MR11,MR11 Koordinatenm BS,0.0000,0.0000,4.0000,7.7000,11.7000
2026-07-28,5222,WE,WE BS,0.0000,0.0000,15.3000,52.0200,67.3200
2026-07-28,5223,WA,WA BS,0.0000,0.0000,7.6000,7.6000,15.2000
2026-07-28,5225,Packplatz,PP,0.0000,7.7000,7.7000,7.7000,23.1000
2026-07-28,5231,MR1,MR1 Endmaße BS,0.0000,0.0000,0.0000,21.3200,21.3200
2026-07-28,5232,MR7,MR7 Lehren BS,0.0000,0.0000,0.0000,53.8000,53.8000
2026-07-28,5233,MR4,MR4 Lohnmessung BS,0.0000,0.0000,0.0000,7.6000,7.6000
2026-07-28,5234,MR2,MR2 Drehmoment BS,0.0000,0.0000,0.0000,46.1000,46.1000
2026-07-28,5235,MR6,MR6 Messschieber BS,0.0000,0.0000,0.0000,23.1000,23.1000
2026-07-28,5236,MR3,MR3 Messuhren BS,0.0000,0.0000,0.0000,23.1000,23.1000
2026-07-28,5237,MR9,MR9 Elektro BS,0.0000,0.0000,0.0000,30.7000,30.7000
2026-07-28,5238,MR8,MR8 Temperatur BS,0.0000,0.0000,0.0000,7.7000,7.7000
2026-07-28,5239,MR5,MR5 Bügelmesss. BS,0.0000,0.0000,7.6000,38.4000,46.0000
2026-07-28,5240,AV,Arbeitsvorbereit. BS,0.0000,0.0000,12.7000,59.7200,72.4200
2026-07-29,5211,MR11,MR11 Koordinatenm BS,0.0000,0.0000,4.0000,7.7000,11.7000
2026-07-29,5222,WE,WE BS,0.0000,0.0000,15.3000,52.0200,67.3200
2026-07-29,5223,WA,WA BS,0.0000,0.0000,0.0000,15.2000,15.2000
2026-07-29,5225,Packplatz,PP,0.0000,7.7000,7.7000,7.7000,23.1000
2026-07-29,5231,MR1,MR1 Endmaße BS,0.0000,0.0000,0.0000,21.3200,21.3200
2026-07-29,5232,MR7,MR7 Lehren BS,0.0000,0.0000,0.0000,53.8000,53.8000
2026-07-29,5233,MR4,MR4 Lohnmessung BS,0.0000,0.0000,0.0000,7.6000,7.6000
2026-07-29,5234,MR2,MR2 Drehmoment BS,0.0000,0.0000,0.0000,46.1000,46.1000
2026-07-29,5235,MR6,MR6 Messschieber BS,0.0000,0.0000,0.0000,23.1000,23.1000
2026-07-29,5236,MR3,MR3 Messuhren BS,0.0000,0.0000,0.0000,23.1000,23.1000
2026-07-29,5237,MR9,MR9 Elektro BS,0.0000,0.0000,0.0000,30.7000,30.7000
2026-07-29,5238,MR8,MR8 Temperatur BS,0.0000,0.0000,0.0000,7.7000,7.7000
2026-07-29,5239,MR5,MR5 Bügelmesss. BS,0.0000,0.0000,7.6000,38.4000,46.0000
2026-07-29,5240,AV,Arbeitsvorbereit. BS,0.0000,0.0000,15.4000,52.0200,67.4200
2026-07-30,5211,MR11,MR11 Koordinatenm BS,0.0000,0.0000,4.0000,7.7000,11.7000
2026-07-30,5222,WE,WE BS,0.0000,0.0000,15.3000,52.0200,67.3200
2026-07-30,5223,WA,WA BS,0.0000,0.0000,0.0000,15.2000,15.2000
2026-07-30,5225,Packplatz,PP,0.0000,7.7000,7.7000,7.7000,23.1000
2026-07-30,5231,MR1,MR1 Endmaße BS,0.0000,0.0000,0.0000,21.3200,21.3200
2026-07-30,5232,MR7,MR7 Lehren BS,0.0000,0.0000,0.0000,53.8000,53.8000
2026-07-30,5233,MR4,MR4 Lohnmessung BS,0.0000,0.0000,0.0000,7.6000,7.6000
2026-07-30,5234,MR2,MR2 Drehmoment BS,0.0000,0.0000,0.0000,46.1000,46.1000
2026-07-30,5235,MR6,MR6 Messschieber BS,0.0000,0.0000,7.7000,15.4000,23.1000
2026-07-30,5236,MR3,MR3 Messuhren BS,0.0000,0.0000,7.7000,15.4000,23.1000
2026-07-30,5237,MR9,MR9 Elektro BS,0.0000,0.0000,0.0000,30.7000,30.7000
2026-07-30,5238,MR8,MR8 Temperatur BS,0.0000,0.0000,0.0000,7.7000,7.7000
2026-07-30,5239,MR5,MR5 Bügelmesss. BS,0.0000,0.0000,7.6000,38.4000,46.0000
2026-07-30,5240,AV,Arbeitsvorbereit. BS,0.0000,0.0000,28.1000,44.3200,72.4200
2026-07-31,5211,MR11,MR11 Koordinatenm BS,0.0000,0.0000,4.0000,7.7000,11.7000
2026-07-31,5222,WE,WE BS,0.0000,0.0000,15.3000,52.0500,67.3500
2026-07-31,5223,WA,WA BS,0.0000,0.0000,0.0000,7.6000,7.6000
2026-07-31,5225,Packplatz,PP,0.0000,7.7000,7.7000,7.7000,23.1000
2026-07-31,5231,MR1,MR1 Endmaße BS,0.0000,0.0000,0.0000,21.3300,21.3300
2026-07-31,5232,MR7,MR7 Lehren BS,0.0000,0.0000,0.0000,53.8000,53.8000
2026-07-31,5233,MR4,MR4 Lohnmessung BS,0.0000,0.0000,0.0000,7.6000,7.6000
2026-07-31,5234,MR2,MR2 Drehmoment BS,0.0000,0.0000,0.0000,46.1000,46.1000
2026-07-31,5235,MR6,MR6 Messschieber BS,0.0000,0.0000,7.7000,15.4000,23.1000
2026-07-31,5236,MR3,MR3 Messuhren BS,0.0000,7.7000,7.7000,7.7000,23.1000
2026-07-31,5237,MR9,MR9 Elektro BS,0.0000,0.0000,0.0000,30.7000,30.7000
2026-07-31,5238,MR8,MR8 Temperatur BS,0.0000,0.0000,0.0000,7.7000,7.7000
2026-07-31,5239,MR5,MR5 Bügelmesss. BS,0.0000,0.0000,7.6000,38.4000,46.0000
2026-07-31,5240,AV,Arbeitsvorbereit. BS,0.0000,7.7000,20.4000,44.3300,72.4300
2026-08-03,5211,MR11,MR11 Koordinatenm BS,0.0000,0.0000,11.7000,7.6000,19.3000
2026-08-03,5222,WE,WE BS,0.0000,0.0000,7.7000,59.6200,67.3200
2026-08-03,5223,WA,WA BS,0.0000,0.0000,0.0000,15.2000,15.2000
2026-08-03,5225,Packplatz,PP,0.0000,0.0000,7.7000,7.7000,15.4000
2026-08-03,5231,MR1,MR1 Endmaße BS,0.0000,0.0000,5.9200,23.1000,29.0200
2026-08-03,5232,MR7,MR7 Lehren BS,0.0000,0.0000,7.7000,38.5000,46.2000
2026-08-03,5233,MR4,MR4 Lohnmessung BS,0.0000,0.0000,7.6000,,7.6000
2026-08-03,5234,MR2,MR2 Drehmoment BS,0.0000,0.0000,7.6000,30.8000,38.4000
2026-08-03,5235,MR6,MR6 Messschieber BS,0.0000,0.0000,7.7000,23.1000,30.8000
2026-08-03,5236,MR3,MR3 Messuhren BS,0.0000,7.7000,7.7000,15.4000,30.8000
2026-08-03,5237,MR9,MR9 Elektro BS,0.0000,0.0000,7.7000,23.0000,30.7000
2026-08-03,5238,MR8,MR8 Temperatur BS,0.0000,0.0000,0.0000,7.7000,7.7000
2026-08-03,5239,MR5,MR5 Bügelmesss. BS,0.0000,0.0000,15.3000,30.6000,45.9000
2026-08-03,5240,AV,Arbeitsvorbereit. BS,0.0000,7.7000,12.7000,52.0200,72.4200
2026-08-04,5211,MR11,MR11 Koordinatenm BS,0.0000,0.0000,11.7000,7.6000,19.3000
2026-08-04,5222,WE,WE BS,0.0000,0.0000,15.4000,51.9200,67.3200
2026-08-04,5223,WA,WA BS,0.0000,0.0000,0.0000,15.2000,15.2000
2026-08-04,5225,Packplatz,PP,0.0000,0.0000,7.7000,7.7000,15.4000
2026-08-04,5231,MR1,MR1 Endmaße BS,0.0000,0.0000,5.9200,23.1000,29.0200
2026-08-04,5232,MR7,MR7 Lehren BS,0.0000,0.0000,7.7000,38.5000,46.2000
2026-08-04,5233,MR4,MR4 Lohnmessung BS,0.0000,0.0000,7.6000,,7.6000
2026-08-04,5234,MR2,MR2 Drehmoment BS,0.0000,0.0000,7.6000,30.8000,38.4000
2026-08-04,5235,MR6,MR6 Messschieber BS,0.0000,0.0000,7.7000,23.1000,30.8000
2026-08-04,5236,MR3,MR3 Messuhren BS,0.0000,7.7000,7.7000,15.4000,30.8000
2026-08-04,5237,MR9,MR9 Elektro BS,0.0000,0.0000,7.7000,23.0000,30.7000
2026-08-04,5238,MR8,MR8 Temperatur BS,0.0000,0.0000,0.0000,7.7000,7.7000
2026-08-04,5239,MR5,MR5 Bügelmesss. BS,0.0000,0.0000,15.3000,30.6000,45.9000
2026-08-04,5240,AV,Arbeitsvorbereit. BS,0.0000,7.7000,12.7000,52.0200,72.4200
2026-08-05,5211,MR11,MR11 Koordinatenm BS,0.0000,0.0000,11.7000,7.6000,19.3000
2026-08-05,5222,WE,WE BS,0.0000,0.0000,15.4000,51.9200,67.3200
2026-08-05,5223,WA,WA BS,0.0000,0.0000,0.0000,15.2000,15.2000
2026-08-05,5225,Packplatz,PP,0.0000,0.0000,7.7000,7.7000,15.4000
2026-08-05,5231,MR1,MR1 Endmaße BS,0.0000,0.0000,5.9200,23.1000,29.0200
2026-08-05,5232,MR7,MR7 Lehren BS,0.0000,0.0000,7.7000,38.5000,46.2000
2026-08-05,5233,MR4,MR4 Lohnmessung BS,0.0000,0.0000,7.6000,,7.6000
2026-08-05,5234,MR2,MR2 Drehmoment BS,0.0000,0.0000,7.6000,30.8000,38.4000
2026-08-05,5235,MR6,MR6 Messschieber BS,0.0000,0.0000,7.7000,23.1000,30.8000
2026-08-05,5236,MR3,MR3 Messuhren BS,0.0000,7.7000,7.7000,15.4000,30.8000
2026-08-05,5237,MR9,MR9 Elektro BS,0.0000,7.6000,7.7000,15.4000,30.7000
2026-08-05,5238,MR8,MR8 Temperatur BS,0.0000,0.0000,0.0000,7.7000,7.7000
2026-08-05,5239,MR5,MR5 Bügelmesss. BS,0.0000,0.0000,15.3000,30.6000,45.9000
2026-08-05,5240,AV,Arbeitsvorbereit. BS,0.0000,0.0000,7.7000,59.7200,67.4200
2026-08-06,5211,MR11,MR11 Koordinatenm BS,0.0000,0.0000,11.7000,7.6000,19.3000
2026-08-06,5222,WE,WE BS,0.0000,0.0000,15.4000,51.9200,67.3200
2026-08-06,5223,WA,WA BS,0.0000,0.0000,0.0000,7.6000,7.6000
2026-08-06,5225,Packplatz,PP,0.0000,0.0000,7.7000,7.7000,15.4000
2026-08-06,5231,MR1,MR1 Endmaße BS,0.0000,0.0000,5.9200,23.1000,29.0200
2026-08-06,5232,MR7,MR7 Lehren BS,0.0000,0.0000,7.7000,38.5000,46.2000
2026-08-06,5233,MR4,MR4 Lohnmessung BS,0.0000,0.0000,7.6000,,7.6000
2026-08-06,5234,MR2,MR2 Drehmoment BS,0.0000,0.0000,7.6000,30.8000,38.4000
2026-08-06,5235,MR6,MR6 Messschieber BS,0.0000,0.0000,7.7000,23.1000,30.8000
2026-08-06,5236,MR3,MR3 Messuhren BS,0.0000,7.7000,7.7000,15.4000,30.8000
2026-08-06,5237,MR9,MR9 Elektro BS,0.0000,7.6000,7.7000,15.4000,30.7000
2026-08-06,5238,MR8,MR8 Temperatur BS,0.0000,0.0000,0.0000,7.7000,7.7000
2026-08-06,5239,MR5,MR5 Bügelmesss. BS,0.0000,0.0000,15.3000,30.6000,45.9000
2026-08-06,5240,AV,Arbeitsvorbereit. BS,0.0000,0.0000,12.7000,59.7200,72.4200
2026-08-07,5211,MR11,MR11 Koordinatenm BS,0.0000,0.0000,11.7000,7.6000,19.3000
2026-08-07,5222,WE,WE BS,0.0000,0.0000,7.7000,59.6500,67.3500
2026-08-07,5223,WA,WA BS,0.0000,0.0000,0.0000,7.6000,7.6000
2026-08-07,5225,Packplatz,PP,0.0000,0.0000,7.7000,7.7000,15.4000
2026-08-07,5231,MR1,MR1 Endmaße BS,0.0000,0.0000,5.9300,23.1000,29.0300
2026-08-07,5232,MR7,MR7 Lehren BS,0.0000,0.0000,7.7000,38.5000,46.2000
2026-08-07,5233,MR4,MR4 Lohnmessung BS,0.0000,0.0000,7.6000,,7.6000
2026-08-07,5234,MR2,MR2 Drehmoment BS,0.0000,0.0000,7.6000,30.8000,38.4000
2026-08-07,5235,MR6,MR6 Messschieber BS,0.0000,0.0000,7.7000,23.1000,30.8000
2026-08-07,5236,MR3,MR3 Messuhren BS,0.0000,7.7000,7.7000,15.4000,30.8000
2026-08-07,5237,MR9,MR9 Elektro BS,0.0000,7.6000,7.7000,15.4000,30.7000
2026-08-07,5238,MR8,MR8 Temperatur BS,0.0000,0.0000,0.0000,7.7000,7.7000
2026-08-07,5239,MR5,MR5 Bügelmesss. BS,0.0000,0.0000,15.3000,30.6000,45.9000
2026-08-07,5240,AV,Arbeitsvorbereit. BS,0.0000,0.0000,20.4000,52.0300,72.4300
2026-08-10,5211,MR11,MR11 Koordinatenm BS,0.0000,0.0000,7.7000,11.6000,19.3000
2026-08-10,5222,WE,WE BS,0.0000,0.0000,7.7000,59.6200,67.3200
2026-08-10,5223,WA,WA BS,0.0000,0.0000,0.0000,15.2000,15.2000
2026-08-10,5225,Packplatz,PP,0.0000,0.0000,7.7000,15.4000,23.1000
2026-08-10,5231,MR1,MR1 Endmaße BS,0.0000,0.0000,13.6200,15.4000,29.0200
2026-08-10,5232,MR7,MR7 Lehren BS,0.0000,0.0000,7.7000,38.5000,46.2000
2026-08-10,5233,MR4,MR4 Lohnmessung BS,0.0000,0.0000,7.6000,,7.6000
2026-08-10,5234,MR2,MR2 Drehmoment BS,0.0000,0.0000,23.0000,15.4000,38.4000
2026-08-10,5235,MR6,MR6 Messschieber BS,0.0000,0.0000,0.0000,23.1000,23.1000
2026-08-10,5236,MR3,MR3 Messuhren BS,0.0000,0.0000,7.7000,23.1000,30.8000
2026-08-10,5237,MR9,MR9 Elektro BS,0.0000,0.0000,7.7000,23.0000,30.7000
2026-08-10,5238,MR8,MR8 Temperatur BS,0.0000,0.0000,0.0000,7.7000,7.7000
2026-08-10,5239,MR5,MR5 Bügelmesss. BS,0.0000,0.0000,7.7000,38.2000,45.9000
2026-08-10,5240,AV,Arbeitsvorbereit. BS,0.0000,0.0000,15.4000,57.0200,72.4200
2026-08-11,5211,MR11,MR11 Koordinatenm BS,0.0000,0.0000,7.7000,11.6000,19.3000
2026-08-11,5222,WE,WE BS,0.0000,0.0000,7.7000,59.6200,67.3200
2026-08-11,5223,WA,WA BS,0.0000,0.0000,0.0000,15.2000,15.2000
2026-08-11,5225,Packplatz,PP,0.0000,0.0000,7.7000,7.7000,15.4000
2026-08-11,5231,MR1,MR1 Endmaße BS,0.0000,0.0000,13.6200,15.4000,29.0200
2026-08-11,5232,MR7,MR7 Lehren BS,0.0000,0.0000,7.7000,38.5000,46.2000
2026-08-11,5233,MR4,MR4 Lohnmessung BS,0.0000,0.0000,7.6000,,7.6000
2026-08-11,5234,MR2,MR2 Drehmoment BS,0.0000,0.0000,15.3000,23.1000,38.4000
2026-08-11,5235,MR6,MR6 Messschieber BS,0.0000,0.0000,0.0000,23.1000,23.1000
2026-08-11,5236,MR3,MR3 Messuhren BS,0.0000,0.0000,7.7000,23.1000,30.8000
2026-08-11,5237,MR9,MR9 Elektro BS,0.0000,7.6000,7.7000,15.4000,30.7000
2026-08-11,5238,MR8,MR8 Temperatur BS,0.0000,0.0000,0.0000,7.7000,7.7000
2026-08-11,5239,MR5,MR5 Bügelmesss. BS,0.0000,0.0000,7.7000,38.2000,45.9000
2026-08-11,5240,AV,Arbeitsvorbereit. BS,0.0000,0.0000,15.4000,57.0200,72.4200
2026-08-12,5211,MR11,MR11 Koordinatenm BS,0.0000,0.0000,7.7000,11.6000,19.3000
2026-08-12,5222,WE,WE BS,0.0000,0.0000,7.7000,51.9200,59.6200
2026-08-12,5223,WA,WA BS,0.0000,7.6000,0.0000,7.6000,15.2000
2026-08-12,5225,Packplatz,PP,0.0000,0.0000,7.7000,7.7000,15.4000
2026-08-12,5231,MR1,MR1 Endmaße BS,0.0000,0.0000,13.6200,15.4000,29.0200
2026-08-12,5232,MR7,MR7 Lehren BS,0.0000,0.0000,7.7000,38.5000,46.2000
2026-08-12,5233,MR4,MR4 Lohnmessung BS,0.0000,0.0000,7.6000,,7.6000
2026-08-12,5234,MR2,MR2 Drehmoment BS,0.0000,0.0000,15.3000,23.1000,38.4000
2026-08-12,5235,MR6,MR6 Messschieber BS,0.0000,0.0000,0.0000,30.8000,30.8000
2026-08-12,5236,MR3,MR3 Messuhren BS,0.0000,7.7000,0.0000,15.4000,23.1000
2026-08-12,5237,MR9,MR9 Elektro BS,0.0000,7.6000,7.7000,15.4000,30.7000
2026-08-12,5238,MR8,MR8 Temperatur BS,0.0000,0.0000,0.0000,7.7000,7.7000
2026-08-12,5239,MR5,MR5 Bügelmesss. BS,0.0000,15.3000,7.7000,22.9000,45.9000
2026-08-12,5240,AV,Arbeitsvorbereit. BS,0.0000,0.0000,7.7000,59.7200,67.4200
2026-08-13,5211,MR11,MR11 Koordinatenm BS,0.0000,0.0000,0.0000,19.3000,19.3000
2026-08-13,5222,WE,WE BS,0.0000,0.0000,7.7000,59.6200,67.3200
2026-08-13,5223,WA,WA BS,0.0000,7.6000,0.0000,7.6000,15.2000
2026-08-13,5225,Packplatz,PP,0.0000,0.0000,0.0000,15.4000,15.4000
2026-08-13,5231,MR1,MR1 Endmaße BS,0.0000,0.0000,13.6200,15.4000,29.0200
2026-08-13,5232,MR7,MR7 Lehren BS,0.0000,0.0000,7.7000,38.5000,46.2000
2026-08-13,5233,MR4,MR4 Lohnmessung BS,0.0000,0.0000,7.6000,,7.6000
2026-08-13,5234,MR2,MR2 Drehmoment BS,0.0000,0.0000,15.3000,23.1000,38.4000
2026-08-13,5235,MR6,MR6 Messschieber BS,0.0000,0.0000,7.7000,30.8000,38.5000
2026-08-13,5236,MR3,MR3 Messuhren BS,0.0000,7.7000,0.0000,15.4000,23.1000
2026-08-13,5237,MR9,MR9 Elektro BS,0.0000,7.6000,7.7000,15.4000,30.7000
2026-08-13,5238,MR8,MR8 Temperatur BS,0.0000,0.0000,0.0000,7.7000,7.7000
2026-08-13,5239,MR5,MR5 Bügelmesss. BS,0.0000,15.3000,7.7000,22.9000,45.9000
2026-08-13,5240,AV,Arbeitsvorbereit. BS,0.0000,7.7000,7.7000,57.0200,72.4200
2026-08-14,5211,MR11,MR11 Koordinatenm BS,0.0000,0.0000,0.0000,19.3000,19.3000
2026-08-14,5222,WE,WE BS,0.0000,0.0000,7.7000,59.6500,67.3500
2026-08-14,5223,WA,WA BS,0.0000,0.0000,0.0000,7.6000,7.6000
2026-08-14,5225,Packplatz,PP,0.0000,0.0000,7.7000,7.7000,15.4000
2026-08-14,5231,MR1,MR1 Endmaße BS,0.0000,0.0000,13.6300,15.4000,29.0300
2026-08-14,5232,MR7,MR7 Lehren BS,0.0000,0.0000,7.7000,30.8000,38.5000
2026-08-14,5233,MR4,MR4 Lohnmessung BS,0.0000,0.0000,7.6000,,7.6000
2026-08-14,5234,MR2,MR2 Drehmoment BS,0.0000,0.0000,15.3000,23.1000,38.4000
2026-08-14,5235,MR6,MR6 Messschieber BS,0.0000,0.0000,7.7000,30.8000,38.5000
2026-08-14,5236,MR3,MR3 Messuhren BS,0.0000,7.7000,0.0000,15.4000,23.1000
2026-08-14,5237,MR9,MR9 Elektro BS,0.0000,7.6000,7.7000,15.4000,30.7000
2026-08-14,5238,MR8,MR8 Temperatur BS,0.0000,0.0000,0.0000,7.7000,7.7000
2026-08-14,5239,MR5,MR5 Bügelmesss. BS,0.0000,15.3000,7.7000,22.9000,45.9000
2026-08-14,5240,AV,Arbeitsvorbereit. BS,0.0000,7.7000,7.7000,57.0300,72.4300
2026-08-17,5211,MR11,MR11 Koordinatenm BS,0.0000,0.0000,0.0000,19.3000,19.3000
2026-08-17,5222,WE,WE BS,0.0000,0.0000,7.7000,59.6200,67.3200
2026-08-17,5223,WA,WA BS,0.0000,7.6000,0.0000,7.6000,15.2000
2026-08-17,5225,Packplatz,PP,0.0000,0.0000,0.0000,23.1000,23.1000
2026-08-17,5231,MR1,MR1 Endmaße BS,0.0000,0.0000,13.6200,15.4000,29.0200
2026-08-17,5232,MR7,MR7 Lehren BS,0.0000,0.0000,15.4000,30.8000,46.2000
2026-08-17,5233,MR4,MR4 Lohnmessung BS,0.0000,0.0000,7.6000,,7.6000
2026-08-17,5234,MR2,MR2 Drehmoment BS,0.0000,0.0000,7.7000,23.0000,30.7000
2026-08-17,5235,MR6,MR6 Messschieber BS,7.7000,0.0000,7.7000,30.8000,46.2000
2026-08-17,5236,MR3,MR3 Messuhren BS,0.0000,7.7000,0.0000,23.1000,30.8000
2026-08-17,5237,MR9,MR9 Elektro BS,0.0000,0.0000,7.6000,15.4000,23.0000
2026-08-17,5238,MR8,MR8 Temperatur BS,0.0000,0.0000,0.0000,0.0000,0.0000
2026-08-17,5239,MR5,MR5 Bügelmesss. BS,0.0000,7.7000,7.7000,30.5000,45.9000
2026-08-17,5240,AV,Arbeitsvorbereit. BS,0.0000,7.7000,15.4000,49.3200,72.4200
2026-08-17,5900,Qualifizierung,Qualifizierung,0.0000,0.0000,0.0000,7.7000,7.7000
2026-08-18,5211,MR11,MR11 Koordinatenm BS,0.0000,0.0000,0.0000,19.3000,19.3000
2026-08-18,5222,WE,WE BS,0.0000,0.0000,7.7000,59.6200,67.3200
2026-08-18,5223,WA,WA BS,0.0000,7.6000,0.0000,7.6000,15.2000
2026-08-18,5225,Packplatz,PP,0.0000,0.0000,0.0000,23.1000,23.1000
2026-08-18,5231,MR1,MR1 Endmaße BS,0.0000,0.0000,13.6200,15.4000,29.0200
2026-08-18,5232,MR7,MR7 Lehren BS,0.0000,0.0000,15.4000,30.8000,46.2000
2026-08-18,5233,MR4,MR4 Lohnmessung BS,0.0000,0.0000,7.6000,,7.6000
2026-08-18,5234,MR2,MR2 Drehmoment BS,0.0000,0.0000,7.7000,23.0000,30.7000
2026-08-18,5235,MR6,MR6 Messschieber BS,15.4000,0.0000,7.7000,23.1000,46.2000
2026-08-18,5236,MR3,MR3 Messuhren BS,0.0000,7.7000,0.0000,23.1000,30.8000
2026-08-18,5237,MR9,MR9 Elektro BS,0.0000,0.0000,7.6000,15.4000,23.0000
2026-08-18,5238,MR8,MR8 Temperatur BS,0.0000,0.0000,0.0000,0.0000,0.0000
2026-08-18,5239,MR5,MR5 Bügelmesss. BS,0.0000,15.3000,7.7000,22.9000,45.9000
2026-08-18,5240,AV,Arbeitsvorbereit. BS,0.0000,7.7000,15.4000,49.3200,72.4200
2026-08-18,5900,Qualifizierung,Qualifizierung,0.0000,0.0000,0.0000,7.7000,7.7000
2026-08-19,5211,MR11,MR11 Koordinatenm BS,0.0000,0.0000,0.0000,19.3000,19.3000
2026-08-19,5222,WE,WE BS,0.0000,0.0000,7.7000,59.6200,67.3200
2026-08-19,5223,WA,WA BS,0.0000,7.6000,0.0000,7.6000,15.2000
2026-08-19,5225,Packplatz,PP,7.7000,0.0000,0.0000,15.4000,23.1000
2026-08-19,5231,MR1,MR1 Endmaße BS,0.0000,0.0000,13.6200,15.4000,29.0200
2026-08-19,5232,MR7,MR7 Lehren BS,0.0000,0.0000,15.4000,30.8000,46.2000
2026-08-19,5233,MR4,MR4 Lohnmessung BS,0.0000,0.0000,7.6000,,7.6000
2026-08-19,5234,MR2,MR2 Drehmoment BS,0.0000,0.0000,7.7000,23.0000,30.7000
2026-08-19,5235,MR6,MR6 Messschieber BS,15.4000,0.0000,7.7000,23.1000,46.2000
2026-08-19,5236,MR3,MR3 Messuhren BS,0.0000,7.7000,0.0000,23.1000,30.8000
2026-08-19,5237,MR9,MR9 Elektro BS,0.0000,0.0000,7.6000,15.4000,23.0000
2026-08-19,5238,MR8,MR8 Temperatur BS,0.0000,0.0000,0.0000,0.0000,0.0000
2026-08-19,5239,MR5,MR5 Bügelmesss. BS,0.0000,15.3000,7.7000,22.9000,45.9000
2026-08-19,5240,AV,Arbeitsvorbereit. BS,0.0000,7.7000,15.4000,44.3200,67.4200
2026-08-19,5900,Qualifizierung,Qualifizierung,0.0000,7.7000,0.0000,0.0000,7.7000
2026-08-20,5211,MR11,MR11 Koordinatenm BS,0.0000,0.0000,0.0000,19.3000,19.3000
2026-08-20,5222,WE,WE BS,0.0000,0.0000,7.7000,51.9200,59.6200
2026-08-20,5223,WA,WA BS,0.0000,7.6000,0.0000,7.6000,15.2000
2026-08-20,5225,Packplatz,PP,7.7000,0.0000,0.0000,15.4000,23.1000
2026-08-20,5231,MR1,MR1 Endmaße BS,0.0000,0.0000,13.6200,15.4000,29.0200
2026-08-20,5232,MR7,MR7 Lehren BS,0.0000,0.0000,15.4000,30.8000,46.2000
2026-08-20,5233,MR4,MR4 Lohnmessung BS,0.0000,0.0000,7.6000,,7.6000
2026-08-20,5234,MR2,MR2 Drehmoment BS,0.0000,0.0000,7.7000,23.0000,30.7000
2026-08-20,5235,MR6,MR6 Messschieber BS,15.4000,0.0000,7.7000,23.1000,46.2000
2026-08-20,5236,MR3,MR3 Messuhren BS,0.0000,7.7000,0.0000,23.1000,30.8000
2026-08-20,5237,MR9,MR9 Elektro BS,0.0000,0.0000,7.6000,15.4000,23.0000
2026-08-20,5238,MR8,MR8 Temperatur BS,0.0000,0.0000,0.0000,0.0000,0.0000
2026-08-20,5239,MR5,MR5 Bügelmesss. BS,0.0000,15.3000,7.7000,22.9000,45.9000
2026-08-20,5240,AV,Arbeitsvorbereit. BS,0.0000,7.7000,15.4000,49.3200,72.4200
2026-08-20,5900,Qualifizierung,Qualifizierung,0.0000,7.7000,0.0000,0.0000,7.7000
2026-08-21,5211,MR11,MR11 Koordinatenm BS,0.0000,0.0000,0.0000,19.3000,19.3000
2026-08-21,5222,WE,WE BS,0.0000,0.0000,7.7000,51.9500,59.6500
2026-08-21,5223,WA,WA BS,0.0000,0.0000,7.6000,0.0000,7.6000
2026-08-21,5225,Packplatz,PP,7.7000,0.0000,0.0000,15.4000,23.1000
2026-08-21,5231,MR1,MR1 Endmaße BS,0.0000,0.0000,13.6300,7.7000,21.3300
2026-08-21,5232,MR7,MR7 Lehren BS,0.0000,0.0000,15.4000,30.8000,46.2000
2026-08-21,5233,MR4,MR4 Lohnmessung BS,0.0000,0.0000,7.6000,,7.6000
2026-08-21,5234,MR2,MR2 Drehmoment BS,0.0000,0.0000,7.7000,23.0000,30.7000
2026-08-21,5235,MR6,MR6 Messschieber BS,15.4000,0.0000,7.7000,23.1000,46.2000
2026-08-21,5236,MR3,MR3 Messuhren BS,0.0000,7.7000,0.0000,23.1000,30.8000
2026-08-21,5237,MR9,MR9 Elektro BS,0.0000,0.0000,7.6000,15.4000,23.0000
2026-08-21,5238,MR8,MR8 Temperatur BS,0.0000,0.0000,0.0000,0.0000,0.0000
2026-08-21,5239,MR5,MR5 Bügelmesss. BS,0.0000,15.3000,7.7000,22.9000,45.9000
2026-08-21,5240,AV,Arbeitsvorbereit. BS,0.0000,7.7000,15.4000,49.3300,72.4300
2026-08-21,5900,Qualifizierung,Qualifizierung,0.0000,7.7000,0.0000,7.7000,15.4000
2026-08-24,5211,MR11,MR11 Koordinatenm BS,0.0000,0.0000,0.0000,19.3000,19.3000
2026-08-24,5222,WE,WE BS,0.0000,0.0000,7.7000,59.6200,67.3200
2026-08-24,5223,WA,WA BS,0.0000,0.0000,0.0000,15.2000,15.2000
2026-08-24,5225,Packplatz,PP,7.7000,0.0000,0.0000,15.4000,23.1000
2026-08-24,5231,MR1,MR1 Endmaße BS,0.0000,0.0000,7.7000,13.6200,21.3200
2026-08-24,5232,MR7,MR7 Lehren BS,0.0000,0.0000,7.7000,38.5000,46.2000
2026-08-24,5233,MR4,MR4 Lohnmessung BS,0.0000,0.0000,0.0000,7.6000,7.6000
2026-08-24,5234,MR2,MR2 Drehmoment BS,0.0000,0.0000,0.0000,23.1000,23.1000
2026-08-24,5235,MR6,MR6 Messschieber BS,0.0000,7.6000,7.7000,23.1000,38.4000
2026-08-24,5236,MR3,MR3 Messuhren BS,0.0000,7.7000,0.0000,23.1000,30.8000
2026-08-24,5237,MR9,MR9 Elektro BS,0.0000,0.0000,15.3000,15.4000,30.7000
2026-08-24,5238,MR8,MR8 Temperatur BS,0.0000,0.0000,0.0000,0.0000,0.0000
2026-08-24,5239,MR5,MR5 Bügelmesss. BS,0.0000,7.7000,0.0000,46.0000,53.7000
2026-08-24,5240,AV,Arbeitsvorbereit. BS,0.0000,0.0000,15.4000,57.0200,72.4200
2026-08-24,5900,Qualifizierung,Qualifizierung,0.0000,0.0000,0.0000,7.7000,7.7000
2026-08-25,5211,MR11,MR11 Koordinatenm BS,0.0000,0.0000,0.0000,19.3000,19.3000
2026-08-25,5222,WE,WE BS,0.0000,0.0000,7.7000,59.6200,67.3200
2026-08-25,5223,WA,WA BS,0.0000,0.0000,0.0000,15.2000,15.2000
2026-08-25,5225,Packplatz,PP,7.7000,0.0000,0.0000,15.4000,23.1000
2026-08-25,5231,MR1,MR1 Endmaße BS,0.0000,0.0000,7.7000,13.6200,21.3200
2026-08-25,5232,MR7,MR7 Lehren BS,0.0000,0.0000,7.7000,38.5000,46.2000
2026-08-25,5233,MR4,MR4 Lohnmessung BS,0.0000,0.0000,0.0000,7.6000,7.6000
2026-08-25,5234,MR2,MR2 Drehmoment BS,0.0000,0.0000,0.0000,23.0000,23.0000
2026-08-25,5235,MR6,MR6 Messschieber BS,0.0000,7.6000,7.7000,23.1000,38.4000
2026-08-25,5236,MR3,MR3 Messuhren BS,0.0000,7.7000,7.7000,15.4000,30.8000
2026-08-25,5237,MR9,MR9 Elektro BS,0.0000,0.0000,15.3000,15.4000,30.7000
2026-08-25,5238,MR8,MR8 Temperatur BS,0.0000,0.0000,0.0000,0.0000,0.0000
2026-08-25,5239,MR5,MR5 Bügelmesss. BS,0.0000,7.7000,0.0000,46.0000,53.7000
2026-08-25,5240,AV,Arbeitsvorbereit. BS,0.0000,0.0000,15.4000,57.0200,72.4200
2026-08-25,5900,Qualifizierung,Qualifizierung,0.0000,0.0000,0.0000,7.7000,7.7000
2026-08-26,5211,MR11,MR11 Koordinatenm BS,0.0000,0.0000,0.0000,19.3000,19.3000
2026-08-26,5222,WE,WE BS,0.0000,0.0000,7.7000,59.6200,67.3200
2026-08-26,5223,WA,WA BS,0.0000,0.0000,0.0000,15.2000,15.2000
2026-08-26,5225,Packplatz,PP,7.7000,7.7000,0.0000,7.7000,23.1000
2026-08-26,5231,MR1,MR1 Endmaße BS,0.0000,0.0000,7.7000,13.6200,21.3200
2026-08-26,5232,MR7,MR7 Lehren BS,0.0000,0.0000,7.7000,38.5000,46.2000
2026-08-26,5233,MR4,MR4 Lohnmessung BS,0.0000,0.0000,0.0000,7.6000,7.6000
2026-08-26,5234,MR2,MR2 Drehmoment BS,0.0000,0.0000,0.0000,30.7000,30.7000
2026-08-26,5235,MR6,MR6 Messschieber BS,0.0000,7.6000,7.7000,23.1000,38.4000
2026-08-26,5236,MR3,MR3 Messuhren BS,0.0000,7.7000,0.0000,23.1000,30.8000
2026-08-26,5237,MR9,MR9 Elektro BS,0.0000,0.0000,15.3000,15.4000,30.7000
2026-08-26,5238,MR8,MR8 Temperatur BS,0.0000,0.0000,0.0000,0.0000,0.0000
2026-08-26,5239,MR5,MR5 Bügelmesss. BS,0.0000,7.7000,0.0000,46.0000,53.7000
2026-08-26,5240,AV,Arbeitsvorbereit. BS,0.0000,0.0000,15.4000,52.0200,67.4200
2026-08-26,5900,Qualifizierung,Qualifizierung,0.0000,0.0000,0.0000,7.7000,7.7000
2026-08-27,5211,MR11,MR11 Koordinatenm BS,0.0000,0.0000,0.0000,19.3000,19.3000
2026-08-27,5222,WE,WE BS,0.0000,0.0000,7.7000,59.6200,67.3200
2026-08-27,5223,WA,WA BS,0.0000,0.0000,0.0000,15.2000,15.2000
2026-08-27,5225,Packplatz,PP,7.7000,7.7000,0.0000,7.7000,23.1000
2026-08-27,5231,MR1,MR1 Endmaße BS,0.0000,0.0000,7.7000,13.6200,21.3200
2026-08-27,5232,MR7,MR7 Lehren BS,0.0000,15.4000,7.7000,23.1000,46.2000
2026-08-27,5233,MR4,MR4 Lohnmessung BS,0.0000,0.0000,0.0000,7.6000,7.6000
2026-08-27,5234,MR2,MR2 Drehmoment BS,0.0000,0.0000,0.0000,30.7000,30.7000
2026-08-27,5235,MR6,MR6 Messschieber BS,0.0000,7.6000,7.7000,15.4000,30.7000
2026-08-27,5236,MR3,MR3 Messuhren BS,0.0000,7.7000,7.7000,15.4000,30.8000
2026-08-27,5237,MR9,MR9 Elektro BS,0.0000,0.0000,15.3000,15.4000,30.7000
2026-08-27,5238,MR8,MR8 Temperatur BS,0.0000,0.0000,0.0000,0.0000,0.0000
2026-08-27,5239,MR5,MR5 Bügelmesss. BS,0.0000,7.7000,0.0000,46.0000,53.7000
2026-08-27,5240,AV,Arbeitsvorbereit. BS,0.0000,0.0000,15.4000,57.0200,72.4200
2026-08-27,5900,Qualifizierung,Qualifizierung,0.0000,0.0000,0.0000,7.7000,7.7000
2026-08-28,5211,MR11,MR11 Koordinatenm BS,0.0000,0.0000,0.0000,19.3000,19.3000
2026-08-28,5222,WE,WE BS,0.0000,0.0000,7.7000,59.6500,67.3500
2026-08-28,5223,WA,WA BS,0.0000,0.0000,0.0000,7.6000,7.6000
2026-08-28,5225,Packplatz,PP,7.7000,7.7000,0.0000,7.7000,23.1000
2026-08-28,5231,MR1,MR1 Endmaße BS,0.0000,0.0000,7.7000,13.6300,21.3300
2026-08-28,5232,MR7,MR7 Lehren BS,0.0000,7.7000,15.4000,23.1000,46.2000
2026-08-28,5233,MR4,MR4 Lohnmessung BS,0.0000,0.0000,0.0000,7.6000,7.6000
2026-08-28,5234,MR2,MR2 Drehmoment BS,0.0000,0.0000,0.0000,30.7000,30.7000
2026-08-28,5235,MR6,MR6 Messschieber BS,0.0000,7.6000,15.4000,15.4000,38.4000
2026-08-28,5236,MR3,MR3 Messuhren BS,0.0000,7.7000,7.7000,7.7000,23.1000
2026-08-28,5237,MR9,MR9 Elektro BS,0.0000,0.0000,15.3000,15.4000,30.7000
2026-08-28,5238,MR8,MR8 Temperatur BS,0.0000,0.0000,0.0000,,0.0000
2026-08-28,5239,MR5,MR5 Bügelmesss. BS,0.0000,7.7000,0.0000,46.0000,53.7000
2026-08-28,5240,AV,Arbeitsvorbereit. BS,0.0000,0.0000,15.4000,57.0300,72.4300
2026-08-28,5900,Qualifizierung,Qualifizierung,0.0000,0.0000,0.0000,7.7000,7.7000
2026-08-31,5211,MR11,MR11 Koordinatenm BS,0.0000,0.0000,7.6000,11.7000,19.3000
2026-08-31,5222,WE,WE BS,0.0000,0.0000,7.7000,59.6200,67.3200
2026-08-31,5223,WA,WA BS,0.0000,0.0000,7.6000,7.6000,15.2000
2026-08-31,5225,Packplatz,PP,7.7000,0.0000,0.0000,15.4000,23.1000
2026-08-31,5231,MR1,MR1 Endmaße BS,0.0000,0.0000,0.0000,13.6200,13.6200
2026-08-31,5232,MR7,MR7 Lehren BS,0.0000,0.0000,7.7000,38.5000,46.2000
2026-08-31,5233,MR4,MR4 Lohnmessung BS,0.0000,0.0000,0.0000,7.6000,7.6000
2026-08-31,5234,MR2,MR2 Drehmoment BS,0.0000,0.0000,7.7000,30.7000,38.4000
2026-08-31,5235,MR6,MR6 Messschieber BS,0.0000,7.6000,7.7000,30.8000,46.1000
2026-08-31,5236,MR3,MR3 Messuhren BS,0.0000,7.7000,0.0000,15.4000,23.1000
2026-08-31,5237,MR9,MR9 Elektro BS,0.0000,0.0000,0.0000,23.0000,23.0000
2026-08-31,5238,MR8,MR8 Temperatur BS,0.0000,0.0000,7.7000,,7.7000
2026-08-31,5239,MR5,MR5 Bügelmesss. BS,0.0000,7.7000,0.0000,38.3000,46.0000
2026-08-31,5240,AV,Arbeitsvorbereit. BS,0.0000,0.0000,0.0000,72.4200,72.4200
2026-08-31,5900,Qualifizierung,Qualifizierung,0.0000,0.0000,0.0000,7.7000,7.7000
